[
    {
        "type": "message",
        "user": "UBDCWMFND",
        "text": "G조 김진영, 이지윤, 조아름\nFACT\n- 정규표현법 기초에 대해서 학습함\n- 메타 캐릭터, 이스케이프, 캐릭터 클래스, 얼터레이션, 양화사 등의 문법을 배웠다\n- 역사와 맥락도 배웠다\n\nFEELING\n- 과제를 자세하게 살펴보아서 좋았다\n- 다른 사람들의 과제를 처음부터 참고해야겠다\n- 또 다른 언어를 배우는 것 같아서 머리가 아프지만 재밌었다\n- 활용도가 높을 것 같다\n- 익명처리가 재밌었다\n- 정규표현식을 화면을 보고 따라가는 것은 힘들었다\n\nFINDING\n- 팩트와 필링 그 언저리에 있다...먼산",
        "client_msg_id": "9907d29b-cec3-4a10-b3c8-445594aa6b76",
        "ts": "1532418946.000030",
        "reactions": [
            {
                "name": "blue_heart",
                "users": [
                    "U9SN17L0M",
                    "UBDUUV802",
                    "UBELL5EF5",
                    "UBDRVLD1R"
                ],
                "count": 4
            },
            {
                "name": "+1",
                "users": [
                    "UBDUUV802",
                    "U9SN17L0M"
                ],
                "count": 2
            }
        ]
    },
    {
        "type": "message",
        "user": "UBF1K97FH",
        "text": "D조 \n- 정규식 표현에 대해서 궁금했었는데, 어디에, 왜 사용되는 지 알 수 있었다.\n  이를 통해 조금 더 재밌는 크롤링 프로젝트를 진행할 수 있을 것 같다.\n- 표현식을 빠른 시일내에 외워야 할 것 같다. 왜냐. 선생님이 너무 빠르게 치셔서 못따라갔습니다.(흐흐)\n- 예시가 센스있었습니다.\n- 인공지능 개발과 관련해서 두 개의 학파를 소개해주신 내용이 참으로 유익했습니다.\n- 마지막으로 오늘 수업내용을 정리해주셔서, 좋았습니다.\n- 정규표현식에서 should \/ shouldnot을 구분해놓고 사용하는 게 좋다는 것을 알게 되어 코딩 뿐만 아니라 다양하게 적용가능할 것 같습니다. \n- 다른 언어에서도 정규표현식과 비슷한 내용들이 자주 나와서, 정규표현식을 제대로 공부하면 다른 언어 이해에도 도움이 될 것 같습니다.",
        "client_msg_id": "e13dc267-e39a-4692-9b98-411a6334f698",
        "ts": "1532418980.000294",
        "reactions": [
            {
                "name": "blue_heart",
                "users": [
                    "U9SN17L0M",
                    "UBDUUV802",
                    "UBELL5EF5"
                ],
                "count": 3
            },
            {
                "name": "+1",
                "users": [
                    "UBDUUV802",
                    "U9SN17L0M"
                ],
                "count": 2
            }
        ]
    },
    {
        "type": "message",
        "user": "UBDRXTD8B",
        "text": "H조\n- 정규표현식을 배움\n- 정규표현식 시각화 사이트를 알게 되어 학습 이해에 도움이 됨\n- 간단한 것 같은데 조합이 어려웠음\n- 프로그래밍은 알고리즘 싸움이라는 생각이 다시 한 번 들었음\n- 컴퓨터의 한글 처리 작동 원리를 배웠고 재밌었음\n- 연습을 많이 해야겠습니다\n- 또르륵,,:cry:",
        "client_msg_id": "762dbccd-a86d-4a25-a895-3854764ac4f9",
        "ts": "1532419091.000297",
        "reactions": [
            {
                "name": "+1",
                "users": [
                    "UBDUUV802",
                    "UBDUVKQAE",
                    "U9SN17L0M",
                    "UBELL5EF5"
                ],
                "count": 4
            },
            {
                "name": "blue_heart",
                "users": [
                    "UBDUUV802",
                    "UBDUVKQAE",
                    "U9SN17L0M"
                ],
                "count": 3
            }
        ]
    },
    {
        "type": "message",
        "user": "UBDN8T42G",
        "text": "E조 \nFACT\n- 정규식 표현에 대해 심도있게 배웠습니다.\n- 딥러닝과 정규식의 차이점에 대해 배웠습니다. \n- A\/B테스트가 무엇인지, 어떻게 사용하는지 자세히 알게 되었습니다.\n- 컴퓨터는 한글을 어떻게 처리하는지 배웠습니다.\nFEELING\n- 정규 표현식 시각화 하는 부분이 재밌었습니다.\n- 정규 표현식을 제대로 잘 쓰는 건 어려운 일이네요.\nFINDING\n- 개인정보를 크롤링하는 것이 생각보다 쉽네요.\n- 이메일이나 핸드폰 번호 등 일정한 규칙을 가지는 값을 긁어오기 좋을 것 같아요.",
        "client_msg_id": "50248ac3-f450-4df8-9986-9070f24a3b1c",
        "ts": "1532419165.000073",
        "reactions": [
            {
                "name": "+1",
                "users": [
                    "UBDUUV802",
                    "UBDRWU3GT",
                    "U9SN17L0M",
                    "UBELL5EF5"
                ],
                "count": 4
            },
            {
                "name": "blue_heart",
                "users": [
                    "UBDRWU3GT",
                    "U9SN17L0M"
                ],
                "count": 2
            }
        ]
    },
    {
        "type": "message",
        "user": "UBDUU7X7U",
        "text": "A조\n\n! Fact !\n- 정규표현식을 통해 컴퓨터 사고하는 방법을 알 수 있게 되었다\n- 라틴계열 문자와 아시아계 문자의 데이터화 방식의 역사와 차이점을 알 수 있었다\n\n! Feeling ! \n- 과정 중에 있던 정규표현식을 자세히 배우게 되어 좋았다\n- 데이터과학이 팀 스포츠라는 것을 이해하게 되었다\n- 너무 어려워서 연습을 많이 해야겠다는 것을 느꼈다\n- 좀 더 완벽한 정규표현식을 연습해보아야겠다\n\n! Finding ! \n- 정규표현식의 악용 사례를 바탕으로 직업윤리에 대한 교육의 필요성",
        "client_msg_id": "5b83bd55-a246-4ac5-965f-743074184ed3",
        "ts": "1532419279.000088",
        "reactions": [
            {
                "name": "+1",
                "users": [
                    "UBE3NCBKP",
                    "UBDUU7X7U",
                    "U9SN17L0M",
                    "UBDRVLD1R",
                    "UBELL5EF5"
                ],
                "count": 5
            },
            {
                "name": "blue_heart",
                "users": [
                    "U9SN17L0M",
                    "UBD8GLUEL"
                ],
                "count": 2
            },
            {
                "name": "the_love",
                "users": [
                    "UBDRVLD1R"
                ],
                "count": 1
            }
        ]
    },
    {
        "type": "message",
        "user": "UBDRWK8SX",
        "text": "F조 F조\n\nFact : \n\n1. A\/B테스트 \n2. 정규표현식\n3. 지메일에 +re나 .이 들어가도 내 메일이다.  \n\nFeeling :\n\n1. 머리 회로가 타는 기분이에요\n2. 재밌었습니다. 파고들면 들 수록 머리 아프긴한데 재밌는 것 같아요.\n3. 뇌가 털리는 기분이긴한데 재밌었습니다. 더 공부해야 할 것 같아요.\n\nFind :\n\n1. 이렇게 나의 번호가 잘 털릴 수 있다는 사실을 알았다.\n2. 정규표현식으로 할 수 있는일이 무궁무진하다는 사실을 알았다. \n3. 파이썬 정규표현식에서는 역슬래시를 2번해줘야 한다. 귀찮으면 r을 쓰고 시작한다.",
        "client_msg_id": "d651d070-f94d-46c9-9c74-a6b9071f7e10",
        "ts": "1532419294.000131",
        "reactions": [
            {
                "name": "+1",
                "users": [
                    "UBE3NCBKP",
                    "U9SN17L0M",
                    "UBES4Q6LE",
                    "UBDRWK8SX",
                    "UBD8GLUEL",
                    "UBD8GMVNC",
                    "UBDRWBNRZ",
                    "UBELL5EF5"
                ],
                "count": 8
            },
            {
                "name": "blue_heart",
                "users": [
                    "UBES4Q6LE",
                    "U9SN17L0M",
                    "UBDRWK8SX"
                ],
                "count": 3
            },
            {
                "name": "brain",
                "users": [
                    "UBE3NCBKP",
                    "UBD8GLUEL",
                    "UBDRWK8SX",
                    "UBES4Q6LE",
                    "U9SN17L0M"
                ],
                "count": 5
            },
            {
                "name": "boom",
                "users": [
                    "UBE3NCBKP",
                    "UBDRWK8SX",
                    "UBES4Q6LE",
                    "U9SN17L0M"
                ],
                "count": 4
            },
            {
                "name": "exploding_head",
                "users": [
                    "UBE3NCBKP",
                    "UBES4Q6LE",
                    "UBDUUV802",
                    "U9SN17L0M"
                ],
                "count": 4
            }
        ]
    },
    {
        "type": "message",
        "user": "UBDUUUCMQ",
        "text": "B조 차소영, 정지혜, 이다솜, 김윤경\n\nFACT\npython을 더 잘하기 위해 공부해야 하는 것들..에 대해 정리했다\nAB Test, Error type 1 &amp;2의 개념\n정규표현식 문법을 배우고 실습함\nASCII code, utf-8 등 인코딩 방법의 개념\n\nFEELING\n이번 주 너무 힘들다...\n과제...어쩌지? 너 진짜? 어쩌지? 난 이제 정규표현식을 시작하는데... 보고서를 쓰라고 하신다...\n\nFINDING\n컴퓨터를 이해시키기 위해서 어떻게 표현해야할 지 알았다!!\n우리가 모르는 형태를 가지고 있는 정보에 대해서는 데이터를 축적시켜서 그 형태를 분석하게 해야 한다",
        "client_msg_id": "b2043209-044f-446c-9666-8052d36e0ec2",
        "ts": "1532419319.000303",
        "reactions": [
            {
                "name": "+1",
                "users": [
                    "UBD8HB9C0",
                    "UBDRWBNRZ",
                    "UBDRWK8SX",
                    "U9SN17L0M",
                    "UBD8GMVNC",
                    "UBDRWRE3D",
                    "UBELL5EF5",
                    "UBDN9579S"
                ],
                "count": 8
            },
            {
                "name": "the_love",
                "users": [
                    "UBD8HB9C0",
                    "UBDRWBNRZ",
                    "U9SN17L0M",
                    "UBD8GMVNC",
                    "UBDRWRE3D",
                    "UBDN8UG4C",
                    "UBELL5EF5",
                    "UBDN9579S"
                ],
                "count": 8
            },
            {
                "name": "hatched_chick",
                "users": [
                    "UBDRWRE3D",
                    "UBDRWBNRZ",
                    "UBD8HB9C0",
                    "U9SN17L0M",
                    "UBD8GMVNC",
                    "UBELL5EF5",
                    "UBDN9579S"
                ],
                "count": 7
            },
            {
                "name": "ghost",
                "users": [
                    "UBDRWRE3D",
                    "UBDRWBNRZ",
                    "UBD8HB9C0",
                    "U9SN17L0M",
                    "UBD8GMVNC",
                    "UBDRVLD1R",
                    "UBELL5EF5",
                    "UBDN9579S"
                ],
                "count": 8
            },
            {
                "name": "smirk_cat",
                "users": [
                    "UBDRWRE3D",
                    "UBDRWBNRZ",
                    "UBD8HB9C0",
                    "U9SN17L0M",
                    "UBD8GMVNC",
                    "UBDRVLD1R",
                    "UBELL5EF5",
                    "UBDN9579S"
                ],
                "count": 8
            },
            {
                "name": "hear_no_evil",
                "users": [
                    "UBDRWRE3D",
                    "UBDRWBNRZ",
                    "UBD8HB9C0",
                    "U9SN17L0M",
                    "UBD8GMVNC",
                    "UBDRVLD1R",
                    "UBELL5EF5",
                    "UBDN9579S"
                ],
                "count": 8
            },
            {
                "name": "rolling_on_the_floor_laughing",
                "users": [
                    "UBDUUV802",
                    "UBDRWBNRZ",
                    "UBD8HB9C0",
                    "U9SN17L0M",
                    "UBDRWRE3D",
                    "UBD8GMVNC",
                    "UBDRVLD1R",
                    "UBELL5EF5",
                    "UBDN9579S"
                ],
                "count": 9
            },
            {
                "name": "santa",
                "users": [
                    "UBDRWRE3D",
                    "UBDRWBNRZ",
                    "UBD8HB9C0",
                    "U9SN17L0M",
                    "UBD8GMVNC",
                    "UBDRVLD1R",
                    "UBELL5EF5",
                    "UBDN9579S"
                ],
                "count": 8
            },
            {
                "name": "exploding_head",
                "users": [
                    "UBE3NCBKP",
                    "UBDRWBNRZ",
                    "UBD8HB9C0",
                    "U9SN17L0M",
                    "UBDRWRE3D",
                    "UBD8GMVNC",
                    "UBDRVLD1R",
                    "UBELL5EF5",
                    "UBDN9579S"
                ],
                "count": 9
            },
            {
                "name": "v",
                "users": [
                    "UBDRWRE3D",
                    "UBDRWBNRZ",
                    "UBD8HB9C0",
                    "U9SN17L0M",
                    "UBD8GMVNC",
                    "UBDRVLD1R",
                    "UBELL5EF5",
                    "UBDN9579S"
                ],
                "count": 8
            },
            {
                "name": "love_letter",
                "users": [
                    "UBDRWRE3D",
                    "UBD8HB9C0",
                    "UBDRWBNRZ",
                    "U9SN17L0M",
                    "UBD8GMVNC",
                    "UBDRVLD1R",
                    "UBELL5EF5"
                ],
                "count": 7
            },
            {
                "name": "owl",
                "users": [
                    "UBDRWRE3D",
                    "U9SN17L0M",
                    "UBD8HB9C0",
                    "UBDRWBNRZ",
                    "UBD8GMVNC",
                    "UBDRVLD1R",
                    "UBELL5EF5",
                    "UBDN9579S"
                ],
                "count": 8
            },
            {
                "name": "balloon",
                "users": [
                    "UBD8HB9C0",
                    "U9SN17L0M",
                    "UBDRWBNRZ",
                    "UBDRWRE3D",
                    "UBD8GMVNC",
                    "UBDRVLD1R",
                    "UBELL5EF5",
                    "UBDN9579S"
                ],
                "count": 8
            },
            {
                "name": "chicken",
                "users": [
                    "UBD8HB9C0",
                    "U9SN17L0M",
                    "UBDRWBNRZ",
                    "UBDRWRE3D",
                    "UBD8GMVNC",
                    "UBELL5EF5",
                    "UBDN9579S"
                ],
                "count": 7
            },
            {
                "name": "fox_face",
                "users": [
                    "UBDRWRE3D",
                    "UBD8HB9C0",
                    "UBDRWBNRZ",
                    "U9SN17L0M",
                    "UBD8GMVNC",
                    "UBDN9579S"
                ],
                "count": 6
            },
            {
                "name": "boom",
                "users": [
                    "UBD8HB9C0",
                    "U9SN17L0M",
                    "UBDRWBNRZ",
                    "UBDRWRE3D",
                    "UBD8GMVNC",
                    "UBE3NCBKP",
                    "UBELL5EF5",
                    "UBDN9579S"
                ],
                "count": 8
            },
            {
                "name": "panda_face",
                "users": [
                    "UBDRWRE3D",
                    "UBD8HB9C0",
                    "UBDRWBNRZ",
                    "U9SN17L0M",
                    "UBD8GMVNC",
                    "UBE3NCBKP",
                    "UBELL5EF5"
                ],
                "count": 7
            },
            {
                "name": "frog",
                "users": [
                    "UBDRWRE3D",
                    "U9SN17L0M",
                    "UBDRWBNRZ",
                    "UBD8HB9C0",
                    "UBD8GMVNC",
                    "UBE3NCBKP",
                    "UBELL5EF5",
                    "UBDN9579S"
                ],
                "count": 8
            },
            {
                "name": "waving_white_flag",
                "users": [
                    "UBE3NCBKP",
                    "U9SN17L0M",
                    "UBDRWBNRZ",
                    "UBD8HB9C0",
                    "UBDRWRE3D",
                    "UBD8GMVNC",
                    "UBDRVLD1R",
                    "UBELL5EF5",
                    "UBDN9579S"
                ],
                "count": 9
            },
            {
                "name": "beer",
                "users": [
                    "UBDRWK8SX",
                    "U9SN17L0M",
                    "UBDRWBNRZ",
                    "UBD8HB9C0",
                    "UBE3NCBKP",
                    "UBDRWRE3D",
                    "UBD8GMVNC",
                    "UBDRVLD1R",
                    "UBELL5EF5",
                    "UBDN9579S"
                ],
                "count": 10
            },
            {
                "name": "ring",
                "users": [
                    "UBD8HB9C0",
                    "UBDRWBNRZ",
                    "U9SN17L0M",
                    "UBDRWRE3D",
                    "UBD8GMVNC",
                    "UBDRVLD1R",
                    "UBELL5EF5",
                    "UBDN9579S"
                ],
                "count": 8
            },
            {
                "name": "thinking_face",
                "users": [
                    "UBD8GMVNC",
                    "UBDRWBNRZ",
                    "U9SN17L0M",
                    "UBDRWRE3D",
                    "UBDUUV802",
                    "UBE3NCBKP",
                    "UBF0XHZD5",
                    "UBDN9579S"
                ],
                "count": 8
            },
            {
                "name": "whale",
                "users": [
                    "UBDRWRE3D",
                    "U9SN17L0M",
                    "UBDRWBNRZ",
                    "UBE3NCBKP",
                    "UBD8HB9C0",
                    "UBD8GMVNC",
                    "UBELL5EF5",
                    "UBDN9579S"
                ],
                "count": 8
            },
            {
                "name": "moneybag",
                "users": [
                    "UBD8HB9C0",
                    "UBE3NCBKP",
                    "UBELL5EF5",
                    "UBDN9579S"
                ],
                "count": 4
            },
            {
                "name": "ddongule2",
                "users": [
                    "UBDRVLD1R",
                    "UBDUU7X7U",
                    "UBDN8UG4C",
                    "UBD8GLUEL",
                    "UBE3NCBKP",
                    "UBELL5EF5",
                    "UBDN9579S"
                ],
                "count": 7
            },
            {
                "name": "male_fairy",
                "users": [
                    "UBDUU48UA"
                ],
                "count": 1
            }
        ]
    }
]