[
    {
        "type": "message",
        "user": "UBDRWBNRZ",
        "text": "F조\n\nFact : \n오전 - 공공데이터(아파트 데이터) 분석, 공원 데이터 실습\n오후 - 분산 분석, 상관 분석, 회귀 분석을 파이썬으로 실습\nFeeling : \n공공데이터 실습을 통해 지금까지 배운 내용을 한꺼번에 정리할 수 있는 기회가 되었다\n죽겠다\n방전되었다\n뭘로 채워야 할까? (댓글로 추천 받습니다)\nFind :\n파이썬으로 통계 실습하는 방법 알게됨!",
        "client_msg_id": "89187382-b24c-4a5c-89e1-5ea2cc20700d",
        "edited": {
            "user": "UBDRWBNRZ",
            "ts": "1533888689.000000"
        },
        "thread_ts": "1533888589.000037",
        "reply_count": 1,
        "replies": [
            {
                "user": "UBF0XHZD5",
                "ts": "1533888779.000272"
            }
        ],
        "unread_count": 1,
        "ts": "1533888589.000037",
        "reactions": [
            {
                "name": "blue_heart",
                "users": [
                    "U9SN17L0M",
                    "UBELL5EF5",
                    "UA4EGE85S",
                    "UBDRWBNRZ"
                ],
                "count": 4
            },
            {
                "name": "exploding_head",
                "users": [
                    "U9SN17L0M",
                    "UBELL5EF5",
                    "UBDRWBNRZ"
                ],
                "count": 3
            }
        ]
    },
    {
        "type": "message",
        "user": "UBDUUHX4J",
        "text": "행복",
        "client_msg_id": "d8d2d096-1a8b-45f4-898f-a017893b2e0d",
        "thread_ts": "1533888772.000318",
        "reply_count": 2,
        "replies": [
            {
                "user": "UBDUUHX4J",
                "ts": "1533888798.000122"
            },
            {
                "user": "UBDUUHX4J",
                "ts": "1533888801.000259"
            }
        ],
        "unread_count": 2,
        "ts": "1533888772.000318",
        "reactions": [
            {
                "name": "heavy_heart_exclamation_mark_ornament",
                "users": [
                    "UBF0XFP7Z",
                    "UBF0XHZD5",
                    "UBE3NCBKP",
                    "U9SN17L0M",
                    "UBELL5EF5",
                    "UA4EGE85S",
                    "UBDRWBNRZ"
                ],
                "count": 7
            }
        ]
    },
    {
        "type": "message",
        "user": "UBF0XHZD5",
        "text": ":pizza:..?",
        "client_msg_id": "06902cea-ac2b-40b6-b0b4-c9161ddf1748",
        "thread_ts": "1533888589.000037",
        "parent_user_id": "UBDRWBNRZ",
        "ts": "1533888779.000272",
        "reactions": [
            {
                "name": "pizza",
                "users": [
                    "UBF0XFP7Z",
                    "U9SN17L0M",
                    "UBE3NCBKP",
                    "UBDRWBNRZ"
                ],
                "count": 4
            }
        ]
    },
    {
        "type": "message",
        "user": "UBDUUHX4J",
        "text": "앙 아닠ㅋㅋㅋ 잘못봰ㅅ닥",
        "client_msg_id": "3c5fafc3-5b37-4774-a47a-45116bb8b138",
        "thread_ts": "1533888772.000318",
        "parent_user_id": "UBDUUHX4J",
        "ts": "1533888798.000122"
    },
    {
        "type": "message",
        "user": "UBDUUHX4J",
        "text": "잘못보냇어요",
        "client_msg_id": "db7429c2-6e71-4b52-a47e-8f1ddb09fe6f",
        "thread_ts": "1533888772.000318",
        "parent_user_id": "UBDUUHX4J",
        "ts": "1533888801.000259",
        "reactions": [
            {
                "name": "hahahaha",
                "users": [
                    "U9SN17L0M"
                ],
                "count": 1
            }
        ]
    },
    {
        "type": "message",
        "user": "UBDRWK8SX",
        "text": "C 조 \n\nFact :\n- 오픈데이터 건물 신규 분양가격 분석\n- 오픈데이터 공원 데이터 분석 \n- Folium 사용한 지도표기\n- 회귀분석, 상관분석, 분산분석 개념익히고 파이썬으로 실습해보기\n\n\n\nFeeling :\n- :thinking_face:\n- 오전수업에서 분양가 시도별로 그래프 그려보니 재밌었습니다.\n- 부동산에 관심이 생기게 되었습니다.\n- :exploding_head:\n- 회귀분석의 개념에 대해 깊게 다시 알 수 있어서 좋았습니다.\n\nFind :\n- 판다스를 여러번 손에 익혀서 실제 데이터에 적용할 수 있도록 해야겠습니다.\n- 확\/통은 꾸준히 복습을 해야 하는 것 같습니다.",
        "client_msg_id": "f34a5fa9-209b-4d5c-a859-23aa9beab416",
        "ts": "1533888843.000188",
        "reactions": [
            {
                "name": "exploding_head",
                "users": [
                    "UBE3NCBKP",
                    "U9SN17L0M",
                    "UBELL5EF5",
                    "UA4EGE85S",
                    "UBDRWBNRZ"
                ],
                "count": 5
            }
        ]
    }
]