[
    {
        "type": "message",
        "user": "UBE3NCBKP",
        "text": "B조\n\nFACT\n- 윤선미님의 데이터 분석가 특강\n- 통계: 엑셀로 그래프 그리기, 피봇 테이블 이용하기, 정규분포표, 모평균 추정\n\nFEELING\n- 재밌는 이야기!\n- 데이터 분석에서 기획자와 분석가가 소통하는 방법에 대해서 들을 수 있어서 신기하고 흥미로웠음\n- 들이대라...!\n- 일을 어떻게 분담하는가에 대한 실무의 이야기를 들어서 좋았음 (특히 데이터 분석에 있어서)\n- 다들 정말 열심히 사신다...\n- 수식은 모르면 외우자... 컴퓨터가 많이 도와줄 것이다....\n\nFINDING\n- 기획자에게 필요한 프로그래밍 지식\n- 엑셀에서 20만건 쯤 되면 안 열린다... 8000개로도 버벅된다....땅땅땅\n- 피봇테이블은 참 좋은 친구다",
        "client_msg_id": "78172b68-721f-41e9-82b8-6e8d56dc84ce",
        "edited": {
            "user": "UBE3NCBKP",
            "ts": "1532074790.000000"
        },
        "ts": "1532074776.000171",
        "reactions": [
            {
                "name": "blue_heart",
                "users": [
                    "U9SN17L0M",
                    "UBELL5EF5"
                ],
                "count": 2
            },
            {
                "name": "+1",
                "users": [
                    "U9SN17L0M"
                ],
                "count": 1
            }
        ]
    },
    {
        "type": "message",
        "user": "UBES4Q6LE",
        "text": "E조:\nFact\n데이터 분석가의 JD라는 특강을 들었다. 데이터분석가의 자격 요건에 대해 들을 수 있었다.\n통계수업에서 지난수업의 내용을 복습했고, 다양한 차트를 직접 적용하는 실습을 진행해보았다.\n\nFeeling\n데이터 분석가의 자격요건을 키워드 중심으로 보니까 더 잘 와닿은 느낌이 들었다. 추상적인 것들이 단어로 나타나니까 명확해진 느낌이다.\n통계수업은 처음 배우는것이라 힘들었다.\n자료의 요약을 파일로 다양한 실습중인데, 스프레드시트로 하는 실습이 가장 쓰기 간편한것 같다.\n하나의 자료를 여러 툴을 써서 실습해보는게 재밌었다.\n\nFinding\n특걍에서 들을 말 중 가장 와닿은 말은 \"완벽하게 하지 않아도 된다\" 가슴속에 새기겠습니다\n이것저것 다 잘해야 하는줄 알고 막막했는데 굳이 그러지 않아도 된다는 점을 알게 되어 좋았다.",
        "client_msg_id": "2d49296a-862a-429f-a213-041fba86b318",
        "ts": "1532074901.000250",
        "reactions": [
            {
                "name": "blue_heart",
                "users": [
                    "U9SN17L0M",
                    "UBELL5EF5"
                ],
                "count": 2
            },
            {
                "name": "+1",
                "users": [
                    "U9SN17L0M"
                ],
                "count": 1
            }
        ]
    },
    {
        "type": "message",
        "user": "UBDRWK8SX",
        "text": "[H조]\n\nFACT\n\n- 쿠팡의 근무환경에 대해 알 수 있었습니다. \n- 데이터 분석가에 대한 이해도가 높아졌습니다. \n- 확률분포의 의미를 알게되었습니다.\n- 다양한 차트를 엑셀로 구현해보는 실습을 했습니다. \n\nFEELING\n\n- 직접 실무에서 근무하는 분께 강의를 들을 수 있어서 정말 좋았습니다. \n- 확률에 대한 전체적인 개념을 훑어 볼 수 있어서 좋았습니다~! \n\nFINDING\n\n- JD에 대해 알게 되었고 데이터 직군에 대한 자신감을 얻을 수 있었습니다.",
        "client_msg_id": "b8085a3d-f692-47be-97d4-39fd3a2043e9",
        "ts": "1532075050.000195",
        "reactions": [
            {
                "name": "blue_heart",
                "users": [
                    "U9SN17L0M",
                    "UBDCWMFND",
                    "UBDN8T42G",
                    "UBELL5EF5"
                ],
                "count": 4
            },
            {
                "name": "+1",
                "users": [
                    "U9SN17L0M",
                    "UBDN8T42G"
                ],
                "count": 2
            },
            {
                "name": "chipmunk",
                "users": [
                    "UBDN8T42G"
                ],
                "count": 1
            }
        ]
    },
    {
        "type": "message",
        "user": "UBDRXTD8B",
        "text": "G조\n\n피자 맛있었어요! 감사합니다!\n현업 데이터 분석가의 생생한 이야기 감사 드립니다!\n통계 너무 어려워요ㅜㅜ 열심히 독학해야겠습니다…. (주말 = 갈아넣자……….)\n\n장고걸스하시는 분들 같이 열심히 달려보아요 - 은지\n우리조 한주동안 고생 많으셨어요! 앞으로도 같이 힘내요! - 은지",
        "client_msg_id": "9a714143-4659-4bdb-ab60-6271e024bd97",
        "ts": "1532075804.000370",
        "reactions": [
            {
                "name": "blue_heart",
                "users": [
                    "U9SN17L0M",
                    "UBELL5EF5"
                ],
                "count": 2
            },
            {
                "name": "+1",
                "users": [
                    "U9SN17L0M"
                ],
                "count": 1
            }
        ]
    },
    {
        "type": "message",
        "user": "UBF0XHZD5",
        "text": "D 조\n윤선미님 특강때 실무얘기를 직접들을 수 있어서 앞으로의 방향이 잡히는 것 같다. \n데이터 업계의 고용실태에 대해서 들어보니 자신감이 들었다. \n피자맛있었다. \n통계수업때 표준편차에 대해서 알 수 있게되었다. \n엑셀에 대해 아예 몰랐는데, 이번에 다뤄봐서 좋았다.",
        "client_msg_id": "fb6a0a14-538f-4c1f-b63d-eb359168cbe5",
        "ts": "1532076472.000251",
        "reactions": [
            {
                "name": "blue_heart",
                "users": [
                    "U9SN17L0M",
                    "UBELL5EF5"
                ],
                "count": 2
            },
            {
                "name": "+1",
                "users": [
                    "U9SN17L0M"
                ],
                "count": 1
            }
        ]
    },
    {
        "type": "message",
        "user": "UBD8GHGBA",
        "text": "F조\n\nFact\n데이터 애널리스트가 하는 일에 대해서 배울 수 있었다\n저번 통계 시간에 배웠던 것을 복습했고, 새롭게 Boxplot과 정규 분포에 대해서 배웠다\n\nFeeling\n통계적 추론이 이해가 잘 가지 않았다.\n데이터 분석가가 기업에 들어갈 수 있는 절차에 대해서 알 수 있는 좋은 기회였다\n데이터 분석가를 원하는 기업에 도전하고 싶은 마음이 들었다\n\nFinding\n통계에 대한 전반적인 이해를 스스로 해보고 싶다.\n통계를 열심히 복습해서 기본기를 다지고 싶다\n데이터 분석을 할 때 에러가 나면 모두 삭제하는 때가 많았었는데 에러가 나도 전체 내용을 지우지 않고 내용을 수정하는 연습을 해나가야겠다.",
        "client_msg_id": "29e37868-e6d9-4890-9d2a-aed0e00ae3ba",
        "ts": "1532076664.000232",
        "reactions": [
            {
                "name": "blue_heart",
                "users": [
                    "U9SN17L0M",
                    "UBDN9579S",
                    "UBELL5EF5"
                ],
                "count": 3
            },
            {
                "name": "+1",
                "users": [
                    "U9SN17L0M"
                ],
                "count": 1
            }
        ]
    }
]