[
    {
        "type": "message",
        "user": "UBDUUHX4J",
        "text": "D조\nFACT\n-머신러닝 복습 (국민청원 기타) RF 알고리즘사용 \n-프로젝트 이터레이션 2 차 회의\n-위경도 정보 사용한 데이터 시각화\n-데잇걸스2기 분의 강연이 있었다.\n\nFEELING\n-지도 데이터 다루는 것이 흥미로웠다\n-프로젝트 하는데 가이드라인이 될것같다! \n\nFIND \n-통일된 개발환경의 중요성을 깨달았다\n-대기업 시스템의 부조리함",
        "client_msg_id": "6f9f5acc-a052-42f8-802b-03eacd7c1bdf",
        "edited": {
            "user": "UBDUUHX4J",
            "ts": "1533542376.000000"
        },
        "ts": "1533542278.000104",
        "reactions": [
            {
                "name": "+1",
                "users": [
                    "UBELL5EF5",
                    "UAMPGHJRJ",
                    "UAMSPH7KM",
                    "U9SN17L0M"
                ],
                "count": 4
            }
        ]
    },
    {
        "type": "message",
        "user": "UBDUVKQAE",
        "text": "[F조]\nFACT\nxgboost와 random forest를 활용하여 국민 청원의 '기타' 카테고리를 분류하고, 예측\n구글 API로 지리 데이터 표현하고, ggplot를 포함한 다양한 방식으로 재가공\nSourcetree 실습\n\nFEELING\n그래도 Git bash가 개발자 같아 보여서 재밌당!\n국민청원 분류는 어려웠는데 오후는 난이도가 적절했다고 생각. 시각적 표현이 흥미로웠음\n막히는 게 있어서 아쉬움.\n\nFIND\n계속 돌리면 제약이 있으므로 조심하세염\n복습 충실하기\n팀플 시간 관리를 잘해야겠어요\n복습의 양과 프로젝트가 동시에 시작하니까 버거운 것 같음\n체력 관리(밥을 잘 먹자)",
        "client_msg_id": "9fa826f8-8e98-4383-a025-0ea6850f2c5e",
        "edited": {
            "user": "UBDUVKQAE",
            "ts": "1533542436.000000"
        },
        "ts": "1533542421.000170",
        "reactions": [
            {
                "name": "+1",
                "users": [
                    "UBELL5EF5",
                    "UBDN9579S",
                    "U9SN17L0M"
                ],
                "count": 3
            }
        ]
    },
    {
        "type": "message",
        "user": "UBDN90RJQ",
        "text": "B조 [선민,예원,새롬,아름,소령]\nfact: \n머신러닝 소스코드 복습 \/ 이터레이션 회의\/ 소스트리 사용법 \/ 지도 데이터 이용하기  \nfeeling: \n-이터레이션 회의 할 시간이 수업중에 주어져서 좋았다.\n-구글에서 위경도 데이터를 연동하여 데이터셋에 주소만 가지고있어도 지도에 찍어볼 수 있다는게 너무 신기했다. 우리 프로젝트에서도 지도를 그려보는게 최종 목표인데, 활용할 수 있을 것 같아서 공부가 많이 됐다\n-그동안 깃헙과 깃배시를 사용하면서 조금 헷갈렸는데, 소스트리를 활용하니 눈으로 프로세스를 볼 수 있어서 직관적이었다.\nfind: \n-새롬님의 API키가 좋았다....\n-색감지도 만드는 방법을 배움",
        "client_msg_id": "aef269c6-4058-4e5c-be7e-416f5dcd3249",
        "ts": "1533542680.000216",
        "reactions": [
            {
                "name": "dait_happy",
                "users": [
                    "UBDRWU3GT",
                    "UBD8GMVNC",
                    "UBELL5EF5",
                    "U9SN17L0M"
                ],
                "count": 4
            },
            {
                "name": "heart",
                "users": [
                    "UBDRWU3GT",
                    "UBDN9579S",
                    "U9SN17L0M"
                ],
                "count": 3
            }
        ]
    },
    {
        "type": "message",
        "user": "UBF0XHZD5",
        "text": "FACT : 국민청원 기타 카테고리예측 , XGBOOST, 랜덤포레스트를 복습했다. ITERATION회의했다. 소스트리 사용법. 구글 API불러와서 위경도 찍어보기. \n\nFEELING : GGPLOT 그리는 게 재밌었다. 맥날 데이터는 손으로 긁는게 빠르다. 맥날 홈페이지 들어가서 버거 사진 보니까 버거 먹고싶어졌다.",
        "client_msg_id": "e587b33d-a76b-4da0-969c-f3790530f6f9",
        "ts": "1533543962.000250"
    },
    {
        "type": "message",
        "user": "UBF0XHZD5",
        "text": "FACT : 국민청원 기타 카테고리예측 , XGBOOST, 랜덤포레스트를 복습했다. ITERATION회의했다. 소스트리 사용법. 구글 API불러와서 위경도 찍어보기.\n\nFEELING : GGPLOT 그리는 게 재밌었다. 맥날 데이터는 손으로 긁는게 빠르다. 맥날 홈페이지 들어가서 버거 사진 보니까 버거 먹고싶어졌다. 점심시간에 회의해서 좋았다. \n지도그리기 재밌었다. \n\nFINDING : 좀 더 빡세게 프로젝트를 해야겠다. 결석 X.(AKA . 가빈 저격) 코드를 자꾸 손으로 써봐야겠다. 복붙 안될일임.",
        "client_msg_id": "6dce1e62-6168-4a64-9025-2c6b3db3e154",
        "ts": "1533544058.000236",
        "reactions": [
            {
                "name": "+1",
                "users": [
                    "UBELL5EF5",
                    "U9SN17L0M"
                ],
                "count": 2
            }
        ]
    }
]