[
    {
        "type": "message",
        "user": "UBF0XHZD5",
        "text": ":heavy_plus_sign: : 국민청원데이터셋만 다루다가 다른 데이터셋을 다뤄봐서 새로웠다. 오늘 실습이 전보다 디테일해졌는데, 익숙해지면 원하는 데이터를 추출할 수 있겠다. 데이터 클린징이 중요한데, 오늘 한세션을 통채로 배울 수 있어서 의미있었다. 특강을 좀 쉽게 얘기해주시려고 노력하신 점이 좋았다. \n:heavy_minus_sign: 이전 특강에서는 직무적인 내용을 많이 다뤘고, 이번에는 큰 얘기를 많이 다뤄서 조금 덜 와닿았다. \n:exclamation: : 손에 많이 익혀봐야겠다는 것을 느꼈다. 3개월 이후가 어떻게 될지는 내가 어떻게 하느냐에 따라 달라진다는 생각이 강하게 들었다. 자기객관화를 하며 겸손해지자.",
        "client_msg_id": "46793c5d-748a-45f7-93ee-266607d39988",
        "ts": "1532588520.000014",
        "reactions": [
            {
                "name": "+1",
                "users": [
                    "UBDN8T42G",
                    "UBELL5EF5",
                    "U9SN17L0M",
                    "UBDRWU3GT",
                    "U9UFEBXGF"
                ],
                "count": 5
            },
            {
                "name": "blue_heart",
                "users": [
                    "UBDN8T42G",
                    "U9SN17L0M",
                    "UBDRWU3GT",
                    "U9UFEBXGF"
                ],
                "count": 4
            }
        ]
    },
    {
        "type": "message",
        "user": "UBES4Q6LE",
        "text": "F조\n오늘 느낀점 : 데이터 정리의 중요성을 느꼈다.\n석박의 중요성..!!\n정규표현식 어렵다\n\n오늘 발견한것 : 음성인식이 이렇게 발달했구나\n우리나라에 AI 에 대한 규제가 많다는 것을 다시 한 번 느꼈다\n유인나 오디오 신기하다",
        "client_msg_id": "97ad135d-178e-4e56-9f72-e86b2d9a6a8f",
        "edited": {
            "user": "UBES4Q6LE",
            "ts": "1532609170.000000"
        },
        "thread_ts": "1532588824.000219",
        "reply_count": 7,
        "replies": [
            {
                "user": "UBDRWK8SX",
                "ts": "1532588842.000227"
            },
            {
                "user": "UBELL5EF5",
                "ts": "1532588850.000248"
            },
            {
                "user": "UBE3NCBKP",
                "ts": "1532588862.000254"
            },
            {
                "user": "UBE3NCBKP",
                "ts": "1532588869.000099"
            },
            {
                "user": "UBDRWK8SX",
                "ts": "1532588878.000098"
            },
            {
                "user": "UBELL5EF5",
                "ts": "1532588911.000030"
            },
            {
                "user": "UBE3NCBKP",
                "ts": "1532588926.000189"
            }
        ],
        "unread_count": 7,
        "ts": "1532588824.000219",
        "reactions": [
            {
                "name": "+1",
                "users": [
                    "UBELL5EF5",
                    "UBES4Q6LE",
                    "U9SN17L0M",
                    "UBDRWK8SX"
                ],
                "count": 4
            }
        ]
    },
    {
        "type": "message",
        "user": "UBDRWK8SX",
        "text": "없네요?",
        "client_msg_id": "ca27998d-5f02-44ca-b008-da32a19be9c9",
        "thread_ts": "1532588824.000219",
        "parent_user_id": "UBES4Q6LE",
        "ts": "1532588842.000227"
    },
    {
        "type": "message",
        "user": "UBELL5EF5",
        "text": "ㅋㅋㅋㅋㅋㅋㅋㅋㅋㅋ",
        "client_msg_id": "ad12bfcc-39d4-4502-afd7-b3ecf5d0a39a",
        "thread_ts": "1532588824.000219",
        "parent_user_id": "UBES4Q6LE",
        "ts": "1532588850.000248"
    },
    {
        "type": "message",
        "user": "UBE3NCBKP",
        "text": "ㅋㅋㅋㅋㅋㅋㅋㅋㅋㅋㅋㅋㅋㅋㅋㅋㅋㅋㅋㅋㅋㅋㅋㅋㅋㅋ",
        "client_msg_id": "5b069d80-c6e1-48c9-a28b-8936d1d9a3ba",
        "thread_ts": "1532588824.000219",
        "parent_user_id": "UBES4Q6LE",
        "ts": "1532588862.000254"
    },
    {
        "type": "message",
        "user": "UBE3NCBKP",
        "text": "넘나 빠른 것.....",
        "client_msg_id": "2ed7a797-1fd8-4528-9947-f29163e4debe",
        "thread_ts": "1532588824.000219",
        "parent_user_id": "UBES4Q6LE",
        "ts": "1532588869.000099"
    },
    {
        "type": "message",
        "user": "UBDRWK8SX",
        "text": "edit할 기회좀..",
        "client_msg_id": "75c520e1-e8ac-4874-a585-39d57a2b5378",
        "thread_ts": "1532588824.000219",
        "parent_user_id": "UBES4Q6LE",
        "ts": "1532588878.000098",
        "reactions": [
            {
                "name": "grinning",
                "users": [
                    "UBELL5EF5"
                ],
                "count": 1
            }
        ]
    },
    {
        "type": "message",
        "user": "UBELL5EF5",
        "text": "오늘 느낌점은 정규표현식 `^$`에 matching 됩니다…",
        "client_msg_id": "25cbd57c-84d0-41b6-a36b-3f7001fe4b92",
        "edited": {
            "user": "UBELL5EF5",
            "ts": "1532588921.000000"
        },
        "thread_ts": "1532588824.000219",
        "parent_user_id": "UBES4Q6LE",
        "ts": "1532588911.000030",
        "reactions": [
            {
                "name": "laughing",
                "users": [
                    "UBE3NCBKP",
                    "UBDRWK8SX",
                    "UBES4Q6LE"
                ],
                "count": 3
            }
        ]
    },
    {
        "type": "message",
        "user": "UBE3NCBKP",
        "text": "ㅋㅋㅋㅋㅋㅋㅋㅋㅋㅋㅋㅋㅋㅋㅋ",
        "client_msg_id": "e4f26207-0ffa-4305-8987-5ce73c44ef47",
        "thread_ts": "1532588824.000219",
        "parent_user_id": "UBES4Q6LE",
        "ts": "1532588926.000189"
    },
    {
        "type": "message",
        "user": "UBDN9579S",
        "text": "C조\nFact\n1. 도서관데이터를 클렌징하는 활동을 하였다.\nFeeling\n1. 정규표현식을 알아두면 빠른 처리를 할 수 있다는 것을 느꼈고 익숙해지도록 연습해야겠다.\n2. 기본 문법이나 내용을 복습해야겠다고 느꼈다. \n3. 판다스가 익숙하지 않아 기존에 썼던 파이썬문법이 나와 계속 노력해야겠다.\nFinding\n1. 데이터를 모으고 활용하는데 긴 시간이 걸리고 기술이 이미 있어도 적절한 타이밍이 있어야 하는거 같다.....",
        "client_msg_id": "be99ee37-b845-4e2d-86a6-265ac6582435",
        "ts": "1532589092.000057",
        "reactions": [
            {
                "name": "+1",
                "users": [
                    "UBELL5EF5",
                    "U9SN17L0M",
                    "UBDN9579S",
                    "UBDN90RJQ"
                ],
                "count": 4
            }
        ]
    }
]