[
    {
        "type": "message",
        "user": "UBDCWPPNV",
        "text": "[A조]\nfact : 음료 자판기를 업그레이드 시켰다, git 브랜치 복습, 클래스와 인스턴스 복습\nfeeling: 자판기 어렵다.... 자판기 만들때 test.py 를 만들어서 적용하는게 어렵당... 아직 테스트하는 습관이 없다.. 프로젝트를 진행하는데 어떤 것이 중요한지 알 수 있는지 알았다...\nfind: 복습복습복습....",
        "client_msg_id": "d33ceb19-90a3-4569-a095-b13a3aca53db",
        "ts": "1534751506.000100",
        "reactions": [
            {
                "name": "+1",
                "users": [
                    "UBELL5EF5",
                    "U9SN17L0M",
                    "UA4EGE85S"
                ],
                "count": 3
            }
        ]
    },
    {
        "type": "message",
        "user": "UBD8GHGBA",
        "text": "C조",
        "client_msg_id": "03ddd661-fdc8-4f9f-967c-14eb8689f8fb",
        "ts": "1534751629.000100"
    },
    {
        "type": "message",
        "user": "UBD8GHGBA",
        "text": "Fact :\n자판기에서 돈 넣으면 커피 나오는 기능 추가. TDD의 연장.\n데이터 분석을 통해서 만들어 낼 수 있는 가치들에 대해서 배웠다\n\nFeeling :\n프로젝트를 할 때 어떨 방향으로 운영해야 하는지 알 수 있었다\n자판기 만드는 거 재밌다\n샌드위치 정말 맛있고 운영진분들 감사해요\n\nFinding:\n너무 힘들다 ㅠㅠ\n열심히 공부해야겠다\n데이터 시각화에 관련한 안목이 한층 넓어진 느낌!\n유연한 사고를 할 수 있을 것 같다",
        "client_msg_id": "ba392887-282a-442b-95ba-15df585279db",
        "ts": "1534751656.000100",
        "reactions": [
            {
                "name": "+1",
                "users": [
                    "UBELL5EF5",
                    "U9SN17L0M",
                    "UA4EGE85S"
                ],
                "count": 3
            }
        ]
    },
    {
        "type": "message",
        "user": "UBDRWU3GT",
        "text": "[F조]\n- Fact: 카토그램지도의 개념과 코드로 구현하는 것, 자판기 테스트주도개발, 팀프로젝트에서 만들어낼 수 있는 가치들\n- Feeling: 월요일 힘들다ㅜㅠㅠ 할 일도 많고 복습양도 짱짱 많다 우왕\n- Find: 테스트주도개발을 할 때 test를 붙이지 않으면 작동이 안된다....!",
        "client_msg_id": "d647c5e3-963f-44f2-9caf-2fd6b6f4fc42",
        "ts": "1534751734.000100",
        "reactions": [
            {
                "name": "exploding_head",
                "users": [
                    "UBE3NCBKP",
                    "UBDN9579S",
                    "UBDRWU3GT",
                    "UBELL5EF5",
                    "U9SN17L0M",
                    "UA4EGE85S"
                ],
                "count": 6
            },
            {
                "name": "drooling_face",
                "users": [
                    "UBDRWU3GT",
                    "UBELL5EF5",
                    "U9SN17L0M",
                    "UA4EGE85S"
                ],
                "count": 4
            }
        ]
    },
    {
        "type": "message",
        "user": "UBDUVKQAE",
        "text": "[D조]\nFact : Vending machine 심화 개발(class\/instance에서 status\/method 개념 정리), 카토그램, 플젝에서 얻을 가치들\nFeeling : 같은 주제로 테스크를 늘려가는 구슬 엮기를 하는 게 도움이 많이 되는 듯, 유의미함. 짝 프로그래밍이 정말 좋음.\nFind : 플젝 열심히 합시당!_! 플젝의 방향과 목표, 해야 하는 이유를 잘 잡은 듯. 칵토그램에서 데이터를 왜곡시킬지, 그림을 왜곡시킬지 선택하는 것은 고민을 많이 해봐야 할 듯. 시각화 부분을 2주에 걸쳐 했는데 데이터와 관련된 시각화를 배울 때 늘 새로움",
        "client_msg_id": "cf85ee7c-65d5-4589-9ea9-b30bc7e8548d",
        "ts": "1534751794.000100",
        "reactions": [
            {
                "name": "+1",
                "users": [
                    "UBELL5EF5",
                    "U9SN17L0M",
                    "UA4EGE85S"
                ],
                "count": 3
            }
        ]
    },
    {
        "type": "message",
        "user": "UBDRWK8SX",
        "text": "B조 \n\nFact:\n\n1. 클래스를 복습했다\n2. 브랜치 개념 학습 및 만들어보고 머지하기\n3. 카토그램 그려보기\n4. 애란쌤의 실제 분석 사례 \n5. 우리 과제에서 얻어낼 수 있는 가치는? \n6. 어벤져스 스포를 당했고 코코 트레일러를 봤다. 클래스는 코코다\n7. 자판기에서 물건이 나왔다.\nFeeling:\n\n1. 질답시간 좋았습니다.\n2. 서영님 짱이에요 물리학 간지나요.\n3. 샌드위치 정말 맛있어요 데잇걸즈 사랑합니다. \n\nFind : \n\n1. 프로젝트의 범위를 화 줄여서 우리가 할 수 있는 것부터 해야 할 것 같다. \n2. 자판기를 많이 만들어보면서 프로그래밍 연습을 좀 해보면 좋을 것 같다.\n3. 데잇걸즈 과사모를 모집해야 할 것 같다 :mag_right: 문의는 리플로 달아주세요. :fire:",
        "client_msg_id": "ad8dedf3-e3f6-4b0a-a57c-96a826cfa3a1",
        "edited": {
            "user": "UBDRWK8SX",
            "ts": "1534751854.000000"
        },
        "thread_ts": "1534751808.000100",
        "reply_count": 1,
        "replies": [
            {
                "user": "UBDRXTD8B",
                "ts": "1534751932.000100"
            }
        ],
        "unread_count": 1,
        "ts": "1534751808.000100",
        "reactions": [
            {
                "name": "microscope",
                "users": [
                    "UBDRXTD8B",
                    "UBELL5EF5",
                    "UBDN9579S",
                    "U9SN17L0M",
                    "UA4EGE85S"
                ],
                "count": 5
            }
        ]
    },
    {
        "type": "message",
        "user": "UBDRXTD8B",
        "text": "과학을 사랑하시는 분들의 많은 관심 부탁 드립니다.",
        "client_msg_id": "7b3a33b5-6660-438c-a896-9e26868cda4c",
        "thread_ts": "1534751808.000100",
        "parent_user_id": "UBDRWK8SX",
        "ts": "1534751932.000100",
        "reactions": [
            {
                "name": "mask",
                "users": [
                    "UBE3NMLCD",
                    "UBELL5EF5",
                    "UA4EGE85S"
                ],
                "count": 3
            }
        ]
    }
]