[
    {
        "type": "message",
        "user": "UBDRWK8SX",
        "text": "push 에러가 자꾸 나서 repository를 날렸다가 다시 클론을 해와서 하는데도 에러가 납니당..ㅠ",
        "client_msg_id": "5a355499-f3da-42f9-a6bd-f7c8a6e4368a",
        "thread_ts": "1533799306.000235",
        "reply_count": 2,
        "replies": [
            {
                "user": "UBDRVLD1R",
                "ts": "1533799376.000224"
            },
            {
                "user": "UBDRWK8SX",
                "ts": "1533799542.000255"
            }
        ],
        "unread_count": 2,
        "ts": "1533799306.000235"
    },
    {
        "type": "message",
        "user": "UBDRVLD1R",
        "text": "ssh 키 문제일수도 있을것 같아요. ㅜ 저도 똑같은 에러때문에 ssh 키를 지우고 새로 만들어서 등록을 다시 했더니 해결이 됐어요.",
        "client_msg_id": "c4591656-bb1c-495a-a679-c9d583a0fcd9",
        "thread_ts": "1533799306.000235",
        "parent_user_id": "UBDRWK8SX",
        "ts": "1533799376.000224"
    },
    {
        "type": "message",
        "user": "UBDRWK8SX",
        "text": "헉 글쿤용 ㅠ 감사합니다 한번 해볼게요!",
        "client_msg_id": "ed5b01b5-3d48-4ed0-8aca-d56fed47eca4",
        "thread_ts": "1533799306.000235",
        "parent_user_id": "UBDRWK8SX",
        "ts": "1533799542.000255",
        "reactions": [
            {
                "name": "balloon",
                "users": [
                    "UBDRVLD1R"
                ],
                "count": 1
            }
        ]
    },
    {
        "type": "message",
        "user": "U9TKQU99V",
        "text": "여러분~ 이미 권한을 다 가지고 계셔요 ㅠㅠ",
        "client_msg_id": "854c8f9d-9829-4628-a005-fbc94d1cb4fc",
        "thread_ts": "1533787355.000086",
        "parent_user_id": "UBDRWU3GT",
        "ts": "1533800639.000187"
    },
    {
        "type": "message",
        "user": "UBDUVKQAE",
        "text": "sourcetree를 쓸 수가 없네요 ㅜㅜㅜㅜ",
        "client_msg_id": "cca9fec0-450f-48ed-b5c0-a96bacfa6600",
        "thread_ts": "1533801314.000335",
        "reply_count": 3,
        "replies": [
            {
                "user": "UBF0XKTP1",
                "ts": "1533801970.000023"
            },
            {
                "user": "UBDUVKQAE",
                "ts": "1533812378.000161"
            },
            {
                "user": "UBE3NCBKP",
                "ts": "1533812965.000030"
            }
        ],
        "unread_count": 3,
        "ts": "1533801314.000335",
        "reactions": [
            {
                "name": "fearful",
                "users": [
                    "UBF0XKTP1",
                    "UBE3NCBKP",
                    "UBDUUV802"
                ],
                "count": 3
            }
        ]
    },
    {
        "type": "message",
        "user": "UBF0XKTP1",
        "text": "저도요.. 이게 윈도우만의 문제인가요?? 저는 키면 1분에 한번씩 응답없음이 뜨는데..",
        "client_msg_id": "91d2e10f-b8a7-45c5-8db9-f6fd5144986b",
        "thread_ts": "1533801314.000335",
        "parent_user_id": "UBDUVKQAE",
        "ts": "1533801970.000023",
        "reactions": [
            {
                "name": "sob",
                "users": [
                    "UBDUUV802"
                ],
                "count": 1
            }
        ]
    },
    {
        "type": "message",
        "user": "UBDUVKQAE",
        "text": "그냥 소스트리 안쓰기로...",
        "client_msg_id": "03cc6f6f-2574-40d7-8b95-be40e288cadc",
        "thread_ts": "1533801314.000335",
        "parent_user_id": "UBDUVKQAE",
        "ts": "1533812378.000161"
    },
    {
        "type": "message",
        "user": "UBE3NCBKP",
        "text": "이거 다들 그러시나보네요ㅠㅠ 전 포기.....",
        "client_msg_id": "66b51530-a490-4159-9a54-acec84e180ce",
        "thread_ts": "1533801314.000335",
        "parent_user_id": "UBDUVKQAE",
        "ts": "1533812965.000030"
    },
    {
        "type": "message",
        "user": "UBF1K97FH",
        "text": "<@U9SN17L0M> 쌤 저 오후에 미팅때문에 수업을 못들어서 지금 영상보면서 공부중인데, 제 컴에 나눔고딕이 떡하니 자리잡고 있는데, 노트북에서 Nanum으로 검색하면 왜 하나도 안나오는 걸까요? 이럴 경우 다른 한글폰트로 대체하는 게 최선일까요?",
        "client_msg_id": "2721571e-633f-4544-84f6-7e7d9b91979f",
        "thread_ts": "1533815430.000210",
        "reply_count": 15,
        "replies": [
            {
                "user": "UBDUUHX4J",
                "ts": "1533815573.000283"
            },
            {
                "user": "UBF1K97FH",
                "ts": "1533816115.000209"
            },
            {
                "user": "UBDUUHX4J",
                "ts": "1533816244.000325"
            },
            {
                "user": "UBDUUHX4J",
                "ts": "1533816250.000002"
            },
            {
                "user": "UBDUUHX4J",
                "ts": "1533816257.000243"
            },
            {
                "user": "UBDUUHX4J",
                "ts": "1533816279.000112"
            },
            {
                "user": "UBD8HB9C0",
                "ts": "1533817322.000056"
            },
            {
                "user": "UBF1K97FH",
                "ts": "1533817378.000076"
            },
            {
                "user": "UBDUU48UA",
                "ts": "1533818112.000173"
            },
            {
                "user": "UBDUU48UA",
                "ts": "1533818143.000146"
            },
            {
                "user": "UBF1K97FH",
                "ts": "1533818189.000129"
            },
            {
                "user": "UBDUU48UA",
                "ts": "1533818208.000168"
            },
            {
                "user": "UBD8HB9C0",
                "ts": "1533819234.000009"
            },
            {
                "user": "U9SN17L0M",
                "ts": "1533819249.000055"
            },
            {
                "user": "UBDUU48UA",
                "ts": "1533819285.000432"
            }
        ],
        "unread_count": 15,
        "ts": "1533815430.000210",
        "reactions": [
            {
                "name": "blue_heart",
                "users": [
                    "U9SN17L0M"
                ],
                "count": 1
            }
        ]
    },
    {
        "type": "message",
        "user": "UBDUUHX4J",
        "text": "엇 그거 다운받아서 하시면된대요 진영님!!! \n네이버에 되용!! \n첨에 전 안떠서 새굴림으로햇다가 \n나중에 다시 하니까되더라구용'",
        "client_msg_id": "220A0EF8-2768-45E1-9AEB-D099B747F7D1",
        "thread_ts": "1533815430.000210",
        "parent_user_id": "UBF1K97FH",
        "ts": "1533815573.000283"
    },
    {
        "type": "message",
        "user": "UBF1K97FH",
        "text": "다혜님 그럼 다시 다운받아야 하는 건가요?",
        "client_msg_id": "abba601e-4738-41bd-81d5-e11d5415f427",
        "thread_ts": "1533815430.000210",
        "parent_user_id": "UBF1K97FH",
        "ts": "1533816115.000209"
    },
    {
        "type": "message",
        "user": "UBDUUHX4J",
        "text": "아 원래 있으신데 없다고 뜨나요 글꼴이?",
        "client_msg_id": "8A21461B-E25B-4EEA-9A15-1E0F72490FC8",
        "thread_ts": "1533815430.000210",
        "parent_user_id": "UBF1K97FH",
        "ts": "1533816244.000325"
    },
    {
        "type": "message",
        "user": "UBDUUHX4J",
        "text": "아 ",
        "client_msg_id": "2DB40249-109A-4C35-ACB6-050E5E9CC320",
        "thread_ts": "1533815430.000210",
        "parent_user_id": "UBF1K97FH",
        "ts": "1533816250.000002"
    },
    {
        "type": "message",
        "user": "UBDUUHX4J",
        "text": "어머..죄송해여.. 흠",
        "client_msg_id": "4960295D-6CAE-4EDB-9E86-2B56D0225BB3",
        "thread_ts": "1533815430.000210",
        "parent_user_id": "UBF1K97FH",
        "ts": "1533816257.000243"
    },
    {
        "type": "message",
        "user": "UBDUUHX4J",
        "text": "흠 근데 그거 좀있다가 다른파일에서 하니까 갑자기 뜨더라고요!아무것도안바꿧는뎅",
        "client_msg_id": "7DD64373-3BEE-4AAA-95CD-DF59B27D6F44",
        "thread_ts": "1533815430.000210",
        "parent_user_id": "UBF1K97FH",
        "ts": "1533816279.000112"
    },
    {
        "type": "message",
        "user": "UBD8HB9C0",
        "text": "진영님 그 문제의 경우에 예은님께서 해결하셨던것같은데 여쭤보는게 어떨까요?",
        "client_msg_id": "3A8BE4AE-704B-4AB9-B5F5-0074E5744B75",
        "thread_ts": "1533815430.000210",
        "parent_user_id": "UBF1K97FH",
        "ts": "1533817322.000056"
    },
    {
        "type": "message",
        "user": "UBF1K97FH",
        "text": "네네 otf, ttf 때문인 것 같긴 한데, 우선 다른 글꼴로 대체해놨어요 감사해요 지혜+ 다혜님!",
        "client_msg_id": "d3643ab1-aa26-4e75-bceb-8e029af01d3f",
        "thread_ts": "1533815430.000210",
        "parent_user_id": "UBF1K97FH",
        "ts": "1533817378.000076",
        "reactions": [
            {
                "name": "fire",
                "users": [
                    "UBD8HB9C0"
                ],
                "count": 1
            }
        ]
    },
    {
        "type": "message",
        "text": "저는 matplotlib이 생성한 fontList 파일을 지웠다가 컴퓨터 다시 시작 시켰는데, matplotlib이 다시 한 번 os를 스캔해서 갱신된 폰트 목록을 생성하더라구요",
        "files": [
            {
                "id": "FC6LTP3C7",
                "created": 1533818110,
                "timestamp": 1533818110,
                "name": "image.png",
                "title": "Pasted image at 2018-08-09, 9:35 PM",
                "mimetype": "image\/png",
                "filetype": "png",
                "pretty_type": "PNG",
                "user": "UBDUU48UA",
                "editable": false,
                "size": 13025,
                "mode": "hosted",
                "is_external": false,
                "external_type": "",
                "is_public": true,
                "public_url_shared": false,
                "display_as_bot": false,
                "username": "",
                "url_private": "https:\/\/files.slack.com\/files-pri\/T9SHC5F9S-FC6LTP3C7\/image.png?t=xoxe-332590185332-430098056850-431139793783-a3ecafe0d0f66efa522a67af632228d7",
                "url_private_download": "https:\/\/files.slack.com\/files-pri\/T9SHC5F9S-FC6LTP3C7\/download\/image.png?t=xoxe-332590185332-430098056850-431139793783-a3ecafe0d0f66efa522a67af632228d7",
                "thumb_64": "https:\/\/files.slack.com\/files-tmb\/T9SHC5F9S-FC6LTP3C7-698c1b69e4\/image_64.png?t=xoxe-332590185332-430098056850-431139793783-a3ecafe0d0f66efa522a67af632228d7",
                "thumb_80": "https:\/\/files.slack.com\/files-tmb\/T9SHC5F9S-FC6LTP3C7-698c1b69e4\/image_80.png?t=xoxe-332590185332-430098056850-431139793783-a3ecafe0d0f66efa522a67af632228d7",
                "thumb_360": "https:\/\/files.slack.com\/files-tmb\/T9SHC5F9S-FC6LTP3C7-698c1b69e4\/image_360.png?t=xoxe-332590185332-430098056850-431139793783-a3ecafe0d0f66efa522a67af632228d7",
                "thumb_360_w": 360,
                "thumb_360_h": 163,
                "thumb_480": "https:\/\/files.slack.com\/files-tmb\/T9SHC5F9S-FC6LTP3C7-698c1b69e4\/image_480.png?t=xoxe-332590185332-430098056850-431139793783-a3ecafe0d0f66efa522a67af632228d7",
                "thumb_480_w": 480,
                "thumb_480_h": 217,
                "thumb_160": "https:\/\/files.slack.com\/files-tmb\/T9SHC5F9S-FC6LTP3C7-698c1b69e4\/image_160.png?t=xoxe-332590185332-430098056850-431139793783-a3ecafe0d0f66efa522a67af632228d7",
                "image_exif_rotation": 1,
                "original_w": 501,
                "original_h": 227,
                "permalink": "https:\/\/daitgirls.slack.com\/files\/UBDUU48UA\/FC6LTP3C7\/image.png",
                "permalink_public": "https:\/\/slack-files.com\/T9SHC5F9S-FC6LTP3C7-685660031b"
            }
        ],
        "upload": true,
        "user": "UBDUU48UA",
        "display_as_bot": false,
        "thread_ts": "1533815430.000210",
        "parent_user_id": "UBF1K97FH",
        "ts": "1533818112.000173",
        "reactions": [
            {
                "name": "+1",
                "users": [
                    "U9SN17L0M",
                    "UBDRWADQB"
                ],
                "count": 2
            },
            {
                "name": "blue_heart",
                "users": [
                    "U9SN17L0M"
                ],
                "count": 1
            }
        ]
    },
    {
        "type": "message",
        "user": "UBDUU48UA",
        "text": "그렇게 해결봤어요!",
        "client_msg_id": "1b5c23de-e421-45d2-97d3-430589f4bd51",
        "thread_ts": "1533815430.000210",
        "parent_user_id": "UBF1K97FH",
        "ts": "1533818143.000146"
    },
    {
        "type": "message",
        "user": "UBF1K97FH",
        "text": "아~ 말씀해주신데로 한번 해봐야겠어요 감사해요 예은님!",
        "client_msg_id": "c4bf5565-bb2c-4759-aeb4-7bd1babb940b",
        "thread_ts": "1533815430.000210",
        "parent_user_id": "UBF1K97FH",
        "ts": "1533818189.000129"
    },
    {
        "type": "message",
        "user": "UBDUU48UA",
        "text": ":hero:",
        "client_msg_id": "81a4a470-cb19-4dde-b517-e2d0010e3ad6",
        "thread_ts": "1533815430.000210",
        "parent_user_id": "UBF1K97FH",
        "ts": "1533818208.000168",
        "reactions": [
            {
                "name": "i_love_you_hand_sign",
                "users": [
                    "UBD8HB9C0",
                    "U9SN17L0M",
                    "U9TKQU99V"
                ],
                "count": 3
            }
        ]
    },
    {
        "type": "message",
        "user": "UBD8HB9C0",
        "text": "예은님 짱 멋져,,:fire:",
        "client_msg_id": "5A4A81B5-0F83-4FE0-83BB-6A6F80B048F0",
        "thread_ts": "1533815430.000210",
        "parent_user_id": "UBF1K97FH",
        "ts": "1533819234.000009"
    },
    {
        "type": "message",
        "user": "U9SN17L0M",
        "text": "우왕! 이 멋진 집단지성! :heart_eyes:",
        "client_msg_id": "6bbc6471-43ca-48f6-b807-aa4a1dfd8563",
        "thread_ts": "1533815430.000210",
        "parent_user_id": "UBF1K97FH",
        "ts": "1533819249.000055"
    },
    {
        "type": "message",
        "user": "UBDUU48UA",
        "text": ":hahahaha:",
        "client_msg_id": "dea91d56-43da-475f-a3f2-502acb6c416c",
        "thread_ts": "1533815430.000210",
        "parent_user_id": "UBF1K97FH",
        "ts": "1533819285.000432",
        "reactions": [
            {
                "name": "superwoman",
                "users": [
                    "UBF1K97FH",
                    "UBD8HB9C0",
                    "U9TKQU99V"
                ],
                "count": 3
            },
            {
                "name": "dait_love",
                "users": [
                    "UBDUU48UA",
                    "UBDCWMFND"
                ],
                "count": 2
            }
        ]
    },
    {
        "type": "message",
        "user": "UBDUVKQAE",
        "text": "저 폰트 박제가 안되네요 ㅜㅜㅜㅜ",
        "client_msg_id": "02bbaf11-3f9b-48a3-ad19-cacad5a95438",
        "ts": "1533873727.000066"
    }
]