[
    {
        "type": "message",
        "user": "UBDUU48UA",
        "text": "선생님, 서울특별시 소재의 모든 교회 위치정보를 크롤링하려고 하는데 네이버 지도 api를 활용하면 할 수 있을까요?",
        "client_msg_id": "1d0975d4-194f-4f89-8e88-d91504150871",
        "thread_ts": "1533111191.000173",
        "reply_count": 1,
        "replies": [
            {
                "user": "UBELL5EF5",
                "ts": "1533111655.000300"
            }
        ],
        "unread_count": 1,
        "ts": "1533111191.000173",
        "reactions": [
            {
                "name": "+1",
                "users": [
                    "UBELL5EF5",
                    "UBDN90RJQ"
                ],
                "count": 2
            }
        ]
    },
    {
        "type": "message",
        "user": "UBELL5EF5",
        "text": "네!",
        "client_msg_id": "fd2e3ba4-1f7d-4a09-b67a-046acfdc9124",
        "thread_ts": "1533111191.000173",
        "parent_user_id": "UBDUU48UA",
        "ts": "1533111655.000300"
    },
    {
        "type": "message",
        "text": "\/search 로 들어가면 첫 화면이 나오는데 첫 화면만 disallow 인 것일까요 아니면 검색된 화면은 전부 disallow 인 것일까요??",
        "files": [
            {
                "id": "FC0KHT43E",
                "created": 1533134875,
                "timestamp": 1533134875,
                "name": "Screen Shot 2018-08-01 at 11.45.38 PM.png",
                "title": "Screen Shot 2018-08-01 at 11.45.38 PM.png",
                "mimetype": "image\/png",
                "filetype": "png",
                "pretty_type": "PNG",
                "user": "UBDRWBNRZ",
                "editable": false,
                "size": 35006,
                "mode": "hosted",
                "is_external": false,
                "external_type": "",
                "is_public": true,
                "public_url_shared": false,
                "display_as_bot": false,
                "username": "",
                "url_private": "https:\/\/files.slack.com\/files-pri\/T9SHC5F9S-FC0KHT43E\/screen_shot_2018-08-01_at_11.45.38_pm.png?t=xoxe-332590185332-430098056850-431139793783-a3ecafe0d0f66efa522a67af632228d7",
                "url_private_download": "https:\/\/files.slack.com\/files-pri\/T9SHC5F9S-FC0KHT43E\/download\/screen_shot_2018-08-01_at_11.45.38_pm.png?t=xoxe-332590185332-430098056850-431139793783-a3ecafe0d0f66efa522a67af632228d7",
                "thumb_64": "https:\/\/files.slack.com\/files-tmb\/T9SHC5F9S-FC0KHT43E-f8105b0c0f\/screen_shot_2018-08-01_at_11.45.38_pm_64.png?t=xoxe-332590185332-430098056850-431139793783-a3ecafe0d0f66efa522a67af632228d7",
                "thumb_80": "https:\/\/files.slack.com\/files-tmb\/T9SHC5F9S-FC0KHT43E-f8105b0c0f\/screen_shot_2018-08-01_at_11.45.38_pm_80.png?t=xoxe-332590185332-430098056850-431139793783-a3ecafe0d0f66efa522a67af632228d7",
                "thumb_360": "https:\/\/files.slack.com\/files-tmb\/T9SHC5F9S-FC0KHT43E-f8105b0c0f\/screen_shot_2018-08-01_at_11.45.38_pm_360.png?t=xoxe-332590185332-430098056850-431139793783-a3ecafe0d0f66efa522a67af632228d7",
                "thumb_360_w": 360,
                "thumb_360_h": 64,
                "thumb_480": "https:\/\/files.slack.com\/files-tmb\/T9SHC5F9S-FC0KHT43E-f8105b0c0f\/screen_shot_2018-08-01_at_11.45.38_pm_480.png?t=xoxe-332590185332-430098056850-431139793783-a3ecafe0d0f66efa522a67af632228d7",
                "thumb_480_w": 480,
                "thumb_480_h": 86,
                "thumb_160": "https:\/\/files.slack.com\/files-tmb\/T9SHC5F9S-FC0KHT43E-f8105b0c0f\/screen_shot_2018-08-01_at_11.45.38_pm_160.png?t=xoxe-332590185332-430098056850-431139793783-a3ecafe0d0f66efa522a67af632228d7",
                "thumb_720": "https:\/\/files.slack.com\/files-tmb\/T9SHC5F9S-FC0KHT43E-f8105b0c0f\/screen_shot_2018-08-01_at_11.45.38_pm_720.png?t=xoxe-332590185332-430098056850-431139793783-a3ecafe0d0f66efa522a67af632228d7",
                "thumb_720_w": 720,
                "thumb_720_h": 129,
                "thumb_800": "https:\/\/files.slack.com\/files-tmb\/T9SHC5F9S-FC0KHT43E-f8105b0c0f\/screen_shot_2018-08-01_at_11.45.38_pm_800.png?t=xoxe-332590185332-430098056850-431139793783-a3ecafe0d0f66efa522a67af632228d7",
                "thumb_800_w": 800,
                "thumb_800_h": 143,
                "image_exif_rotation": 1,
                "original_w": 860,
                "original_h": 154,
                "permalink": "https:\/\/daitgirls.slack.com\/files\/UBDRWBNRZ\/FC0KHT43E\/screen_shot_2018-08-01_at_11.45.38_pm.png",
                "permalink_public": "https:\/\/slack-files.com\/T9SHC5F9S-FC0KHT43E-ba0e8298ca"
            }
        ],
        "upload": true,
        "user": "UBDRWBNRZ",
        "display_as_bot": false,
        "thread_ts": "1533134877.000203",
        "reply_count": 3,
        "replies": [
            {
                "user": "UBELL5EF5",
                "ts": "1533135079.000082"
            },
            {
                "user": "UBDRWBNRZ",
                "ts": "1533135335.000318"
            },
            {
                "user": "UBELL5EF5",
                "ts": "1533135361.000206"
            }
        ],
        "unread_count": 3,
        "ts": "1533134877.000203",
        "reactions": [
            {
                "name": "+1",
                "users": [
                    "UBELL5EF5"
                ],
                "count": 1
            }
        ]
    },
    {
        "type": "message",
        "user": "UBELL5EF5",
        "text": "<@UBDRWBNRZ> \/search 로 시작하는 URL들이 모두 disallow 입니당",
        "client_msg_id": "c80ec4f9-34cd-4fb1-b890-ec493c0fc133",
        "thread_ts": "1533134877.000203",
        "parent_user_id": "UBDRWBNRZ",
        "ts": "1533135079.000082"
    },
    {
        "type": "message",
        "user": "UBDRWBNRZ",
        "text": "<@UBELL5EF5> 그렇군요..! 감사합니다!",
        "client_msg_id": "33ebc60c-615d-4157-af54-d7215c62a47b",
        "thread_ts": "1533134877.000203",
        "parent_user_id": "UBDRWBNRZ",
        "ts": "1533135335.000318",
        "reactions": [
            {
                "name": "+1",
                "users": [
                    "UBELL5EF5"
                ],
                "count": 1
            }
        ]
    },
    {
        "type": "message",
        "user": "UBELL5EF5",
        "text": "<@UBDRWBNRZ> 늦게까지 열심히 하시네요 :slightly_smiling_face:",
        "client_msg_id": "484f345a-6329-43e2-8723-fd286f5b65e9",
        "thread_ts": "1533134877.000203",
        "parent_user_id": "UBDRWBNRZ",
        "ts": "1533135361.000206"
    }
]