[
    {
        "type": "message",
        "text": "저희가 GS25로 상호명을 통일하고 싶었는데.. 저렇게 나오네요..혹시 어떻게 하는지 아시는분있으신가요? ㅠ",
        "files": [
            {
                "id": "FCGMPTXSS",
                "mode": "tombstone"
            }
        ],
        "upload": true,
        "user": "UBDCWPPNV",
        "display_as_bot": null,
        "thread_ts": "1535273576.000100",
        "reply_count": 1,
        "replies": [
            {
                "user": "UBDCWPPNV",
                "ts": "1535274315.000100"
            }
        ],
        "unread_count": 1,
        "edited": {
            "user": "UBDCWPPNV",
            "ts": "1535273649.000000"
        },
        "ts": "1535273576.000100"
    },
    {
        "type": "message",
        "user": "UBDCWPPNV",
        "text": "해결했습니다 !! ㅋㅋㅋ",
        "client_msg_id": "2989874d-5986-4977-a423-2d1394f6b0dd",
        "ts": "1535274293.000100",
        "reactions": [
            {
                "name": "thumbsup_all",
                "users": [
                    "U9SN17L0M",
                    "UBELL5EF5",
                    "UBF0XFP7Z",
                    "U9TKQU99V"
                ],
                "count": 4
            },
            {
                "name": "blue_heart",
                "users": [
                    "U9SN17L0M",
                    "UBELL5EF5",
                    "UBF0XFP7Z"
                ],
                "count": 3
            },
            {
                "name": "clap",
                "users": [
                    "UBELL5EF5",
                    "UBF0XFP7Z",
                    "U9SN17L0M"
                ],
                "count": 3
            }
        ]
    },
    {
        "type": "message",
        "user": "UBDCWPPNV",
        "text": "해결했습니다 ㅋㅋㅋㅋㅋ",
        "client_msg_id": "478f11e2-13a6-49d3-ada4-4d7d3f391424",
        "thread_ts": "1535273576.000100",
        "parent_user_id": "UBDCWPPNV",
        "ts": "1535274315.000100"
    },
    {
        "type": "message",
        "user": "U9SN17L0M",
        "text": "지난 수업시간에  slice에 대해 질문해 주셔서 저도 해당 내용을 찾아봤어요. <@UBDRWK8SX> 님 덕분에 저도 제대로 알고 가네요 :slightly_smiling_face:  <https:\/\/www.oreilly.com\/learning\/how-do-i-use-the-slice-notation-in-python> 여기에 자세히 설명이 되어 있는데 내일 수업 시간에도 같이 보도록 해요.",
        "client_msg_id": "4d3f9b80-0809-4464-857b-2b7c52aa81fd",
        "attachments": [
            {
                "service_name": "O'Reilly Media",
                "title": "How do I use the slice notation in Python?",
                "title_link": "https:\/\/www.oreilly.com\/learning\/how-do-i-use-the-slice-notation-in-python",
                "text": "Learn how to extract data from a structure correctly and efficiently using Python's slice notation.",
                "fallback": "O'Reilly Media: How do I use the slice notation in Python?",
                "image_url": "https:\/\/d3ucjech6zwjp8.cloudfront.net\/1400x933\/soft-eng-slicer-crop-1ece21ad0dcee142d8281ce39a32dd9a.jpg",
                "ts": 1486461600,
                "from_url": "https:\/\/www.oreilly.com\/learning\/how-do-i-use-the-slice-notation-in-python",
                "image_width": 375,
                "image_height": 250,
                "image_bytes": 259964,
                "service_icon": "https:\/\/www.oreilly.com\/favicon.ico",
                "id": 1,
                "original_url": "https:\/\/www.oreilly.com\/learning\/how-do-i-use-the-slice-notation-in-python"
            }
        ],
        "ts": "1535274380.000100",
        "reactions": [
            {
                "name": "blue_heart",
                "users": [
                    "UBDRWBNRZ",
                    "UBELL5EF5",
                    "UBF0XFP7Z",
                    "U9TKQU99V",
                    "UBDUUV802",
                    "UA4EGE85S",
                    "UBDRWK8SX"
                ],
                "count": 7
            }
        ]
    },
    {
        "type": "message",
        "user": "UBDUUUCMQ",
        "text": "@@",
        "client_msg_id": "8eb606db-096e-4c8f-aff8-07ef7afe9fc0",
        "ts": "1535279185.000100",
        "reactions": [
            {
                "name": "thinking_face",
                "users": [
                    "UBDN8T42G",
                    "U9SN17L0M",
                    "U9TKQU99V",
                    "UBDUUHX4J",
                    "UA4EGE85S",
                    "UBDN8UG4C",
                    "UBD8GMVNC"
                ],
                "count": 7
            },
            {
                "name": "interrobang",
                "users": [
                    "UBDN8UG4C",
                    "UBD8GMVNC",
                    "UBF0XFP7Z"
                ],
                "count": 3
            }
        ]
    },
    {
        "type": "message",
        "user": "U9SN17L0M",
        "text": "[PinkWink\/DataScience: 책) 파이썬으로 데이터 주무르기 - 소스코드 및 데이터 공개](<https:\/\/github.com\/PinkWink\/DataScience>)",
        "client_msg_id": "20aa1c56-a013-4a43-a94c-2ab44f76403f",
        "attachments": [
            {
                "fallback": "PinkWink\/DataScience",
                "text": "책) 파이썬으로 데이터 주무르기 - 소스코드 및 데이터 공개",
                "title": "PinkWink\/DataScience",
                "footer": "<https:\/\/github.com\/PinkWink\/DataScience|PinkWink\/DataScience>",
                "id": 1,
                "footer_icon": "https:\/\/assets-cdn.github.com\/favicon.ico",
                "ts": 1500535522,
                "color": "24292f",
                "fields": [
                    {
                        "title": "Website",
                        "value": "<http:\/\/pinkwink.kr\/1070>",
                        "short": true
                    },
                    {
                        "title": "Stars",
                        "value": "49",
                        "short": true
                    }
                ],
                "mrkdwn_in": [
                    "text",
                    "fields"
                ],
                "bot_id": "BBNDHKJQ3",
                "app_unfurl_url": "https:\/\/github.com\/PinkWink\/DataScience",
                "is_app_unfurl": true
            }
        ],
        "ts": "1535351882.000100",
        "reactions": [
            {
                "name": "+1",
                "users": [
                    "UBF1K97FH",
                    "UBELL5EF5",
                    "UBDUUV802"
                ],
                "count": 3
            }
        ]
    }
]