[
    {
        "type": "message",
        "user": "UBDRVLD1R",
        "text": "[Excel 도움] 도움 요청합니다. 혹시 한 폴더 안의 여러 엑셀 파일을 매크로로 수정할 수 있는 코드를 작성하실 줄 아는 분이 계실까요? 모든 파일에 같은 오류가 들어갔는데, 일괄 수정을 해야하는 상태입니다.",
        "client_msg_id": "f1ea5f7c-cb54-4dbc-a81d-3fe1d40c1bdf",
        "thread_ts": "1533725752.000209",
        "reply_count": 3,
        "replies": [
            {
                "user": "UBELL5EF5",
                "ts": "1533729677.000088"
            },
            {
                "user": "UBD8HB9C0",
                "ts": "1533735468.000470"
            },
            {
                "user": "UBELL5EF5",
                "ts": "1533736301.000297"
            }
        ],
        "unread_count": 3,
        "ts": "1533725752.000209",
        "reactions": [
            {
                "name": "scream",
                "users": [
                    "UBELL5EF5",
                    "U9SN17L0M",
                    "UBF0XHZD5"
                ],
                "count": 3
            }
        ]
    },
    {
        "type": "message",
        "user": "UBELL5EF5",
        "text": "파일이 몇 개인가요?",
        "client_msg_id": "6F47B1D6-4335-4AB0-B5A5-399FD6A628F4",
        "edited": {
            "user": "UBELL5EF5",
            "ts": "1533729686.000000"
        },
        "thread_ts": "1533725752.000209",
        "parent_user_id": "UBDRVLD1R",
        "ts": "1533729677.000088"
    },
    {
        "type": "message",
        "user": "UBD8HB9C0",
        "text": "50개 정도 됩니다!!",
        "client_msg_id": "3F1FCA2E-4A4D-408A-BA56-D9B13F498256",
        "thread_ts": "1533725752.000209",
        "parent_user_id": "UBDRVLD1R",
        "ts": "1533735468.000470"
    },
    {
        "type": "message",
        "user": "UBELL5EF5",
        "text": "파이썬으로 엑셀 파일을 자동 조작하는 방법이 있는데 혹시 이걸 써먹을 수 있는지 내일 잠깐 이야기 나눠볼까요?",
        "client_msg_id": "E765F402-E51A-486F-BE33-8E5153D9F042",
        "thread_ts": "1533725752.000209",
        "parent_user_id": "UBDRVLD1R",
        "ts": "1533736301.000297"
    },
    {
        "type": "message",
        "user": "UBF0XKTP1",
        "text": "plotnine이 콜랩에선 설치가 되는데 주피터에선 설치가 안되는 이유가 무엇일까요..?",
        "client_msg_id": "d5ed32d8-835c-47c7-b786-6655a77e974a",
        "thread_ts": "1533737629.000463",
        "reply_count": 7,
        "replies": [
            {
                "user": "UBD8GMVNC",
                "ts": "1533737840.000105"
            },
            {
                "user": "UBF0XKTP1",
                "ts": "1533738217.000179"
            },
            {
                "user": "UBF0XKTP1",
                "ts": "1533738223.000320"
            },
            {
                "user": "UBD8GMVNC",
                "ts": "1533738932.000190"
            },
            {
                "user": "UBF0XKTP1",
                "ts": "1533739197.000241"
            },
            {
                "user": "UBF0XKTP1",
                "ts": "1533741380.000278"
            },
            {
                "user": "UBD8GMVNC",
                "ts": "1533743520.000328"
            }
        ],
        "unread_count": 7,
        "ts": "1533737629.000463",
        "reactions": [
            {
                "name": "exploding_head",
                "users": [
                    "UBELL5EF5"
                ],
                "count": 1
            }
        ]
    },
    {
        "type": "message",
        "text": "",
        "files": [
            {
                "id": "FC53ATM53",
                "created": 1533737634,
                "timestamp": 1533737634,
                "name": "image.png",
                "title": "Pasted image at 2018-08-08, 11:13 PM",
                "mimetype": "image\/png",
                "filetype": "png",
                "pretty_type": "PNG",
                "user": "UBF0XKTP1",
                "editable": false,
                "size": 91036,
                "mode": "hosted",
                "is_external": false,
                "external_type": "",
                "is_public": true,
                "public_url_shared": false,
                "display_as_bot": false,
                "username": "",
                "url_private": "https:\/\/files.slack.com\/files-pri\/T9SHC5F9S-FC53ATM53\/image.png?t=xoxe-332590185332-430098056850-431139793783-a3ecafe0d0f66efa522a67af632228d7",
                "url_private_download": "https:\/\/files.slack.com\/files-pri\/T9SHC5F9S-FC53ATM53\/download\/image.png?t=xoxe-332590185332-430098056850-431139793783-a3ecafe0d0f66efa522a67af632228d7",
                "thumb_64": "https:\/\/files.slack.com\/files-tmb\/T9SHC5F9S-FC53ATM53-0e93bd1e0e\/image_64.png?t=xoxe-332590185332-430098056850-431139793783-a3ecafe0d0f66efa522a67af632228d7",
                "thumb_80": "https:\/\/files.slack.com\/files-tmb\/T9SHC5F9S-FC53ATM53-0e93bd1e0e\/image_80.png?t=xoxe-332590185332-430098056850-431139793783-a3ecafe0d0f66efa522a67af632228d7",
                "thumb_360": "https:\/\/files.slack.com\/files-tmb\/T9SHC5F9S-FC53ATM53-0e93bd1e0e\/image_360.png?t=xoxe-332590185332-430098056850-431139793783-a3ecafe0d0f66efa522a67af632228d7",
                "thumb_360_w": 360,
                "thumb_360_h": 159,
                "thumb_480": "https:\/\/files.slack.com\/files-tmb\/T9SHC5F9S-FC53ATM53-0e93bd1e0e\/image_480.png?t=xoxe-332590185332-430098056850-431139793783-a3ecafe0d0f66efa522a67af632228d7",
                "thumb_480_w": 480,
                "thumb_480_h": 212,
                "thumb_160": "https:\/\/files.slack.com\/files-tmb\/T9SHC5F9S-FC53ATM53-0e93bd1e0e\/image_160.png?t=xoxe-332590185332-430098056850-431139793783-a3ecafe0d0f66efa522a67af632228d7",
                "thumb_720": "https:\/\/files.slack.com\/files-tmb\/T9SHC5F9S-FC53ATM53-0e93bd1e0e\/image_720.png?t=xoxe-332590185332-430098056850-431139793783-a3ecafe0d0f66efa522a67af632228d7",
                "thumb_720_w": 720,
                "thumb_720_h": 319,
                "thumb_800": "https:\/\/files.slack.com\/files-tmb\/T9SHC5F9S-FC53ATM53-0e93bd1e0e\/image_800.png?t=xoxe-332590185332-430098056850-431139793783-a3ecafe0d0f66efa522a67af632228d7",
                "thumb_800_w": 800,
                "thumb_800_h": 354,
                "thumb_960": "https:\/\/files.slack.com\/files-tmb\/T9SHC5F9S-FC53ATM53-0e93bd1e0e\/image_960.png?t=xoxe-332590185332-430098056850-431139793783-a3ecafe0d0f66efa522a67af632228d7",
                "thumb_960_w": 960,
                "thumb_960_h": 425,
                "thumb_1024": "https:\/\/files.slack.com\/files-tmb\/T9SHC5F9S-FC53ATM53-0e93bd1e0e\/image_1024.png?t=xoxe-332590185332-430098056850-431139793783-a3ecafe0d0f66efa522a67af632228d7",
                "thumb_1024_w": 1024,
                "thumb_1024_h": 453,
                "image_exif_rotation": 1,
                "original_w": 1584,
                "original_h": 701,
                "permalink": "https:\/\/daitgirls.slack.com\/files\/UBF0XKTP1\/FC53ATM53\/image.png",
                "permalink_public": "https:\/\/slack-files.com\/T9SHC5F9S-FC53ATM53-8e83d6bf8f"
            }
        ],
        "upload": true,
        "user": "UBF0XKTP1",
        "display_as_bot": false,
        "ts": "1533737638.000513"
    },
    {
        "type": "message",
        "user": "UBD8GMVNC",
        "text": "아나콘다 프롬프트 Anaconda Prompt에서 conda install -c conda-forge plotnine 명령어 입력해도 설치 진행 안되세요, 혹시?",
        "client_msg_id": "46c88ed6-d3a4-448e-a8c6-5cd85eb79ad1",
        "edited": {
            "user": "UBD8GMVNC",
            "ts": "1533737860.000000"
        },
        "thread_ts": "1533737629.000463",
        "parent_user_id": "UBF0XKTP1",
        "ts": "1533737840.000105",
        "reactions": [
            {
                "name": "+1",
                "users": [
                    "U9SN17L0M",
                    "UBELL5EF5",
                    "UBF0XKTP1"
                ],
                "count": 3
            }
        ]
    },
    {
        "type": "message",
        "text": "",
        "files": [
            {
                "id": "FC4UX5ZA6",
                "created": 1533738213,
                "timestamp": 1533738213,
                "name": "image.png",
                "title": "Pasted image at 2018-08-08, 11:23 PM",
                "mimetype": "image\/png",
                "filetype": "png",
                "pretty_type": "PNG",
                "user": "UBF0XKTP1",
                "editable": false,
                "size": 64020,
                "mode": "hosted",
                "is_external": false,
                "external_type": "",
                "is_public": true,
                "public_url_shared": false,
                "display_as_bot": false,
                "username": "",
                "url_private": "https:\/\/files.slack.com\/files-pri\/T9SHC5F9S-FC4UX5ZA6\/image.png?t=xoxe-332590185332-430098056850-431139793783-a3ecafe0d0f66efa522a67af632228d7",
                "url_private_download": "https:\/\/files.slack.com\/files-pri\/T9SHC5F9S-FC4UX5ZA6\/download\/image.png?t=xoxe-332590185332-430098056850-431139793783-a3ecafe0d0f66efa522a67af632228d7",
                "thumb_64": "https:\/\/files.slack.com\/files-tmb\/T9SHC5F9S-FC4UX5ZA6-ba6c590fd9\/image_64.png?t=xoxe-332590185332-430098056850-431139793783-a3ecafe0d0f66efa522a67af632228d7",
                "thumb_80": "https:\/\/files.slack.com\/files-tmb\/T9SHC5F9S-FC4UX5ZA6-ba6c590fd9\/image_80.png?t=xoxe-332590185332-430098056850-431139793783-a3ecafe0d0f66efa522a67af632228d7",
                "thumb_360": "https:\/\/files.slack.com\/files-tmb\/T9SHC5F9S-FC4UX5ZA6-ba6c590fd9\/image_360.png?t=xoxe-332590185332-430098056850-431139793783-a3ecafe0d0f66efa522a67af632228d7",
                "thumb_360_w": 360,
                "thumb_360_h": 239,
                "thumb_480": "https:\/\/files.slack.com\/files-tmb\/T9SHC5F9S-FC4UX5ZA6-ba6c590fd9\/image_480.png?t=xoxe-332590185332-430098056850-431139793783-a3ecafe0d0f66efa522a67af632228d7",
                "thumb_480_w": 480,
                "thumb_480_h": 318,
                "thumb_160": "https:\/\/files.slack.com\/files-tmb\/T9SHC5F9S-FC4UX5ZA6-ba6c590fd9\/image_160.png?t=xoxe-332590185332-430098056850-431139793783-a3ecafe0d0f66efa522a67af632228d7",
                "thumb_720": "https:\/\/files.slack.com\/files-tmb\/T9SHC5F9S-FC4UX5ZA6-ba6c590fd9\/image_720.png?t=xoxe-332590185332-430098056850-431139793783-a3ecafe0d0f66efa522a67af632228d7",
                "thumb_720_w": 720,
                "thumb_720_h": 477,
                "thumb_800": "https:\/\/files.slack.com\/files-tmb\/T9SHC5F9S-FC4UX5ZA6-ba6c590fd9\/image_800.png?t=xoxe-332590185332-430098056850-431139793783-a3ecafe0d0f66efa522a67af632228d7",
                "thumb_800_w": 800,
                "thumb_800_h": 530,
                "thumb_960": "https:\/\/files.slack.com\/files-tmb\/T9SHC5F9S-FC4UX5ZA6-ba6c590fd9\/image_960.png?t=xoxe-332590185332-430098056850-431139793783-a3ecafe0d0f66efa522a67af632228d7",
                "thumb_960_w": 960,
                "thumb_960_h": 636,
                "thumb_1024": "https:\/\/files.slack.com\/files-tmb\/T9SHC5F9S-FC4UX5ZA6-ba6c590fd9\/image_1024.png?t=xoxe-332590185332-430098056850-431139793783-a3ecafe0d0f66efa522a67af632228d7",
                "thumb_1024_w": 1024,
                "thumb_1024_h": 679,
                "image_exif_rotation": 1,
                "original_w": 1145,
                "original_h": 759,
                "permalink": "https:\/\/daitgirls.slack.com\/files\/UBF0XKTP1\/FC4UX5ZA6\/image.png",
                "permalink_public": "https:\/\/slack-files.com\/T9SHC5F9S-FC4UX5ZA6-c1c8fa2b7a"
            }
        ],
        "upload": true,
        "user": "UBF0XKTP1",
        "display_as_bot": false,
        "thread_ts": "1533737629.000463",
        "parent_user_id": "UBF0XKTP1",
        "ts": "1533738217.000179"
    },
    {
        "type": "message",
        "user": "UBF0XKTP1",
        "text": "무엇이 문제느뇨...ㅠㅠㅠㅠㅠ",
        "client_msg_id": "47cd55cd-b2f6-4937-b6f2-7916a3b19955",
        "thread_ts": "1533737629.000463",
        "parent_user_id": "UBF0XKTP1",
        "ts": "1533738223.000320"
    },
    {
        "type": "message",
        "user": "UBD8GMVNC",
        "text": "아나콘다 재설치 추천이요....ㅜㅠ",
        "client_msg_id": "d2dea252-c150-401c-83bb-313c965ff658",
        "thread_ts": "1533737629.000463",
        "parent_user_id": "UBF0XKTP1",
        "ts": "1533738932.000190"
    },
    {
        "type": "message",
        "user": "UBF0XKTP1",
        "text": "<@UBD8GMVNC> 아나콘다 문제인가보군요 ㅠㅠ 예전엔 됐는데 지금 안되는거면 제가 아나콘다 쓰다가 무슨 오류가 난건가봐요...?",
        "client_msg_id": "bd0d75b2-4f97-4f01-8180-0d3cb4c72e1a",
        "thread_ts": "1533737629.000463",
        "parent_user_id": "UBF0XKTP1",
        "ts": "1533739197.000241"
    },
    {
        "type": "message",
        "text": "으아니.. 열심히 구글링 했더니... 관리자권한으로 실행하니까 설치가 되었어요......이렇게 간단했다니...은지님 감사합니다 ㅜㅜ",
        "files": [
            {
                "id": "FC4S9UK7V",
                "created": 1533741376,
                "timestamp": 1533741376,
                "name": "0B5MLXIy-9Id-X3hWT2pJZVIyZ0E.gif",
                "title": "0B5MLXIy-9Id-X3hWT2pJZVIyZ0E.gif",
                "mimetype": "image\/gif",
                "filetype": "gif",
                "pretty_type": "GIF",
                "user": "UBF0XKTP1",
                "editable": false,
                "size": 968023,
                "mode": "hosted",
                "is_external": false,
                "external_type": "",
                "is_public": true,
                "public_url_shared": false,
                "display_as_bot": false,
                "username": "",
                "url_private": "https:\/\/files.slack.com\/files-pri\/T9SHC5F9S-FC4S9UK7V\/0b5mlxiy-9id-x3hwt2pjzviyz0e.gif?t=xoxe-332590185332-430098056850-431139793783-a3ecafe0d0f66efa522a67af632228d7",
                "url_private_download": "https:\/\/files.slack.com\/files-pri\/T9SHC5F9S-FC4S9UK7V\/download\/0b5mlxiy-9id-x3hwt2pjzviyz0e.gif?t=xoxe-332590185332-430098056850-431139793783-a3ecafe0d0f66efa522a67af632228d7",
                "thumb_64": "https:\/\/files.slack.com\/files-tmb\/T9SHC5F9S-FC4S9UK7V-70d2ce7e3e\/0b5mlxiy-9id-x3hwt2pjzviyz0e_64.png?t=xoxe-332590185332-430098056850-431139793783-a3ecafe0d0f66efa522a67af632228d7",
                "thumb_80": "https:\/\/files.slack.com\/files-tmb\/T9SHC5F9S-FC4S9UK7V-70d2ce7e3e\/0b5mlxiy-9id-x3hwt2pjzviyz0e_80.png?t=xoxe-332590185332-430098056850-431139793783-a3ecafe0d0f66efa522a67af632228d7",
                "thumb_360": "https:\/\/files.slack.com\/files-tmb\/T9SHC5F9S-FC4S9UK7V-70d2ce7e3e\/0b5mlxiy-9id-x3hwt2pjzviyz0e_360.png?t=xoxe-332590185332-430098056850-431139793783-a3ecafe0d0f66efa522a67af632228d7",
                "thumb_360_w": 240,
                "thumb_360_h": 135,
                "thumb_160": "https:\/\/files.slack.com\/files-tmb\/T9SHC5F9S-FC4S9UK7V-70d2ce7e3e\/0b5mlxiy-9id-x3hwt2pjzviyz0e_160.png?t=xoxe-332590185332-430098056850-431139793783-a3ecafe0d0f66efa522a67af632228d7",
                "thumb_360_gif": "https:\/\/files.slack.com\/files-tmb\/T9SHC5F9S-FC4S9UK7V-70d2ce7e3e\/0b5mlxiy-9id-x3hwt2pjzviyz0e_360.gif?t=xoxe-332590185332-430098056850-431139793783-a3ecafe0d0f66efa522a67af632228d7",
                "image_exif_rotation": 1,
                "original_w": 240,
                "original_h": 135,
                "deanimate_gif": "https:\/\/files.slack.com\/files-tmb\/T9SHC5F9S-FC4S9UK7V-70d2ce7e3e\/0b5mlxiy-9id-x3hwt2pjzviyz0e_deanimate_gif.png?t=xoxe-332590185332-430098056850-431139793783-a3ecafe0d0f66efa522a67af632228d7",
                "permalink": "https:\/\/daitgirls.slack.com\/files\/UBF0XKTP1\/FC4S9UK7V\/0b5mlxiy-9id-x3hwt2pjzviyz0e.gif",
                "permalink_public": "https:\/\/slack-files.com\/T9SHC5F9S-FC4S9UK7V-bcaaddb6b6"
            }
        ],
        "upload": true,
        "user": "UBF0XKTP1",
        "display_as_bot": false,
        "thread_ts": "1533737629.000463",
        "parent_user_id": "UBF0XKTP1",
        "edited": {
            "user": "UBF0XKTP1",
            "ts": "1533741402.000000"
        },
        "ts": "1533741380.000278"
    },
    {
        "type": "message",
        "user": "UBD8GMVNC",
        "text": "관리자 권한 적용이 안된 상태였군요^^; Anaconda에서 어떤 패키지를 설치하던지 관리자 권한 적용 안되면 오류가 나는것 같더라구요ㅜㅜ",
        "client_msg_id": "52a9e682-cad0-478d-b4c1-cff711d069ba",
        "thread_ts": "1533737629.000463",
        "parent_user_id": "UBF0XKTP1",
        "ts": "1533743520.000328"
    },
    {
        "type": "message",
        "text": "한글이 깃배시에서 깨지는데 어떻게하면 보이게할까요??\n에러는 해결했어염 한글보이는 문제만!ㅜㅜ",
        "files": [
            {
                "id": "FC6ECTHFZ",
                "created": 1533786164,
                "timestamp": 1533786164,
                "name": "잡.JPG",
                "title": "잡.JPG",
                "mimetype": "image\/jpeg",
                "filetype": "jpg",
                "pretty_type": "JPEG",
                "user": "UAMPGHJRJ",
                "editable": false,
                "size": 27151,
                "mode": "hosted",
                "is_external": false,
                "external_type": "",
                "is_public": true,
                "public_url_shared": false,
                "display_as_bot": false,
                "username": "",
                "url_private": "https:\/\/files.slack.com\/files-pri\/T9SHC5F9S-FC6ECTHFZ\/___.jpg?t=xoxe-332590185332-430098056850-431139793783-a3ecafe0d0f66efa522a67af632228d7",
                "url_private_download": "https:\/\/files.slack.com\/files-pri\/T9SHC5F9S-FC6ECTHFZ\/download\/___.jpg?t=xoxe-332590185332-430098056850-431139793783-a3ecafe0d0f66efa522a67af632228d7",
                "thumb_64": "https:\/\/files.slack.com\/files-tmb\/T9SHC5F9S-FC6ECTHFZ-62334bc075\/____64.jpg?t=xoxe-332590185332-430098056850-431139793783-a3ecafe0d0f66efa522a67af632228d7",
                "thumb_80": "https:\/\/files.slack.com\/files-tmb\/T9SHC5F9S-FC6ECTHFZ-62334bc075\/____80.jpg?t=xoxe-332590185332-430098056850-431139793783-a3ecafe0d0f66efa522a67af632228d7",
                "thumb_360": "https:\/\/files.slack.com\/files-tmb\/T9SHC5F9S-FC6ECTHFZ-62334bc075\/____360.jpg?t=xoxe-332590185332-430098056850-431139793783-a3ecafe0d0f66efa522a67af632228d7",
                "thumb_360_w": 360,
                "thumb_360_h": 135,
                "thumb_480": "https:\/\/files.slack.com\/files-tmb\/T9SHC5F9S-FC6ECTHFZ-62334bc075\/____480.jpg?t=xoxe-332590185332-430098056850-431139793783-a3ecafe0d0f66efa522a67af632228d7",
                "thumb_480_w": 480,
                "thumb_480_h": 180,
                "thumb_160": "https:\/\/files.slack.com\/files-tmb\/T9SHC5F9S-FC6ECTHFZ-62334bc075\/____160.jpg?t=xoxe-332590185332-430098056850-431139793783-a3ecafe0d0f66efa522a67af632228d7",
                "image_exif_rotation": 1,
                "original_w": 547,
                "original_h": 205,
                "permalink": "https:\/\/daitgirls.slack.com\/files\/UAMPGHJRJ\/FC6ECTHFZ\/___.jpg",
                "permalink_public": "https:\/\/slack-files.com\/T9SHC5F9S-FC6ECTHFZ-e765dd3d88"
            }
        ],
        "upload": true,
        "user": "UAMPGHJRJ",
        "display_as_bot": false,
        "thread_ts": "1533786165.000089",
        "reply_count": 2,
        "replies": [
            {
                "user": "U9SN17L0M",
                "ts": "1533786359.000023"
            },
            {
                "user": "UAMPGHJRJ",
                "ts": "1533791097.000102"
            }
        ],
        "unread_count": 2,
        "ts": "1533786165.000089"
    },
    {
        "type": "message",
        "user": "U9SN17L0M",
        "text": "<@UAMPGHJRJ> <http:\/\/recoveryman.tistory.com\/328> 이 글을 참고하여 인코딩 설정을 변경해 보세요.",
        "client_msg_id": "0e890003-7978-4d3f-b8ed-dd652f3e23a5",
        "attachments": [
            {
                "service_name": "회복맨 블로그",
                "title": "[깃허브(Github)] Git Bash 한글 안될때",
                "title_link": "http:\/\/recoveryman.tistory.com\/328",
                "text": "Git Bash 한글 입력 안될때 해결법 입니다. 커밋 메시지 등을 입력하려 할 때 한글입력이 안될경우 다음을 참고 하세요. 1. Git Bash 상단에 마우스 우클릭 -&gt; 'Options...' 선택 2. 좌측 메뉴중 'Text' 선택 후..",
                "fallback": "회복맨 블로그: [깃허브(Github)] Git Bash 한글 안될때",
                "image_url": "http:\/\/cfile22.uf.tistory.com\/image\/2653844558A278DA3A402B",
                "ts": 1487042883,
                "from_url": "http:\/\/recoveryman.tistory.com\/328",
                "image_width": 449,
                "image_height": 250,
                "image_bytes": 40783,
                "service_icon": "http:\/\/i1.daumcdn.net\/thumb\/C180x180\/?fname=http%3A%2F%2Fcfile5.uf.tistory.com%2Fimage%2F241F093D5701E7380371B5",
                "id": 1,
                "original_url": "http:\/\/recoveryman.tistory.com\/328"
            }
        ],
        "thread_ts": "1533786165.000089",
        "parent_user_id": "UAMPGHJRJ",
        "ts": "1533786359.000023"
    },
    {
        "type": "message",
        "text": "운영진님..강의영상 권한주세욥..ㅠㅜ 다른 분들도 권한이 다 지정안된 것 같아요!",
        "files": [
            {
                "id": "FC4MU4064",
                "created": 1533787352,
                "timestamp": 1533787352,
                "name": "image.png",
                "title": "Pasted image at 2018-08-09, 1:02 PM",
                "mimetype": "image\/png",
                "filetype": "png",
                "pretty_type": "PNG",
                "user": "UBDRWU3GT",
                "editable": false,
                "size": 33365,
                "mode": "hosted",
                "is_external": false,
                "external_type": "",
                "is_public": true,
                "public_url_shared": false,
                "display_as_bot": false,
                "username": "",
                "url_private": "https:\/\/files.slack.com\/files-pri\/T9SHC5F9S-FC4MU4064\/image.png?t=xoxe-332590185332-430098056850-431139793783-a3ecafe0d0f66efa522a67af632228d7",
                "url_private_download": "https:\/\/files.slack.com\/files-pri\/T9SHC5F9S-FC4MU4064\/download\/image.png?t=xoxe-332590185332-430098056850-431139793783-a3ecafe0d0f66efa522a67af632228d7",
                "thumb_64": "https:\/\/files.slack.com\/files-tmb\/T9SHC5F9S-FC4MU4064-8d08a48f1e\/image_64.png?t=xoxe-332590185332-430098056850-431139793783-a3ecafe0d0f66efa522a67af632228d7",
                "thumb_80": "https:\/\/files.slack.com\/files-tmb\/T9SHC5F9S-FC4MU4064-8d08a48f1e\/image_80.png?t=xoxe-332590185332-430098056850-431139793783-a3ecafe0d0f66efa522a67af632228d7",
                "thumb_360": "https:\/\/files.slack.com\/files-tmb\/T9SHC5F9S-FC4MU4064-8d08a48f1e\/image_360.png?t=xoxe-332590185332-430098056850-431139793783-a3ecafe0d0f66efa522a67af632228d7",
                "thumb_360_w": 360,
                "thumb_360_h": 211,
                "thumb_480": "https:\/\/files.slack.com\/files-tmb\/T9SHC5F9S-FC4MU4064-8d08a48f1e\/image_480.png?t=xoxe-332590185332-430098056850-431139793783-a3ecafe0d0f66efa522a67af632228d7",
                "thumb_480_w": 480,
                "thumb_480_h": 282,
                "thumb_160": "https:\/\/files.slack.com\/files-tmb\/T9SHC5F9S-FC4MU4064-8d08a48f1e\/image_160.png?t=xoxe-332590185332-430098056850-431139793783-a3ecafe0d0f66efa522a67af632228d7",
                "thumb_720": "https:\/\/files.slack.com\/files-tmb\/T9SHC5F9S-FC4MU4064-8d08a48f1e\/image_720.png?t=xoxe-332590185332-430098056850-431139793783-a3ecafe0d0f66efa522a67af632228d7",
                "thumb_720_w": 720,
                "thumb_720_h": 422,
                "thumb_800": "https:\/\/files.slack.com\/files-tmb\/T9SHC5F9S-FC4MU4064-8d08a48f1e\/image_800.png?t=xoxe-332590185332-430098056850-431139793783-a3ecafe0d0f66efa522a67af632228d7",
                "thumb_800_w": 800,
                "thumb_800_h": 469,
                "image_exif_rotation": 1,
                "original_w": 866,
                "original_h": 508,
                "permalink": "https:\/\/daitgirls.slack.com\/files\/UBDRWU3GT\/FC4MU4064\/image.png",
                "permalink_public": "https:\/\/slack-files.com\/T9SHC5F9S-FC4MU4064-ba1a2b2cdb"
            }
        ],
        "upload": true,
        "user": "UBDRWU3GT",
        "display_as_bot": false,
        "thread_ts": "1533787355.000086",
        "reply_count": 3,
        "replies": [
            {
                "user": "UBDCWPPNV",
                "ts": "1533791141.000022"
            },
            {
                "user": "UBDCWMFND",
                "ts": "1533794273.000185"
            },
            {
                "user": "U9TKQU99V",
                "ts": "1533800639.000187"
            }
        ],
        "unread_count": 3,
        "ts": "1533787355.000086"
    },
    {
        "type": "message",
        "user": "UBDCWPPNV",
        "text": "<@UBDN9579S> 권한이 없다고 나오네요 ㅠㅠ",
        "client_msg_id": "43e20054-5592-46b7-b131-918b56c6a777",
        "thread_ts": "1533694657.000060",
        "parent_user_id": "UBDCWPPNV",
        "ts": "1533790665.000091"
    },
    {
        "type": "message",
        "user": "UBDN9579S",
        "text": "ㅜㅜ그렇다면 잘 모르겠어영ㅜㅜ저는 뜨는데 왠지 모르겠네요..ㅜㅜ",
        "client_msg_id": "f29627f9-492c-47e3-8c2b-20d6b9083e9e",
        "thread_ts": "1533694657.000060",
        "parent_user_id": "UBDCWPPNV",
        "ts": "1533790866.000073"
    },
    {
        "type": "message",
        "user": "UAMPGHJRJ",
        "text": "이렇게하고도 안되면 인코딩문제인거같은데 아시는분..혹은 찾는 키워드라도 알랴주시면감사하겠숩니다ㅠㅠ",
        "client_msg_id": "fff413c1-73ff-454e-8cdd-cc7bbf8687f6",
        "thread_ts": "1533786165.000089",
        "parent_user_id": "UAMPGHJRJ",
        "ts": "1533791097.000102"
    },
    {
        "type": "message",
        "user": "UBDCWPPNV",
        "text": "저도 ㅠㅠ 권한이 없는것 같습니다. <mailto:saerombang11@gmail.com|saerombang11@gmail.com>",
        "client_msg_id": "d1a26504-c54e-48b0-8dad-27043f638ec9",
        "edited": {
            "user": "UBDCWPPNV",
            "ts": "1533791158.000000"
        },
        "thread_ts": "1533787355.000086",
        "parent_user_id": "UBDRWU3GT",
        "ts": "1533791141.000022"
    },
    {
        "type": "message",
        "user": "UBDCWMFND",
        "text": " 전 그냥 구글앱으로 연결해서 봤오요",
        "client_msg_id": "a16ed504-34f4-4d76-b8d1-23f5825a850b",
        "thread_ts": "1533787355.000086",
        "parent_user_id": "UBDRWU3GT",
        "ts": "1533794273.000185"
    }
]