[
    {
        "type": "message",
        "user": "UBDRWK8SX",
        "text": "안녕하세요 ! Tidy data화를 하고 있는데 어떻게 해야 효과적으로 처리할 수 있을까 고민하다가 올려봅니다. ㅠㅠ 전국 인구밀도 데이터를 보면 다음과 같이 시, 구, 동,  읍 , 면 별로 코드번호가 부여되어 있는데요… 이 코드를 사용해서  [ 마장동 -&gt; 서울특별시 성동구 마장동 ] 이런식으로 바꾸고 싶은데 좋은 방법이 있을까요? ㅜㅜ",
        "client_msg_id": "e1b4e13a-7092-45ff-bc51-94d53ee2ab3e",
        "ts": "1534768930.000100"
    },
    {
        "type": "message",
        "user": "UBDRWK8SX",
        "text": "’11\t서울특별시\n’11010\t 종로구\n’1101053\t  사직동\n’1101054\t  삼청동\n’1101055\t  부암동\n’1101056\t  평창동\n’1101057\t  무악동\n’1101058\t  교남동\n’1101060\t  가회동\n’1101061\t  종로1·2·3·4가동\n’1101063\t  종로5·6가동\n’1101064\t  이화동\n’1101067\t  창신1동\n’1101068\t  창신2동\n’1101069\t  창신3동\n’1101070\t  숭인1동\n’1101071\t  숭인2동\n’1101072\t  청운효자동\n’1101073\t  혜화동\n’11020\t 중구\n’1102052\t  소공동\n’1102054\t  회현동\n’1102055\t  명동\n’1102057\t  필동\n’1102058\t  장충동\n’1102059\t  광희동\n’1102060\t  을지로동\n’1102065\t  신당5동",
        "client_msg_id": "b6ebc957-f2eb-4444-bb94-5cbd724d0226",
        "thread_ts": "1534768934.000100",
        "reply_count": 3,
        "replies": [
            {
                "user": "UBELL5EF5",
                "ts": "1534769526.000100"
            },
            {
                "user": "U9SN17L0M",
                "ts": "1534769843.000100"
            },
            {
                "user": "UBDRWK8SX",
                "ts": "1534770056.000100"
            }
        ],
        "unread_count": 3,
        "ts": "1534768934.000100",
        "reactions": [
            {
                "name": "+1",
                "users": [
                    "UBELL5EF5",
                    "U9SN17L0M",
                    "UA4EGE85S"
                ],
                "count": 3
            }
        ]
    },
    {
        "type": "message",
        "user": "UBELL5EF5",
        "text": "재밌는 실습 문제네요 :) 답 안하고 기다려볼게요 ㅋㅋㅋㅋ",
        "client_msg_id": "92D4B17E-6C31-4669-B093-587D2D657007",
        "thread_ts": "1534768934.000100",
        "parent_user_id": "UBDRWK8SX",
        "ts": "1534769526.000100",
        "reactions": [
            {
                "name": "interrobang",
                "users": [
                    "UBDRWK8SX",
                    "UBE3NCBKP",
                    "UA4EGE85S"
                ],
                "count": 3
            }
        ]
    },
    {
        "type": "message",
        "user": "U9SN17L0M",
        "text": "공덕역 맛집 실습에서 했던 googlemaps API를 활용해도 됩니다 :slightly_smiling_face:",
        "client_msg_id": "dd6eafee-f0fa-4ac1-8c63-a7eee194efb9",
        "thread_ts": "1534768934.000100",
        "parent_user_id": "UBDRWK8SX",
        "ts": "1534769843.000100",
        "reactions": [
            {
                "name": "+1",
                "users": [
                    "UBDRWK8SX",
                    "UA4EGE85S"
                ],
                "count": 2
            }
        ]
    },
    {
        "type": "message",
        "user": "UBDRWK8SX",
        "text": "제가 생각한 방법은  11 -&gt; 서울시, 11020 -&gt; 중구 , 나머지 숫자 -&gt; 해당동명  으로 resub을 사용해서 모두 바꿔준다음 배로쌤이 알려주신 API를 사용해보려 합니다!",
        "client_msg_id": "b9f8b458-99fd-4057-8996-3fe05e7ddc89",
        "thread_ts": "1534768934.000100",
        "parent_user_id": "UBDRWK8SX",
        "ts": "1534770056.000100",
        "reactions": [
            {
                "name": "+1",
                "users": [
                    "U9SN17L0M",
                    "UA4EGE85S"
                ],
                "count": 2
            }
        ]
    },
    {
        "type": "message",
        "text": "여기서 m은 그냥 변수 이름인가요?",
        "files": [
            {
                "id": "FCBPME6G5",
                "created": 1534773327,
                "timestamp": 1534773327,
                "name": "image.png",
                "title": "Pasted image at 2018-08-20, 10:55 PM",
                "mimetype": "image\/png",
                "filetype": "png",
                "pretty_type": "PNG",
                "user": "UBF0XHZD5",
                "editable": false,
                "size": 19662,
                "mode": "hosted",
                "is_external": false,
                "external_type": "",
                "is_public": true,
                "public_url_shared": false,
                "display_as_bot": false,
                "username": "",
                "url_private": "https:\/\/files.slack.com\/files-pri\/T9SHC5F9S-FCBPME6G5\/image.png?t=xoxe-332590185332-430098056850-431139793783-a3ecafe0d0f66efa522a67af632228d7",
                "url_private_download": "https:\/\/files.slack.com\/files-pri\/T9SHC5F9S-FCBPME6G5\/download\/image.png?t=xoxe-332590185332-430098056850-431139793783-a3ecafe0d0f66efa522a67af632228d7",
                "thumb_64": "https:\/\/files.slack.com\/files-tmb\/T9SHC5F9S-FCBPME6G5-b38be1b241\/image_64.png?t=xoxe-332590185332-430098056850-431139793783-a3ecafe0d0f66efa522a67af632228d7",
                "thumb_80": "https:\/\/files.slack.com\/files-tmb\/T9SHC5F9S-FCBPME6G5-b38be1b241\/image_80.png?t=xoxe-332590185332-430098056850-431139793783-a3ecafe0d0f66efa522a67af632228d7",
                "thumb_360": "https:\/\/files.slack.com\/files-tmb\/T9SHC5F9S-FCBPME6G5-b38be1b241\/image_360.png?t=xoxe-332590185332-430098056850-431139793783-a3ecafe0d0f66efa522a67af632228d7",
                "thumb_360_w": 360,
                "thumb_360_h": 112,
                "thumb_480": "https:\/\/files.slack.com\/files-tmb\/T9SHC5F9S-FCBPME6G5-b38be1b241\/image_480.png?t=xoxe-332590185332-430098056850-431139793783-a3ecafe0d0f66efa522a67af632228d7",
                "thumb_480_w": 480,
                "thumb_480_h": 149,
                "thumb_160": "https:\/\/files.slack.com\/files-tmb\/T9SHC5F9S-FCBPME6G5-b38be1b241\/image_160.png?t=xoxe-332590185332-430098056850-431139793783-a3ecafe0d0f66efa522a67af632228d7",
                "image_exif_rotation": 1,
                "original_w": 574,
                "original_h": 178,
                "permalink": "https:\/\/daitgirls.slack.com\/files\/UBF0XHZD5\/FCBPME6G5\/image.png",
                "permalink_public": "https:\/\/slack-files.com\/T9SHC5F9S-FCBPME6G5-28dcb50db7"
            }
        ],
        "upload": true,
        "user": "UBF0XHZD5",
        "display_as_bot": false,
        "thread_ts": "1534773329.000100",
        "reply_count": 8,
        "replies": [
            {
                "user": "UBELL5EF5",
                "ts": "1534773907.000100"
            },
            {
                "user": "UBF0XHZD5",
                "ts": "1534774487.000100"
            },
            {
                "user": "UBELL5EF5",
                "ts": "1534775369.000100"
            },
            {
                "user": "UBELL5EF5",
                "ts": "1534775391.000100"
            },
            {
                "user": "UBELL5EF5",
                "ts": "1534775425.000100"
            },
            {
                "user": "UBF0XHZD5",
                "ts": "1534775915.000100"
            },
            {
                "user": "UBF0XHZD5",
                "ts": "1534776300.000100"
            },
            {
                "user": "UBELL5EF5",
                "ts": "1534776744.000100"
            }
        ],
        "unread_count": 8,
        "ts": "1534773329.000100",
        "reactions": [
            {
                "name": "+1",
                "users": [
                    "UBELL5EF5",
                    "UBDRWK8SX"
                ],
                "count": 2
            }
        ]
    },
    {
        "type": "message",
        "user": "UBELL5EF5",
        "text": "네 맞아요 :) VendingMachine 클래스의 인스턴스를 담은 변수입니다",
        "client_msg_id": "EDE8B725-5EA7-4524-BE1E-CB763FFB6FBE",
        "thread_ts": "1534773329.000100",
        "parent_user_id": "UBF0XHZD5",
        "ts": "1534773907.000100",
        "reactions": [
            {
                "name": "blue_heart",
                "users": [
                    "UBF0XHZD5",
                    "UA4EGE85S"
                ],
                "count": 2
            }
        ]
    },
    {
        "type": "message",
        "text": "애란쌤 저 self를 이해해보고 싶은데 정말 ㅠ ㅠㅠ 넘 어렵네요. 저번에 선생님이 말씀해주신 토템가지고 들어가는 것처럼 이해해보려고 하는데요. self를 쓰면 함수가 평가된 값을 들고 들어가는 건가요? 그렇다면 이 사진에서는 bob을 들고 들어갔으니까 자판기에서는 m을 가지고 들어가는건가요?",
        "files": [
            {
                "id": "FCB3A0KLH",
                "created": 1534774483,
                "timestamp": 1534774483,
                "name": "image.png",
                "title": "Pasted image at 2018-08-20, 11:14 PM",
                "mimetype": "image\/png",
                "filetype": "png",
                "pretty_type": "PNG",
                "user": "UBF0XHZD5",
                "editable": false,
                "size": 286105,
                "mode": "hosted",
                "is_external": false,
                "external_type": "",
                "is_public": true,
                "public_url_shared": false,
                "display_as_bot": false,
                "username": "",
                "url_private": "https:\/\/files.slack.com\/files-pri\/T9SHC5F9S-FCB3A0KLH\/image.png?t=xoxe-332590185332-430098056850-431139793783-a3ecafe0d0f66efa522a67af632228d7",
                "url_private_download": "https:\/\/files.slack.com\/files-pri\/T9SHC5F9S-FCB3A0KLH\/download\/image.png?t=xoxe-332590185332-430098056850-431139793783-a3ecafe0d0f66efa522a67af632228d7",
                "thumb_64": "https:\/\/files.slack.com\/files-tmb\/T9SHC5F9S-FCB3A0KLH-b157adc74a\/image_64.png?t=xoxe-332590185332-430098056850-431139793783-a3ecafe0d0f66efa522a67af632228d7",
                "thumb_80": "https:\/\/files.slack.com\/files-tmb\/T9SHC5F9S-FCB3A0KLH-b157adc74a\/image_80.png?t=xoxe-332590185332-430098056850-431139793783-a3ecafe0d0f66efa522a67af632228d7",
                "thumb_360": "https:\/\/files.slack.com\/files-tmb\/T9SHC5F9S-FCB3A0KLH-b157adc74a\/image_360.png?t=xoxe-332590185332-430098056850-431139793783-a3ecafe0d0f66efa522a67af632228d7",
                "thumb_360_w": 360,
                "thumb_360_h": 283,
                "thumb_480": "https:\/\/files.slack.com\/files-tmb\/T9SHC5F9S-FCB3A0KLH-b157adc74a\/image_480.png?t=xoxe-332590185332-430098056850-431139793783-a3ecafe0d0f66efa522a67af632228d7",
                "thumb_480_w": 480,
                "thumb_480_h": 378,
                "thumb_160": "https:\/\/files.slack.com\/files-tmb\/T9SHC5F9S-FCB3A0KLH-b157adc74a\/image_160.png?t=xoxe-332590185332-430098056850-431139793783-a3ecafe0d0f66efa522a67af632228d7",
                "thumb_720": "https:\/\/files.slack.com\/files-tmb\/T9SHC5F9S-FCB3A0KLH-b157adc74a\/image_720.png?t=xoxe-332590185332-430098056850-431139793783-a3ecafe0d0f66efa522a67af632228d7",
                "thumb_720_w": 720,
                "thumb_720_h": 567,
                "thumb_800": "https:\/\/files.slack.com\/files-tmb\/T9SHC5F9S-FCB3A0KLH-b157adc74a\/image_800.png?t=xoxe-332590185332-430098056850-431139793783-a3ecafe0d0f66efa522a67af632228d7",
                "thumb_800_w": 800,
                "thumb_800_h": 630,
                "image_exif_rotation": 1,
                "original_w": 808,
                "original_h": 636,
                "permalink": "https:\/\/daitgirls.slack.com\/files\/UBF0XHZD5\/FCB3A0KLH\/image.png",
                "permalink_public": "https:\/\/slack-files.com\/T9SHC5F9S-FCB3A0KLH-f5c390d6b1"
            }
        ],
        "upload": true,
        "user": "UBF0XHZD5",
        "display_as_bot": false,
        "thread_ts": "1534773329.000100",
        "parent_user_id": "UBF0XHZD5",
        "ts": "1534774487.000100"
    },
    {
        "type": "message",
        "user": "UBELL5EF5",
        "text": "bob.speak() 을 했을 때 def speak(self) 의 self는 bob 입니다.",
        "client_msg_id": "8d53d4b8-50ef-44bd-ae84-79ba7a181d4f",
        "thread_ts": "1534773329.000100",
        "parent_user_id": "UBF0XHZD5",
        "ts": "1534775369.000100",
        "reactions": [
            {
                "name": "+1::skin-tone-3",
                "users": [
                    "UBF0XHZD5"
                ],
                "count": 1
            }
        ]
    },
    {
        "type": "message",
        "user": "UBELL5EF5",
        "text": "kate.speak() 을 했을 때 def speak(self) 의 self는 kate 이고요.",
        "client_msg_id": "4eb99998-6358-490e-a201-98ff1e1943a1",
        "thread_ts": "1534773329.000100",
        "parent_user_id": "UBF0XHZD5",
        "ts": "1534775391.000100",
        "reactions": [
            {
                "name": "+1::skin-tone-3",
                "users": [
                    "UBF0XHZD5"
                ],
                "count": 1
            }
        ]
    },
    {
        "type": "message",
        "user": "UBELL5EF5",
        "text": "m = VendingMachine()\nm.run(“잔액“) 을 하면 def run(self, raw) 의 self는 m, raw는 “잔액” 입니다.",
        "client_msg_id": "bf9064e3-8379-4b82-b7e6-b13457ba829c",
        "thread_ts": "1534773329.000100",
        "parent_user_id": "UBF0XHZD5",
        "ts": "1534775425.000100",
        "reactions": [
            {
                "name": "+1::skin-tone-3",
                "users": [
                    "UBF0XHZD5"
                ],
                "count": 1
            }
        ]
    },
    {
        "type": "message",
        "user": "UBF0XHZD5",
        "text": "오 그렇군요... :thinking_face:",
        "client_msg_id": "8ce6ed8a-76d7-4358-baca-1e0a7b455ac4",
        "thread_ts": "1534773329.000100",
        "parent_user_id": "UBF0XHZD5",
        "ts": "1534775915.000100"
    },
    {
        "type": "message",
        "user": "UBF0XHZD5",
        "text": "쌤 감사합니다 뭔가 모르겠는데 알겠어요!ㅋㅋㅋㅋㅋㅋㅋㅋㅋ 안녕히주무세요 늦은시간에 감사해요!!:ok_woman: ",
        "client_msg_id": "5aa105ed-9ef7-4ce9-bcf8-a8fcc5f33b22",
        "thread_ts": "1534773329.000100",
        "parent_user_id": "UBF0XHZD5",
        "ts": "1534776300.000100",
        "reactions": [
            {
                "name": "slightly_smiling_face",
                "users": [
                    "UBDRVLD1R"
                ],
                "count": 1
            },
            {
                "name": "+1",
                "users": [
                    "UBDRVLD1R"
                ],
                "count": 1
            }
        ]
    },
    {
        "type": "message",
        "user": "UBELL5EF5",
        "text": "앞으로 이런저런 예제를 많이 접하면 더 확실하게 알게 될겁니다!",
        "client_msg_id": "05e6c979-ca4c-41b7-8056-90faa472b886",
        "thread_ts": "1534773329.000100",
        "parent_user_id": "UBF0XHZD5",
        "ts": "1534776744.000100",
        "reactions": [
            {
                "name": "먼산2",
                "users": [
                    "UBF0XHZD5"
                ],
                "count": 1
            },
            {
                "name": "먼산",
                "users": [
                    "UBF0XHZD5"
                ],
                "count": 1
            }
        ]
    }
]