[
    {
        "type": "message",
        "text": "크롤하지 말라는거져..?ㅠㅠ",
        "files": [
            {
                "id": "FBRG9H5RA",
                "created": 1531816543,
                "timestamp": 1531816543,
                "name": "image.png",
                "title": "image.png",
                "mimetype": "image\/png",
                "filetype": "png",
                "pretty_type": "PNG",
                "user": "UBE3NMLCD",
                "editable": false,
                "size": 54844,
                "mode": "hosted",
                "is_external": false,
                "external_type": "",
                "is_public": true,
                "public_url_shared": false,
                "display_as_bot": false,
                "username": "",
                "url_private": "https:\/\/files.slack.com\/files-pri\/T9SHC5F9S-FBRG9H5RA\/image.png?t=xoxe-332590185332-430098056850-431139793783-a3ecafe0d0f66efa522a67af632228d7",
                "url_private_download": "https:\/\/files.slack.com\/files-pri\/T9SHC5F9S-FBRG9H5RA\/download\/image.png?t=xoxe-332590185332-430098056850-431139793783-a3ecafe0d0f66efa522a67af632228d7",
                "thumb_64": "https:\/\/files.slack.com\/files-tmb\/T9SHC5F9S-FBRG9H5RA-9dc3b1a9c1\/image_64.png?t=xoxe-332590185332-430098056850-431139793783-a3ecafe0d0f66efa522a67af632228d7",
                "thumb_80": "https:\/\/files.slack.com\/files-tmb\/T9SHC5F9S-FBRG9H5RA-9dc3b1a9c1\/image_80.png?t=xoxe-332590185332-430098056850-431139793783-a3ecafe0d0f66efa522a67af632228d7",
                "thumb_360": "https:\/\/files.slack.com\/files-tmb\/T9SHC5F9S-FBRG9H5RA-9dc3b1a9c1\/image_360.png?t=xoxe-332590185332-430098056850-431139793783-a3ecafe0d0f66efa522a67af632228d7",
                "thumb_360_w": 360,
                "thumb_360_h": 347,
                "thumb_480": "https:\/\/files.slack.com\/files-tmb\/T9SHC5F9S-FBRG9H5RA-9dc3b1a9c1\/image_480.png?t=xoxe-332590185332-430098056850-431139793783-a3ecafe0d0f66efa522a67af632228d7",
                "thumb_480_w": 480,
                "thumb_480_h": 463,
                "thumb_160": "https:\/\/files.slack.com\/files-tmb\/T9SHC5F9S-FBRG9H5RA-9dc3b1a9c1\/image_160.png?t=xoxe-332590185332-430098056850-431139793783-a3ecafe0d0f66efa522a67af632228d7",
                "thumb_720": "https:\/\/files.slack.com\/files-tmb\/T9SHC5F9S-FBRG9H5RA-9dc3b1a9c1\/image_720.png?t=xoxe-332590185332-430098056850-431139793783-a3ecafe0d0f66efa522a67af632228d7",
                "thumb_720_w": 720,
                "thumb_720_h": 695,
                "thumb_800": "https:\/\/files.slack.com\/files-tmb\/T9SHC5F9S-FBRG9H5RA-9dc3b1a9c1\/image_800.png?t=xoxe-332590185332-430098056850-431139793783-a3ecafe0d0f66efa522a67af632228d7",
                "thumb_800_w": 800,
                "thumb_800_h": 772,
                "thumb_960": "https:\/\/files.slack.com\/files-tmb\/T9SHC5F9S-FBRG9H5RA-9dc3b1a9c1\/image_960.png?t=xoxe-332590185332-430098056850-431139793783-a3ecafe0d0f66efa522a67af632228d7",
                "thumb_960_w": 960,
                "thumb_960_h": 927,
                "image_exif_rotation": 1,
                "original_w": 978,
                "original_h": 944,
                "permalink": "https:\/\/daitgirls.slack.com\/files\/UBE3NMLCD\/FBRG9H5RA\/image.png",
                "permalink_public": "https:\/\/slack-files.com\/T9SHC5F9S-FBRG9H5RA-48bead0048",
                "reactions": [
                    {
                        "name": "stuck_out_tongue",
                        "users": [
                            "UBDUU48UA"
                        ],
                        "count": 1
                    }
                ]
            }
        ],
        "upload": true,
        "user": "UBE3NMLCD",
        "display_as_bot": false,
        "reactions": [
            {
                "name": "stuck_out_tongue",
                "users": [
                    "UBDUU48UA"
                ],
                "count": 1
            }
        ],
        "ts": "1531816546.000074"
    },
    {
        "type": "message",
        "user": "UBELL5EF5",
        "text": "<@UBE3NMLCD> 수집하려는 URL이 Disallow에 포함되어 있어요?",
        "client_msg_id": "34EEC587-959C-452B-9EE8-43B83F1C0C2F",
        "ts": "1531826994.000039"
    },
    {
        "type": "message",
        "user": "UBELL5EF5",
        "text": "방금 <https:\/\/www.tripadvisor.com\/robots.txt> 파일을 살펴보니 제일 아래에 이런 내용이 나와요.\n\n```\nAllow: \/api\/internal\/*\/location\nAllow: \/api\/partner_select\/*\/price_query\nAllow: \/CheapFlightsHome\nAllow: \/InfoCenter-a_ctr.april_en\nAllow: \/js3\/ta-mobile\nAllow: \/js3\/vr-shared\nAllow: \/UserReview$\n```\n\n그러니까 <https:\/\/www.tripadvisor.com\/CheapFlightsHome> 이 페이지는 크롤링 해도 됩니다 :slightly_smiling_face:",
        "client_msg_id": "4373eec8-c17d-449d-98ca-029c7392b714",
        "attachments": [
            {
                "service_name": "TripAdvisor",
                "title": "Cheap Flights, Airline Tickets and Airfare Search - TripAdvisor",
                "title_link": "https:\/\/www.tripadvisor.com\/CheapFlightsHome",
                "text": "Find cheap flights on TripAdvisor and fly with confidence. We search up to 200 sites to find the best prices so you can land the airfare deal that’s right for you.",
                "fallback": "TripAdvisor: Cheap Flights, Airline Tickets and Airfare Search - TripAdvisor",
                "image_url": "https:\/\/static.tacdn.com\/img2\/branding\/rebrand\/TA_brand_logo.png",
                "image_width": 372,
                "image_height": 250,
                "from_url": "https:\/\/www.tripadvisor.com\/CheapFlightsHome",
                "image_bytes": 61746,
                "service_icon": "https:\/\/static.tacdn.com\/favicon.ico",
                "id": 1,
                "original_url": "https:\/\/www.tripadvisor.com\/CheapFlightsHome"
            }
        ],
        "thread_ts": "1531832774.000151",
        "reply_count": 1,
        "replies": [
            {
                "user": "UBE3NMLCD",
                "ts": "1531894736.000156"
            }
        ],
        "unread_count": 1,
        "ts": "1531832774.000151"
    },
    {
        "type": "message",
        "user": "UBDUUHX4J",
        "text": "<@UBELL5EF5> stackoverflow를 크롤링했는데,, 흠 추출하고 싶은 정보가 없는 것 같아요! \n보통 어떤 정보를 찾으려고 크롤링 하는 것인지  예를 들어주실 수 있으실까용 ? :poodle:\n선생님이 head의 title을 찾으라고 하신 것 처럼요!",
        "client_msg_id": "cd5c79e2-de01-4076-9f88-c89040cac134",
        "ts": "1531882076.000174",
        "reactions": [
            {
                "name": "+1",
                "users": [
                    "UBELL5EF5"
                ],
                "count": 1
            }
        ]
    },
    {
        "type": "message",
        "user": "UBELL5EF5",
        "text": "<@UBDUUHX4J> 생각나는 예시를 몇 개 급히 적어봤어요.\n\n매일 반복적으로 하면 좋겠지만 귀찮아서 안하는 일\n\n- (음악|서점|쇼핑) 사이트에서 매주 랭킹 정보를 수집하여 각 곡별 순위 등락 데이터를 모으기\n- 매일매일의 날씨 데이터를 수집하여 장기적인 변화를 살펴보기\n\n하나씩 다 살펴보면 좋겠지만 너무 많아서 못하는 일\n\n- 주요 온라인 커뮤니티의 게시판에 새로 올라오는 글에서 우리 회사 제품과 관련된 단어가 나오는지 모니터링하기\n- 다양한 소호 의류 쇼핑몰 데이터를 모아서 신상품을 한 사이트에서 보여주기",
        "client_msg_id": "eef2932d-618a-4e26-8520-d3c8dde3229e",
        "ts": "1531883208.000046"
    },
    {
        "type": "message",
        "user": "UBELL5EF5",
        "text": "아, 그리고 인간이 달성하기 힘든 반응 속도 달성하기: 주가 정보를 빠르게 얻어와서 주식거래 자동화하기",
        "client_msg_id": "01a2beac-d3a7-47e1-baf5-5ccddc798ad8",
        "ts": "1531883261.000040"
    },
    {
        "type": "message",
        "user": "UBDUUHX4J",
        "text": "앗?\n이걸 다할수있는거엿다니 .....좋네요 \n그치만 ~.~\n감사합니다... 머리 짜볼게요 :anguished: <@UBELL5EF5>  ",
        "client_msg_id": "3B8B9218-E588-4DAF-A507-A14F73C6F8AD",
        "ts": "1531883381.000152",
        "reactions": [
            {
                "name": "+1",
                "users": [
                    "UBELL5EF5"
                ],
                "count": 1
            },
            {
                "name": "fire",
                "users": [
                    "UBELL5EF5"
                ],
                "count": 1
            }
        ]
    },
    {
        "type": "message",
        "user": "UBE3NMLCD",
        "text": "아 감사합니다 쌤! 근데 저 어제 트립어드바이저 막힌 거 같아서 다른 사이트 해보려고 했는데..ㅎㅎ 여기도 함 해볼께요!!! 감사합니당:+1:",
        "client_msg_id": "a499cb62-8a77-40fc-9b59-98bee52e5cb5",
        "thread_ts": "1531832774.000151",
        "parent_user_id": "UBELL5EF5",
        "ts": "1531894736.000156",
        "reactions": [
            {
                "name": "fire",
                "users": [
                    "UBELL5EF5"
                ],
                "count": 1
            }
        ]
    },
    {
        "type": "message",
        "user": "UBD8GMVNC",
        "text": "<@UBDUUHX4J> 데이터 사이언스 가르치는 다른 유료 업체들의 사례에서는, 멜론 인기차트 크롤링이나 (애란쌤께서 말씀해주신) 주식시장 정보 크롤링 같은걸 많이 하더라구요ㅎㅎ Stack overflow 크롤링이라면 (우리 국민청원에서 했던 것처럼) 각 언어 이름으로 글 제목이나 본문을 검색해서 C, Python, R, Java, Javascript 등의 인기를 가늠(?)해보는 방법이 있지 않을까 싶어요ㅎ 비슷한 느낌으로 Atom, Pycharm, Jupyter, Sublime text3 등을 검색해보면 편집기(?) 인기 순위도 확인 가능할 것 같습니다ㅎㅎ",
        "client_msg_id": "ae8b8707-12f1-4231-a976-5ee008c8fb56",
        "ts": "1531896036.000064",
        "reactions": [
            {
                "name": "+1",
                "users": [
                    "UBELL5EF5",
                    "U9SN17L0M",
                    "U9UFEBXGF"
                ],
                "count": 3
            },
            {
                "name": "100",
                "users": [
                    "U9SN17L0M",
                    "U9UFEBXGF"
                ],
                "count": 2
            }
        ]
    },
    {
        "type": "message",
        "user": "UBDUUHX4J",
        "text": "<@UBD8GMVNC>  루이스님 대박쓰 완존좋은어이디어 인것같아요 그치만 지금 다른문제에봉착해서 .. 감사합니다 여하튼:japanese_ogre:",
        "client_msg_id": "E7156BB3-D6EB-4F71-8118-F320EE4F571B",
        "ts": "1531896356.000091",
        "reactions": [
            {
                "name": "+1",
                "users": [
                    "UBELL5EF5",
                    "U9UFEBXGF"
                ],
                "count": 2
            }
        ]
    }
]