[
    {
        "type": "message",
        "user": "UBD8GHGBA",
        "text": "SettingWithCopyWarning의 내용이 이해가 잘 안가요. df[ ]와 df.loc [ ]의 차이일까요?\n그리고 Warning이 나와도 실행은 되는데, 그렇다면 이런 Warning은 무시해도 될까요?",
        "client_msg_id": "dd52d006-479d-4681-a416-c089a010b640",
        "thread_ts": "1534061318.000002",
        "reply_count": 12,
        "replies": [
            {
                "user": "U9SN17L0M",
                "ts": "1534062632.000044"
            },
            {
                "user": "U9SN17L0M",
                "ts": "1534062885.000032"
            },
            {
                "user": "UBDN8T42G",
                "ts": "1534063076.000047"
            },
            {
                "user": "UBD8GHGBA",
                "ts": "1534065255.000055"
            },
            {
                "user": "UBDRWADQB",
                "ts": "1534066777.000008"
            },
            {
                "user": "UBDRWADQB",
                "ts": "1534066837.000022"
            },
            {
                "user": "UBELL5EF5",
                "ts": "1534067886.000029"
            },
            {
                "user": "UBELL5EF5",
                "ts": "1534067943.000038"
            },
            {
                "user": "U9SN17L0M",
                "ts": "1534073873.000044"
            },
            {
                "user": "UBD8GHGBA",
                "ts": "1534084845.000064"
            },
            {
                "user": "UBELL5EF5",
                "ts": "1534085205.000022"
            },
            {
                "user": "UBD8GHGBA",
                "ts": "1534085618.000037"
            }
        ],
        "unread_count": 12,
        "ts": "1534061318.000002",
        "reactions": [
            {
                "name": "+1",
                "users": [
                    "UBDRWADQB",
                    "UBELL5EF5"
                ],
                "count": 2
            }
        ]
    },
    {
        "type": "message",
        "text": "",
        "files": [
            {
                "id": "FC77UQDMK",
                "created": 1534061326,
                "timestamp": 1534061326,
                "name": "Screen Shot 2018-08-12 at 5.06.02 PM.png",
                "title": "Screen Shot 2018-08-12 at 5.06.02 PM.png",
                "mimetype": "image\/png",
                "filetype": "png",
                "pretty_type": "PNG",
                "user": "UBD8GHGBA",
                "editable": false,
                "size": 62908,
                "mode": "hosted",
                "is_external": false,
                "external_type": "",
                "is_public": true,
                "public_url_shared": false,
                "display_as_bot": false,
                "username": "",
                "url_private": "https:\/\/files.slack.com\/files-pri\/T9SHC5F9S-FC77UQDMK\/screen_shot_2018-08-12_at_5.06.02_pm.png?t=xoxe-332590185332-430098056850-431139793783-a3ecafe0d0f66efa522a67af632228d7",
                "url_private_download": "https:\/\/files.slack.com\/files-pri\/T9SHC5F9S-FC77UQDMK\/download\/screen_shot_2018-08-12_at_5.06.02_pm.png?t=xoxe-332590185332-430098056850-431139793783-a3ecafe0d0f66efa522a67af632228d7",
                "thumb_64": "https:\/\/files.slack.com\/files-tmb\/T9SHC5F9S-FC77UQDMK-0231ec2473\/screen_shot_2018-08-12_at_5.06.02_pm_64.png?t=xoxe-332590185332-430098056850-431139793783-a3ecafe0d0f66efa522a67af632228d7",
                "thumb_80": "https:\/\/files.slack.com\/files-tmb\/T9SHC5F9S-FC77UQDMK-0231ec2473\/screen_shot_2018-08-12_at_5.06.02_pm_80.png?t=xoxe-332590185332-430098056850-431139793783-a3ecafe0d0f66efa522a67af632228d7",
                "thumb_360": "https:\/\/files.slack.com\/files-tmb\/T9SHC5F9S-FC77UQDMK-0231ec2473\/screen_shot_2018-08-12_at_5.06.02_pm_360.png?t=xoxe-332590185332-430098056850-431139793783-a3ecafe0d0f66efa522a67af632228d7",
                "thumb_360_w": 360,
                "thumb_360_h": 65,
                "thumb_480": "https:\/\/files.slack.com\/files-tmb\/T9SHC5F9S-FC77UQDMK-0231ec2473\/screen_shot_2018-08-12_at_5.06.02_pm_480.png?t=xoxe-332590185332-430098056850-431139793783-a3ecafe0d0f66efa522a67af632228d7",
                "thumb_480_w": 480,
                "thumb_480_h": 86,
                "thumb_160": "https:\/\/files.slack.com\/files-tmb\/T9SHC5F9S-FC77UQDMK-0231ec2473\/screen_shot_2018-08-12_at_5.06.02_pm_160.png?t=xoxe-332590185332-430098056850-431139793783-a3ecafe0d0f66efa522a67af632228d7",
                "thumb_720": "https:\/\/files.slack.com\/files-tmb\/T9SHC5F9S-FC77UQDMK-0231ec2473\/screen_shot_2018-08-12_at_5.06.02_pm_720.png?t=xoxe-332590185332-430098056850-431139793783-a3ecafe0d0f66efa522a67af632228d7",
                "thumb_720_w": 720,
                "thumb_720_h": 129,
                "thumb_800": "https:\/\/files.slack.com\/files-tmb\/T9SHC5F9S-FC77UQDMK-0231ec2473\/screen_shot_2018-08-12_at_5.06.02_pm_800.png?t=xoxe-332590185332-430098056850-431139793783-a3ecafe0d0f66efa522a67af632228d7",
                "thumb_800_w": 800,
                "thumb_800_h": 144,
                "thumb_960": "https:\/\/files.slack.com\/files-tmb\/T9SHC5F9S-FC77UQDMK-0231ec2473\/screen_shot_2018-08-12_at_5.06.02_pm_960.png?t=xoxe-332590185332-430098056850-431139793783-a3ecafe0d0f66efa522a67af632228d7",
                "thumb_960_w": 960,
                "thumb_960_h": 173,
                "image_exif_rotation": 1,
                "original_w": 996,
                "original_h": 179,
                "permalink": "https:\/\/daitgirls.slack.com\/files\/UBD8GHGBA\/FC77UQDMK\/screen_shot_2018-08-12_at_5.06.02_pm.png",
                "permalink_public": "https:\/\/slack-files.com\/T9SHC5F9S-FC77UQDMK-bf24e78b49"
            }
        ],
        "upload": true,
        "user": "UBD8GHGBA",
        "display_as_bot": false,
        "ts": "1534061328.000002"
    },
    {
        "type": "message",
        "user": "U9SN17L0M",
        "text": "데이터프레임을 복사해서 사용할 때 복사된 사본이 원본의 메모리와 다르기 때문에 수정하려고 할때 발생하는 오류인데요. 문서에서는 이 오류를 무시하지 말라고 권장해요. 데이터프레임을 복사할때 df_new = df_origin.loc[df_origin[컬럼] == ’조건“”]].copy() 처럼 뒤에 .copy()를 사용하면 해당 오류가 발생하지 않아요.\n\n\n\n이 내용은 다음 문서에 나오는 얕은 복사와 깊은 복사와 관련되어 있기도 해요.\n[12. 얕은 복사(shallow copy)와 깊은 복사(deep copy) - 파이썬 - 기본을 갈고 닦자!](<https:\/\/wikidocs.net\/16038>)",
        "client_msg_id": "65129b5d-0e03-47a0-9ee0-4ff952aa0d3a",
        "attachments": [
            {
                "title": "위키독스",
                "title_link": "https:\/\/wikidocs.net\/16038",
                "text": "온라인 책을 제작 공유하는 플랫폼 서비스",
                "fallback": "위키독스",
                "from_url": "https:\/\/wikidocs.net\/16038",
                "thumb_url": "https:\/\/wikidocs.net\/images\/book\/wikidocs_1.png",
                "thumb_width": 99,
                "thumb_height": 129,
                "service_icon": "https:\/\/wikidocs.net\/static\/img\/favicon.ico",
                "service_name": "wikidocs.net",
                "id": 1,
                "original_url": "https:\/\/wikidocs.net\/16038"
            }
        ],
        "edited": {
            "user": "U9SN17L0M",
            "ts": "1534073714.000000"
        },
        "thread_ts": "1534061318.000002",
        "parent_user_id": "UBD8GHGBA",
        "ts": "1534062632.000044"
    },
    {
        "type": "message",
        "user": "U9SN17L0M",
        "text": "<https:\/\/www.dataquest.io\/blog\/settingwithcopywarning\/> 이 글도 함께 참고해 보세요.",
        "client_msg_id": "656739f2-6c3d-40d2-b2db-efdfc289f5fb",
        "attachments": [
            {
                "service_name": "Dataquest",
                "title": "A guide",
                "title_link": "https:\/\/www.dataquest.io\/blog\/settingwithcopywarning\/",
                "text": "Everything you need to know about the most common (and most misunderstood) warning in pandas.",
                "fallback": "Dataquest: A guide",
                "thumb_url": "https:\/\/www.dataquest.io\/blog\/content\/images\/2017\/12\/settingwithcopywarning-1.png",
                "fields": [
                    {
                        "title": "Written by",
                        "value": "Benjamin Pryke",
                        "short": true
                    },
                    {
                        "title": "Filed under",
                        "value": "Pandas, Python",
                        "short": true
                    }
                ],
                "ts": 1499212800,
                "from_url": "https:\/\/www.dataquest.io\/blog\/settingwithcopywarning\/",
                "thumb_width": 1200,
                "thumb_height": 600,
                "service_icon": "https:\/\/www.dataquest.io\/blog\/favicon.png",
                "id": 1,
                "original_url": "https:\/\/www.dataquest.io\/blog\/settingwithcopywarning\/"
            }
        ],
        "thread_ts": "1534061318.000002",
        "parent_user_id": "UBD8GHGBA",
        "ts": "1534062885.000032"
    },
    {
        "type": "message",
        "user": "UBDN8T42G",
        "text": "<@UBDRXTD8B> 희영님! 어제 tidy data하면서 우리가 궁금했던 loc 배로쌤이 설명해주셨네요. :laughing:",
        "client_msg_id": "f4ad899c-30f3-4937-8a57-7493e9253641",
        "thread_ts": "1534061318.000002",
        "parent_user_id": "UBD8GHGBA",
        "ts": "1534063076.000047",
        "reactions": [
            {
                "name": "blue_heart",
                "users": [
                    "U9SN17L0M"
                ],
                "count": 1
            },
            {
                "name": "hahahaha",
                "users": [
                    "UBDRXTD8B"
                ],
                "count": 1
            }
        ]
    },
    {
        "type": "message",
        "user": "UBD8GHGBA",
        "text": "네 감사합니다, 링크된 파일들 참고할께요! :)",
        "client_msg_id": "f2d3b5cb-bfec-4b70-912b-3a991f6562f7",
        "thread_ts": "1534061318.000002",
        "parent_user_id": "UBD8GHGBA",
        "ts": "1534065255.000055"
    },
    {
        "type": "message",
        "user": "UBDRWADQB",
        "text": "<https:\/\/stackoverflow.com\/questions\/48409128\/what-is-the-difference-between-using-loc-and-using-just-square-brackets-to-filte>\n\n같은 질문을 스택오버플로우에서 찾았어요! \n\nWarning같은 경우는 에러는 아니지만 다른 권장하는 방법이 있는 경우에 뜨는 것이니 이왕이면 안뜨게 하는것이 좋지 않을까... 하는 개인적인 의견입니다!",
        "client_msg_id": "3749976a-f5a3-4c0f-9f29-1953e5c8d99b",
        "attachments": [
            {
                "service_name": "Stack Overflow",
                "title": "What is the difference between using loc and using just square brackets to filter for columns in Pandas\/Python?",
                "title_link": "https:\/\/stackoverflow.com\/questions\/48409128\/what-is-the-difference-between-using-loc-and-using-just-square-brackets-to-filte",
                "text": "I've noticed three methods of selecting a column in a Pandas DataFrame: First method of selecting a column using loc: df_new = df.loc[:, 'col1'] Second method - seems simpler and faster: df_new...",
                "fallback": "Stack Overflow: What is the difference between using loc and using just square brackets to filter for columns in Pandas\/Python?",
                "thumb_url": "https:\/\/cdn.sstatic.net\/Sites\/stackoverflow\/img\/apple-touch-icon@2.png?v=73d79a89bded",
                "from_url": "https:\/\/stackoverflow.com\/questions\/48409128\/what-is-the-difference-between-using-loc-and-using-just-square-brackets-to-filte",
                "thumb_width": 316,
                "thumb_height": 316,
                "service_icon": "https:\/\/cdn.sstatic.net\/Sites\/stackoverflow\/img\/favicon.ico?v=4f32ecc8f43d",
                "id": 1,
                "original_url": "https:\/\/stackoverflow.com\/questions\/48409128\/what-is-the-difference-between-using-loc-and-using-just-square-brackets-to-filte"
            }
        ],
        "thread_ts": "1534061318.000002",
        "parent_user_id": "UBD8GHGBA",
        "ts": "1534066777.000008",
        "reactions": [
            {
                "name": "thumbsup_all",
                "users": [
                    "UBD8GHGBA"
                ],
                "count": 1
            }
        ]
    },
    {
        "type": "message",
        "user": "UBDRWADQB",
        "text": "헉 댓글을 달고나서 앞의 댓글들이 보였어요 ㅎㅎㅎ",
        "client_msg_id": "ccc8bd9f-3870-4fb0-88e7-1a50318ea855",
        "thread_ts": "1534061318.000002",
        "parent_user_id": "UBD8GHGBA",
        "ts": "1534066837.000022"
    },
    {
        "type": "message",
        "user": "UBELL5EF5",
        "text": "배로쌤이 설명해주신 내용과 관련이 있으나 반대의 현상(복제된 사본의 메모리가 원본과 “다르기 때문에“)으로 인해 발생하는 경고입니다. 복사본에 값을 설정해도 원본은 바뀌지 않을텐데 그게 의도한 바가 맞는지 확인해보라는 의미의 경고입니다.",
        "client_msg_id": "5e82967c-6bce-4a69-ac1f-8065df2af300",
        "thread_ts": "1534061318.000002",
        "parent_user_id": "UBD8GHGBA",
        "ts": "1534067886.000029"
    },
    {
        "type": "message",
        "user": "UBELL5EF5",
        "text": "관련 내용을 간략히 정리하여 노트북을 만들어봤어요: <https:\/\/colab.research.google.com\/drive\/1V93OZeJxH7Lj8jTQLE0o-qYb8vAxaArx>",
        "client_msg_id": "ec307c6d-9493-4627-8f32-e9404edcb12d",
        "attachments": [
            {
                "title": "Google Colaboratory",
                "title_link": "https:\/\/colab.research.google.com\/drive\/1V93OZeJxH7Lj8jTQLE0o-qYb8vAxaArx",
                "fallback": "Google Colaboratory",
                "image_url": "https:\/\/colab.research.google.com\/img\/colab_favicon_256px.png",
                "from_url": "https:\/\/colab.research.google.com\/drive\/1V93OZeJxH7Lj8jTQLE0o-qYb8vAxaArx",
                "image_width": 250,
                "image_height": 250,
                "image_bytes": 5500,
                "service_icon": "https:\/\/colab.research.google.com\/img\/favicon.ico?vrz=colab_20180809_085320-RC00_208056038",
                "service_name": "colab.research.google.com",
                "id": 1,
                "original_url": "https:\/\/colab.research.google.com\/drive\/1V93OZeJxH7Lj8jTQLE0o-qYb8vAxaArx"
            }
        ],
        "thread_ts": "1534061318.000002",
        "parent_user_id": "UBD8GHGBA",
        "ts": "1534067943.000038",
        "reactions": [
            {
                "name": "thumbsup_all",
                "users": [
                    "U9SN17L0M",
                    "UBDRWADQB",
                    "UBD8GHGBA",
                    "UA4EGE85S"
                ],
                "count": 4
            }
        ]
    },
    {
        "type": "message",
        "text": "이런 데이터프레임에서 matplotlib을 활용해 그래프를 그리려고 합니다. 컬럼명이 x축, 통행량들이 y축에 오도록 dataframe을 변환하고 싶은데 어떻게 해야할까요??ㅠㅠ",
        "files": [
            {
                "id": "FC78JPY3F",
                "created": 1534071253,
                "timestamp": 1534071253,
                "name": "스크린샷 2018-08-12 19.52.01.png",
                "title": "스크린샷 2018-08-12 19.52.01.png",
                "mimetype": "image\/png",
                "filetype": "png",
                "pretty_type": "PNG",
                "user": "UBDUU7X7U",
                "editable": false,
                "size": 106943,
                "mode": "hosted",
                "is_external": false,
                "external_type": "",
                "is_public": true,
                "public_url_shared": false,
                "display_as_bot": false,
                "username": "",
                "url_private": "https:\/\/files.slack.com\/files-pri\/T9SHC5F9S-FC78JPY3F\/_____________2018-08-12_19.52.01.png?t=xoxe-332590185332-430098056850-431139793783-a3ecafe0d0f66efa522a67af632228d7",
                "url_private_download": "https:\/\/files.slack.com\/files-pri\/T9SHC5F9S-FC78JPY3F\/download\/_____________2018-08-12_19.52.01.png?t=xoxe-332590185332-430098056850-431139793783-a3ecafe0d0f66efa522a67af632228d7",
                "thumb_64": "https:\/\/files.slack.com\/files-tmb\/T9SHC5F9S-FC78JPY3F-f0e04a8d3c\/_____________2018-08-12_19.52.01_64.png?t=xoxe-332590185332-430098056850-431139793783-a3ecafe0d0f66efa522a67af632228d7",
                "thumb_80": "https:\/\/files.slack.com\/files-tmb\/T9SHC5F9S-FC78JPY3F-f0e04a8d3c\/_____________2018-08-12_19.52.01_80.png?t=xoxe-332590185332-430098056850-431139793783-a3ecafe0d0f66efa522a67af632228d7",
                "thumb_360": "https:\/\/files.slack.com\/files-tmb\/T9SHC5F9S-FC78JPY3F-f0e04a8d3c\/_____________2018-08-12_19.52.01_360.png?t=xoxe-332590185332-430098056850-431139793783-a3ecafe0d0f66efa522a67af632228d7",
                "thumb_360_w": 360,
                "thumb_360_h": 202,
                "thumb_480": "https:\/\/files.slack.com\/files-tmb\/T9SHC5F9S-FC78JPY3F-f0e04a8d3c\/_____________2018-08-12_19.52.01_480.png?t=xoxe-332590185332-430098056850-431139793783-a3ecafe0d0f66efa522a67af632228d7",
                "thumb_480_w": 480,
                "thumb_480_h": 270,
                "thumb_160": "https:\/\/files.slack.com\/files-tmb\/T9SHC5F9S-FC78JPY3F-f0e04a8d3c\/_____________2018-08-12_19.52.01_160.png?t=xoxe-332590185332-430098056850-431139793783-a3ecafe0d0f66efa522a67af632228d7",
                "thumb_720": "https:\/\/files.slack.com\/files-tmb\/T9SHC5F9S-FC78JPY3F-f0e04a8d3c\/_____________2018-08-12_19.52.01_720.png?t=xoxe-332590185332-430098056850-431139793783-a3ecafe0d0f66efa522a67af632228d7",
                "thumb_720_w": 720,
                "thumb_720_h": 405,
                "thumb_800": "https:\/\/files.slack.com\/files-tmb\/T9SHC5F9S-FC78JPY3F-f0e04a8d3c\/_____________2018-08-12_19.52.01_800.png?t=xoxe-332590185332-430098056850-431139793783-a3ecafe0d0f66efa522a67af632228d7",
                "thumb_800_w": 800,
                "thumb_800_h": 450,
                "thumb_960": "https:\/\/files.slack.com\/files-tmb\/T9SHC5F9S-FC78JPY3F-f0e04a8d3c\/_____________2018-08-12_19.52.01_960.png?t=xoxe-332590185332-430098056850-431139793783-a3ecafe0d0f66efa522a67af632228d7",
                "thumb_960_w": 960,
                "thumb_960_h": 540,
                "thumb_1024": "https:\/\/files.slack.com\/files-tmb\/T9SHC5F9S-FC78JPY3F-f0e04a8d3c\/_____________2018-08-12_19.52.01_1024.png?t=xoxe-332590185332-430098056850-431139793783-a3ecafe0d0f66efa522a67af632228d7",
                "thumb_1024_w": 1024,
                "thumb_1024_h": 576,
                "image_exif_rotation": 1,
                "original_w": 1366,
                "original_h": 768,
                "permalink": "https:\/\/daitgirls.slack.com\/files\/UBDUU7X7U\/FC78JPY3F\/_____________2018-08-12_19.52.01.png",
                "permalink_public": "https:\/\/slack-files.com\/T9SHC5F9S-FC78JPY3F-ffc102b1f9"
            }
        ],
        "upload": true,
        "user": "UBDUU7X7U",
        "display_as_bot": false,
        "thread_ts": "1534071257.000018",
        "reply_count": 8,
        "replies": [
            {
                "user": "UBF0XHZD5",
                "ts": "1534074605.000057"
            },
            {
                "user": "UBDUU7X7U",
                "ts": "1534075336.000059"
            },
            {
                "user": "UAMPGHJRJ",
                "ts": "1534076455.000032"
            },
            {
                "user": "UBF0XHZD5",
                "ts": "1534078416.000010"
            },
            {
                "user": "UBDRWADQB",
                "ts": "1534083200.000010"
            },
            {
                "user": "U9SN17L0M",
                "ts": "1534112428.000023"
            },
            {
                "user": "U9SN17L0M",
                "ts": "1534112538.000051"
            },
            {
                "user": "UBDUU7X7U",
                "ts": "1534140595.000158"
            }
        ],
        "unread_count": 8,
        "edited": {
            "user": "UBDUU7X7U",
            "ts": "1534071277.000000"
        },
        "ts": "1534071257.000018",
        "reactions": [
            {
                "name": "+1",
                "users": [
                    "UBELL5EF5"
                ],
                "count": 1
            }
        ]
    },
    {
        "type": "message",
        "user": "U9SN17L0M",
        "text": "위에서 제가 잘못 얘기했네요. 반대로 얘기한 부분을 고쳤는데 애란쌤이 말씀하신 것처럼 메모리와 다르기 때문에 발생하는 오류가 맞네요. <@UBELL5EF5> 쌤 감사합니다.",
        "client_msg_id": "0bbd757b-7dca-45ca-8c45-e36e84c0bfb1",
        "thread_ts": "1534061318.000002",
        "parent_user_id": "UBD8GHGBA",
        "ts": "1534073873.000044"
    },
    {
        "type": "message",
        "user": "UBF0XHZD5",
        "text": "가빈님 혹시 저 코드 뒤에 ```.T``` 이렇게 해보시겠어요?",
        "client_msg_id": "16c0aecd-9d80-478c-89f5-8ef3c4f5c90c",
        "thread_ts": "1534071257.000018",
        "parent_user_id": "UBDUU7X7U",
        "ts": "1534074605.000057"
    },
    {
        "type": "message",
        "text": ".T하고 바꾼 데이터는 그래프가 안그려지고, 바꾸기 전걸로는 그려지긴 하는데 x축이랑 label이 바꿔져서 그려지네용...ㅠ",
        "files": [
            {
                "id": "FC6T3RAF6",
                "created": 1534075334,
                "timestamp": 1534075334,
                "name": "다운로드 (1).png",
                "title": "다운로드 (1).png",
                "mimetype": "image\/png",
                "filetype": "png",
                "pretty_type": "PNG",
                "user": "UBDUU7X7U",
                "editable": false,
                "size": 300726,
                "mode": "hosted",
                "is_external": false,
                "external_type": "",
                "is_public": true,
                "public_url_shared": false,
                "display_as_bot": false,
                "username": "",
                "url_private": "https:\/\/files.slack.com\/files-pri\/T9SHC5F9S-FC6T3RAF6\/______________1_.png?t=xoxe-332590185332-430098056850-431139793783-a3ecafe0d0f66efa522a67af632228d7",
                "url_private_download": "https:\/\/files.slack.com\/files-pri\/T9SHC5F9S-FC6T3RAF6\/download\/______________1_.png?t=xoxe-332590185332-430098056850-431139793783-a3ecafe0d0f66efa522a67af632228d7",
                "thumb_64": "https:\/\/files.slack.com\/files-tmb\/T9SHC5F9S-FC6T3RAF6-2c5021a01b\/______________1__64.png?t=xoxe-332590185332-430098056850-431139793783-a3ecafe0d0f66efa522a67af632228d7",
                "thumb_80": "https:\/\/files.slack.com\/files-tmb\/T9SHC5F9S-FC6T3RAF6-2c5021a01b\/______________1__80.png?t=xoxe-332590185332-430098056850-431139793783-a3ecafe0d0f66efa522a67af632228d7",
                "thumb_360": "https:\/\/files.slack.com\/files-tmb\/T9SHC5F9S-FC6T3RAF6-2c5021a01b\/______________1__360.png?t=xoxe-332590185332-430098056850-431139793783-a3ecafe0d0f66efa522a67af632228d7",
                "thumb_360_w": 360,
                "thumb_360_h": 287,
                "thumb_480": "https:\/\/files.slack.com\/files-tmb\/T9SHC5F9S-FC6T3RAF6-2c5021a01b\/______________1__480.png?t=xoxe-332590185332-430098056850-431139793783-a3ecafe0d0f66efa522a67af632228d7",
                "thumb_480_w": 480,
                "thumb_480_h": 383,
                "thumb_160": "https:\/\/files.slack.com\/files-tmb\/T9SHC5F9S-FC6T3RAF6-2c5021a01b\/______________1__160.png?t=xoxe-332590185332-430098056850-431139793783-a3ecafe0d0f66efa522a67af632228d7",
                "thumb_720": "https:\/\/files.slack.com\/files-tmb\/T9SHC5F9S-FC6T3RAF6-2c5021a01b\/______________1__720.png?t=xoxe-332590185332-430098056850-431139793783-a3ecafe0d0f66efa522a67af632228d7",
                "thumb_720_w": 720,
                "thumb_720_h": 574,
                "thumb_800": "https:\/\/files.slack.com\/files-tmb\/T9SHC5F9S-FC6T3RAF6-2c5021a01b\/______________1__800.png?t=xoxe-332590185332-430098056850-431139793783-a3ecafe0d0f66efa522a67af632228d7",
                "thumb_800_w": 800,
                "thumb_800_h": 638,
                "image_exif_rotation": 1,
                "original_w": 929,
                "original_h": 741,
                "permalink": "https:\/\/daitgirls.slack.com\/files\/UBDUU7X7U\/FC6T3RAF6\/______________1_.png",
                "permalink_public": "https:\/\/slack-files.com\/T9SHC5F9S-FC6T3RAF6-d9d9594ec4"
            }
        ],
        "upload": true,
        "user": "UBDUU7X7U",
        "display_as_bot": false,
        "thread_ts": "1534071257.000018",
        "parent_user_id": "UBDUU7X7U",
        "ts": "1534075336.000059"
    },
    {
        "type": "message",
        "user": "UAMPGHJRJ",
        "text": "Transpose 라는함수를 써보시는건..(데알못이지만 ㅎ)",
        "client_msg_id": "3a56356e-ff7a-479d-b6d9-55b45f3191c4",
        "thread_ts": "1534071257.000018",
        "parent_user_id": "UBDUU7X7U",
        "ts": "1534076455.000032"
    },
    {
        "type": "message",
        "user": "UBF0XHZD5",
        "text": "가빈님 이거 코드좀 보여주실수있나요!",
        "client_msg_id": "e6d02d25-a77b-4cbe-af16-819e4492f9a0",
        "thread_ts": "1534071257.000018",
        "parent_user_id": "UBDUU7X7U",
        "ts": "1534078416.000010"
    },
    {
        "type": "message",
        "user": "UBDRWADQB",
        "text": "+coord_flip()쓰면 x,y가 바뀌는 것 같았어요..!",
        "client_msg_id": "b44fb662-dc55-45d8-ab88-47cb76cdaeed",
        "thread_ts": "1534071257.000018",
        "parent_user_id": "UBDUU7X7U",
        "ts": "1534083200.000010"
    },
    {
        "type": "message",
        "user": "UBD8GHGBA",
        "text": "<@UBELL5EF5> 노트북으로 보니 이해가 쉽네요, 감사합니다! 그렇다면 원본의 slice는 변경하면 원본도 같이 변경되는거고, copy는 그렇지 않은건가요? 아직 이 둘의 개념이 헷갈려서... 물어봅니다 :upside_down_face:",
        "client_msg_id": "a301bcb5-b1ee-4aef-86cc-42bf3023e644",
        "thread_ts": "1534061318.000002",
        "parent_user_id": "UBD8GHGBA",
        "ts": "1534084845.000064"
    },
    {
        "type": "message",
        "user": "UBELL5EF5",
        "text": "<@UBD8GHGBA> `copy()`를 하면 확실히 원본과 분리가 됩니다(`pandas.DataFrame.copy()`는 기본적으로 deepcopy라는걸 수행해요). 하지만 `copy()`를 하지 않은 경우엔 언제 원본과 분리되는지에 대한 명확한 규칙이 없습니다. `pandas.DataFrame`의 가장 큰 단점 중 하나(동일한 연산을 하더라도 어떤 경우엔 원본과 분리된 복사본이 반환되고 어떤 경우엔 원본과 연결된 view가 반환됩니다)입니다. 배로쌤께서 알려주신 dataquest.io의 글이 후반부에서 이 문제에 대해 설명하고 있어요.",
        "client_msg_id": "1a7e58a1-95da-4f1c-99ec-e787905678c7",
        "thread_ts": "1534061318.000002",
        "parent_user_id": "UBD8GHGBA",
        "ts": "1534085205.000022"
    },
    {
        "type": "message",
        "user": "UBD8GHGBA",
        "text": "아하 그랬군요. 명쾌한 설명 감사합니다 애란쌤! :blush:",
        "client_msg_id": "d96451ef-b609-40bf-8c2d-7dbc644cbca4",
        "thread_ts": "1534061318.000002",
        "parent_user_id": "UBD8GHGBA",
        "ts": "1534085618.000037"
    },
    {
        "type": "message",
        "user": "U9SN17L0M",
        "text": "아파트 분양가에서 했던 2013-2015를 변환했던 실습 처럼 melt로 시간을 행으로 모으고 가공해 보시는 걸 추천해요.",
        "client_msg_id": "FFF9FF40-8B02-44F5-9181-24672F945633",
        "thread_ts": "1534071257.000018",
        "parent_user_id": "UBDUU7X7U",
        "ts": "1534112428.000023"
    },
    {
        "type": "message",
        "user": "U9SN17L0M",
        "text": "coord_flip 은 plotnine으로 그래프를 그릴 때 x,y축을 바꿔주는 역할을 해요.",
        "client_msg_id": "69823C4D-4E3F-492B-89A9-914AC4B86CC2",
        "thread_ts": "1534071257.000018",
        "parent_user_id": "UBDUU7X7U",
        "ts": "1534112538.000051"
    },
    {
        "type": "message",
        "user": "UBDUU7X7U",
        "text": ".T로 해결 안되서 배로쌤 조언 참고해서 해결했습니당~~~",
        "client_msg_id": "bb2adadb-ab94-4a89-8c6d-bceb1b62c900",
        "thread_ts": "1534071257.000018",
        "parent_user_id": "UBDUU7X7U",
        "ts": "1534140595.000158",
        "reactions": [
            {
                "name": "thumbsup_all",
                "users": [
                    "U9SN17L0M",
                    "UBELL5EF5",
                    "U9TKQU99V"
                ],
                "count": 3
            }
        ]
    }
]