[
    {
        "type": "message",
        "user": "UBDRWK8SX",
        "text": "쥬피터…파이썬 2.x버전인데 안바뀝니다…ㅠ",
        "client_msg_id": "32dd4e4c-d734-445d-8d2b-92effce9ddfd",
        "edited": {
            "user": "UBDRWK8SX",
            "ts": "1533020771.000000"
        },
        "ts": "1533020748.000153",
        "reactions": [
            {
                "name": "+1",
                "users": [
                    "UBELL5EF5"
                ],
                "count": 1
            }
        ]
    },
    {
        "type": "message",
        "user": "UBDUUHX4J",
        "text": "저 어제말한 아톰 파이썬 ㅠ이용ㅁ",
        "client_msg_id": "039f4e27-11c1-4eeb-86e8-85ca9a509a4f",
        "edited": {
            "user": "UBDUUHX4J",
            "ts": "1533020775.000000"
        },
        "thread_ts": "1533020763.000016",
        "reply_count": 1,
        "replies": [
            {
                "user": "UBELL5EF5",
                "ts": "1533021603.000144"
            }
        ],
        "unread_count": 1,
        "ts": "1533020763.000016"
    },
    {
        "type": "message",
        "user": "UBF0XFP7Z",
        "text": "아톰 script가 안됩니다ㅠ",
        "client_msg_id": "4c565bb7-3bb2-4e15-b920-8c8b7bd8750b",
        "thread_ts": "1533021126.000160",
        "reply_count": 2,
        "replies": [
            {
                "user": "UBELL5EF5",
                "ts": "1533022117.000211"
            },
            {
                "user": "U9SN17L0M",
                "ts": "1533022199.000267"
            }
        ],
        "unread_count": 2,
        "ts": "1533021126.000160"
    },
    {
        "type": "message",
        "user": "UBDRVLD1R",
        "text": "- Atom run script 설치\n- Jupyter",
        "client_msg_id": "1bdd833f-8666-4168-bad8-5af32e2c25e8",
        "thread_ts": "1533021126.000187",
        "reply_count": 1,
        "replies": [
            {
                "user": "UBELL5EF5",
                "ts": "1533022131.000076"
            }
        ],
        "unread_count": 1,
        "ts": "1533021126.000187"
    },
    {
        "type": "message",
        "user": "UBDUVKQAE",
        "text": "python 버전확인 , atom script 실행이 안됩니다",
        "client_msg_id": "d862a2db-26e1-4d91-baf3-22cfe9404de9",
        "thread_ts": "1533021156.000137",
        "reply_count": 1,
        "replies": [
            {
                "user": "UBELL5EF5",
                "ts": "1533022226.000149"
            }
        ],
        "unread_count": 1,
        "ts": "1533021156.000137"
    },
    {
        "type": "message",
        "user": "UBES4Q6LE",
        "text": "hello실행때 이상한화면이 떠요",
        "client_msg_id": "f9a507bb-6cd4-4ebb-a4fe-b4600f006f87",
        "thread_ts": "1533021159.000152",
        "reply_count": 6,
        "replies": [
            {
                "user": "UBES4Q6LE",
                "ts": "1533021190.000131"
            },
            {
                "user": "UBD5C2LH5",
                "ts": "1533022206.000267"
            },
            {
                "user": "UBES4Q6LE",
                "ts": "1533022465.000237"
            },
            {
                "user": "UBES4Q6LE",
                "ts": "1533022480.000125"
            },
            {
                "user": "UBELL5EF5",
                "ts": "1533022489.000249"
            },
            {
                "user": "UBES4Q6LE",
                "ts": "1533022504.000103"
            }
        ],
        "unread_count": 6,
        "ts": "1533021159.000152"
    },
    {
        "type": "message",
        "text": "",
        "files": [
            {
                "id": "FBZMGPHDZ",
                "created": 1533021187,
                "timestamp": 1533021187,
                "name": "실행화면.JPG",
                "title": "실행화면.JPG",
                "mimetype": "image\/jpeg",
                "filetype": "jpg",
                "pretty_type": "JPEG",
                "user": "UBES4Q6LE",
                "editable": false,
                "size": 71859,
                "mode": "hosted",
                "is_external": false,
                "external_type": "",
                "is_public": true,
                "public_url_shared": false,
                "display_as_bot": false,
                "username": "",
                "url_private": "https:\/\/files.slack.com\/files-pri\/T9SHC5F9S-FBZMGPHDZ\/____________.jpg?t=xoxe-332590185332-430098056850-431139793783-a3ecafe0d0f66efa522a67af632228d7",
                "url_private_download": "https:\/\/files.slack.com\/files-pri\/T9SHC5F9S-FBZMGPHDZ\/download\/____________.jpg?t=xoxe-332590185332-430098056850-431139793783-a3ecafe0d0f66efa522a67af632228d7",
                "thumb_64": "https:\/\/files.slack.com\/files-tmb\/T9SHC5F9S-FBZMGPHDZ-d0fd61069d\/_____________64.jpg?t=xoxe-332590185332-430098056850-431139793783-a3ecafe0d0f66efa522a67af632228d7",
                "thumb_80": "https:\/\/files.slack.com\/files-tmb\/T9SHC5F9S-FBZMGPHDZ-d0fd61069d\/_____________80.jpg?t=xoxe-332590185332-430098056850-431139793783-a3ecafe0d0f66efa522a67af632228d7",
                "thumb_360": "https:\/\/files.slack.com\/files-tmb\/T9SHC5F9S-FBZMGPHDZ-d0fd61069d\/_____________360.jpg?t=xoxe-332590185332-430098056850-431139793783-a3ecafe0d0f66efa522a67af632228d7",
                "thumb_360_w": 360,
                "thumb_360_h": 270,
                "thumb_480": "https:\/\/files.slack.com\/files-tmb\/T9SHC5F9S-FBZMGPHDZ-d0fd61069d\/_____________480.jpg?t=xoxe-332590185332-430098056850-431139793783-a3ecafe0d0f66efa522a67af632228d7",
                "thumb_480_w": 480,
                "thumb_480_h": 360,
                "thumb_160": "https:\/\/files.slack.com\/files-tmb\/T9SHC5F9S-FBZMGPHDZ-d0fd61069d\/_____________160.jpg?t=xoxe-332590185332-430098056850-431139793783-a3ecafe0d0f66efa522a67af632228d7",
                "thumb_720": "https:\/\/files.slack.com\/files-tmb\/T9SHC5F9S-FBZMGPHDZ-d0fd61069d\/_____________720.jpg?t=xoxe-332590185332-430098056850-431139793783-a3ecafe0d0f66efa522a67af632228d7",
                "thumb_720_w": 720,
                "thumb_720_h": 540,
                "thumb_800": "https:\/\/files.slack.com\/files-tmb\/T9SHC5F9S-FBZMGPHDZ-d0fd61069d\/_____________800.jpg?t=xoxe-332590185332-430098056850-431139793783-a3ecafe0d0f66efa522a67af632228d7",
                "thumb_800_w": 800,
                "thumb_800_h": 600,
                "thumb_960": "https:\/\/files.slack.com\/files-tmb\/T9SHC5F9S-FBZMGPHDZ-d0fd61069d\/_____________960.jpg?t=xoxe-332590185332-430098056850-431139793783-a3ecafe0d0f66efa522a67af632228d7",
                "thumb_960_w": 960,
                "thumb_960_h": 720,
                "thumb_1024": "https:\/\/files.slack.com\/files-tmb\/T9SHC5F9S-FBZMGPHDZ-d0fd61069d\/_____________1024.jpg?t=xoxe-332590185332-430098056850-431139793783-a3ecafe0d0f66efa522a67af632228d7",
                "thumb_1024_w": 1024,
                "thumb_1024_h": 768,
                "image_exif_rotation": 1,
                "original_w": 1113,
                "original_h": 835,
                "permalink": "https:\/\/daitgirls.slack.com\/files\/UBES4Q6LE\/FBZMGPHDZ\/____________.jpg",
                "permalink_public": "https:\/\/slack-files.com\/T9SHC5F9S-FBZMGPHDZ-78583e714c"
            }
        ],
        "upload": true,
        "user": "UBES4Q6LE",
        "display_as_bot": false,
        "thread_ts": "1533021159.000152",
        "parent_user_id": "UBES4Q6LE",
        "ts": "1533021190.000131"
    },
    {
        "type": "message",
        "user": "UBDUUUCMQ",
        "text": "atom script",
        "client_msg_id": "98fee2be-4729-4f95-98ef-415eb33a77df",
        "thread_ts": "1533021191.000197",
        "reply_count": 1,
        "replies": [
            {
                "user": "UBELL5EF5",
                "ts": "1533022503.000237"
            }
        ],
        "unread_count": 1,
        "ts": "1533021191.000197"
    },
    {
        "type": "message",
        "user": "UBF0XKTP1",
        "text": "sublime text3 사용중입니다 도와주세요",
        "client_msg_id": "560423db-1aa7-4926-9122-28c55e60dd69",
        "thread_ts": "1533021250.000259",
        "reply_count": 2,
        "replies": [
            {
                "user": "UBD5C2LH5",
                "ts": "1533022469.000017"
            },
            {
                "user": "UBELL5EF5",
                "ts": "1533024548.000022"
            }
        ],
        "unread_count": 2,
        "ts": "1533021250.000259"
    },
    {
        "type": "message",
        "text": "",
        "files": [
            {
                "id": "FBZJBSNVA",
                "created": 1533021309,
                "timestamp": 1533021309,
                "name": "image.png",
                "title": "Pasted image at 2018-07-31, 4:15 PM",
                "mimetype": "image\/png",
                "filetype": "png",
                "pretty_type": "PNG",
                "user": "UBDCWPPNV",
                "editable": false,
                "size": 146779,
                "mode": "hosted",
                "is_external": false,
                "external_type": "",
                "is_public": true,
                "public_url_shared": false,
                "display_as_bot": false,
                "username": "",
                "url_private": "https:\/\/files.slack.com\/files-pri\/T9SHC5F9S-FBZJBSNVA\/image.png?t=xoxe-332590185332-430098056850-431139793783-a3ecafe0d0f66efa522a67af632228d7",
                "url_private_download": "https:\/\/files.slack.com\/files-pri\/T9SHC5F9S-FBZJBSNVA\/download\/image.png?t=xoxe-332590185332-430098056850-431139793783-a3ecafe0d0f66efa522a67af632228d7",
                "thumb_64": "https:\/\/files.slack.com\/files-tmb\/T9SHC5F9S-FBZJBSNVA-e16e254810\/image_64.png?t=xoxe-332590185332-430098056850-431139793783-a3ecafe0d0f66efa522a67af632228d7",
                "thumb_80": "https:\/\/files.slack.com\/files-tmb\/T9SHC5F9S-FBZJBSNVA-e16e254810\/image_80.png?t=xoxe-332590185332-430098056850-431139793783-a3ecafe0d0f66efa522a67af632228d7",
                "thumb_360": "https:\/\/files.slack.com\/files-tmb\/T9SHC5F9S-FBZJBSNVA-e16e254810\/image_360.png?t=xoxe-332590185332-430098056850-431139793783-a3ecafe0d0f66efa522a67af632228d7",
                "thumb_360_w": 360,
                "thumb_360_h": 203,
                "thumb_480": "https:\/\/files.slack.com\/files-tmb\/T9SHC5F9S-FBZJBSNVA-e16e254810\/image_480.png?t=xoxe-332590185332-430098056850-431139793783-a3ecafe0d0f66efa522a67af632228d7",
                "thumb_480_w": 480,
                "thumb_480_h": 270,
                "thumb_160": "https:\/\/files.slack.com\/files-tmb\/T9SHC5F9S-FBZJBSNVA-e16e254810\/image_160.png?t=xoxe-332590185332-430098056850-431139793783-a3ecafe0d0f66efa522a67af632228d7",
                "thumb_720": "https:\/\/files.slack.com\/files-tmb\/T9SHC5F9S-FBZJBSNVA-e16e254810\/image_720.png?t=xoxe-332590185332-430098056850-431139793783-a3ecafe0d0f66efa522a67af632228d7",
                "thumb_720_w": 720,
                "thumb_720_h": 405,
                "thumb_800": "https:\/\/files.slack.com\/files-tmb\/T9SHC5F9S-FBZJBSNVA-e16e254810\/image_800.png?t=xoxe-332590185332-430098056850-431139793783-a3ecafe0d0f66efa522a67af632228d7",
                "thumb_800_w": 800,
                "thumb_800_h": 450,
                "thumb_960": "https:\/\/files.slack.com\/files-tmb\/T9SHC5F9S-FBZJBSNVA-e16e254810\/image_960.png?t=xoxe-332590185332-430098056850-431139793783-a3ecafe0d0f66efa522a67af632228d7",
                "thumb_960_w": 960,
                "thumb_960_h": 540,
                "thumb_1024": "https:\/\/files.slack.com\/files-tmb\/T9SHC5F9S-FBZJBSNVA-e16e254810\/image_1024.png?t=xoxe-332590185332-430098056850-431139793783-a3ecafe0d0f66efa522a67af632228d7",
                "thumb_1024_w": 1024,
                "thumb_1024_h": 576,
                "image_exif_rotation": 1,
                "original_w": 1920,
                "original_h": 1080,
                "permalink": "https:\/\/daitgirls.slack.com\/files\/UBDCWPPNV\/FBZJBSNVA\/image.png",
                "permalink_public": "https:\/\/slack-files.com\/T9SHC5F9S-FBZJBSNVA-e6242f1f0d"
            }
        ],
        "upload": true,
        "user": "UBDCWPPNV",
        "display_as_bot": false,
        "ts": "1533021312.000243"
    },
    {
        "type": "message",
        "user": "UBDCWPPNV",
        "text": "제가 아톰을 키면 위에 있는 tool bar가 사라졌는데 혹시",
        "client_msg_id": "95603473-1096-4526-beef-cb8f318aba4c",
        "ts": "1533021335.000042"
    },
    {
        "type": "message",
        "user": "UBDCWPPNV",
        "text": "이거 복구하는 법 아시나요?",
        "client_msg_id": "270764ff-de8e-4117-bc65-e075ad9e445a",
        "thread_ts": "1533021352.000103",
        "reply_count": 1,
        "replies": [
            {
                "user": "UBELL5EF5",
                "ts": "1533025698.000205"
            }
        ],
        "unread_count": 1,
        "ts": "1533021352.000103"
    },
    {
        "type": "message",
        "user": "UBELL5EF5",
        "text": "<@UBDUUHX4J> 와주세요!",
        "client_msg_id": "9c80341e-52ef-49ca-9143-2ce7653c429c",
        "edited": {
            "user": "UBELL5EF5",
            "ts": "1533021608.000000"
        },
        "thread_ts": "1533020763.000016",
        "parent_user_id": "UBDUUHX4J",
        "ts": "1533021603.000144"
    },
    {
        "type": "message",
        "user": "UBELL5EF5",
        "text": "<@UBF0XFP7Z> 와주세요~",
        "client_msg_id": "8dae6c93-604d-4b10-ac96-b109cc4ab43f",
        "thread_ts": "1533021126.000160",
        "parent_user_id": "UBF0XFP7Z",
        "ts": "1533022117.000211"
    },
    {
        "type": "message",
        "user": "UBELL5EF5",
        "text": "<@UBDRVLD1R> 와주세요~",
        "client_msg_id": "f0967130-ed25-4610-9c3e-35e650740011",
        "thread_ts": "1533021126.000187",
        "parent_user_id": "UBDRVLD1R",
        "ts": "1533022131.000076"
    },
    {
        "type": "message",
        "user": "U9SN17L0M",
        "text": "<@UBF0XFP7Z> 어디계세요?",
        "client_msg_id": "66e53f35-8ae9-4ad1-8568-bf458781ed58",
        "thread_ts": "1533021126.000160",
        "parent_user_id": "UBF0XFP7Z",
        "ts": "1533022199.000267"
    },
    {
        "text": "파이썬 경로를 찾지 못하는 문제인데 일단 <http:\/\/doitnow-man.tistory.com\/56> 이런 해결 법이 있구요, 이게 먹히지 않는다면 `atom python 경로 윈도우` 이렇게 구글링 하셔서 해결 방법을 찾으시는 걸 추천드립니다 ㅠ",
        "client_msg_id": "13561cb8-27c0-4daf-8736-9f68604e6abc",
        "thread_ts": "1533021159.000152",
        "is_thread_broadcast": true,
        "edited": {
            "user": "UBD5C2LH5",
            "ts": "1533022557.000000"
        },
        "type": "message",
        "subtype": "thread_broadcast",
        "user": "UBD5C2LH5",
        "root": {
            "type": "message",
            "user": "UBES4Q6LE",
            "text": "hello실행때 이상한화면이 떠요",
            "client_msg_id": "f9a507bb-6cd4-4ebb-a4fe-b4600f006f87",
            "thread_ts": "1533021159.000152",
            "reply_count": 6,
            "replies": [
                {
                    "user": "UBES4Q6LE",
                    "ts": "1533021190.000131"
                },
                {
                    "user": "UBD5C2LH5",
                    "ts": "1533022206.000267"
                },
                {
                    "user": "UBES4Q6LE",
                    "ts": "1533022465.000237"
                },
                {
                    "user": "UBES4Q6LE",
                    "ts": "1533022480.000125"
                },
                {
                    "user": "UBELL5EF5",
                    "ts": "1533022489.000249"
                },
                {
                    "user": "UBES4Q6LE",
                    "ts": "1533022504.000103"
                }
            ],
            "unread_count": 6,
            "ts": "1533021159.000152"
        },
        "ts": "1533022206.000267",
        "reactions": [
            {
                "name": "+1",
                "users": [
                    "UBELL5EF5",
                    "U9SN17L0M",
                    "U9UFEBXGF"
                ],
                "count": 3
            }
        ]
    },
    {
        "type": "message",
        "user": "UBELL5EF5",
        "text": "<@UBDUVKQAE> 와주셔요~",
        "client_msg_id": "46007951-7ca2-499e-8c86-f186abf1803b",
        "thread_ts": "1533021156.000137",
        "parent_user_id": "UBDUVKQAE",
        "ts": "1533022226.000149"
    },
    {
        "type": "message",
        "user": "UBES4Q6LE",
        "text": "네 실행해볼게요!",
        "client_msg_id": "7b03fc83-8d77-431e-a398-0deb1d29d451",
        "thread_ts": "1533021159.000152",
        "parent_user_id": "UBES4Q6LE",
        "ts": "1533022465.000237"
    },
    {
        "type": "message",
        "user": "UBD5C2LH5",
        "text": "저도 서브라임 애용자 :relaxed: 도움이 될까 하여 링크 겁니다  <http:\/\/webnautes.tistory.com\/454>",
        "client_msg_id": "48db732b-1d7b-46e9-baae-9bda89e8ffa2",
        "attachments": [
            {
                "service_name": "멈춤보단 천천히라도",
                "title": "Sublime Text 3와 함께 Python 프로그래밍(Windows \/ Ubuntu)",
                "title_link": "http:\/\/webnautes.tistory.com\/454",
                "text": "Sublime Text 3에서 Python 프로그래밍을 하기 위해 필요한 설정을 다루고 있습니다. 1. Python 설치 2. Sublime Text 3 설치 3. Sublime Text 3 기본 사용방법 4. Package Control 5. sublimeREPL 플러그인 설치..",
                "fallback": "멈춤보단 천천히라도: Sublime Text 3와 함께 Python 프로그래밍(Windows \/ Ubuntu)",
                "image_url": "http:\/\/cfile1.uf.tistory.com\/image\/244B6936583EE2821069C1",
                "ts": 1531049088,
                "from_url": "http:\/\/webnautes.tistory.com\/454",
                "image_width": 340,
                "image_height": 250,
                "image_bytes": 184458,
                "service_icon": "http:\/\/i1.daumcdn.net\/thumb\/C180x180\/?fname=https%3A%2F%2Ftistory2.daumcdn.net%2Ftistory%2F417032%2Fattach%2Fcb038256b3a740c3b82d810ca294ceeb",
                "id": 1,
                "original_url": "http:\/\/webnautes.tistory.com\/454"
            }
        ],
        "thread_ts": "1533021250.000259",
        "parent_user_id": "UBF0XKTP1",
        "ts": "1533022469.000017",
        "reactions": [
            {
                "name": "+1",
                "users": [
                    "UBF0XKTP1"
                ],
                "count": 1
            }
        ]
    },
    {
        "type": "message",
        "user": "UBES4Q6LE",
        "text": "성공했습니다 : D 감사합니다~",
        "client_msg_id": "b78de58a-414f-4b19-97ce-bc806430de36",
        "thread_ts": "1533021159.000152",
        "parent_user_id": "UBES4Q6LE",
        "ts": "1533022480.000125",
        "reactions": [
            {
                "name": "+1",
                "users": [
                    "UBD5C2LH5"
                ],
                "count": 1
            }
        ]
    },
    {
        "type": "message",
        "user": "UBELL5EF5",
        "text": "<@UBES4Q6LE> 되었나요?",
        "client_msg_id": "9e52c824-0eb0-43e8-a1a3-4b1a39c94458",
        "thread_ts": "1533021159.000152",
        "parent_user_id": "UBES4Q6LE",
        "ts": "1533022489.000249"
    },
    {
        "type": "message",
        "user": "UBELL5EF5",
        "text": "<@UBDUUUCMQ> 와주셔요~",
        "client_msg_id": "ea68f531-76c6-4a34-8aa0-470444d6e415",
        "thread_ts": "1533021191.000197",
        "parent_user_id": "UBDUUUCMQ",
        "ts": "1533022503.000237"
    },
    {
        "type": "message",
        "user": "UBES4Q6LE",
        "text": "네!",
        "client_msg_id": "94e489bb-4749-47bd-8686-3dcebcfddf56",
        "thread_ts": "1533021159.000152",
        "parent_user_id": "UBES4Q6LE",
        "ts": "1533022504.000103",
        "reactions": [
            {
                "name": "+1",
                "users": [
                    "UBELL5EF5"
                ],
                "count": 1
            }
        ]
    },
    {
        "type": "message",
        "user": "UBDCWMFND",
        "text": "script 안됩니다!",
        "client_msg_id": "269b6f7c-46f1-48c8-93fd-3f648cedc5ae",
        "thread_ts": "1533023887.000233",
        "reply_count": 1,
        "replies": [
            {
                "user": "UBELL5EF5",
                "ts": "1533025736.000212"
            }
        ],
        "unread_count": 1,
        "ts": "1533023887.000233"
    },
    {
        "type": "message",
        "user": "UBELL5EF5",
        "text": "<@UBF0XKTP1> 해결 되었나요?",
        "client_msg_id": "dfac48e1-4c57-4ae5-b932-41347ec9bb03",
        "thread_ts": "1533021250.000259",
        "parent_user_id": "UBF0XKTP1",
        "ts": "1533024548.000022"
    },
    {
        "type": "message",
        "user": "UBDCWPPNV",
        "text": "전 해결했습니다 !! ㅋㅋ",
        "client_msg_id": "fd8a1770-c4fe-4c41-9a85-b0b41b874130",
        "thread_ts": "1533024931.000333",
        "reply_count": 1,
        "replies": [
            {
                "user": "UBELL5EF5",
                "ts": "1533025728.000265"
            }
        ],
        "unread_count": 1,
        "ts": "1533024931.000333"
    },
    {
        "type": "message",
        "user": "UBELL5EF5",
        "text": "<@UBDCWPPNV> 와주세요~",
        "client_msg_id": "23d0ad27-6829-42c4-9779-bc3283360ae2",
        "thread_ts": "1533021352.000103",
        "parent_user_id": "UBDCWPPNV",
        "ts": "1533025698.000205"
    },
    {
        "type": "message",
        "user": "UBELL5EF5",
        "text": "앗 네!",
        "client_msg_id": "d37dc8d4-9b3f-4385-9910-fd0f3b50355b",
        "thread_ts": "1533024931.000333",
        "parent_user_id": "UBDCWPPNV",
        "ts": "1533025728.000265"
    },
    {
        "type": "message",
        "user": "UBELL5EF5",
        "text": "<@UBDCWMFND> 와주세요~",
        "client_msg_id": "46d69f4a-a527-4915-8bdd-e4c6803e0e2c",
        "thread_ts": "1533023887.000233",
        "parent_user_id": "UBDCWMFND",
        "ts": "1533025736.000212"
    },
    {
        "type": "message",
        "user": "UBF0XFP7Z",
        "text": "저... 아까 순서 미루셨었는데, 그 다음 해주실 수 있나요?",
        "client_msg_id": "696ca604-f3c7-446a-9d51-95ae5a95b187",
        "thread_ts": "1533026084.000088",
        "reply_count": 3,
        "replies": [
            {
                "user": "U9SN17L0M",
                "ts": "1533026099.000280"
            },
            {
                "user": "U9SN17L0M",
                "ts": "1533026108.000077"
            },
            {
                "user": "UBF0XFP7Z",
                "ts": "1533026128.000169"
            }
        ],
        "unread_count": 3,
        "ts": "1533026084.000088"
    },
    {
        "type": "message",
        "user": "U9SN17L0M",
        "text": "제가 다음에 봐드릴게요.",
        "client_msg_id": "8be7d467-3543-4e40-abc6-fa0e110ae121",
        "thread_ts": "1533026084.000088",
        "parent_user_id": "UBF0XFP7Z",
        "ts": "1533026099.000280",
        "reactions": [
            {
                "name": "+1",
                "users": [
                    "UBELL5EF5"
                ],
                "count": 1
            }
        ]
    },
    {
        "type": "message",
        "user": "U9SN17L0M",
        "text": "지금 괜찮으세요?",
        "client_msg_id": "023bcaa9-37e7-4bd5-a00f-3b9bf94208b7",
        "thread_ts": "1533026084.000088",
        "parent_user_id": "UBF0XFP7Z",
        "ts": "1533026108.000077"
    },
    {
        "type": "message",
        "user": "UBF0XFP7Z",
        "text": "넴",
        "client_msg_id": "cc40ca56-a827-4847-9619-0e9a193534a8",
        "thread_ts": "1533026084.000088",
        "parent_user_id": "UBF0XFP7Z",
        "ts": "1533026128.000169"
    },
    {
        "type": "message",
        "text": "쌤 저런 에러가 떠서 저렇게 바꿔서 해봤는데 안되네요 ㅠㅠ",
        "files": [
            {
                "id": "FC1GKGK55",
                "created": 1533084977,
                "timestamp": 1533084977,
                "name": "-.txt",
                "title": "Untitled",
                "mimetype": "text\/plain",
                "filetype": "text",
                "pretty_type": "Plain Text",
                "user": "UBDUUHX4J",
                "editable": true,
                "size": 214,
                "mode": "snippet",
                "is_external": false,
                "external_type": "",
                "is_public": true,
                "public_url_shared": false,
                "display_as_bot": false,
                "username": "",
                "url_private": "https:\/\/files.slack.com\/files-pri\/T9SHC5F9S-FC1GKGK55\/-.txt?t=xoxe-332590185332-430098056850-431139793783-a3ecafe0d0f66efa522a67af632228d7",
                "url_private_download": "https:\/\/files.slack.com\/files-pri\/T9SHC5F9S-FC1GKGK55\/download\/-.txt?t=xoxe-332590185332-430098056850-431139793783-a3ecafe0d0f66efa522a67af632228d7",
                "permalink": "https:\/\/daitgirls.slack.com\/files\/UBDUUHX4J\/FC1GKGK55\/-.txt",
                "permalink_public": "https:\/\/slack-files.com\/T9SHC5F9S-FC1GKGK55-9b61c37f0e",
                "edit_link": "https:\/\/daitgirls.slack.com\/files\/UBDUUHX4J\/FC1GKGK55\/-.txt\/edit",
                "preview": "temp = raw.select('#normalUl > li:nth-child(2) > dl > dt > a')\r\ntemp\r\n\r\nNotImplementedError: Only the following pseudo-classes are implemented: nth-of-type.\r\n\r",
                "preview_highlight": "<div class=\"CodeMirror cm-s-default CodeMirrorServer\" oncopy=\"if(event.clipboardData){event.clipboardData.setData('text\/plain',window.getSelection().toString().replace(\/\\u200b\/g,''));event.preventDefault();event.stopPropagation();}\">\n<div class=\"CodeMirror-code\">\n<div><pre>temp = raw.select('#normalUl &gt; li:nth-child(2) &gt; dl &gt; dt &gt; a')<\/pre><\/div>\n<div><pre>temp<\/pre><\/div>\n<div><pre><\/pre><\/div>\n<div><pre>NotImplementedError: Only the following pseudo-classes are implemented: nth-of-type.<\/pre><\/div>\n<div><pre><\/pre><\/div>\n<div><pre><\/pre><\/div>\n<\/div>\n<\/div>\n",
                "lines": 8,
                "lines_more": 3,
                "preview_is_truncated": false
            }
        ],
        "upload": true,
        "user": "UBDUUHX4J",
        "display_as_bot": false,
        "ts": "1533084978.000104"
    },
    {
        "type": "message",
        "text": "저기 파란색으로 표시한 부분의 li 태그들은 가져올수없나요 설마루... ㅜㅜㅜㅜ",
        "files": [
            {
                "id": "FC08H6W8L",
                "created": 1533085585,
                "timestamp": 1533085585,
                "name": "image.png",
                "title": "Pasted image at 2018-08-01, 10:06 AM",
                "mimetype": "image\/png",
                "filetype": "png",
                "pretty_type": "PNG",
                "user": "UBDUUHX4J",
                "editable": false,
                "size": 241818,
                "mode": "hosted",
                "is_external": false,
                "external_type": "",
                "is_public": true,
                "public_url_shared": false,
                "display_as_bot": false,
                "username": "",
                "url_private": "https:\/\/files.slack.com\/files-pri\/T9SHC5F9S-FC08H6W8L\/image.png?t=xoxe-332590185332-430098056850-431139793783-a3ecafe0d0f66efa522a67af632228d7",
                "url_private_download": "https:\/\/files.slack.com\/files-pri\/T9SHC5F9S-FC08H6W8L\/download\/image.png?t=xoxe-332590185332-430098056850-431139793783-a3ecafe0d0f66efa522a67af632228d7",
                "thumb_64": "https:\/\/files.slack.com\/files-tmb\/T9SHC5F9S-FC08H6W8L-6f01c49698\/image_64.png?t=xoxe-332590185332-430098056850-431139793783-a3ecafe0d0f66efa522a67af632228d7",
                "thumb_80": "https:\/\/files.slack.com\/files-tmb\/T9SHC5F9S-FC08H6W8L-6f01c49698\/image_80.png?t=xoxe-332590185332-430098056850-431139793783-a3ecafe0d0f66efa522a67af632228d7",
                "thumb_360": "https:\/\/files.slack.com\/files-tmb\/T9SHC5F9S-FC08H6W8L-6f01c49698\/image_360.png?t=xoxe-332590185332-430098056850-431139793783-a3ecafe0d0f66efa522a67af632228d7",
                "thumb_360_w": 360,
                "thumb_360_h": 203,
                "thumb_480": "https:\/\/files.slack.com\/files-tmb\/T9SHC5F9S-FC08H6W8L-6f01c49698\/image_480.png?t=xoxe-332590185332-430098056850-431139793783-a3ecafe0d0f66efa522a67af632228d7",
                "thumb_480_w": 480,
                "thumb_480_h": 270,
                "thumb_160": "https:\/\/files.slack.com\/files-tmb\/T9SHC5F9S-FC08H6W8L-6f01c49698\/image_160.png?t=xoxe-332590185332-430098056850-431139793783-a3ecafe0d0f66efa522a67af632228d7",
                "thumb_720": "https:\/\/files.slack.com\/files-tmb\/T9SHC5F9S-FC08H6W8L-6f01c49698\/image_720.png?t=xoxe-332590185332-430098056850-431139793783-a3ecafe0d0f66efa522a67af632228d7",
                "thumb_720_w": 720,
                "thumb_720_h": 405,
                "thumb_800": "https:\/\/files.slack.com\/files-tmb\/T9SHC5F9S-FC08H6W8L-6f01c49698\/image_800.png?t=xoxe-332590185332-430098056850-431139793783-a3ecafe0d0f66efa522a67af632228d7",
                "thumb_800_w": 800,
                "thumb_800_h": 450,
                "thumb_960": "https:\/\/files.slack.com\/files-tmb\/T9SHC5F9S-FC08H6W8L-6f01c49698\/image_960.png?t=xoxe-332590185332-430098056850-431139793783-a3ecafe0d0f66efa522a67af632228d7",
                "thumb_960_w": 960,
                "thumb_960_h": 540,
                "thumb_1024": "https:\/\/files.slack.com\/files-tmb\/T9SHC5F9S-FC08H6W8L-6f01c49698\/image_1024.png?t=xoxe-332590185332-430098056850-431139793783-a3ecafe0d0f66efa522a67af632228d7",
                "thumb_1024_w": 1024,
                "thumb_1024_h": 576,
                "image_exif_rotation": 1,
                "original_w": 1920,
                "original_h": 1080,
                "permalink": "https:\/\/daitgirls.slack.com\/files\/UBDUUHX4J\/FC08H6W8L\/image.png",
                "permalink_public": "https:\/\/slack-files.com\/T9SHC5F9S-FC08H6W8L-db7f757b61"
            }
        ],
        "upload": true,
        "user": "UBDUUHX4J",
        "display_as_bot": false,
        "thread_ts": "1533085590.000079",
        "reply_count": 9,
        "replies": [
            {
                "user": "UBELL5EF5",
                "ts": "1533086984.000134"
            },
            {
                "user": "UBDUUHX4J",
                "ts": "1533087866.000044"
            },
            {
                "user": "UBDUUHX4J",
                "ts": "1533087890.000132"
            },
            {
                "user": "UBDUUHX4J",
                "ts": "1533087911.000100"
            },
            {
                "user": "UBDUUHX4J",
                "ts": "1533087917.000167"
            },
            {
                "user": "UBELL5EF5",
                "ts": "1533088108.000148"
            },
            {
                "user": "UBDUUHX4J",
                "ts": "1533088165.000050"
            },
            {
                "user": "UBELL5EF5",
                "ts": "1533088386.000197"
            },
            {
                "user": "UBDUUHX4J",
                "ts": "1533088404.000016"
            }
        ],
        "unread_count": 9,
        "ts": "1533085590.000079",
        "reactions": [
            {
                "name": "+1",
                "users": [
                    "UBELL5EF5"
                ],
                "count": 1
            }
        ]
    },
    {
        "type": "message",
        "user": "UBELL5EF5",
        "text": "<@UBDUUHX4J> nth-child는 원래 그렇게 하시면 되는게 맞는데 BeautifulSoup을 만든 개발자가 아직 셀렉터 구현을 일부만 해놔서 에러가 나는거예요. nth-child 대신 nth-of-type을 써보시겠어요?",
        "client_msg_id": "A4CD4B2E-1B32-4BD8-838A-61EF24BDAC73",
        "thread_ts": "1533085590.000079",
        "parent_user_id": "UBDUUHX4J",
        "ts": "1533086984.000134"
    },
    {
        "type": "message",
        "text": "",
        "files": [
            {
                "id": "FC0G0DTR8",
                "created": 1533087862,
                "timestamp": 1533087862,
                "name": "image.png",
                "title": "Pasted image at 2018-08-01, 10:44 AM",
                "mimetype": "image\/png",
                "filetype": "png",
                "pretty_type": "PNG",
                "user": "UBDUUHX4J",
                "editable": false,
                "size": 667715,
                "mode": "hosted",
                "is_external": false,
                "external_type": "",
                "is_public": true,
                "public_url_shared": false,
                "display_as_bot": false,
                "username": "",
                "url_private": "https:\/\/files.slack.com\/files-pri\/T9SHC5F9S-FC0G0DTR8\/image.png?t=xoxe-332590185332-430098056850-431139793783-a3ecafe0d0f66efa522a67af632228d7",
                "url_private_download": "https:\/\/files.slack.com\/files-pri\/T9SHC5F9S-FC0G0DTR8\/download\/image.png?t=xoxe-332590185332-430098056850-431139793783-a3ecafe0d0f66efa522a67af632228d7",
                "thumb_64": "https:\/\/files.slack.com\/files-tmb\/T9SHC5F9S-FC0G0DTR8-470f90454b\/image_64.png?t=xoxe-332590185332-430098056850-431139793783-a3ecafe0d0f66efa522a67af632228d7",
                "thumb_80": "https:\/\/files.slack.com\/files-tmb\/T9SHC5F9S-FC0G0DTR8-470f90454b\/image_80.png?t=xoxe-332590185332-430098056850-431139793783-a3ecafe0d0f66efa522a67af632228d7",
                "thumb_360": "https:\/\/files.slack.com\/files-tmb\/T9SHC5F9S-FC0G0DTR8-470f90454b\/image_360.png?t=xoxe-332590185332-430098056850-431139793783-a3ecafe0d0f66efa522a67af632228d7",
                "thumb_360_w": 360,
                "thumb_360_h": 203,
                "thumb_480": "https:\/\/files.slack.com\/files-tmb\/T9SHC5F9S-FC0G0DTR8-470f90454b\/image_480.png?t=xoxe-332590185332-430098056850-431139793783-a3ecafe0d0f66efa522a67af632228d7",
                "thumb_480_w": 480,
                "thumb_480_h": 270,
                "thumb_160": "https:\/\/files.slack.com\/files-tmb\/T9SHC5F9S-FC0G0DTR8-470f90454b\/image_160.png?t=xoxe-332590185332-430098056850-431139793783-a3ecafe0d0f66efa522a67af632228d7",
                "thumb_720": "https:\/\/files.slack.com\/files-tmb\/T9SHC5F9S-FC0G0DTR8-470f90454b\/image_720.png?t=xoxe-332590185332-430098056850-431139793783-a3ecafe0d0f66efa522a67af632228d7",
                "thumb_720_w": 720,
                "thumb_720_h": 405,
                "thumb_800": "https:\/\/files.slack.com\/files-tmb\/T9SHC5F9S-FC0G0DTR8-470f90454b\/image_800.png?t=xoxe-332590185332-430098056850-431139793783-a3ecafe0d0f66efa522a67af632228d7",
                "thumb_800_w": 800,
                "thumb_800_h": 450,
                "thumb_960": "https:\/\/files.slack.com\/files-tmb\/T9SHC5F9S-FC0G0DTR8-470f90454b\/image_960.png?t=xoxe-332590185332-430098056850-431139793783-a3ecafe0d0f66efa522a67af632228d7",
                "thumb_960_w": 960,
                "thumb_960_h": 540,
                "thumb_1024": "https:\/\/files.slack.com\/files-tmb\/T9SHC5F9S-FC0G0DTR8-470f90454b\/image_1024.png?t=xoxe-332590185332-430098056850-431139793783-a3ecafe0d0f66efa522a67af632228d7",
                "thumb_1024_w": 1024,
                "thumb_1024_h": 576,
                "image_exif_rotation": 1,
                "original_w": 1920,
                "original_h": 1080,
                "permalink": "https:\/\/daitgirls.slack.com\/files\/UBDUUHX4J\/FC0G0DTR8\/image.png",
                "permalink_public": "https:\/\/slack-files.com\/T9SHC5F9S-FC0G0DTR8-6c66f60d57"
            }
        ],
        "upload": true,
        "user": "UBDUUHX4J",
        "display_as_bot": false,
        "thread_ts": "1533085590.000079",
        "parent_user_id": "UBDUUHX4J",
        "ts": "1533087866.000044"
    },
    {
        "type": "message",
        "user": "UBDUUHX4J",
        "text": "temp = raw.select('#normalUl li:nth-of-type(2)')\ntemp",
        "client_msg_id": "60a104a4-82b5-46ec-b75b-5bb8f311e4a0",
        "thread_ts": "1533085590.000079",
        "parent_user_id": "UBDUUHX4J",
        "ts": "1533087890.000132"
    },
    {
        "type": "message",
        "user": "UBDUUHX4J",
        "text": "제가 얻고싶은 정보는 저 두개고욤 !!\n코드는 밑에 처럼 작성했습니다\/",
        "client_msg_id": "f50eb0dd-9a4d-45c2-a7b4-f25e56d745dc",
        "thread_ts": "1533085590.000079",
        "parent_user_id": "UBDUUHX4J",
        "ts": "1533087911.000100"
    },
    {
        "type": "message",
        "user": "UBDUUHX4J",
        "text": "근데 비었대요 ㅎㅎ",
        "client_msg_id": "34b48f1d-64a3-4339-8897-a8e9e94fb772",
        "thread_ts": "1533085590.000079",
        "parent_user_id": "UBDUUHX4J",
        "ts": "1533087917.000167"
    },
    {
        "type": "message",
        "user": "UBELL5EF5",
        "text": "개발자 도구 대신 소스보기(ctrl+u)를 해도 해당 내용이 소스코드에 있나요?",
        "client_msg_id": "057173F1-2C05-4D04-BCF0-9982B7186DAF",
        "thread_ts": "1533085590.000079",
        "parent_user_id": "UBDUUHX4J",
        "ts": "1533088108.000148"
    },
    {
        "type": "message",
        "user": "UBDUUHX4J",
        "text": "헐 없네요",
        "client_msg_id": "afe5962d-63da-437d-9b32-2aa0583f2482",
        "thread_ts": "1533085590.000079",
        "parent_user_id": "UBDUUHX4J",
        "ts": "1533088165.000050"
    },
    {
        "type": "message",
        "user": "UBELL5EF5",
        "text": "지금까지 배운 방법으로는 소스보기를 했을때 안보이는 데이터를 가져올 수 없어요. 곧 다른 방법들을 배울텐데 아직은 그렇습니다 ㅜㅜ",
        "client_msg_id": "F71F9374-2F1D-4502-A8F2-85D5DC1C8ECA",
        "thread_ts": "1533085590.000079",
        "parent_user_id": "UBDUUHX4J",
        "ts": "1533088386.000197"
    },
    {
        "type": "message",
        "user": "UBDUUHX4J",
        "text": "헙 .. 네 알겠습니다 감사합니다 .................................................",
        "client_msg_id": "82ee9909-b167-4d72-9a6e-56f86b391c56",
        "thread_ts": "1533085590.000079",
        "parent_user_id": "UBDUUHX4J",
        "ts": "1533088404.000016",
        "reactions": [
            {
                "name": "cry",
                "users": [
                    "UBELL5EF5"
                ],
                "count": 1
            }
        ]
    }
]