[
    {
        "type": "message",
        "text": "",
        "files": [
            {
                "id": "FBP6JFYNQ",
                "created": 1531402784,
                "timestamp": 1531402784,
                "name": "스크린샷 2018-07-12 오후 10.39.17.png",
                "title": "질문이 있습니다. 지킬 설치하는 과정에서",
                "mimetype": "image\/png",
                "filetype": "png",
                "pretty_type": "PNG",
                "user": "UBDRVLD1R",
                "editable": false,
                "size": 40936,
                "mode": "hosted",
                "is_external": false,
                "external_type": "",
                "is_public": true,
                "public_url_shared": false,
                "display_as_bot": false,
                "username": "",
                "url_private": "https:\/\/files.slack.com\/files-pri\/T9SHC5F9S-FBP6JFYNQ\/_______________________________2018-07-12______________10.39.17.png?t=xoxe-332590185332-430098056850-431139793783-a3ecafe0d0f66efa522a67af632228d7",
                "url_private_download": "https:\/\/files.slack.com\/files-pri\/T9SHC5F9S-FBP6JFYNQ\/download\/_______________________________2018-07-12______________10.39.17.png?t=xoxe-332590185332-430098056850-431139793783-a3ecafe0d0f66efa522a67af632228d7",
                "thumb_64": "https:\/\/files.slack.com\/files-tmb\/T9SHC5F9S-FBP6JFYNQ-ac5ac47b1c\/_______________________________2018-07-12______________10.39.17_64.png?t=xoxe-332590185332-430098056850-431139793783-a3ecafe0d0f66efa522a67af632228d7",
                "thumb_80": "https:\/\/files.slack.com\/files-tmb\/T9SHC5F9S-FBP6JFYNQ-ac5ac47b1c\/_______________________________2018-07-12______________10.39.17_80.png?t=xoxe-332590185332-430098056850-431139793783-a3ecafe0d0f66efa522a67af632228d7",
                "thumb_360": "https:\/\/files.slack.com\/files-tmb\/T9SHC5F9S-FBP6JFYNQ-ac5ac47b1c\/_______________________________2018-07-12______________10.39.17_360.png?t=xoxe-332590185332-430098056850-431139793783-a3ecafe0d0f66efa522a67af632228d7",
                "thumb_360_w": 360,
                "thumb_360_h": 27,
                "thumb_480": "https:\/\/files.slack.com\/files-tmb\/T9SHC5F9S-FBP6JFYNQ-ac5ac47b1c\/_______________________________2018-07-12______________10.39.17_480.png?t=xoxe-332590185332-430098056850-431139793783-a3ecafe0d0f66efa522a67af632228d7",
                "thumb_480_w": 480,
                "thumb_480_h": 35,
                "thumb_160": "https:\/\/files.slack.com\/files-tmb\/T9SHC5F9S-FBP6JFYNQ-ac5ac47b1c\/_______________________________2018-07-12______________10.39.17_160.png?t=xoxe-332590185332-430098056850-431139793783-a3ecafe0d0f66efa522a67af632228d7",
                "thumb_720": "https:\/\/files.slack.com\/files-tmb\/T9SHC5F9S-FBP6JFYNQ-ac5ac47b1c\/_______________________________2018-07-12______________10.39.17_720.png?t=xoxe-332590185332-430098056850-431139793783-a3ecafe0d0f66efa522a67af632228d7",
                "thumb_720_w": 720,
                "thumb_720_h": 53,
                "thumb_800": "https:\/\/files.slack.com\/files-tmb\/T9SHC5F9S-FBP6JFYNQ-ac5ac47b1c\/_______________________________2018-07-12______________10.39.17_800.png?t=xoxe-332590185332-430098056850-431139793783-a3ecafe0d0f66efa522a67af632228d7",
                "thumb_800_w": 800,
                "thumb_800_h": 59,
                "thumb_960": "https:\/\/files.slack.com\/files-tmb\/T9SHC5F9S-FBP6JFYNQ-ac5ac47b1c\/_______________________________2018-07-12______________10.39.17_960.png?t=xoxe-332590185332-430098056850-431139793783-a3ecafe0d0f66efa522a67af632228d7",
                "thumb_960_w": 960,
                "thumb_960_h": 71,
                "thumb_1024": "https:\/\/files.slack.com\/files-tmb\/T9SHC5F9S-FBP6JFYNQ-ac5ac47b1c\/_______________________________2018-07-12______________10.39.17_1024.png?t=xoxe-332590185332-430098056850-431139793783-a3ecafe0d0f66efa522a67af632228d7",
                "thumb_1024_w": 1024,
                "thumb_1024_h": 76,
                "image_exif_rotation": 1,
                "original_w": 1164,
                "original_h": 86,
                "permalink": "https:\/\/daitgirls.slack.com\/files\/UBDRVLD1R\/FBP6JFYNQ\/_______________________________2018-07-12______________10.39.17.png",
                "permalink_public": "https:\/\/slack-files.com\/T9SHC5F9S-FBP6JFYNQ-310ebc3be8"
            }
        ],
        "upload": true,
        "user": "UBDRVLD1R",
        "display_as_bot": false,
        "ts": "1531402786.000300"
    },
    {
        "type": "message",
        "user": "UBDRVLD1R",
        "text": "위와 같은 에러가 자꾸 뜨는데 해결이 안됩니다. 맥북으로 해보고 잘 되어서 연습할겸 github에 만든 repo 삭제하고 집에있는 맥으로 다시해보는데, 자꾸 권한이 없다고 떠요. ㅜ 찾아보니까 osx 특정 버전 이상 상태에서 root..? 이 락이 걸려 있어서 sudo로도 허용되지 않는다고 하는데 방법이 없을까요?",
        "client_msg_id": "ed21044c-c2ae-4354-aeab-f16d03855b20",
        "thread_ts": "1531402954.000316",
        "reply_count": 3,
        "replies": [
            {
                "user": "UBDRXTD8B",
                "ts": "1531407195.000467"
            },
            {
                "user": "UBD8HB9C0",
                "ts": "1531407298.000566"
            },
            {
                "user": "UBD8HB9C0",
                "ts": "1531407317.000097"
            }
        ],
        "unread_count": 3,
        "ts": "1531402954.000316",
        "reactions": [
            {
                "name": "scream",
                "users": [
                    "UBDCWMFND"
                ],
                "count": 1
            }
        ]
    },
    {
        "type": "message",
        "user": "UBDRVLD1R",
        "text": "rubygem을 설치하려고만 하면 디렉토리에 권한이 없다고 뜹니다…",
        "client_msg_id": "6cc78a14-4a65-4605-872f-09fc5e461b5a",
        "ts": "1531403017.000213"
    },
    {
        "type": "message",
        "user": "UBDRXTD8B",
        "text": "다른 맥유저분들께 배운건데 xcode-select --install 로 xcode 설치하고 sudo로 진행해보세요!",
        "client_msg_id": "d198867c-2d2b-48ac-85ec-de3c9819f336",
        "thread_ts": "1531402954.000316",
        "parent_user_id": "UBDRVLD1R",
        "ts": "1531407195.000467",
        "reactions": [
            {
                "name": "heart_eyes",
                "users": [
                    "UBD8HB9C0"
                ],
                "count": 1
            }
        ]
    },
    {
        "type": "message",
        "user": "UBD8HB9C0",
        "text": "앗 한발 늦었슴다",
        "client_msg_id": "d00089af-d8fc-414a-b3f4-e184389ff532",
        "thread_ts": "1531402954.000316",
        "parent_user_id": "UBDRVLD1R",
        "ts": "1531407298.000566"
    },
    {
        "type": "message",
        "user": "UBD8HB9C0",
        "text": "xcode 설치 후에 하시면 permission 되실거예욤",
        "client_msg_id": "74aabc3f-f444-478e-9064-a258531b8b65",
        "thread_ts": "1531402954.000316",
        "parent_user_id": "UBDRVLD1R",
        "ts": "1531407317.000097"
    },
    {
        "type": "message",
        "user": "UBDRVLD1R",
        "text": "나누어주신 파이썬을 활용한 데이터 길들이기: 책에서는 파이썬 하위호환성 문제 때문에 2.7 버전을 사용하라고 하는데, Anaconda 설치하면서 파이썬 3.6.x 버전이 디폴트 설정이 되어있는 것 같아요. 이 문제는 어떻게 해결하나요?",
        "client_msg_id": "de8bffe4-6d73-45e3-b0ae-826a8e1b024b",
        "ts": "1531447205.000121"
    },
    {
        "type": "message",
        "user": "UBD5C2LH5",
        "text": "<http:\/\/chris35wills.github.io\/conda_python_version\/>",
        "client_msg_id": "ec9fa39a-a8af-4547-95f0-be2841ebb8d7",
        "attachments": [
            {
                "title": "Changing your Python version with Anaconda",
                "title_link": "http:\/\/chris35wills.github.io\/conda_python_version\/",
                "text": "Python 3 is the future and the future is now. Considering best practise, the way forwards is to move with the times and upgrade. To make the change over easier, here’s a cheat sheet for writing python 2\/3 compatible code. HOWEVER, when all of your scripts are written in a Python 2.x way, maybe now isn’t the time to move on… having a load of v2.x \/ v3.x errors can be inconvenient to say the least.",
                "fallback": "Changing your Python version with Anaconda",
                "from_url": "http:\/\/chris35wills.github.io\/conda_python_version\/",
                "service_name": "chris35wills.github.io",
                "id": 1,
                "original_url": "http:\/\/chris35wills.github.io\/conda_python_version\/"
            }
        ],
        "ts": "1531447533.000164",
        "reactions": [
            {
                "name": "grinning",
                "users": [
                    "UBDRVLD1R"
                ],
                "count": 1
            }
        ]
    },
    {
        "type": "message",
        "user": "UBD5C2LH5",
        "text": "이 링크 참고가 될까요?",
        "client_msg_id": "4c6c1ecb-fb01-4cbb-b561-4adaafc8ef63",
        "ts": "1531447551.000057"
    },
    {
        "type": "message",
        "user": "UBDRVLD1R",
        "text": "감사합니다 읽어볼게요 :slightly_smiling_face:",
        "client_msg_id": "f1b4542e-2f5d-4038-8fc4-e9e1810ce7cc",
        "ts": "1531447928.000015"
    }
]