[
    {
        "type": "message",
        "text": "우와~~~~ 이거 개인 sns에 공유해도되나요???",
        "files": [
            {
                "id": "FC886UY8H",
                "created": 1534311553,
                "timestamp": 1534311553,
                "name": "image.png",
                "title": "Pasted image at 2018-08-15, 2:39 PM",
                "mimetype": "image\/png",
                "filetype": "png",
                "pretty_type": "PNG",
                "user": "UBF0XHZD5",
                "editable": false,
                "size": 96417,
                "mode": "hosted",
                "is_external": false,
                "external_type": "",
                "is_public": true,
                "public_url_shared": false,
                "display_as_bot": false,
                "username": "",
                "url_private": "https:\/\/files.slack.com\/files-pri\/T9SHC5F9S-FC886UY8H\/image.png?t=xoxe-332590185332-430098056850-431139793783-a3ecafe0d0f66efa522a67af632228d7",
                "url_private_download": "https:\/\/files.slack.com\/files-pri\/T9SHC5F9S-FC886UY8H\/download\/image.png?t=xoxe-332590185332-430098056850-431139793783-a3ecafe0d0f66efa522a67af632228d7",
                "thumb_64": "https:\/\/files.slack.com\/files-tmb\/T9SHC5F9S-FC886UY8H-347876360a\/image_64.png?t=xoxe-332590185332-430098056850-431139793783-a3ecafe0d0f66efa522a67af632228d7",
                "thumb_80": "https:\/\/files.slack.com\/files-tmb\/T9SHC5F9S-FC886UY8H-347876360a\/image_80.png?t=xoxe-332590185332-430098056850-431139793783-a3ecafe0d0f66efa522a67af632228d7",
                "thumb_360": "https:\/\/files.slack.com\/files-tmb\/T9SHC5F9S-FC886UY8H-347876360a\/image_360.png?t=xoxe-332590185332-430098056850-431139793783-a3ecafe0d0f66efa522a67af632228d7",
                "thumb_360_w": 360,
                "thumb_360_h": 260,
                "thumb_480": "https:\/\/files.slack.com\/files-tmb\/T9SHC5F9S-FC886UY8H-347876360a\/image_480.png?t=xoxe-332590185332-430098056850-431139793783-a3ecafe0d0f66efa522a67af632228d7",
                "thumb_480_w": 480,
                "thumb_480_h": 346,
                "thumb_160": "https:\/\/files.slack.com\/files-tmb\/T9SHC5F9S-FC886UY8H-347876360a\/image_160.png?t=xoxe-332590185332-430098056850-431139793783-a3ecafe0d0f66efa522a67af632228d7",
                "thumb_720": "https:\/\/files.slack.com\/files-tmb\/T9SHC5F9S-FC886UY8H-347876360a\/image_720.png?t=xoxe-332590185332-430098056850-431139793783-a3ecafe0d0f66efa522a67af632228d7",
                "thumb_720_w": 720,
                "thumb_720_h": 519,
                "image_exif_rotation": 1,
                "original_w": 754,
                "original_h": 544,
                "permalink": "https:\/\/daitgirls.slack.com\/files\/UBF0XHZD5\/FC886UY8H\/image.png",
                "permalink_public": "https:\/\/slack-files.com\/T9SHC5F9S-FC886UY8H-427d95e0ef"
            }
        ],
        "upload": true,
        "user": "UBF0XHZD5",
        "display_as_bot": false,
        "thread_ts": "1534311556.000100",
        "reply_count": 1,
        "replies": [
            {
                "user": "U9TKQU99V",
                "ts": "1534311707.000100"
            }
        ],
        "unread_count": 1,
        "ts": "1534311556.000100",
        "reactions": [
            {
                "name": "thumbsup_all",
                "users": [
                    "U9SN17L0M",
                    "U9TKQU99V",
                    "UBF0XHZD5",
                    "UBDUU7X7U",
                    "UBD8GHGBA",
                    "UBDRWBNRZ",
                    "UBDN9579S",
                    "UBES4Q6LE",
                    "UBDRWADQB",
                    "UBDN8UG4C",
                    "UA4EGE85S",
                    "UBELL5EF5",
                    "UBDUUV802"
                ],
                "count": 13
            },
            {
                "name": "hero",
                "users": [
                    "U9TKQU99V",
                    "UBF0XHZD5",
                    "UBDN9579S",
                    "UBE3NCBKP",
                    "UBDN8UG4C",
                    "UBDCWMFND",
                    "UBDUUV802"
                ],
                "count": 7
            }
        ]
    },
    {
        "type": "message",
        "user": "U9TKQU99V",
        "text": "그럼요~!!",
        "client_msg_id": "F36A7295-1ACC-4DBA-8428-2273B98643CC",
        "thread_ts": "1534311556.000100",
        "parent_user_id": "UBF0XHZD5",
        "ts": "1534311707.000100",
        "reactions": [
            {
                "name": "hero",
                "users": [
                    "UBF0XHZD5",
                    "UBDN8UG4C",
                    "UBF0XFP7Z"
                ],
                "count": 3
            },
            {
                "name": "pray::skin-tone-3",
                "users": [
                    "UBF0XHZD5",
                    "UBF0XFP7Z"
                ],
                "count": 2
            }
        ]
    }
]