[
    {
        "type": "message",
        "text": "주피터가 안 켜지는데 이거는 뭐가 문제일까요....?ㅠㅠ",
        "files": [
            {
                "id": "FBRQP4E3Z",
                "created": 1531638771,
                "timestamp": 1531638771,
                "name": "image.png",
                "title": "@배로",
                "mimetype": "image\/png",
                "filetype": "png",
                "pretty_type": "PNG",
                "user": "UBE3NMLCD",
                "editable": false,
                "size": 24976,
                "mode": "hosted",
                "is_external": false,
                "external_type": "",
                "is_public": true,
                "public_url_shared": false,
                "display_as_bot": false,
                "username": "",
                "url_private": "https:\/\/files.slack.com\/files-pri\/T9SHC5F9S-FBRQP4E3Z\/image.png?t=xoxe-332590185332-430098056850-431139793783-a3ecafe0d0f66efa522a67af632228d7",
                "url_private_download": "https:\/\/files.slack.com\/files-pri\/T9SHC5F9S-FBRQP4E3Z\/download\/image.png?t=xoxe-332590185332-430098056850-431139793783-a3ecafe0d0f66efa522a67af632228d7",
                "thumb_64": "https:\/\/files.slack.com\/files-tmb\/T9SHC5F9S-FBRQP4E3Z-58c34829b2\/image_64.png?t=xoxe-332590185332-430098056850-431139793783-a3ecafe0d0f66efa522a67af632228d7",
                "thumb_80": "https:\/\/files.slack.com\/files-tmb\/T9SHC5F9S-FBRQP4E3Z-58c34829b2\/image_80.png?t=xoxe-332590185332-430098056850-431139793783-a3ecafe0d0f66efa522a67af632228d7",
                "thumb_360": "https:\/\/files.slack.com\/files-tmb\/T9SHC5F9S-FBRQP4E3Z-58c34829b2\/image_360.png?t=xoxe-332590185332-430098056850-431139793783-a3ecafe0d0f66efa522a67af632228d7",
                "thumb_360_w": 360,
                "thumb_360_h": 109,
                "thumb_480": "https:\/\/files.slack.com\/files-tmb\/T9SHC5F9S-FBRQP4E3Z-58c34829b2\/image_480.png?t=xoxe-332590185332-430098056850-431139793783-a3ecafe0d0f66efa522a67af632228d7",
                "thumb_480_w": 480,
                "thumb_480_h": 145,
                "thumb_160": "https:\/\/files.slack.com\/files-tmb\/T9SHC5F9S-FBRQP4E3Z-58c34829b2\/image_160.png?t=xoxe-332590185332-430098056850-431139793783-a3ecafe0d0f66efa522a67af632228d7",
                "thumb_720": "https:\/\/files.slack.com\/files-tmb\/T9SHC5F9S-FBRQP4E3Z-58c34829b2\/image_720.png?t=xoxe-332590185332-430098056850-431139793783-a3ecafe0d0f66efa522a67af632228d7",
                "thumb_720_w": 720,
                "thumb_720_h": 218,
                "thumb_800": "https:\/\/files.slack.com\/files-tmb\/T9SHC5F9S-FBRQP4E3Z-58c34829b2\/image_800.png?t=xoxe-332590185332-430098056850-431139793783-a3ecafe0d0f66efa522a67af632228d7",
                "thumb_800_w": 800,
                "thumb_800_h": 242,
                "thumb_960": "https:\/\/files.slack.com\/files-tmb\/T9SHC5F9S-FBRQP4E3Z-58c34829b2\/image_960.png?t=xoxe-332590185332-430098056850-431139793783-a3ecafe0d0f66efa522a67af632228d7",
                "thumb_960_w": 960,
                "thumb_960_h": 290,
                "image_exif_rotation": 1,
                "original_w": 992,
                "original_h": 300,
                "permalink": "https:\/\/daitgirls.slack.com\/files\/UBE3NMLCD\/FBRQP4E3Z\/image.png",
                "permalink_public": "https:\/\/slack-files.com\/T9SHC5F9S-FBRQP4E3Z-337601ca55",
                "reactions": [
                    {
                        "name": "scream",
                        "users": [
                            "UBELL5EF5"
                        ],
                        "count": 1
                    }
                ]
            }
        ],
        "upload": true,
        "user": "UBE3NMLCD",
        "display_as_bot": false,
        "reactions": [
            {
                "name": "scream",
                "users": [
                    "UBELL5EF5"
                ],
                "count": 1
            }
        ],
        "ts": "1531638773.000012"
    },
    {
        "type": "message",
        "user": "UBELL5EF5",
        "text": "<@UBDRWK8SX> bin에는 무언가를 담는 “통”이라는 뜻이 있어요. 이를테면 윈도 바탕화면의 휴지통은 영어로 “recycle bin”이라고 합니다. 히스토그램에서 bin은 데이터를 담는 통을 말하는데, 예를 들어 0세에서 100세 사이의 데이터를 10세 단위로 나누어 그리면 10개 막대기가 나오겠죠? 이 각각의 막대를 bin이라고 불러요. `bins=10`이라고 쓰면 데이터를 상자 10개에 나눠 담아서 그리겠다는 뜻입니다. `stacked=True`는 데이터를 쌓아 올리라는(stack) 뜻입니다.",
        "client_msg_id": "27e2af78-4e01-417c-9c9d-eff0a4081ec5",
        "thread_ts": "1531637426.000001",
        "parent_user_id": "UBDRWK8SX",
        "ts": "1531638937.000029"
    },
    {
        "type": "message",
        "user": "UBELL5EF5",
        "text": "stacked=False 이면 <https:\/\/pandas.pydata.org\/pandas-docs\/stable\/_images\/bar_plot_multi_ex.png>",
        "client_msg_id": "f1d50d25-d89a-4c07-b1d9-6c736607090b",
        "attachments": [
            {
                "fallback": "640x480px image",
                "image_url": "https:\/\/pandas.pydata.org\/pandas-docs\/stable\/_images\/bar_plot_multi_ex.png",
                "image_width": 640,
                "image_height": 480,
                "image_bytes": 10495,
                "from_url": "https:\/\/pandas.pydata.org\/pandas-docs\/stable\/_images\/bar_plot_multi_ex.png",
                "id": 1,
                "original_url": "https:\/\/pandas.pydata.org\/pandas-docs\/stable\/_images\/bar_plot_multi_ex.png"
            }
        ],
        "thread_ts": "1531637426.000001",
        "parent_user_id": "UBDRWK8SX",
        "ts": "1531638958.000037"
    },
    {
        "type": "message",
        "user": "UBELL5EF5",
        "text": "stacked=True 이면 <https:\/\/pandas.pydata.org\/pandas-docs\/stable\/_images\/bar_plot_stacked_ex.png>",
        "client_msg_id": "4a6a6692-b1ad-4df3-ac63-9c2831614386",
        "attachments": [
            {
                "fallback": "640x480px image",
                "image_url": "https:\/\/pandas.pydata.org\/pandas-docs\/stable\/_images\/bar_plot_stacked_ex.png",
                "image_width": 640,
                "image_height": 480,
                "image_bytes": 9410,
                "from_url": "https:\/\/pandas.pydata.org\/pandas-docs\/stable\/_images\/bar_plot_stacked_ex.png",
                "id": 1,
                "original_url": "https:\/\/pandas.pydata.org\/pandas-docs\/stable\/_images\/bar_plot_stacked_ex.png"
            }
        ],
        "thread_ts": "1531637426.000001",
        "parent_user_id": "UBDRWK8SX",
        "ts": "1531638970.000033"
    },
    {
        "type": "message",
        "user": "UBELL5EF5",
        "text": "(위 이미지는 히스토그램이 아니라 막대그래프이지만 작동하는 방식은 똑같아요)",
        "client_msg_id": "26d98420-bf36-46c7-9e51-d65a52a397d7",
        "thread_ts": "1531637426.000001",
        "parent_user_id": "UBDRWK8SX",
        "ts": "1531639028.000021"
    },
    {
        "type": "message",
        "user": "UBDRWK8SX",
        "text": "<@UBELL5EF5> 애란쌤 감사합니다.ㅠㅠ!!",
        "client_msg_id": "0fe95fdb-dded-4041-b55f-f0b1ef275a3a",
        "thread_ts": "1531637426.000001",
        "parent_user_id": "UBDRWK8SX",
        "ts": "1531639279.000001",
        "reactions": [
            {
                "name": "+1",
                "users": [
                    "UBELL5EF5",
                    "UBDN8UG4C",
                    "UBD8GMVNC"
                ],
                "count": 3
            }
        ]
    },
    {
        "type": "message",
        "subtype": "file_comment",
        "text": "<@U9SN17L0M> commented on <@UBE3NMLCD>’s file <https:\/\/daitgirls.slack.com\/files\/UBE3NMLCD\/FBRQP4E3Z\/image.png|@배로>: pull 받으셨죠? 아마 컨플릭이 나서 그럴거에요.",
        "file": {
            "id": "FBRQP4E3Z",
            "created": 1531638771,
            "timestamp": 1531638771,
            "name": "image.png",
            "title": "@배로",
            "mimetype": "image\/png",
            "filetype": "png",
            "pretty_type": "PNG",
            "user": "UBE3NMLCD",
            "editable": false,
            "size": 24976,
            "mode": "hosted",
            "is_external": false,
            "external_type": "",
            "is_public": true,
            "public_url_shared": false,
            "display_as_bot": false,
            "username": "",
            "url_private": "https:\/\/files.slack.com\/files-pri\/T9SHC5F9S-FBRQP4E3Z\/image.png?t=xoxe-332590185332-430098056850-431139793783-a3ecafe0d0f66efa522a67af632228d7",
            "url_private_download": "https:\/\/files.slack.com\/files-pri\/T9SHC5F9S-FBRQP4E3Z\/download\/image.png?t=xoxe-332590185332-430098056850-431139793783-a3ecafe0d0f66efa522a67af632228d7",
            "thumb_64": "https:\/\/files.slack.com\/files-tmb\/T9SHC5F9S-FBRQP4E3Z-58c34829b2\/image_64.png?t=xoxe-332590185332-430098056850-431139793783-a3ecafe0d0f66efa522a67af632228d7",
            "thumb_80": "https:\/\/files.slack.com\/files-tmb\/T9SHC5F9S-FBRQP4E3Z-58c34829b2\/image_80.png?t=xoxe-332590185332-430098056850-431139793783-a3ecafe0d0f66efa522a67af632228d7",
            "thumb_360": "https:\/\/files.slack.com\/files-tmb\/T9SHC5F9S-FBRQP4E3Z-58c34829b2\/image_360.png?t=xoxe-332590185332-430098056850-431139793783-a3ecafe0d0f66efa522a67af632228d7",
            "thumb_360_w": 360,
            "thumb_360_h": 109,
            "thumb_480": "https:\/\/files.slack.com\/files-tmb\/T9SHC5F9S-FBRQP4E3Z-58c34829b2\/image_480.png?t=xoxe-332590185332-430098056850-431139793783-a3ecafe0d0f66efa522a67af632228d7",
            "thumb_480_w": 480,
            "thumb_480_h": 145,
            "thumb_160": "https:\/\/files.slack.com\/files-tmb\/T9SHC5F9S-FBRQP4E3Z-58c34829b2\/image_160.png?t=xoxe-332590185332-430098056850-431139793783-a3ecafe0d0f66efa522a67af632228d7",
            "thumb_720": "https:\/\/files.slack.com\/files-tmb\/T9SHC5F9S-FBRQP4E3Z-58c34829b2\/image_720.png?t=xoxe-332590185332-430098056850-431139793783-a3ecafe0d0f66efa522a67af632228d7",
            "thumb_720_w": 720,
            "thumb_720_h": 218,
            "thumb_800": "https:\/\/files.slack.com\/files-tmb\/T9SHC5F9S-FBRQP4E3Z-58c34829b2\/image_800.png?t=xoxe-332590185332-430098056850-431139793783-a3ecafe0d0f66efa522a67af632228d7",
            "thumb_800_w": 800,
            "thumb_800_h": 242,
            "thumb_960": "https:\/\/files.slack.com\/files-tmb\/T9SHC5F9S-FBRQP4E3Z-58c34829b2\/image_960.png?t=xoxe-332590185332-430098056850-431139793783-a3ecafe0d0f66efa522a67af632228d7",
            "thumb_960_w": 960,
            "thumb_960_h": 290,
            "image_exif_rotation": 1,
            "original_w": 992,
            "original_h": 300,
            "permalink": "https:\/\/daitgirls.slack.com\/files\/UBE3NMLCD\/FBRQP4E3Z\/image.png",
            "permalink_public": "https:\/\/slack-files.com\/T9SHC5F9S-FBRQP4E3Z-337601ca55"
        },
        "files": [
            {
                "id": "FBRQP4E3Z",
                "created": 1531638771,
                "timestamp": 1531638771,
                "name": "image.png",
                "title": "@배로",
                "mimetype": "image\/png",
                "filetype": "png",
                "pretty_type": "PNG",
                "user": "UBE3NMLCD",
                "editable": false,
                "size": 24976,
                "mode": "hosted",
                "is_external": false,
                "external_type": "",
                "is_public": true,
                "public_url_shared": false,
                "display_as_bot": false,
                "username": "",
                "url_private": "https:\/\/files.slack.com\/files-pri\/T9SHC5F9S-FBRQP4E3Z\/image.png?t=xoxe-332590185332-430098056850-431139793783-a3ecafe0d0f66efa522a67af632228d7",
                "url_private_download": "https:\/\/files.slack.com\/files-pri\/T9SHC5F9S-FBRQP4E3Z\/download\/image.png?t=xoxe-332590185332-430098056850-431139793783-a3ecafe0d0f66efa522a67af632228d7",
                "thumb_64": "https:\/\/files.slack.com\/files-tmb\/T9SHC5F9S-FBRQP4E3Z-58c34829b2\/image_64.png?t=xoxe-332590185332-430098056850-431139793783-a3ecafe0d0f66efa522a67af632228d7",
                "thumb_80": "https:\/\/files.slack.com\/files-tmb\/T9SHC5F9S-FBRQP4E3Z-58c34829b2\/image_80.png?t=xoxe-332590185332-430098056850-431139793783-a3ecafe0d0f66efa522a67af632228d7",
                "thumb_360": "https:\/\/files.slack.com\/files-tmb\/T9SHC5F9S-FBRQP4E3Z-58c34829b2\/image_360.png?t=xoxe-332590185332-430098056850-431139793783-a3ecafe0d0f66efa522a67af632228d7",
                "thumb_360_w": 360,
                "thumb_360_h": 109,
                "thumb_480": "https:\/\/files.slack.com\/files-tmb\/T9SHC5F9S-FBRQP4E3Z-58c34829b2\/image_480.png?t=xoxe-332590185332-430098056850-431139793783-a3ecafe0d0f66efa522a67af632228d7",
                "thumb_480_w": 480,
                "thumb_480_h": 145,
                "thumb_160": "https:\/\/files.slack.com\/files-tmb\/T9SHC5F9S-FBRQP4E3Z-58c34829b2\/image_160.png?t=xoxe-332590185332-430098056850-431139793783-a3ecafe0d0f66efa522a67af632228d7",
                "thumb_720": "https:\/\/files.slack.com\/files-tmb\/T9SHC5F9S-FBRQP4E3Z-58c34829b2\/image_720.png?t=xoxe-332590185332-430098056850-431139793783-a3ecafe0d0f66efa522a67af632228d7",
                "thumb_720_w": 720,
                "thumb_720_h": 218,
                "thumb_800": "https:\/\/files.slack.com\/files-tmb\/T9SHC5F9S-FBRQP4E3Z-58c34829b2\/image_800.png?t=xoxe-332590185332-430098056850-431139793783-a3ecafe0d0f66efa522a67af632228d7",
                "thumb_800_w": 800,
                "thumb_800_h": 242,
                "thumb_960": "https:\/\/files.slack.com\/files-tmb\/T9SHC5F9S-FBRQP4E3Z-58c34829b2\/image_960.png?t=xoxe-332590185332-430098056850-431139793783-a3ecafe0d0f66efa522a67af632228d7",
                "thumb_960_w": 960,
                "thumb_960_h": 290,
                "image_exif_rotation": 1,
                "original_w": 992,
                "original_h": 300,
                "permalink": "https:\/\/daitgirls.slack.com\/files\/UBE3NMLCD\/FBRQP4E3Z\/image.png",
                "permalink_public": "https:\/\/slack-files.com\/T9SHC5F9S-FBRQP4E3Z-337601ca55"
            }
        ],
        "comment": {
            "id": "FcBQGGTVPE",
            "created": 1531639594,
            "timestamp": 1531639594,
            "user": "U9SN17L0M",
            "is_intro": false,
            "comment": "pull 받으셨죠? 아마 컨플릭이 나서 그럴거에요."
        },
        "is_intro": false,
        "ts": "1531639594.000032"
    },
    {
        "type": "message",
        "subtype": "file_comment",
        "text": "<@U9SN17L0M> commented on <@UBE3NMLCD>’s file <https:\/\/daitgirls.slack.com\/files\/UBE3NMLCD\/FBRQP4E3Z\/image.png|@배로>: <@UBE3NMLCD> 다른 조 코드를 받아와서 보고 있는데 같은 현상이 있어서 먼저 해결해고 알려드릴게요.",
        "file": {
            "id": "FBRQP4E3Z",
            "created": 1531638771,
            "timestamp": 1531638771,
            "name": "image.png",
            "title": "@배로",
            "mimetype": "image\/png",
            "filetype": "png",
            "pretty_type": "PNG",
            "user": "UBE3NMLCD",
            "editable": false,
            "size": 24976,
            "mode": "hosted",
            "is_external": false,
            "external_type": "",
            "is_public": true,
            "public_url_shared": false,
            "display_as_bot": false,
            "username": "",
            "url_private": "https:\/\/files.slack.com\/files-pri\/T9SHC5F9S-FBRQP4E3Z\/image.png?t=xoxe-332590185332-430098056850-431139793783-a3ecafe0d0f66efa522a67af632228d7",
            "url_private_download": "https:\/\/files.slack.com\/files-pri\/T9SHC5F9S-FBRQP4E3Z\/download\/image.png?t=xoxe-332590185332-430098056850-431139793783-a3ecafe0d0f66efa522a67af632228d7",
            "thumb_64": "https:\/\/files.slack.com\/files-tmb\/T9SHC5F9S-FBRQP4E3Z-58c34829b2\/image_64.png?t=xoxe-332590185332-430098056850-431139793783-a3ecafe0d0f66efa522a67af632228d7",
            "thumb_80": "https:\/\/files.slack.com\/files-tmb\/T9SHC5F9S-FBRQP4E3Z-58c34829b2\/image_80.png?t=xoxe-332590185332-430098056850-431139793783-a3ecafe0d0f66efa522a67af632228d7",
            "thumb_360": "https:\/\/files.slack.com\/files-tmb\/T9SHC5F9S-FBRQP4E3Z-58c34829b2\/image_360.png?t=xoxe-332590185332-430098056850-431139793783-a3ecafe0d0f66efa522a67af632228d7",
            "thumb_360_w": 360,
            "thumb_360_h": 109,
            "thumb_480": "https:\/\/files.slack.com\/files-tmb\/T9SHC5F9S-FBRQP4E3Z-58c34829b2\/image_480.png?t=xoxe-332590185332-430098056850-431139793783-a3ecafe0d0f66efa522a67af632228d7",
            "thumb_480_w": 480,
            "thumb_480_h": 145,
            "thumb_160": "https:\/\/files.slack.com\/files-tmb\/T9SHC5F9S-FBRQP4E3Z-58c34829b2\/image_160.png?t=xoxe-332590185332-430098056850-431139793783-a3ecafe0d0f66efa522a67af632228d7",
            "thumb_720": "https:\/\/files.slack.com\/files-tmb\/T9SHC5F9S-FBRQP4E3Z-58c34829b2\/image_720.png?t=xoxe-332590185332-430098056850-431139793783-a3ecafe0d0f66efa522a67af632228d7",
            "thumb_720_w": 720,
            "thumb_720_h": 218,
            "thumb_800": "https:\/\/files.slack.com\/files-tmb\/T9SHC5F9S-FBRQP4E3Z-58c34829b2\/image_800.png?t=xoxe-332590185332-430098056850-431139793783-a3ecafe0d0f66efa522a67af632228d7",
            "thumb_800_w": 800,
            "thumb_800_h": 242,
            "thumb_960": "https:\/\/files.slack.com\/files-tmb\/T9SHC5F9S-FBRQP4E3Z-58c34829b2\/image_960.png?t=xoxe-332590185332-430098056850-431139793783-a3ecafe0d0f66efa522a67af632228d7",
            "thumb_960_w": 960,
            "thumb_960_h": 290,
            "image_exif_rotation": 1,
            "original_w": 992,
            "original_h": 300,
            "permalink": "https:\/\/daitgirls.slack.com\/files\/UBE3NMLCD\/FBRQP4E3Z\/image.png",
            "permalink_public": "https:\/\/slack-files.com\/T9SHC5F9S-FBRQP4E3Z-337601ca55"
        },
        "files": [
            {
                "id": "FBRQP4E3Z",
                "created": 1531638771,
                "timestamp": 1531638771,
                "name": "image.png",
                "title": "@배로",
                "mimetype": "image\/png",
                "filetype": "png",
                "pretty_type": "PNG",
                "user": "UBE3NMLCD",
                "editable": false,
                "size": 24976,
                "mode": "hosted",
                "is_external": false,
                "external_type": "",
                "is_public": true,
                "public_url_shared": false,
                "display_as_bot": false,
                "username": "",
                "url_private": "https:\/\/files.slack.com\/files-pri\/T9SHC5F9S-FBRQP4E3Z\/image.png?t=xoxe-332590185332-430098056850-431139793783-a3ecafe0d0f66efa522a67af632228d7",
                "url_private_download": "https:\/\/files.slack.com\/files-pri\/T9SHC5F9S-FBRQP4E3Z\/download\/image.png?t=xoxe-332590185332-430098056850-431139793783-a3ecafe0d0f66efa522a67af632228d7",
                "thumb_64": "https:\/\/files.slack.com\/files-tmb\/T9SHC5F9S-FBRQP4E3Z-58c34829b2\/image_64.png?t=xoxe-332590185332-430098056850-431139793783-a3ecafe0d0f66efa522a67af632228d7",
                "thumb_80": "https:\/\/files.slack.com\/files-tmb\/T9SHC5F9S-FBRQP4E3Z-58c34829b2\/image_80.png?t=xoxe-332590185332-430098056850-431139793783-a3ecafe0d0f66efa522a67af632228d7",
                "thumb_360": "https:\/\/files.slack.com\/files-tmb\/T9SHC5F9S-FBRQP4E3Z-58c34829b2\/image_360.png?t=xoxe-332590185332-430098056850-431139793783-a3ecafe0d0f66efa522a67af632228d7",
                "thumb_360_w": 360,
                "thumb_360_h": 109,
                "thumb_480": "https:\/\/files.slack.com\/files-tmb\/T9SHC5F9S-FBRQP4E3Z-58c34829b2\/image_480.png?t=xoxe-332590185332-430098056850-431139793783-a3ecafe0d0f66efa522a67af632228d7",
                "thumb_480_w": 480,
                "thumb_480_h": 145,
                "thumb_160": "https:\/\/files.slack.com\/files-tmb\/T9SHC5F9S-FBRQP4E3Z-58c34829b2\/image_160.png?t=xoxe-332590185332-430098056850-431139793783-a3ecafe0d0f66efa522a67af632228d7",
                "thumb_720": "https:\/\/files.slack.com\/files-tmb\/T9SHC5F9S-FBRQP4E3Z-58c34829b2\/image_720.png?t=xoxe-332590185332-430098056850-431139793783-a3ecafe0d0f66efa522a67af632228d7",
                "thumb_720_w": 720,
                "thumb_720_h": 218,
                "thumb_800": "https:\/\/files.slack.com\/files-tmb\/T9SHC5F9S-FBRQP4E3Z-58c34829b2\/image_800.png?t=xoxe-332590185332-430098056850-431139793783-a3ecafe0d0f66efa522a67af632228d7",
                "thumb_800_w": 800,
                "thumb_800_h": 242,
                "thumb_960": "https:\/\/files.slack.com\/files-tmb\/T9SHC5F9S-FBRQP4E3Z-58c34829b2\/image_960.png?t=xoxe-332590185332-430098056850-431139793783-a3ecafe0d0f66efa522a67af632228d7",
                "thumb_960_w": 960,
                "thumb_960_h": 290,
                "image_exif_rotation": 1,
                "original_w": 992,
                "original_h": 300,
                "permalink": "https:\/\/daitgirls.slack.com\/files\/UBE3NMLCD\/FBRQP4E3Z\/image.png",
                "permalink_public": "https:\/\/slack-files.com\/T9SHC5F9S-FBRQP4E3Z-337601ca55"
            }
        ],
        "comment": {
            "id": "FcBQKSAKLK",
            "created": 1531640038,
            "timestamp": 1531640038,
            "user": "U9SN17L0M",
            "is_intro": false,
            "comment": "<@UBE3NMLCD> 다른 조 코드를 받아와서 보고 있는데 같은 현상이 있어서 먼저 해결해고 알려드릴게요.",
            "reactions": [
                {
                    "name": "+1",
                    "users": [
                        "UBELL5EF5"
                    ],
                    "count": 1
                }
            ]
        },
        "is_intro": false,
        "ts": "1531640038.000013"
    },
    {
        "type": "message",
        "text": "컨플릭 해결해보려고 이것저것 시도해봤는데 결국 실패했어요..\n일단 판다스 번역은 다른 파일에다가 저장해 둘게요!",
        "files": [
            {
                "id": "FBQ7C2Q01",
                "created": 1531640546,
                "timestamp": 1531640546,
                "name": "꾸미기_20180715_163333.jpg",
                "title": "@배로",
                "mimetype": "image\/jpeg",
                "filetype": "jpg",
                "pretty_type": "JPEG",
                "user": "UBE3NMLCD",
                "editable": false,
                "size": 592761,
                "mode": "hosted",
                "is_external": false,
                "external_type": "",
                "is_public": true,
                "public_url_shared": false,
                "display_as_bot": false,
                "username": "",
                "url_private": "https:\/\/files.slack.com\/files-pri\/T9SHC5F9S-FBQ7C2Q01\/__________20180715_163333.jpg?t=xoxe-332590185332-430098056850-431139793783-a3ecafe0d0f66efa522a67af632228d7",
                "url_private_download": "https:\/\/files.slack.com\/files-pri\/T9SHC5F9S-FBQ7C2Q01\/download\/__________20180715_163333.jpg?t=xoxe-332590185332-430098056850-431139793783-a3ecafe0d0f66efa522a67af632228d7",
                "thumb_64": "https:\/\/files.slack.com\/files-tmb\/T9SHC5F9S-FBQ7C2Q01-67447d7dfe\/__________20180715_163333_64.jpg?t=xoxe-332590185332-430098056850-431139793783-a3ecafe0d0f66efa522a67af632228d7",
                "thumb_80": "https:\/\/files.slack.com\/files-tmb\/T9SHC5F9S-FBQ7C2Q01-67447d7dfe\/__________20180715_163333_80.jpg?t=xoxe-332590185332-430098056850-431139793783-a3ecafe0d0f66efa522a67af632228d7",
                "thumb_360": "https:\/\/files.slack.com\/files-tmb\/T9SHC5F9S-FBQ7C2Q01-67447d7dfe\/__________20180715_163333_360.jpg?t=xoxe-332590185332-430098056850-431139793783-a3ecafe0d0f66efa522a67af632228d7",
                "thumb_360_w": 360,
                "thumb_360_h": 349,
                "thumb_480": "https:\/\/files.slack.com\/files-tmb\/T9SHC5F9S-FBQ7C2Q01-67447d7dfe\/__________20180715_163333_480.jpg?t=xoxe-332590185332-430098056850-431139793783-a3ecafe0d0f66efa522a67af632228d7",
                "thumb_480_w": 480,
                "thumb_480_h": 465,
                "thumb_160": "https:\/\/files.slack.com\/files-tmb\/T9SHC5F9S-FBQ7C2Q01-67447d7dfe\/__________20180715_163333_160.jpg?t=xoxe-332590185332-430098056850-431139793783-a3ecafe0d0f66efa522a67af632228d7",
                "thumb_720": "https:\/\/files.slack.com\/files-tmb\/T9SHC5F9S-FBQ7C2Q01-67447d7dfe\/__________20180715_163333_720.jpg?t=xoxe-332590185332-430098056850-431139793783-a3ecafe0d0f66efa522a67af632228d7",
                "thumb_720_w": 720,
                "thumb_720_h": 698,
                "thumb_800": "https:\/\/files.slack.com\/files-tmb\/T9SHC5F9S-FBQ7C2Q01-67447d7dfe\/__________20180715_163333_800.jpg?t=xoxe-332590185332-430098056850-431139793783-a3ecafe0d0f66efa522a67af632228d7",
                "thumb_800_w": 800,
                "thumb_800_h": 776,
                "thumb_960": "https:\/\/files.slack.com\/files-tmb\/T9SHC5F9S-FBQ7C2Q01-67447d7dfe\/__________20180715_163333_960.jpg?t=xoxe-332590185332-430098056850-431139793783-a3ecafe0d0f66efa522a67af632228d7",
                "thumb_960_w": 960,
                "thumb_960_h": 931,
                "image_exif_rotation": 1,
                "original_w": 986,
                "original_h": 956,
                "permalink": "https:\/\/daitgirls.slack.com\/files\/UBE3NMLCD\/FBQ7C2Q01\/__________20180715_163333.jpg",
                "permalink_public": "https:\/\/slack-files.com\/T9SHC5F9S-FBQ7C2Q01-914d631e0d"
            }
        ],
        "upload": true,
        "user": "UBE3NMLCD",
        "display_as_bot": false,
        "ts": "1531640549.000038"
    },
    {
        "type": "message",
        "text": "",
        "files": [
            {
                "id": "FBQ2Q5SN4",
                "created": 1531640554,
                "timestamp": 1531640554,
                "name": "꾸미기_20180715_163403.jpg",
                "title": "꾸미기_20180715_163403.jpg",
                "mimetype": "image\/jpeg",
                "filetype": "jpg",
                "pretty_type": "JPEG",
                "user": "UBE3NMLCD",
                "editable": false,
                "size": 620505,
                "mode": "hosted",
                "is_external": false,
                "external_type": "",
                "is_public": true,
                "public_url_shared": false,
                "display_as_bot": false,
                "username": "",
                "url_private": "https:\/\/files.slack.com\/files-pri\/T9SHC5F9S-FBQ2Q5SN4\/__________20180715_163403.jpg?t=xoxe-332590185332-430098056850-431139793783-a3ecafe0d0f66efa522a67af632228d7",
                "url_private_download": "https:\/\/files.slack.com\/files-pri\/T9SHC5F9S-FBQ2Q5SN4\/download\/__________20180715_163403.jpg?t=xoxe-332590185332-430098056850-431139793783-a3ecafe0d0f66efa522a67af632228d7",
                "thumb_64": "https:\/\/files.slack.com\/files-tmb\/T9SHC5F9S-FBQ2Q5SN4-12e48ec8bf\/__________20180715_163403_64.jpg?t=xoxe-332590185332-430098056850-431139793783-a3ecafe0d0f66efa522a67af632228d7",
                "thumb_80": "https:\/\/files.slack.com\/files-tmb\/T9SHC5F9S-FBQ2Q5SN4-12e48ec8bf\/__________20180715_163403_80.jpg?t=xoxe-332590185332-430098056850-431139793783-a3ecafe0d0f66efa522a67af632228d7",
                "thumb_360": "https:\/\/files.slack.com\/files-tmb\/T9SHC5F9S-FBQ2Q5SN4-12e48ec8bf\/__________20180715_163403_360.jpg?t=xoxe-332590185332-430098056850-431139793783-a3ecafe0d0f66efa522a67af632228d7",
                "thumb_360_w": 360,
                "thumb_360_h": 302,
                "thumb_480": "https:\/\/files.slack.com\/files-tmb\/T9SHC5F9S-FBQ2Q5SN4-12e48ec8bf\/__________20180715_163403_480.jpg?t=xoxe-332590185332-430098056850-431139793783-a3ecafe0d0f66efa522a67af632228d7",
                "thumb_480_w": 480,
                "thumb_480_h": 403,
                "thumb_160": "https:\/\/files.slack.com\/files-tmb\/T9SHC5F9S-FBQ2Q5SN4-12e48ec8bf\/__________20180715_163403_160.jpg?t=xoxe-332590185332-430098056850-431139793783-a3ecafe0d0f66efa522a67af632228d7",
                "thumb_720": "https:\/\/files.slack.com\/files-tmb\/T9SHC5F9S-FBQ2Q5SN4-12e48ec8bf\/__________20180715_163403_720.jpg?t=xoxe-332590185332-430098056850-431139793783-a3ecafe0d0f66efa522a67af632228d7",
                "thumb_720_w": 720,
                "thumb_720_h": 605,
                "thumb_800": "https:\/\/files.slack.com\/files-tmb\/T9SHC5F9S-FBQ2Q5SN4-12e48ec8bf\/__________20180715_163403_800.jpg?t=xoxe-332590185332-430098056850-431139793783-a3ecafe0d0f66efa522a67af632228d7",
                "thumb_800_w": 800,
                "thumb_800_h": 672,
                "thumb_960": "https:\/\/files.slack.com\/files-tmb\/T9SHC5F9S-FBQ2Q5SN4-12e48ec8bf\/__________20180715_163403_960.jpg?t=xoxe-332590185332-430098056850-431139793783-a3ecafe0d0f66efa522a67af632228d7",
                "thumb_960_w": 960,
                "thumb_960_h": 806,
                "thumb_1024": "https:\/\/files.slack.com\/files-tmb\/T9SHC5F9S-FBQ2Q5SN4-12e48ec8bf\/__________20180715_163403_1024.jpg?t=xoxe-332590185332-430098056850-431139793783-a3ecafe0d0f66efa522a67af632228d7",
                "thumb_1024_w": 1024,
                "thumb_1024_h": 860,
                "image_exif_rotation": 1,
                "original_w": 1193,
                "original_h": 1002,
                "permalink": "https:\/\/daitgirls.slack.com\/files\/UBE3NMLCD\/FBQ2Q5SN4\/__________20180715_163403.jpg",
                "permalink_public": "https:\/\/slack-files.com\/T9SHC5F9S-FBQ2Q5SN4-2b32d27be4"
            }
        ],
        "upload": true,
        "user": "UBE3NMLCD",
        "display_as_bot": false,
        "ts": "1531640557.000046"
    },
    {
        "type": "message",
        "text": "",
        "files": [
            {
                "id": "FBS3R08MC",
                "created": 1531640559,
                "timestamp": 1531640559,
                "name": "꾸미기_ALCC6E0.jpg",
                "title": "꾸미기_ALCC6E0.jpg",
                "mimetype": "image\/jpeg",
                "filetype": "jpg",
                "pretty_type": "JPEG",
                "user": "UBE3NMLCD",
                "editable": false,
                "size": 358632,
                "mode": "hosted",
                "is_external": false,
                "external_type": "",
                "is_public": true,
                "public_url_shared": false,
                "display_as_bot": false,
                "username": "",
                "url_private": "https:\/\/files.slack.com\/files-pri\/T9SHC5F9S-FBS3R08MC\/__________alcc6e0.jpg?t=xoxe-332590185332-430098056850-431139793783-a3ecafe0d0f66efa522a67af632228d7",
                "url_private_download": "https:\/\/files.slack.com\/files-pri\/T9SHC5F9S-FBS3R08MC\/download\/__________alcc6e0.jpg?t=xoxe-332590185332-430098056850-431139793783-a3ecafe0d0f66efa522a67af632228d7",
                "thumb_64": "https:\/\/files.slack.com\/files-tmb\/T9SHC5F9S-FBS3R08MC-a457438631\/__________alcc6e0_64.jpg?t=xoxe-332590185332-430098056850-431139793783-a3ecafe0d0f66efa522a67af632228d7",
                "thumb_80": "https:\/\/files.slack.com\/files-tmb\/T9SHC5F9S-FBS3R08MC-a457438631\/__________alcc6e0_80.jpg?t=xoxe-332590185332-430098056850-431139793783-a3ecafe0d0f66efa522a67af632228d7",
                "thumb_360": "https:\/\/files.slack.com\/files-tmb\/T9SHC5F9S-FBS3R08MC-a457438631\/__________alcc6e0_360.jpg?t=xoxe-332590185332-430098056850-431139793783-a3ecafe0d0f66efa522a67af632228d7",
                "thumb_360_w": 360,
                "thumb_360_h": 257,
                "thumb_480": "https:\/\/files.slack.com\/files-tmb\/T9SHC5F9S-FBS3R08MC-a457438631\/__________alcc6e0_480.jpg?t=xoxe-332590185332-430098056850-431139793783-a3ecafe0d0f66efa522a67af632228d7",
                "thumb_480_w": 480,
                "thumb_480_h": 343,
                "thumb_160": "https:\/\/files.slack.com\/files-tmb\/T9SHC5F9S-FBS3R08MC-a457438631\/__________alcc6e0_160.jpg?t=xoxe-332590185332-430098056850-431139793783-a3ecafe0d0f66efa522a67af632228d7",
                "thumb_720": "https:\/\/files.slack.com\/files-tmb\/T9SHC5F9S-FBS3R08MC-a457438631\/__________alcc6e0_720.jpg?t=xoxe-332590185332-430098056850-431139793783-a3ecafe0d0f66efa522a67af632228d7",
                "thumb_720_w": 720,
                "thumb_720_h": 514,
                "thumb_800": "https:\/\/files.slack.com\/files-tmb\/T9SHC5F9S-FBS3R08MC-a457438631\/__________alcc6e0_800.jpg?t=xoxe-332590185332-430098056850-431139793783-a3ecafe0d0f66efa522a67af632228d7",
                "thumb_800_w": 800,
                "thumb_800_h": 572,
                "image_exif_rotation": 1,
                "original_w": 928,
                "original_h": 663,
                "permalink": "https:\/\/daitgirls.slack.com\/files\/UBE3NMLCD\/FBS3R08MC\/__________alcc6e0.jpg",
                "permalink_public": "https:\/\/slack-files.com\/T9SHC5F9S-FBS3R08MC-d79292fdc8"
            }
        ],
        "upload": true,
        "user": "UBE3NMLCD",
        "display_as_bot": false,
        "ts": "1531640562.000005"
    },
    {
        "type": "message",
        "user": "UBE3NMLCD",
        "text": "<@U9SN17L0M> 사진 순서가 섞였네요ㅜㅜ 세번째 첫번째 두번째 순서에요",
        "client_msg_id": "96ad4dd6-0f0a-449e-a381-aad74031514a",
        "ts": "1531640603.000003"
    },
    {
        "type": "message",
        "user": "U9SN17L0M",
        "text": "<@UBE3NMLCD> 네 말씀하신 것처럼 다른 파일에 작업해 두시는게 좋을 것 같아요.",
        "client_msg_id": "006bd076-914a-4af0-9b21-ade186d8fcae",
        "ts": "1531640833.000003"
    },
    {
        "type": "message",
        "subtype": "file_comment",
        "text": "<@U9SN17L0M> commented on <@UBE3NMLCD>’s file <https:\/\/daitgirls.slack.com\/files\/UBE3NMLCD\/FBRQP4E3Z\/image.png|@배로>: 깃헙에 푸시는 안 하신거죠?",
        "file": {
            "id": "FBRQP4E3Z",
            "created": 1531638771,
            "timestamp": 1531638771,
            "name": "image.png",
            "title": "@배로",
            "mimetype": "image\/png",
            "filetype": "png",
            "pretty_type": "PNG",
            "user": "UBE3NMLCD",
            "editable": false,
            "size": 24976,
            "mode": "hosted",
            "is_external": false,
            "external_type": "",
            "is_public": true,
            "public_url_shared": false,
            "display_as_bot": false,
            "username": "",
            "url_private": "https:\/\/files.slack.com\/files-pri\/T9SHC5F9S-FBRQP4E3Z\/image.png?t=xoxe-332590185332-430098056850-431139793783-a3ecafe0d0f66efa522a67af632228d7",
            "url_private_download": "https:\/\/files.slack.com\/files-pri\/T9SHC5F9S-FBRQP4E3Z\/download\/image.png?t=xoxe-332590185332-430098056850-431139793783-a3ecafe0d0f66efa522a67af632228d7",
            "thumb_64": "https:\/\/files.slack.com\/files-tmb\/T9SHC5F9S-FBRQP4E3Z-58c34829b2\/image_64.png?t=xoxe-332590185332-430098056850-431139793783-a3ecafe0d0f66efa522a67af632228d7",
            "thumb_80": "https:\/\/files.slack.com\/files-tmb\/T9SHC5F9S-FBRQP4E3Z-58c34829b2\/image_80.png?t=xoxe-332590185332-430098056850-431139793783-a3ecafe0d0f66efa522a67af632228d7",
            "thumb_360": "https:\/\/files.slack.com\/files-tmb\/T9SHC5F9S-FBRQP4E3Z-58c34829b2\/image_360.png?t=xoxe-332590185332-430098056850-431139793783-a3ecafe0d0f66efa522a67af632228d7",
            "thumb_360_w": 360,
            "thumb_360_h": 109,
            "thumb_480": "https:\/\/files.slack.com\/files-tmb\/T9SHC5F9S-FBRQP4E3Z-58c34829b2\/image_480.png?t=xoxe-332590185332-430098056850-431139793783-a3ecafe0d0f66efa522a67af632228d7",
            "thumb_480_w": 480,
            "thumb_480_h": 145,
            "thumb_160": "https:\/\/files.slack.com\/files-tmb\/T9SHC5F9S-FBRQP4E3Z-58c34829b2\/image_160.png?t=xoxe-332590185332-430098056850-431139793783-a3ecafe0d0f66efa522a67af632228d7",
            "thumb_720": "https:\/\/files.slack.com\/files-tmb\/T9SHC5F9S-FBRQP4E3Z-58c34829b2\/image_720.png?t=xoxe-332590185332-430098056850-431139793783-a3ecafe0d0f66efa522a67af632228d7",
            "thumb_720_w": 720,
            "thumb_720_h": 218,
            "thumb_800": "https:\/\/files.slack.com\/files-tmb\/T9SHC5F9S-FBRQP4E3Z-58c34829b2\/image_800.png?t=xoxe-332590185332-430098056850-431139793783-a3ecafe0d0f66efa522a67af632228d7",
            "thumb_800_w": 800,
            "thumb_800_h": 242,
            "thumb_960": "https:\/\/files.slack.com\/files-tmb\/T9SHC5F9S-FBRQP4E3Z-58c34829b2\/image_960.png?t=xoxe-332590185332-430098056850-431139793783-a3ecafe0d0f66efa522a67af632228d7",
            "thumb_960_w": 960,
            "thumb_960_h": 290,
            "image_exif_rotation": 1,
            "original_w": 992,
            "original_h": 300,
            "permalink": "https:\/\/daitgirls.slack.com\/files\/UBE3NMLCD\/FBRQP4E3Z\/image.png",
            "permalink_public": "https:\/\/slack-files.com\/T9SHC5F9S-FBRQP4E3Z-337601ca55"
        },
        "files": [
            {
                "id": "FBRQP4E3Z",
                "created": 1531638771,
                "timestamp": 1531638771,
                "name": "image.png",
                "title": "@배로",
                "mimetype": "image\/png",
                "filetype": "png",
                "pretty_type": "PNG",
                "user": "UBE3NMLCD",
                "editable": false,
                "size": 24976,
                "mode": "hosted",
                "is_external": false,
                "external_type": "",
                "is_public": true,
                "public_url_shared": false,
                "display_as_bot": false,
                "username": "",
                "url_private": "https:\/\/files.slack.com\/files-pri\/T9SHC5F9S-FBRQP4E3Z\/image.png?t=xoxe-332590185332-430098056850-431139793783-a3ecafe0d0f66efa522a67af632228d7",
                "url_private_download": "https:\/\/files.slack.com\/files-pri\/T9SHC5F9S-FBRQP4E3Z\/download\/image.png?t=xoxe-332590185332-430098056850-431139793783-a3ecafe0d0f66efa522a67af632228d7",
                "thumb_64": "https:\/\/files.slack.com\/files-tmb\/T9SHC5F9S-FBRQP4E3Z-58c34829b2\/image_64.png?t=xoxe-332590185332-430098056850-431139793783-a3ecafe0d0f66efa522a67af632228d7",
                "thumb_80": "https:\/\/files.slack.com\/files-tmb\/T9SHC5F9S-FBRQP4E3Z-58c34829b2\/image_80.png?t=xoxe-332590185332-430098056850-431139793783-a3ecafe0d0f66efa522a67af632228d7",
                "thumb_360": "https:\/\/files.slack.com\/files-tmb\/T9SHC5F9S-FBRQP4E3Z-58c34829b2\/image_360.png?t=xoxe-332590185332-430098056850-431139793783-a3ecafe0d0f66efa522a67af632228d7",
                "thumb_360_w": 360,
                "thumb_360_h": 109,
                "thumb_480": "https:\/\/files.slack.com\/files-tmb\/T9SHC5F9S-FBRQP4E3Z-58c34829b2\/image_480.png?t=xoxe-332590185332-430098056850-431139793783-a3ecafe0d0f66efa522a67af632228d7",
                "thumb_480_w": 480,
                "thumb_480_h": 145,
                "thumb_160": "https:\/\/files.slack.com\/files-tmb\/T9SHC5F9S-FBRQP4E3Z-58c34829b2\/image_160.png?t=xoxe-332590185332-430098056850-431139793783-a3ecafe0d0f66efa522a67af632228d7",
                "thumb_720": "https:\/\/files.slack.com\/files-tmb\/T9SHC5F9S-FBRQP4E3Z-58c34829b2\/image_720.png?t=xoxe-332590185332-430098056850-431139793783-a3ecafe0d0f66efa522a67af632228d7",
                "thumb_720_w": 720,
                "thumb_720_h": 218,
                "thumb_800": "https:\/\/files.slack.com\/files-tmb\/T9SHC5F9S-FBRQP4E3Z-58c34829b2\/image_800.png?t=xoxe-332590185332-430098056850-431139793783-a3ecafe0d0f66efa522a67af632228d7",
                "thumb_800_w": 800,
                "thumb_800_h": 242,
                "thumb_960": "https:\/\/files.slack.com\/files-tmb\/T9SHC5F9S-FBRQP4E3Z-58c34829b2\/image_960.png?t=xoxe-332590185332-430098056850-431139793783-a3ecafe0d0f66efa522a67af632228d7",
                "thumb_960_w": 960,
                "thumb_960_h": 290,
                "image_exif_rotation": 1,
                "original_w": 992,
                "original_h": 300,
                "permalink": "https:\/\/daitgirls.slack.com\/files\/UBE3NMLCD\/FBRQP4E3Z\/image.png",
                "permalink_public": "https:\/\/slack-files.com\/T9SHC5F9S-FBRQP4E3Z-337601ca55"
            }
        ],
        "comment": {
            "id": "FcBQTX1DC5",
            "created": 1531642214,
            "timestamp": 1531642214,
            "user": "U9SN17L0M",
            "is_intro": false,
            "comment": "깃헙에 푸시는 안 하신거죠?"
        },
        "is_intro": false,
        "ts": "1531642214.000033"
    },
    {
        "type": "message",
        "subtype": "file_comment",
        "text": "<@UBE3NMLCD> commented on <@UBE3NMLCD>’s file <https:\/\/daitgirls.slack.com\/files\/UBE3NMLCD\/FBRQP4E3Z\/image.png|@배로>: 네 안했어요 pull만 계속 했어요...",
        "file": {
            "id": "FBRQP4E3Z",
            "created": 1531638771,
            "timestamp": 1531638771,
            "name": "image.png",
            "title": "@배로",
            "mimetype": "image\/png",
            "filetype": "png",
            "pretty_type": "PNG",
            "user": "UBE3NMLCD",
            "editable": false,
            "size": 24976,
            "mode": "hosted",
            "is_external": false,
            "external_type": "",
            "is_public": true,
            "public_url_shared": false,
            "display_as_bot": false,
            "username": "",
            "url_private": "https:\/\/files.slack.com\/files-pri\/T9SHC5F9S-FBRQP4E3Z\/image.png?t=xoxe-332590185332-430098056850-431139793783-a3ecafe0d0f66efa522a67af632228d7",
            "url_private_download": "https:\/\/files.slack.com\/files-pri\/T9SHC5F9S-FBRQP4E3Z\/download\/image.png?t=xoxe-332590185332-430098056850-431139793783-a3ecafe0d0f66efa522a67af632228d7",
            "thumb_64": "https:\/\/files.slack.com\/files-tmb\/T9SHC5F9S-FBRQP4E3Z-58c34829b2\/image_64.png?t=xoxe-332590185332-430098056850-431139793783-a3ecafe0d0f66efa522a67af632228d7",
            "thumb_80": "https:\/\/files.slack.com\/files-tmb\/T9SHC5F9S-FBRQP4E3Z-58c34829b2\/image_80.png?t=xoxe-332590185332-430098056850-431139793783-a3ecafe0d0f66efa522a67af632228d7",
            "thumb_360": "https:\/\/files.slack.com\/files-tmb\/T9SHC5F9S-FBRQP4E3Z-58c34829b2\/image_360.png?t=xoxe-332590185332-430098056850-431139793783-a3ecafe0d0f66efa522a67af632228d7",
            "thumb_360_w": 360,
            "thumb_360_h": 109,
            "thumb_480": "https:\/\/files.slack.com\/files-tmb\/T9SHC5F9S-FBRQP4E3Z-58c34829b2\/image_480.png?t=xoxe-332590185332-430098056850-431139793783-a3ecafe0d0f66efa522a67af632228d7",
            "thumb_480_w": 480,
            "thumb_480_h": 145,
            "thumb_160": "https:\/\/files.slack.com\/files-tmb\/T9SHC5F9S-FBRQP4E3Z-58c34829b2\/image_160.png?t=xoxe-332590185332-430098056850-431139793783-a3ecafe0d0f66efa522a67af632228d7",
            "thumb_720": "https:\/\/files.slack.com\/files-tmb\/T9SHC5F9S-FBRQP4E3Z-58c34829b2\/image_720.png?t=xoxe-332590185332-430098056850-431139793783-a3ecafe0d0f66efa522a67af632228d7",
            "thumb_720_w": 720,
            "thumb_720_h": 218,
            "thumb_800": "https:\/\/files.slack.com\/files-tmb\/T9SHC5F9S-FBRQP4E3Z-58c34829b2\/image_800.png?t=xoxe-332590185332-430098056850-431139793783-a3ecafe0d0f66efa522a67af632228d7",
            "thumb_800_w": 800,
            "thumb_800_h": 242,
            "thumb_960": "https:\/\/files.slack.com\/files-tmb\/T9SHC5F9S-FBRQP4E3Z-58c34829b2\/image_960.png?t=xoxe-332590185332-430098056850-431139793783-a3ecafe0d0f66efa522a67af632228d7",
            "thumb_960_w": 960,
            "thumb_960_h": 290,
            "image_exif_rotation": 1,
            "original_w": 992,
            "original_h": 300,
            "permalink": "https:\/\/daitgirls.slack.com\/files\/UBE3NMLCD\/FBRQP4E3Z\/image.png",
            "permalink_public": "https:\/\/slack-files.com\/T9SHC5F9S-FBRQP4E3Z-337601ca55"
        },
        "files": [
            {
                "id": "FBRQP4E3Z",
                "created": 1531638771,
                "timestamp": 1531638771,
                "name": "image.png",
                "title": "@배로",
                "mimetype": "image\/png",
                "filetype": "png",
                "pretty_type": "PNG",
                "user": "UBE3NMLCD",
                "editable": false,
                "size": 24976,
                "mode": "hosted",
                "is_external": false,
                "external_type": "",
                "is_public": true,
                "public_url_shared": false,
                "display_as_bot": false,
                "username": "",
                "url_private": "https:\/\/files.slack.com\/files-pri\/T9SHC5F9S-FBRQP4E3Z\/image.png?t=xoxe-332590185332-430098056850-431139793783-a3ecafe0d0f66efa522a67af632228d7",
                "url_private_download": "https:\/\/files.slack.com\/files-pri\/T9SHC5F9S-FBRQP4E3Z\/download\/image.png?t=xoxe-332590185332-430098056850-431139793783-a3ecafe0d0f66efa522a67af632228d7",
                "thumb_64": "https:\/\/files.slack.com\/files-tmb\/T9SHC5F9S-FBRQP4E3Z-58c34829b2\/image_64.png?t=xoxe-332590185332-430098056850-431139793783-a3ecafe0d0f66efa522a67af632228d7",
                "thumb_80": "https:\/\/files.slack.com\/files-tmb\/T9SHC5F9S-FBRQP4E3Z-58c34829b2\/image_80.png?t=xoxe-332590185332-430098056850-431139793783-a3ecafe0d0f66efa522a67af632228d7",
                "thumb_360": "https:\/\/files.slack.com\/files-tmb\/T9SHC5F9S-FBRQP4E3Z-58c34829b2\/image_360.png?t=xoxe-332590185332-430098056850-431139793783-a3ecafe0d0f66efa522a67af632228d7",
                "thumb_360_w": 360,
                "thumb_360_h": 109,
                "thumb_480": "https:\/\/files.slack.com\/files-tmb\/T9SHC5F9S-FBRQP4E3Z-58c34829b2\/image_480.png?t=xoxe-332590185332-430098056850-431139793783-a3ecafe0d0f66efa522a67af632228d7",
                "thumb_480_w": 480,
                "thumb_480_h": 145,
                "thumb_160": "https:\/\/files.slack.com\/files-tmb\/T9SHC5F9S-FBRQP4E3Z-58c34829b2\/image_160.png?t=xoxe-332590185332-430098056850-431139793783-a3ecafe0d0f66efa522a67af632228d7",
                "thumb_720": "https:\/\/files.slack.com\/files-tmb\/T9SHC5F9S-FBRQP4E3Z-58c34829b2\/image_720.png?t=xoxe-332590185332-430098056850-431139793783-a3ecafe0d0f66efa522a67af632228d7",
                "thumb_720_w": 720,
                "thumb_720_h": 218,
                "thumb_800": "https:\/\/files.slack.com\/files-tmb\/T9SHC5F9S-FBRQP4E3Z-58c34829b2\/image_800.png?t=xoxe-332590185332-430098056850-431139793783-a3ecafe0d0f66efa522a67af632228d7",
                "thumb_800_w": 800,
                "thumb_800_h": 242,
                "thumb_960": "https:\/\/files.slack.com\/files-tmb\/T9SHC5F9S-FBRQP4E3Z-58c34829b2\/image_960.png?t=xoxe-332590185332-430098056850-431139793783-a3ecafe0d0f66efa522a67af632228d7",
                "thumb_960_w": 960,
                "thumb_960_h": 290,
                "image_exif_rotation": 1,
                "original_w": 992,
                "original_h": 300,
                "permalink": "https:\/\/daitgirls.slack.com\/files\/UBE3NMLCD\/FBRQP4E3Z\/image.png",
                "permalink_public": "https:\/\/slack-files.com\/T9SHC5F9S-FBRQP4E3Z-337601ca55"
            }
        ],
        "comment": {
            "id": "FcBQKXFK43",
            "created": 1531642247,
            "timestamp": 1531642247,
            "user": "UBE3NMLCD",
            "is_intro": false,
            "comment": "네 안했어요 pull만 계속 했어요..."
        },
        "is_intro": false,
        "ts": "1531642247.000043"
    },
    {
        "type": "message",
        "subtype": "file_comment",
        "text": "<@U9SN17L0M> commented on <@UBE3NMLCD>’s file <https:\/\/daitgirls.slack.com\/files\/UBE3NMLCD\/FBRQP4E3Z\/image.png|@배로>: <@UBE3NMLCD> JSON 포맷이 아닌 문자가 있어서 그런데 해당 포맷이 아닌 문자를 고쳐주거나 제거해 주면 되는데 해당 파일을 저에게 DM으로 주시면 봐드릴게요.",
        "file": {
            "id": "FBRQP4E3Z",
            "created": 1531638771,
            "timestamp": 1531638771,
            "name": "image.png",
            "title": "@배로",
            "mimetype": "image\/png",
            "filetype": "png",
            "pretty_type": "PNG",
            "user": "UBE3NMLCD",
            "editable": false,
            "size": 24976,
            "mode": "hosted",
            "is_external": false,
            "external_type": "",
            "is_public": true,
            "public_url_shared": false,
            "display_as_bot": false,
            "username": "",
            "url_private": "https:\/\/files.slack.com\/files-pri\/T9SHC5F9S-FBRQP4E3Z\/image.png?t=xoxe-332590185332-430098056850-431139793783-a3ecafe0d0f66efa522a67af632228d7",
            "url_private_download": "https:\/\/files.slack.com\/files-pri\/T9SHC5F9S-FBRQP4E3Z\/download\/image.png?t=xoxe-332590185332-430098056850-431139793783-a3ecafe0d0f66efa522a67af632228d7",
            "thumb_64": "https:\/\/files.slack.com\/files-tmb\/T9SHC5F9S-FBRQP4E3Z-58c34829b2\/image_64.png?t=xoxe-332590185332-430098056850-431139793783-a3ecafe0d0f66efa522a67af632228d7",
            "thumb_80": "https:\/\/files.slack.com\/files-tmb\/T9SHC5F9S-FBRQP4E3Z-58c34829b2\/image_80.png?t=xoxe-332590185332-430098056850-431139793783-a3ecafe0d0f66efa522a67af632228d7",
            "thumb_360": "https:\/\/files.slack.com\/files-tmb\/T9SHC5F9S-FBRQP4E3Z-58c34829b2\/image_360.png?t=xoxe-332590185332-430098056850-431139793783-a3ecafe0d0f66efa522a67af632228d7",
            "thumb_360_w": 360,
            "thumb_360_h": 109,
            "thumb_480": "https:\/\/files.slack.com\/files-tmb\/T9SHC5F9S-FBRQP4E3Z-58c34829b2\/image_480.png?t=xoxe-332590185332-430098056850-431139793783-a3ecafe0d0f66efa522a67af632228d7",
            "thumb_480_w": 480,
            "thumb_480_h": 145,
            "thumb_160": "https:\/\/files.slack.com\/files-tmb\/T9SHC5F9S-FBRQP4E3Z-58c34829b2\/image_160.png?t=xoxe-332590185332-430098056850-431139793783-a3ecafe0d0f66efa522a67af632228d7",
            "thumb_720": "https:\/\/files.slack.com\/files-tmb\/T9SHC5F9S-FBRQP4E3Z-58c34829b2\/image_720.png?t=xoxe-332590185332-430098056850-431139793783-a3ecafe0d0f66efa522a67af632228d7",
            "thumb_720_w": 720,
            "thumb_720_h": 218,
            "thumb_800": "https:\/\/files.slack.com\/files-tmb\/T9SHC5F9S-FBRQP4E3Z-58c34829b2\/image_800.png?t=xoxe-332590185332-430098056850-431139793783-a3ecafe0d0f66efa522a67af632228d7",
            "thumb_800_w": 800,
            "thumb_800_h": 242,
            "thumb_960": "https:\/\/files.slack.com\/files-tmb\/T9SHC5F9S-FBRQP4E3Z-58c34829b2\/image_960.png?t=xoxe-332590185332-430098056850-431139793783-a3ecafe0d0f66efa522a67af632228d7",
            "thumb_960_w": 960,
            "thumb_960_h": 290,
            "image_exif_rotation": 1,
            "original_w": 992,
            "original_h": 300,
            "permalink": "https:\/\/daitgirls.slack.com\/files\/UBE3NMLCD\/FBRQP4E3Z\/image.png",
            "permalink_public": "https:\/\/slack-files.com\/T9SHC5F9S-FBRQP4E3Z-337601ca55"
        },
        "files": [
            {
                "id": "FBRQP4E3Z",
                "created": 1531638771,
                "timestamp": 1531638771,
                "name": "image.png",
                "title": "@배로",
                "mimetype": "image\/png",
                "filetype": "png",
                "pretty_type": "PNG",
                "user": "UBE3NMLCD",
                "editable": false,
                "size": 24976,
                "mode": "hosted",
                "is_external": false,
                "external_type": "",
                "is_public": true,
                "public_url_shared": false,
                "display_as_bot": false,
                "username": "",
                "url_private": "https:\/\/files.slack.com\/files-pri\/T9SHC5F9S-FBRQP4E3Z\/image.png?t=xoxe-332590185332-430098056850-431139793783-a3ecafe0d0f66efa522a67af632228d7",
                "url_private_download": "https:\/\/files.slack.com\/files-pri\/T9SHC5F9S-FBRQP4E3Z\/download\/image.png?t=xoxe-332590185332-430098056850-431139793783-a3ecafe0d0f66efa522a67af632228d7",
                "thumb_64": "https:\/\/files.slack.com\/files-tmb\/T9SHC5F9S-FBRQP4E3Z-58c34829b2\/image_64.png?t=xoxe-332590185332-430098056850-431139793783-a3ecafe0d0f66efa522a67af632228d7",
                "thumb_80": "https:\/\/files.slack.com\/files-tmb\/T9SHC5F9S-FBRQP4E3Z-58c34829b2\/image_80.png?t=xoxe-332590185332-430098056850-431139793783-a3ecafe0d0f66efa522a67af632228d7",
                "thumb_360": "https:\/\/files.slack.com\/files-tmb\/T9SHC5F9S-FBRQP4E3Z-58c34829b2\/image_360.png?t=xoxe-332590185332-430098056850-431139793783-a3ecafe0d0f66efa522a67af632228d7",
                "thumb_360_w": 360,
                "thumb_360_h": 109,
                "thumb_480": "https:\/\/files.slack.com\/files-tmb\/T9SHC5F9S-FBRQP4E3Z-58c34829b2\/image_480.png?t=xoxe-332590185332-430098056850-431139793783-a3ecafe0d0f66efa522a67af632228d7",
                "thumb_480_w": 480,
                "thumb_480_h": 145,
                "thumb_160": "https:\/\/files.slack.com\/files-tmb\/T9SHC5F9S-FBRQP4E3Z-58c34829b2\/image_160.png?t=xoxe-332590185332-430098056850-431139793783-a3ecafe0d0f66efa522a67af632228d7",
                "thumb_720": "https:\/\/files.slack.com\/files-tmb\/T9SHC5F9S-FBRQP4E3Z-58c34829b2\/image_720.png?t=xoxe-332590185332-430098056850-431139793783-a3ecafe0d0f66efa522a67af632228d7",
                "thumb_720_w": 720,
                "thumb_720_h": 218,
                "thumb_800": "https:\/\/files.slack.com\/files-tmb\/T9SHC5F9S-FBRQP4E3Z-58c34829b2\/image_800.png?t=xoxe-332590185332-430098056850-431139793783-a3ecafe0d0f66efa522a67af632228d7",
                "thumb_800_w": 800,
                "thumb_800_h": 242,
                "thumb_960": "https:\/\/files.slack.com\/files-tmb\/T9SHC5F9S-FBRQP4E3Z-58c34829b2\/image_960.png?t=xoxe-332590185332-430098056850-431139793783-a3ecafe0d0f66efa522a67af632228d7",
                "thumb_960_w": 960,
                "thumb_960_h": 290,
                "image_exif_rotation": 1,
                "original_w": 992,
                "original_h": 300,
                "permalink": "https:\/\/daitgirls.slack.com\/files\/UBE3NMLCD\/FBRQP4E3Z\/image.png",
                "permalink_public": "https:\/\/slack-files.com\/T9SHC5F9S-FBRQP4E3Z-337601ca55"
            }
        ],
        "comment": {
            "id": "FcBQTX4HM3",
            "created": 1531642257,
            "timestamp": 1531642257,
            "user": "U9SN17L0M",
            "is_intro": false,
            "comment": "<@UBE3NMLCD> JSON 포맷이 아닌 문자가 있어서 그런데 해당 포맷이 아닌 문자를 고쳐주거나 제거해 주면 되는데 해당 파일을 저에게 DM으로 주시면 봐드릴게요."
        },
        "is_intro": false,
        "ts": "1531642257.000010"
    },
    {
        "type": "message",
        "user": "UBDRVLD1R",
        "text": "질문이 있습니다! 하나의 ssh key를 두 대의 pc에서 사용할 수 없을까요?",
        "client_msg_id": "59a12a81-8488-4473-b927-edeb6c0fe243",
        "thread_ts": "1531642455.000020",
        "reply_count": 4,
        "replies": [
            {
                "user": "U9SN17L0M",
                "ts": "1531642577.000009"
            },
            {
                "user": "UBDRVLD1R",
                "ts": "1531642727.000027"
            },
            {
                "user": "UBDRVLD1R",
                "ts": "1531642752.000006"
            },
            {
                "user": "U9SN17L0M",
                "ts": "1531647507.000054"
            }
        ],
        "unread_count": 4,
        "ts": "1531642455.000020",
        "reactions": [
            {
                "name": "+1",
                "users": [
                    "UBELL5EF5"
                ],
                "count": 1
            }
        ]
    },
    {
        "type": "message",
        "user": "U9SN17L0M",
        "text": "새로 생성해서 관리하는 것을 추천드려요. github SSH 메뉴에서 사용하지 않는 키는 제거하거나 관리할 수 있으니 새로운 장비에서 사용하실 때는 다시 생성해서 등록해 보세요.",
        "client_msg_id": "c0441a2a-1b9e-4716-a047-c941c019f097",
        "thread_ts": "1531642455.000020",
        "parent_user_id": "UBDRVLD1R",
        "ts": "1531642577.000009"
    },
    {
        "type": "message",
        "user": "UBDRVLD1R",
        "text": "그렇다면 제 iMac과 Macbook에서 각각 ssh를 생성한 후에 그것을 Github settings에서 등록하면, 두 대의 pc에서 컨플릭 없이 버전관리가 가능한가요?",
        "client_msg_id": "2789475c-d062-4bd8-9c6d-610829050372",
        "thread_ts": "1531642455.000020",
        "parent_user_id": "UBDRVLD1R",
        "ts": "1531642727.000027"
    },
    {
        "type": "message",
        "user": "UBDRVLD1R",
        "text": "그렇게 시도해보았는데 정적 블로깅 과정에서 자꾸 에러가 생겨서요. ㅜ",
        "client_msg_id": "8f2987ea-f2cf-4ed8-ad26-a5a0e02423f3",
        "thread_ts": "1531642455.000020",
        "parent_user_id": "UBDRVLD1R",
        "ts": "1531642752.000006"
    },
    {
        "type": "message",
        "user": "UBF0XFP7Z",
        "text": "ssh키를 새로 생성해서 등록했고 클론하는데 문제가 없었으면, 전에 등록했던 키는 지워도 상관 없는거죠..?",
        "client_msg_id": "ed9c4ed2-ba2b-40ab-aad4-a23070ee620b",
        "thread_ts": "1531647413.000011",
        "reply_count": 2,
        "replies": [
            {
                "user": "U9SN17L0M",
                "ts": "1531647539.000007"
            },
            {
                "user": "UBF0XFP7Z",
                "ts": "1531647609.000038"
            }
        ],
        "unread_count": 2,
        "ts": "1531647413.000011",
        "reactions": [
            {
                "name": "+1",
                "users": [
                    "UBELL5EF5"
                ],
                "count": 1
            }
        ]
    },
    {
        "type": "message",
        "user": "U9SN17L0M",
        "text": "git pull —rebase 를 잘 활용하신 다면 괜찮을텐데 컨플릭은 발생할 수 있어요. ",
        "client_msg_id": "3FEF859D-88BE-4465-ABC1-50A10C281EA4",
        "thread_ts": "1531642455.000020",
        "parent_user_id": "UBDRVLD1R",
        "ts": "1531647507.000054"
    },
    {
        "type": "message",
        "user": "U9SN17L0M",
        "text": "전에 사용하던 키를 더 이상 사용하지 않는다면 삭제하셔도 됩니다.",
        "client_msg_id": "7F2F1E46-E159-49C9-9A68-2646F40DEBA9",
        "thread_ts": "1531647413.000011",
        "parent_user_id": "UBF0XFP7Z",
        "ts": "1531647539.000007",
        "reactions": [
            {
                "name": "+1",
                "users": [
                    "UBELL5EF5",
                    "UBF0XFP7Z"
                ],
                "count": 2
            }
        ]
    },
    {
        "type": "message",
        "user": "UBF0XFP7Z",
        "text": "감사합니다 ㅎㅎ",
        "client_msg_id": "837db4e2-7d65-4f2a-b251-5bc622ea0fe9",
        "thread_ts": "1531647413.000011",
        "parent_user_id": "UBF0XFP7Z",
        "ts": "1531647609.000038"
    },
    {
        "type": "message",
        "subtype": "file_comment",
        "text": "<@UBELL5EF5> commented on <@UBF1K97FH>’s file <https:\/\/daitgirls.slack.com\/files\/UBF1K97FH\/FBQPG7JN6\/screen_shot_2018-07-15_at_3.11.16_pm.png|Screen Shot 2018-07-15 at 3.11.16 PM.png>: 아래와 같이 쓰면 `s[i + 2]`의 값이 `s[i]`에 담기고 그 다음에 `s[i]`의 값이 `s[i + 2]`에 담기기 때문에 결과적으로 처음에 `s[i + 2]`에 담겼던 값이 양쪽에 모두 담기게 됩니다.\n\n```\ns[i] = s[i + 2]\ns[i + 2] = s[i]\n```\n\n두 원소의 위치를 서로 교환(swap)하려면 아래와 같이 임시 변수를 하나 만들면 좋아요.\n\n```\ntemp = s[i + 2]\ns[i + 2] = s[i]\ns[i] = temp\n```",
        "file": {
            "id": "FBQPG7JN6",
            "created": 1531635120,
            "timestamp": 1531635120,
            "name": "Screen Shot 2018-07-15 at 3.11.16 PM.png",
            "title": "Screen Shot 2018-07-15 at 3.11.16 PM.png",
            "mimetype": "image\/png",
            "filetype": "png",
            "pretty_type": "PNG",
            "user": "UBF1K97FH",
            "editable": false,
            "size": 61625,
            "mode": "hosted",
            "is_external": false,
            "external_type": "",
            "is_public": true,
            "public_url_shared": false,
            "display_as_bot": false,
            "username": "",
            "url_private": "https:\/\/files.slack.com\/files-pri\/T9SHC5F9S-FBQPG7JN6\/screen_shot_2018-07-15_at_3.11.16_pm.png?t=xoxe-332590185332-430098056850-431139793783-a3ecafe0d0f66efa522a67af632228d7",
            "url_private_download": "https:\/\/files.slack.com\/files-pri\/T9SHC5F9S-FBQPG7JN6\/download\/screen_shot_2018-07-15_at_3.11.16_pm.png?t=xoxe-332590185332-430098056850-431139793783-a3ecafe0d0f66efa522a67af632228d7",
            "thumb_64": "https:\/\/files.slack.com\/files-tmb\/T9SHC5F9S-FBQPG7JN6-5a1ae4dc5d\/screen_shot_2018-07-15_at_3.11.16_pm_64.png?t=xoxe-332590185332-430098056850-431139793783-a3ecafe0d0f66efa522a67af632228d7",
            "thumb_80": "https:\/\/files.slack.com\/files-tmb\/T9SHC5F9S-FBQPG7JN6-5a1ae4dc5d\/screen_shot_2018-07-15_at_3.11.16_pm_80.png?t=xoxe-332590185332-430098056850-431139793783-a3ecafe0d0f66efa522a67af632228d7",
            "thumb_360": "https:\/\/files.slack.com\/files-tmb\/T9SHC5F9S-FBQPG7JN6-5a1ae4dc5d\/screen_shot_2018-07-15_at_3.11.16_pm_360.png?t=xoxe-332590185332-430098056850-431139793783-a3ecafe0d0f66efa522a67af632228d7",
            "thumb_360_w": 360,
            "thumb_360_h": 170,
            "thumb_480": "https:\/\/files.slack.com\/files-tmb\/T9SHC5F9S-FBQPG7JN6-5a1ae4dc5d\/screen_shot_2018-07-15_at_3.11.16_pm_480.png?t=xoxe-332590185332-430098056850-431139793783-a3ecafe0d0f66efa522a67af632228d7",
            "thumb_480_w": 480,
            "thumb_480_h": 227,
            "thumb_160": "https:\/\/files.slack.com\/files-tmb\/T9SHC5F9S-FBQPG7JN6-5a1ae4dc5d\/screen_shot_2018-07-15_at_3.11.16_pm_160.png?t=xoxe-332590185332-430098056850-431139793783-a3ecafe0d0f66efa522a67af632228d7",
            "thumb_720": "https:\/\/files.slack.com\/files-tmb\/T9SHC5F9S-FBQPG7JN6-5a1ae4dc5d\/screen_shot_2018-07-15_at_3.11.16_pm_720.png?t=xoxe-332590185332-430098056850-431139793783-a3ecafe0d0f66efa522a67af632228d7",
            "thumb_720_w": 720,
            "thumb_720_h": 341,
            "thumb_800": "https:\/\/files.slack.com\/files-tmb\/T9SHC5F9S-FBQPG7JN6-5a1ae4dc5d\/screen_shot_2018-07-15_at_3.11.16_pm_800.png?t=xoxe-332590185332-430098056850-431139793783-a3ecafe0d0f66efa522a67af632228d7",
            "thumb_800_w": 800,
            "thumb_800_h": 379,
            "image_exif_rotation": 1,
            "original_w": 862,
            "original_h": 408,
            "permalink": "https:\/\/daitgirls.slack.com\/files\/UBF1K97FH\/FBQPG7JN6\/screen_shot_2018-07-15_at_3.11.16_pm.png",
            "permalink_public": "https:\/\/slack-files.com\/T9SHC5F9S-FBQPG7JN6-7bf6de89d7"
        },
        "files": [
            {
                "id": "FBQPG7JN6",
                "created": 1531635120,
                "timestamp": 1531635120,
                "name": "Screen Shot 2018-07-15 at 3.11.16 PM.png",
                "title": "Screen Shot 2018-07-15 at 3.11.16 PM.png",
                "mimetype": "image\/png",
                "filetype": "png",
                "pretty_type": "PNG",
                "user": "UBF1K97FH",
                "editable": false,
                "size": 61625,
                "mode": "hosted",
                "is_external": false,
                "external_type": "",
                "is_public": true,
                "public_url_shared": false,
                "display_as_bot": false,
                "username": "",
                "url_private": "https:\/\/files.slack.com\/files-pri\/T9SHC5F9S-FBQPG7JN6\/screen_shot_2018-07-15_at_3.11.16_pm.png?t=xoxe-332590185332-430098056850-431139793783-a3ecafe0d0f66efa522a67af632228d7",
                "url_private_download": "https:\/\/files.slack.com\/files-pri\/T9SHC5F9S-FBQPG7JN6\/download\/screen_shot_2018-07-15_at_3.11.16_pm.png?t=xoxe-332590185332-430098056850-431139793783-a3ecafe0d0f66efa522a67af632228d7",
                "thumb_64": "https:\/\/files.slack.com\/files-tmb\/T9SHC5F9S-FBQPG7JN6-5a1ae4dc5d\/screen_shot_2018-07-15_at_3.11.16_pm_64.png?t=xoxe-332590185332-430098056850-431139793783-a3ecafe0d0f66efa522a67af632228d7",
                "thumb_80": "https:\/\/files.slack.com\/files-tmb\/T9SHC5F9S-FBQPG7JN6-5a1ae4dc5d\/screen_shot_2018-07-15_at_3.11.16_pm_80.png?t=xoxe-332590185332-430098056850-431139793783-a3ecafe0d0f66efa522a67af632228d7",
                "thumb_360": "https:\/\/files.slack.com\/files-tmb\/T9SHC5F9S-FBQPG7JN6-5a1ae4dc5d\/screen_shot_2018-07-15_at_3.11.16_pm_360.png?t=xoxe-332590185332-430098056850-431139793783-a3ecafe0d0f66efa522a67af632228d7",
                "thumb_360_w": 360,
                "thumb_360_h": 170,
                "thumb_480": "https:\/\/files.slack.com\/files-tmb\/T9SHC5F9S-FBQPG7JN6-5a1ae4dc5d\/screen_shot_2018-07-15_at_3.11.16_pm_480.png?t=xoxe-332590185332-430098056850-431139793783-a3ecafe0d0f66efa522a67af632228d7",
                "thumb_480_w": 480,
                "thumb_480_h": 227,
                "thumb_160": "https:\/\/files.slack.com\/files-tmb\/T9SHC5F9S-FBQPG7JN6-5a1ae4dc5d\/screen_shot_2018-07-15_at_3.11.16_pm_160.png?t=xoxe-332590185332-430098056850-431139793783-a3ecafe0d0f66efa522a67af632228d7",
                "thumb_720": "https:\/\/files.slack.com\/files-tmb\/T9SHC5F9S-FBQPG7JN6-5a1ae4dc5d\/screen_shot_2018-07-15_at_3.11.16_pm_720.png?t=xoxe-332590185332-430098056850-431139793783-a3ecafe0d0f66efa522a67af632228d7",
                "thumb_720_w": 720,
                "thumb_720_h": 341,
                "thumb_800": "https:\/\/files.slack.com\/files-tmb\/T9SHC5F9S-FBQPG7JN6-5a1ae4dc5d\/screen_shot_2018-07-15_at_3.11.16_pm_800.png?t=xoxe-332590185332-430098056850-431139793783-a3ecafe0d0f66efa522a67af632228d7",
                "thumb_800_w": 800,
                "thumb_800_h": 379,
                "image_exif_rotation": 1,
                "original_w": 862,
                "original_h": 408,
                "permalink": "https:\/\/daitgirls.slack.com\/files\/UBF1K97FH\/FBQPG7JN6\/screen_shot_2018-07-15_at_3.11.16_pm.png",
                "permalink_public": "https:\/\/slack-files.com\/T9SHC5F9S-FBQPG7JN6-7bf6de89d7"
            }
        ],
        "comment": {
            "id": "FcBQK2F4J0",
            "created": 1531674352,
            "timestamp": 1531674352,
            "user": "UBELL5EF5",
            "is_intro": false,
            "comment": "아래와 같이 쓰면 `s[i + 2]`의 값이 `s[i]`에 담기고 그 다음에 `s[i]`의 값이 `s[i + 2]`에 담기기 때문에 결과적으로 처음에 `s[i + 2]`에 담겼던 값이 양쪽에 모두 담기게 됩니다.\n\n```\ns[i] = s[i + 2]\ns[i + 2] = s[i]\n```\n\n두 원소의 위치를 서로 교환(swap)하려면 아래와 같이 임시 변수를 하나 만들면 좋아요.\n\n```\ntemp = s[i + 2]\ns[i + 2] = s[i]\ns[i] = temp\n```",
            "reactions": [
                {
                    "name": "sweat_smile",
                    "users": [
                        "UBF1K97FH"
                    ],
                    "count": 1
                }
            ]
        },
        "is_intro": false,
        "ts": "1531674352.000036"
    }
]