[
    {
        "type": "message",
        "user": "UBDUUHX4J",
        "text": "쌤 다시 해봤는데요 안돼요!! 똑같이 뜨네요 .. \n파이썬 삭제 하고 다시깔고 환경변수도 '파이썬 설치경로'로 해줬어요\n혹시 파이썬 다시 깔았으면 아톰도 다시 깔아야 할까요 ..?",
        "client_msg_id": "00dadc7c-c7a7-4752-8e69-b7a46d1b23fe",
        "thread_ts": "1532490312.000067",
        "parent_user_id": "UBDUUHX4J",
        "ts": "1532855531.000023"
    },
    {
        "type": "message",
        "text": "데이터 프레임 unique 함수에서 한글이 깨지는데 왜 이럴까용 ㅠㅠ",
        "files": [
            {
                "id": "FBYMZL3T5",
                "created": 1532855948,
                "timestamp": 1532855948,
                "name": "image.png",
                "title": "Pasted image at 2018-07-29, 6:19 PM",
                "mimetype": "image\/png",
                "filetype": "png",
                "pretty_type": "PNG",
                "user": "UBDN8UG4C",
                "editable": false,
                "size": 20541,
                "mode": "hosted",
                "is_external": false,
                "external_type": "",
                "is_public": true,
                "public_url_shared": false,
                "display_as_bot": false,
                "username": "",
                "url_private": "https:\/\/files.slack.com\/files-pri\/T9SHC5F9S-FBYMZL3T5\/image.png?t=xoxe-332590185332-430098056850-431139793783-a3ecafe0d0f66efa522a67af632228d7",
                "url_private_download": "https:\/\/files.slack.com\/files-pri\/T9SHC5F9S-FBYMZL3T5\/download\/image.png?t=xoxe-332590185332-430098056850-431139793783-a3ecafe0d0f66efa522a67af632228d7",
                "thumb_64": "https:\/\/files.slack.com\/files-tmb\/T9SHC5F9S-FBYMZL3T5-73c912b406\/image_64.png?t=xoxe-332590185332-430098056850-431139793783-a3ecafe0d0f66efa522a67af632228d7",
                "thumb_80": "https:\/\/files.slack.com\/files-tmb\/T9SHC5F9S-FBYMZL3T5-73c912b406\/image_80.png?t=xoxe-332590185332-430098056850-431139793783-a3ecafe0d0f66efa522a67af632228d7",
                "thumb_360": "https:\/\/files.slack.com\/files-tmb\/T9SHC5F9S-FBYMZL3T5-73c912b406\/image_360.png?t=xoxe-332590185332-430098056850-431139793783-a3ecafe0d0f66efa522a67af632228d7",
                "thumb_360_w": 360,
                "thumb_360_h": 178,
                "thumb_480": "https:\/\/files.slack.com\/files-tmb\/T9SHC5F9S-FBYMZL3T5-73c912b406\/image_480.png?t=xoxe-332590185332-430098056850-431139793783-a3ecafe0d0f66efa522a67af632228d7",
                "thumb_480_w": 480,
                "thumb_480_h": 237,
                "thumb_160": "https:\/\/files.slack.com\/files-tmb\/T9SHC5F9S-FBYMZL3T5-73c912b406\/image_160.png?t=xoxe-332590185332-430098056850-431139793783-a3ecafe0d0f66efa522a67af632228d7",
                "image_exif_rotation": 1,
                "original_w": 557,
                "original_h": 275,
                "permalink": "https:\/\/daitgirls.slack.com\/files\/UBDN8UG4C\/FBYMZL3T5\/image.png",
                "permalink_public": "https:\/\/slack-files.com\/T9SHC5F9S-FBYMZL3T5-709402b807"
            }
        ],
        "upload": true,
        "user": "UBDN8UG4C",
        "display_as_bot": false,
        "ts": "1532855949.000036",
        "reactions": [
            {
                "name": "+1",
                "users": [
                    "UBELL5EF5"
                ],
                "count": 1
            }
        ]
    },
    {
        "type": "message",
        "user": "U9SN17L0M",
        "text": "df[‘category’]는 제대로 보이시나요?",
        "client_msg_id": "32842761-fe81-4f24-9ac3-2df41a917338",
        "thread_ts": "1532855986.000027",
        "reply_count": 3,
        "replies": [
            {
                "user": "UBDN8UG4C",
                "ts": "1532858609.000014"
            },
            {
                "user": "UBELL5EF5",
                "ts": "1532858866.000017"
            },
            {
                "user": "UBDN8UG4C",
                "ts": "1532859591.000004"
            }
        ],
        "unread_count": 3,
        "ts": "1532855986.000027"
    },
    {
        "type": "message",
        "text": "너무 휑해요 ...다음 select가 진행 되지 않는데 어떻게 해야하나요 ㅠㅠㅠ",
        "files": [
            {
                "id": "FC05Z2Z8W",
                "created": 1532856877,
                "timestamp": 1532856877,
                "name": "______________________.js",
                "title": "국민청원 크롤링",
                "mimetype": "text\/plain",
                "filetype": "javascript",
                "pretty_type": "JavaScript\/JSON",
                "user": "UBDUUHX4J",
                "editable": true,
                "size": 176,
                "mode": "snippet",
                "is_external": false,
                "external_type": "",
                "is_public": true,
                "public_url_shared": false,
                "display_as_bot": false,
                "username": "",
                "url_private": "https:\/\/files.slack.com\/files-pri\/T9SHC5F9S-FC05Z2Z8W\/______________________.js?t=xoxe-332590185332-430098056850-431139793783-a3ecafe0d0f66efa522a67af632228d7",
                "url_private_download": "https:\/\/files.slack.com\/files-pri\/T9SHC5F9S-FC05Z2Z8W\/download\/______________________.js?t=xoxe-332590185332-430098056850-431139793783-a3ecafe0d0f66efa522a67af632228d7",
                "permalink": "https:\/\/daitgirls.slack.com\/files\/UBDUUHX4J\/FC05Z2Z8W\/______________________.js",
                "permalink_public": "https:\/\/slack-files.com\/T9SHC5F9S-FC05Z2Z8W-875c19b6c4",
                "edit_link": "https:\/\/daitgirls.slack.com\/files\/UBDUUHX4J\/FC05Z2Z8W\/______________________.js\/edit",
                "preview": "entire = bs.select(\"div#wrap div#contents div.wrap div.ct_list div.bl_body ul.petition_rank\")[0]\r\nentire\r\n===========\r\n<ul class=\"petition_rank\">\r\n\r",
                "preview_highlight": "<div class=\"CodeMirror cm-s-default CodeMirrorServer\" oncopy=\"if(event.clipboardData){event.clipboardData.setData('text\/plain',window.getSelection().toString().replace(\/\\u200b\/g,''));event.preventDefault();event.stopPropagation();}\">\n<div class=\"CodeMirror-code\">\n<div><pre><span class=\"cm-variable\">entire<\/span> <span class=\"cm-operator\">=<\/span> <span class=\"cm-variable\">bs<\/span>.<span class=\"cm-property\">select<\/span>(<span class=\"cm-string\">&quot;div#wrap div#contents div.wrap div.ct_list div.bl_body ul.petition_rank&quot;<\/span>)[<span class=\"cm-number\">0<\/span>]<\/pre><\/div>\n<div><pre><span class=\"cm-variable\">entire<\/span><\/pre><\/div>\n<div><pre><span class=\"cm-operator\">===========<\/span><\/pre><\/div>\n<div><pre><span class=\"cm-operator\">&lt;<\/span><span class=\"cm-variable\">ul<\/span> <span class=\"cm-keyword\">class<\/span><span class=\"cm-operator\">=<\/span><span class=\"cm-string\">&quot;petition_rank&quot;<\/span><span class=\"cm-operator\">&gt;<\/span><\/pre><\/div>\n<div><pre>&#8203;<\/pre><\/div>\n<\/div>\n<\/div>\n",
                "lines": 7,
                "lines_more": 2,
                "preview_is_truncated": false
            }
        ],
        "upload": true,
        "user": "UBDUUHX4J",
        "display_as_bot": false,
        "thread_ts": "1532856878.000021",
        "reply_count": 10,
        "replies": [
            {
                "user": "UBELL5EF5",
                "ts": "1532858995.000010"
            },
            {
                "user": "UBDUUHX4J",
                "ts": "1532859025.000029"
            },
            {
                "user": "UBDUUHX4J",
                "ts": "1532859027.000040"
            },
            {
                "user": "UBELL5EF5",
                "ts": "1532860148.000059"
            },
            {
                "user": "UBELL5EF5",
                "ts": "1532860170.000040"
            },
            {
                "user": "UBELL5EF5",
                "ts": "1532860220.000031"
            },
            {
                "user": "UBELL5EF5",
                "ts": "1532860252.000026"
            },
            {
                "user": "UBDUUHX4J",
                "ts": "1532860369.000006"
            },
            {
                "user": "UBELL5EF5",
                "ts": "1532860412.000034"
            },
            {
                "user": "UBDUUHX4J",
                "ts": "1532860585.000054"
            }
        ],
        "unread_count": 10,
        "ts": "1532856878.000021",
        "reactions": [
            {
                "name": "scream",
                "users": [
                    "UBELL5EF5"
                ],
                "count": 1
            },
            {
                "name": "cry",
                "users": [
                    "UBELL5EF5"
                ],
                "count": 1
            }
        ]
    },
    {
        "type": "message",
        "text": "넵 ㅠㅠ head() 보면 잘 나오는데 unique 는 안되네용....",
        "files": [
            {
                "id": "FC062TLJ2",
                "created": 1532858607,
                "timestamp": 1532858607,
                "name": "image.png",
                "title": "Pasted image at 2018-07-29, 7:03 PM",
                "mimetype": "image\/png",
                "filetype": "png",
                "pretty_type": "PNG",
                "user": "UBDN8UG4C",
                "editable": false,
                "size": 4135,
                "mode": "hosted",
                "is_external": false,
                "external_type": "",
                "is_public": true,
                "public_url_shared": false,
                "display_as_bot": false,
                "username": "",
                "url_private": "https:\/\/files.slack.com\/files-pri\/T9SHC5F9S-FC062TLJ2\/image.png?t=xoxe-332590185332-430098056850-431139793783-a3ecafe0d0f66efa522a67af632228d7",
                "url_private_download": "https:\/\/files.slack.com\/files-pri\/T9SHC5F9S-FC062TLJ2\/download\/image.png?t=xoxe-332590185332-430098056850-431139793783-a3ecafe0d0f66efa522a67af632228d7",
                "thumb_64": "https:\/\/files.slack.com\/files-tmb\/T9SHC5F9S-FC062TLJ2-e890851bf6\/image_64.png?t=xoxe-332590185332-430098056850-431139793783-a3ecafe0d0f66efa522a67af632228d7",
                "thumb_80": "https:\/\/files.slack.com\/files-tmb\/T9SHC5F9S-FC062TLJ2-e890851bf6\/image_80.png?t=xoxe-332590185332-430098056850-431139793783-a3ecafe0d0f66efa522a67af632228d7",
                "thumb_360": "https:\/\/files.slack.com\/files-tmb\/T9SHC5F9S-FC062TLJ2-e890851bf6\/image_360.png?t=xoxe-332590185332-430098056850-431139793783-a3ecafe0d0f66efa522a67af632228d7",
                "thumb_360_w": 360,
                "thumb_360_h": 132,
                "thumb_160": "https:\/\/files.slack.com\/files-tmb\/T9SHC5F9S-FC062TLJ2-e890851bf6\/image_160.png?t=xoxe-332590185332-430098056850-431139793783-a3ecafe0d0f66efa522a67af632228d7",
                "image_exif_rotation": 1,
                "original_w": 416,
                "original_h": 153,
                "permalink": "https:\/\/daitgirls.slack.com\/files\/UBDN8UG4C\/FC062TLJ2\/image.png",
                "permalink_public": "https:\/\/slack-files.com\/T9SHC5F9S-FC062TLJ2-7552ed7896"
            }
        ],
        "upload": true,
        "user": "UBDN8UG4C",
        "display_as_bot": false,
        "thread_ts": "1532855986.000027",
        "parent_user_id": "U9SN17L0M",
        "ts": "1532858609.000014"
    },
    {
        "type": "message",
        "user": "UBELL5EF5",
        "text": "<@UBDN8UG4C> 파이썬 버전이 2.x이면 저렇더라구요. 혹시 3.x로 바꿔보시면 어때요?",
        "client_msg_id": "b9a659b1-88a4-42b9-aa1b-4a2432aeaccb",
        "edited": {
            "user": "UBELL5EF5",
            "ts": "1532858890.000000"
        },
        "thread_ts": "1532855986.000027",
        "parent_user_id": "U9SN17L0M",
        "ts": "1532858866.000017"
    },
    {
        "type": "message",
        "user": "UBELL5EF5",
        "text": "<@UBDUUHX4J> 저 문장을 어떤 URL에서 실행하셨어요?",
        "client_msg_id": "e4690124-8c98-46e8-a34a-924f32bc45bf",
        "thread_ts": "1532856878.000021",
        "parent_user_id": "UBDUUHX4J",
        "ts": "1532858995.000010"
    },
    {
        "type": "message",
        "user": "UBDUUHX4J",
        "text": "<https:\/\/www1.president.go.kr\/petitions\/category?c=51&amp;only=1&amp;page=1&amp;order=2>",
        "client_msg_id": "0768411c-00e7-46d2-a88d-aa0558eedd9f",
        "attachments": [
            {
                "title": "분야별 국민청원 및 제안 목록 페이지 1",
                "title_link": "https:\/\/www1.president.go.kr\/petitions\/category?c=51&only=1&page=1&order=2",
                "text": "나라를 나라답게, 국민과 함께 갑니다.",
                "fallback": "분야별 국민청원 및 제안 목록 페이지 1",
                "image_url": "http:\/\/president.go.kr\/css\/favicon_400x210.png",
                "from_url": "https:\/\/www1.president.go.kr\/petitions\/category?c=51&only=1&page=1&order=2",
                "image_width": 400,
                "image_height": 210,
                "image_bytes": 9894,
                "service_icon": "http:\/\/president.go.kr\/css\/favicon.png",
                "service_name": "www1.president.go.kr",
                "id": 1,
                "original_url": "https:\/\/www1.president.go.kr\/petitions\/category?c=51&amp;only=1&amp;page=1&amp;order=2"
            }
        ],
        "thread_ts": "1532856878.000021",
        "parent_user_id": "UBDUUHX4J",
        "ts": "1532859025.000029"
    },
    {
        "type": "message",
        "user": "UBDUUHX4J",
        "text": "요기용!",
        "client_msg_id": "0166fa71-875f-4e29-8ae2-e5aa2948bd4f",
        "thread_ts": "1532856878.000021",
        "parent_user_id": "UBDUUHX4J",
        "ts": "1532859027.000040"
    },
    {
        "type": "message",
        "user": "UBDN8UG4C",
        "text": "앗.. 가장 중요한거 확인을 안했었네용:disappointed_relieved: 대박... 감사합니당!!ㅋㅋㅋㅋㅋ",
        "client_msg_id": "a8dd7a67-5948-49f7-a941-21b9ef2e81a9",
        "thread_ts": "1532855986.000027",
        "parent_user_id": "U9SN17L0M",
        "ts": "1532859591.000004"
    },
    {
        "type": "message",
        "user": "UBELL5EF5",
        "text": "현재 설치된 아나콘다를 제거하고 “아나콘다 5.2 - Python 3.6 버전“을 설치하시는게 제일 편한 방법일 것 같습니다.",
        "client_msg_id": "a8fb74cf-148a-47cc-9e5d-549352ed0289",
        "thread_ts": "1532846178.000040",
        "parent_user_id": "UBE3NMLCD",
        "ts": "1532859821.000017"
    },
    {
        "type": "message",
        "user": "UBELL5EF5",
        "text": "아이고. 지금 살펴보니 그 부분은 처음에 로딩되는 소스에 없다가 페이지가 로딩된 직후에 동적으로 만들어지는 부분이라서 지금 배운 방법으로는 크롤링하기가 어려워요.",
        "client_msg_id": "5cc8656f-2bd1-4968-a9a2-eaa4a2d18f79",
        "thread_ts": "1532856878.000021",
        "parent_user_id": "UBDUUHX4J",
        "ts": "1532860148.000059"
    },
    {
        "type": "message",
        "user": "UBELL5EF5",
        "text": "나중에 동적인 HTML 페이지 읽어오는 방법을 추가로 배울텐데 그 이후에는 편하게 하실 수 있을테지만 지금은 어렵습니다.",
        "client_msg_id": "9dc3ce53-f4c1-4fb7-903a-ebfca71bd07f",
        "thread_ts": "1532856878.000021",
        "parent_user_id": "UBDUUHX4J",
        "ts": "1532860170.000040"
    },
    {
        "type": "message",
        "user": "UBELL5EF5",
        "text": "크롬 개발자 도구에서 Inspection 하는 방법으로 보는 소스코드는 사실 동적으로 변경된 HTML 소스를 보여주는 것이라서 처음에 로딩된 HTML과는 차이가 있습니다. 처음에 로딩된 HTML을 정확히 보시려면 마우스 우클릭 한 후 “소스 보기” 기능을 사용하셔야 해요.",
        "client_msg_id": "33d00542-669e-4a16-adab-9266f93812df",
        "thread_ts": "1532856878.000021",
        "parent_user_id": "UBDUUHX4J",
        "ts": "1532860220.000031"
    },
    {
        "type": "message",
        "user": "UBELL5EF5",
        "text": "소스 보기로 해당 코드를 보시면 아래와 같이 휑하게 나오는걸 확인할 수 있습니다.\n```\n&lt;ul class=\"petition_rank\"&gt;\n&lt;\/ul&gt;\n```",
        "client_msg_id": "02d209f1-b65e-4e0b-9def-2e08b527c7ec",
        "thread_ts": "1532856878.000021",
        "parent_user_id": "UBDUUHX4J",
        "ts": "1532860252.000026"
    },
    {
        "type": "message",
        "user": "UBDUUHX4J",
        "text": "어라.. 흑 그럼 기타 카테고리의청원목록은 못 받아오는것이군요 히히히ㅣㅣ히히ㅣ히히히",
        "client_msg_id": "B2BD8743-FA7F-41AC-8A8F-2B1C2CAFF4DF",
        "thread_ts": "1532856878.000021",
        "parent_user_id": "UBDUUHX4J",
        "ts": "1532860369.000006"
    },
    {
        "type": "message",
        "user": "UBELL5EF5",
        "text": "지금은 그렇습니다 ㅜㅜ 조만간 어떤 페이지이건 받아올 수 있는 방법을 배우게 될거예요 :slightly_smiling_face:",
        "client_msg_id": "579dbee1-eeb9-442e-a852-af369b905ae8",
        "thread_ts": "1532856878.000021",
        "parent_user_id": "UBDUUHX4J",
        "ts": "1532860412.000034"
    },
    {
        "type": "message",
        "user": "UBDUUHX4J",
        "text": "네 알겟습니다 ...ㅎㅅㅎ ㅎㅎㅎㅎㅎㅎㅎ감사해요 ~~~:face_with_head_bandage:",
        "client_msg_id": "05EB3324-5120-4BA2-8D44-2A6EBED1A0EE",
        "thread_ts": "1532856878.000021",
        "parent_user_id": "UBDUUHX4J",
        "ts": "1532860585.000054",
        "reactions": [
            {
                "name": "slightly_smiling_face",
                "users": [
                    "UBELL5EF5",
                    "UBDRVLD1R"
                ],
                "count": 2
            }
        ]
    },
    {
        "type": "message",
        "user": "UBELL5EF5",
        "text": "에고 그런가요 ㅜㅜ 그럼 화요일에 잠깐 같이 살펴볼까요?",
        "client_msg_id": "7AB87950-90AE-437F-8699-3990E7B004CC",
        "thread_ts": "1532490312.000067",
        "parent_user_id": "UBDUUHX4J",
        "ts": "1532866774.000022"
    },
    {
        "type": "message",
        "user": "UBDUUHX4J",
        "text": "좋아용 ~~",
        "client_msg_id": "4AF86634-5A46-4D41-8F1E-30400F8B7E88",
        "thread_ts": "1532490312.000067",
        "parent_user_id": "UBDUUHX4J",
        "ts": "1532868695.000034",
        "reactions": [
            {
                "name": "+1",
                "users": [
                    "UBELL5EF5"
                ],
                "count": 1
            }
        ]
    },
    {
        "type": "message",
        "user": "UBELL5EF5",
        "text": "참숯골은 여기인가봐요 ㅋㅋㅋ <https:\/\/www.siksinhot.com\/P\/254398>",
        "client_msg_id": "fa084269-7ad0-49cf-95ec-814ed9bebb9a",
        "attachments": [
            {
                "title": "참숯골 |시청맛집, 고기\/구이류맛집",
                "title_link": "https:\/\/www.siksinhot.com\/P\/254398",
                "text": "시청맛집 참숯골 는 꽃등심(1인분),양념갈비(300g),돌솥비빔밥을 잘하는 베스트 맛집으로 회식, 모임, 데이트, 추천맛집 입니다.",
                "fallback": "참숯골 |시청맛집, 고기\/구이류맛집",
                "image_url": "https:\/\/img.siksinhot.com\/place\/1352354962885480.JPG",
                "ts": 1352354985,
                "from_url": "https:\/\/www.siksinhot.com\/P\/254398",
                "image_width": 378,
                "image_height": 250,
                "image_bytes": 148122,
                "service_icon": "https:\/\/www.siksinhot.com\/static2\/images\/favicon.ico",
                "service_name": "siksinhot.com",
                "id": 1,
                "original_url": "https:\/\/www.siksinhot.com\/P\/254398"
            }
        ],
        "thread_ts": "1532801234.000032",
        "parent_user_id": "UBELL5EF5",
        "ts": "1532869773.000041",
        "reactions": [
            {
                "name": "star-struck",
                "users": [
                    "UBDRWADQB"
                ],
                "count": 1
            }
        ]
    },
    {
        "type": "message",
        "text": "애란쌤이 주신 github 레파지토리를 돌려보려고 pipenv에 설치하고 petition.py를 실행해봤어요! Retrying after 5 seconds가 계속 떠서 ctrl+C로 멈춰봤는데 인코딩 문제가 나오네요 ㅜㅜ 이것저것 petition.py 소스를 바꿔보는데도 해결이 안됩니당.. 어떻게 하는 게 좋을까요?",
        "files": [
            {
                "id": "FBYNY0B5Z",
                "created": 1532870063,
                "timestamp": 1532870063,
                "name": "image.png",
                "title": "Pasted image at 2018-07-29, 10:14 PM",
                "mimetype": "image\/png",
                "filetype": "png",
                "pretty_type": "PNG",
                "user": "UBDUVKQAE",
                "editable": false,
                "size": 25904,
                "mode": "hosted",
                "is_external": false,
                "external_type": "",
                "is_public": true,
                "public_url_shared": false,
                "display_as_bot": false,
                "username": "",
                "url_private": "https:\/\/files.slack.com\/files-pri\/T9SHC5F9S-FBYNY0B5Z\/image.png?t=xoxe-332590185332-430098056850-431139793783-a3ecafe0d0f66efa522a67af632228d7",
                "url_private_download": "https:\/\/files.slack.com\/files-pri\/T9SHC5F9S-FBYNY0B5Z\/download\/image.png?t=xoxe-332590185332-430098056850-431139793783-a3ecafe0d0f66efa522a67af632228d7",
                "thumb_64": "https:\/\/files.slack.com\/files-tmb\/T9SHC5F9S-FBYNY0B5Z-4fa0fefe19\/image_64.png?t=xoxe-332590185332-430098056850-431139793783-a3ecafe0d0f66efa522a67af632228d7",
                "thumb_80": "https:\/\/files.slack.com\/files-tmb\/T9SHC5F9S-FBYNY0B5Z-4fa0fefe19\/image_80.png?t=xoxe-332590185332-430098056850-431139793783-a3ecafe0d0f66efa522a67af632228d7",
                "thumb_360": "https:\/\/files.slack.com\/files-tmb\/T9SHC5F9S-FBYNY0B5Z-4fa0fefe19\/image_360.png?t=xoxe-332590185332-430098056850-431139793783-a3ecafe0d0f66efa522a67af632228d7",
                "thumb_360_w": 360,
                "thumb_360_h": 154,
                "thumb_480": "https:\/\/files.slack.com\/files-tmb\/T9SHC5F9S-FBYNY0B5Z-4fa0fefe19\/image_480.png?t=xoxe-332590185332-430098056850-431139793783-a3ecafe0d0f66efa522a67af632228d7",
                "thumb_480_w": 480,
                "thumb_480_h": 205,
                "thumb_160": "https:\/\/files.slack.com\/files-tmb\/T9SHC5F9S-FBYNY0B5Z-4fa0fefe19\/image_160.png?t=xoxe-332590185332-430098056850-431139793783-a3ecafe0d0f66efa522a67af632228d7",
                "thumb_720": "https:\/\/files.slack.com\/files-tmb\/T9SHC5F9S-FBYNY0B5Z-4fa0fefe19\/image_720.png?t=xoxe-332590185332-430098056850-431139793783-a3ecafe0d0f66efa522a67af632228d7",
                "thumb_720_w": 720,
                "thumb_720_h": 307,
                "thumb_800": "https:\/\/files.slack.com\/files-tmb\/T9SHC5F9S-FBYNY0B5Z-4fa0fefe19\/image_800.png?t=xoxe-332590185332-430098056850-431139793783-a3ecafe0d0f66efa522a67af632228d7",
                "thumb_800_w": 800,
                "thumb_800_h": 341,
                "image_exif_rotation": 1,
                "original_w": 919,
                "original_h": 392,
                "permalink": "https:\/\/daitgirls.slack.com\/files\/UBDUVKQAE\/FBYNY0B5Z\/image.png",
                "permalink_public": "https:\/\/slack-files.com\/T9SHC5F9S-FBYNY0B5Z-7c84f821fb"
            }
        ],
        "upload": true,
        "user": "UBDUVKQAE",
        "display_as_bot": false,
        "ts": "1532870065.000018"
    },
    {
        "type": "message",
        "user": "UBELL5EF5",
        "text": "data 폴더 안에 있는 csv 파일들을 지우고 다시 해보면 어때요?",
        "client_msg_id": "02d36151-9ea1-4fc6-96db-3bc6de994a0f",
        "thread_ts": "1532870372.000038",
        "reply_count": 13,
        "replies": [
            {
                "user": "UBDUVKQAE",
                "ts": "1532870479.000036"
            },
            {
                "user": "UBDUVKQAE",
                "ts": "1532870486.000017"
            },
            {
                "user": "UBELL5EF5",
                "ts": "1532870797.000057"
            },
            {
                "user": "UBDUVKQAE",
                "ts": "1532871917.000010"
            },
            {
                "user": "UBELL5EF5",
                "ts": "1532872029.000017"
            },
            {
                "user": "UBELL5EF5",
                "ts": "1532872041.000063"
            },
            {
                "user": "UBDUVKQAE",
                "ts": "1532873237.000015"
            },
            {
                "user": "UBDUVKQAE",
                "ts": "1532873270.000026"
            },
            {
                "user": "UBDUVKQAE",
                "ts": "1532873459.000030"
            },
            {
                "user": "UBELL5EF5",
                "ts": "1532873616.000003"
            },
            {
                "user": "UBELL5EF5",
                "ts": "1532873626.000010"
            },
            {
                "user": "UBELL5EF5",
                "ts": "1532873638.000003"
            },
            {
                "user": "UBELL5EF5",
                "ts": "1532879032.000070"
            }
        ],
        "unread_count": 13,
        "ts": "1532870372.000038"
    },
    {
        "type": "message",
        "text": "",
        "files": [
            {
                "id": "FBY5W1PTJ",
                "created": 1532870476,
                "timestamp": 1532870476,
                "name": "image.png",
                "title": "Pasted image at 2018-07-29, 10:21 PM",
                "mimetype": "image\/png",
                "filetype": "png",
                "pretty_type": "PNG",
                "user": "UBDUVKQAE",
                "editable": false,
                "size": 37862,
                "mode": "hosted",
                "is_external": false,
                "external_type": "",
                "is_public": true,
                "public_url_shared": false,
                "display_as_bot": false,
                "username": "",
                "url_private": "https:\/\/files.slack.com\/files-pri\/T9SHC5F9S-FBY5W1PTJ\/image.png?t=xoxe-332590185332-430098056850-431139793783-a3ecafe0d0f66efa522a67af632228d7",
                "url_private_download": "https:\/\/files.slack.com\/files-pri\/T9SHC5F9S-FBY5W1PTJ\/download\/image.png?t=xoxe-332590185332-430098056850-431139793783-a3ecafe0d0f66efa522a67af632228d7",
                "thumb_64": "https:\/\/files.slack.com\/files-tmb\/T9SHC5F9S-FBY5W1PTJ-8853b608f4\/image_64.png?t=xoxe-332590185332-430098056850-431139793783-a3ecafe0d0f66efa522a67af632228d7",
                "thumb_80": "https:\/\/files.slack.com\/files-tmb\/T9SHC5F9S-FBY5W1PTJ-8853b608f4\/image_80.png?t=xoxe-332590185332-430098056850-431139793783-a3ecafe0d0f66efa522a67af632228d7",
                "thumb_360": "https:\/\/files.slack.com\/files-tmb\/T9SHC5F9S-FBY5W1PTJ-8853b608f4\/image_360.png?t=xoxe-332590185332-430098056850-431139793783-a3ecafe0d0f66efa522a67af632228d7",
                "thumb_360_w": 360,
                "thumb_360_h": 143,
                "thumb_480": "https:\/\/files.slack.com\/files-tmb\/T9SHC5F9S-FBY5W1PTJ-8853b608f4\/image_480.png?t=xoxe-332590185332-430098056850-431139793783-a3ecafe0d0f66efa522a67af632228d7",
                "thumb_480_w": 480,
                "thumb_480_h": 190,
                "thumb_160": "https:\/\/files.slack.com\/files-tmb\/T9SHC5F9S-FBY5W1PTJ-8853b608f4\/image_160.png?t=xoxe-332590185332-430098056850-431139793783-a3ecafe0d0f66efa522a67af632228d7",
                "thumb_720": "https:\/\/files.slack.com\/files-tmb\/T9SHC5F9S-FBY5W1PTJ-8853b608f4\/image_720.png?t=xoxe-332590185332-430098056850-431139793783-a3ecafe0d0f66efa522a67af632228d7",
                "thumb_720_w": 720,
                "thumb_720_h": 286,
                "thumb_800": "https:\/\/files.slack.com\/files-tmb\/T9SHC5F9S-FBY5W1PTJ-8853b608f4\/image_800.png?t=xoxe-332590185332-430098056850-431139793783-a3ecafe0d0f66efa522a67af632228d7",
                "thumb_800_w": 800,
                "thumb_800_h": 317,
                "thumb_960": "https:\/\/files.slack.com\/files-tmb\/T9SHC5F9S-FBY5W1PTJ-8853b608f4\/image_960.png?t=xoxe-332590185332-430098056850-431139793783-a3ecafe0d0f66efa522a67af632228d7",
                "thumb_960_w": 960,
                "thumb_960_h": 381,
                "thumb_1024": "https:\/\/files.slack.com\/files-tmb\/T9SHC5F9S-FBY5W1PTJ-8853b608f4\/image_1024.png?t=xoxe-332590185332-430098056850-431139793783-a3ecafe0d0f66efa522a67af632228d7",
                "thumb_1024_w": 1024,
                "thumb_1024_h": 406,
                "image_exif_rotation": 1,
                "original_w": 1155,
                "original_h": 458,
                "permalink": "https:\/\/daitgirls.slack.com\/files\/UBDUVKQAE\/FBY5W1PTJ\/image.png",
                "permalink_public": "https:\/\/slack-files.com\/T9SHC5F9S-FBY5W1PTJ-3f85950e9c"
            }
        ],
        "upload": true,
        "user": "UBDUVKQAE",
        "display_as_bot": false,
        "thread_ts": "1532870372.000038",
        "parent_user_id": "UBELL5EF5",
        "ts": "1532870479.000036"
    },
    {
        "type": "message",
        "user": "UBDUVKQAE",
        "text": "65에 멈춰서 더 안돌아가네요",
        "client_msg_id": "bae1d611-4583-4a30-8a63-af2aa4a87c0b",
        "thread_ts": "1532870372.000038",
        "parent_user_id": "UBELL5EF5",
        "ts": "1532870486.000017"
    },
    {
        "type": "message",
        "user": "UBELL5EF5",
        "text": "`save_article()` 함수를 아래와 같이 수정하고(utf-8), 데이터 파일을 지운 후 다시 해봐주시겠어요?\n\n```\ndef save_article(article: Dict[str, any]) -&gt; None:\n    \"\"\"글을 CSV 형태로 저장한다\"\"\"\n    cols = [\n        'article_id', 'start', 'end', 'answered', 'votes', 'category', 'title',\n        'content'\n    ]\n\n    # 파일이 없으면 새로 만들고 칼럼 이름 저장\n    if not os.path.isfile(CSV_WHOLE):\n        with open(CSV_WHOLE, 'w', newline='', encoding='utf-8') as f:\n            w = csv.writer(f)\n            w.writerow(cols)\n\n    # 새로운 행 추가\n    with open(CSV_WHOLE, 'a', newline='', encoding='utf-8') as f:\n        w = csv.writer(f)\n        w.writerow(article[col] for col in cols)\n```",
        "client_msg_id": "cace4ae9-1a0b-427d-ac1e-654a24053964",
        "thread_ts": "1532870372.000038",
        "parent_user_id": "UBELL5EF5",
        "ts": "1532870797.000057"
    },
    {
        "type": "message",
        "user": "UBDUVKQAE",
        "text": "아 잘 돌아갑니다 ㅎㅎㅎ 감사합니다\n근데 이거 READ.me에 있는 csv 파일보다 내용이 좀 추가된 것이지요?",
        "client_msg_id": "7d9ffd76-caef-4a22-8eb1-7c2be089b1bc",
        "thread_ts": "1532870372.000038",
        "parent_user_id": "UBELL5EF5",
        "ts": "1532871917.000010",
        "reactions": [
            {
                "name": "+1",
                "users": [
                    "UBELL5EF5"
                ],
                "count": 1
            }
        ]
    },
    {
        "type": "message",
        "user": "UBELL5EF5",
        "text": "그래봤자 하루 이틀 차이입니다. 근데 저거 처음부터 다 수집하려면 하루 종일 걸려요!",
        "client_msg_id": "6eda6ef0-2f29-471d-83eb-3adfb9364aca",
        "thread_ts": "1532870372.000038",
        "parent_user_id": "UBELL5EF5",
        "ts": "1532872029.000017"
    },
    {
        "type": "message",
        "user": "UBELL5EF5",
        "text": "save_article 수정한 김에 pull request 보내주시면 어때요? :slightly_smiling_face:",
        "client_msg_id": "05c5621e-95c1-474d-821c-e3438fc92196",
        "thread_ts": "1532870372.000038",
        "parent_user_id": "UBELL5EF5",
        "ts": "1532872041.000063"
    },
    {
        "type": "message",
        "user": "UBDUVKQAE",
        "text": "네^^",
        "client_msg_id": "2bc7cfd6-49cc-4afe-b478-e3bd714910a3",
        "thread_ts": "1532870372.000038",
        "parent_user_id": "UBELL5EF5",
        "ts": "1532873237.000015",
        "reactions": [
            {
                "name": "+1",
                "users": [
                    "UBELL5EF5"
                ],
                "count": 1
            }
        ]
    },
    {
        "type": "message",
        "user": "UBDUVKQAE",
        "text": "그러게요... 이제 28만 개 중에서 2800개 뜯었네요 ㅋㅋㅋㅋㅋ 있는 거 쓰겠슴다",
        "client_msg_id": "590ba445-b71d-4971-8f62-5e62f03a85e6",
        "thread_ts": "1532870372.000038",
        "parent_user_id": "UBELL5EF5",
        "ts": "1532873270.000026",
        "reactions": [
            {
                "name": "rolling_on_the_floor_laughing",
                "users": [
                    "UBELL5EF5"
                ],
                "count": 1
            }
        ]
    },
    {
        "type": "message",
        "user": "UBDUVKQAE",
        "text": "저 근데 fork 안하고 그냥 clone 했는데 꼭 fork해야 pull request 가능한가요?",
        "client_msg_id": "b52306ed-67a1-4855-a6c7-37dcb896b604",
        "thread_ts": "1532870372.000038",
        "parent_user_id": "UBELL5EF5",
        "ts": "1532873459.000030"
    },
    {
        "type": "message",
        "user": "UBELL5EF5",
        "text": "제가 보니까 예은님이 이미 fork 하셨다고 나오는걸요?",
        "client_msg_id": "1b933905-7ab6-4152-9377-9d660b30c2aa",
        "thread_ts": "1532870372.000038",
        "parent_user_id": "UBELL5EF5",
        "ts": "1532873616.000003"
    },
    {
        "type": "message",
        "user": "UBELL5EF5",
        "text": "아 예은님 아니고 지은님이시군요 ㅋㅋㅋㅋㅋㅋㅋ 으악",
        "client_msg_id": "72502f7e-de81-4641-a053-2a4d06c6d1c1",
        "thread_ts": "1532870372.000038",
        "parent_user_id": "UBELL5EF5",
        "ts": "1532873626.000010",
        "reactions": [
            {
                "name": "sweat_smile",
                "users": [
                    "UBDUVKQAE"
                ],
                "count": 1
            }
        ]
    },
    {
        "type": "message",
        "user": "UBELL5EF5",
        "text": "네, 포크 하셔야 합니다 :slightly_smiling_face:",
        "client_msg_id": "d73772e4-2e1e-4676-9518-4e4aa44b3baa",
        "thread_ts": "1532870372.000038",
        "parent_user_id": "UBELL5EF5",
        "ts": "1532873638.000003"
    },
    {
        "type": "message",
        "user": "UBELL5EF5",
        "text": "머지했어요 :slightly_smiling_face:",
        "client_msg_id": "98c55d2f-9fe2-4ccf-8054-75911722459b",
        "thread_ts": "1532870372.000038",
        "parent_user_id": "UBELL5EF5",
        "ts": "1532879032.000070",
        "reactions": [
            {
                "name": "ok_hand",
                "users": [
                    "UBDUVKQAE"
                ],
                "count": 1
            }
        ]
    },
    {
        "type": "message",
        "user": "UBDRWADQB",
        "text": "고급 소고기... 하루 40그릇만 파는 갈비탕이라니!!!:heart_eyes:",
        "client_msg_id": "435c6099-6734-44a4-9969-c8e186f3f99f",
        "thread_ts": "1532801234.000032",
        "parent_user_id": "UBELL5EF5",
        "ts": "1532914604.000003"
    },
    {
        "type": "message",
        "user": "U9SN17L0M",
        "text": "<@UBF0XFP7Z> <@UBDRVLD1R> \nimport matplotlib.pyplot as plt\n\nplt.rcParams[“font.family”] = ‘NanumBarunGothic’\n\n주피터에서 폰트 설정 변경하고 싶으신 분들은 위에 코드를 추가해 주시면 됩니다.",
        "client_msg_id": "f3156594-68df-41ea-a106-57cf472aca08",
        "ts": "1532916854.000127",
        "reactions": [
            {
                "name": "the_love",
                "users": [
                    "UBDRVLD1R",
                    "UBELL5EF5"
                ],
                "count": 2
            },
            {
                "name": "ddongule2",
                "users": [
                    "UBDUU48UA"
                ],
                "count": 1
            }
        ]
    },
    {
        "type": "message",
        "text": "<@UBDRVLD1R>",
        "files": [
            {
                "id": "FBYECLSP3",
                "created": 1532916967,
                "timestamp": 1532916967,
                "name": "________________________________________.py",
                "title": "설치된 폰트 목록과 이름 찾기",
                "mimetype": "text\/plain",
                "filetype": "python",
                "pretty_type": "Python",
                "user": "U9SN17L0M",
                "editable": true,
                "size": 173,
                "mode": "snippet",
                "is_external": false,
                "external_type": "",
                "is_public": true,
                "public_url_shared": false,
                "display_as_bot": false,
                "username": "",
                "url_private": "https:\/\/files.slack.com\/files-pri\/T9SHC5F9S-FBYECLSP3\/________________________________________.py?t=xoxe-332590185332-430098056850-431139793783-a3ecafe0d0f66efa522a67af632228d7",
                "url_private_download": "https:\/\/files.slack.com\/files-pri\/T9SHC5F9S-FBYECLSP3\/download\/________________________________________.py?t=xoxe-332590185332-430098056850-431139793783-a3ecafe0d0f66efa522a67af632228d7",
                "permalink": "https:\/\/daitgirls.slack.com\/files\/U9SN17L0M\/FBYECLSP3\/________________________________________.py",
                "permalink_public": "https:\/\/slack-files.com\/T9SHC5F9S-FBYECLSP3-70b35e10ad",
                "edit_link": "https:\/\/daitgirls.slack.com\/files\/U9SN17L0M\/FBYECLSP3\/________________________________________.py\/edit",
                "preview": "import matplotlib.font_manager as fm\r\nfont_list = fm.findSystemFonts(fontpaths=None, fontext='ttf')\r\n[(f.name, f.fname) for f in fm.fontManager.ttflist if 'Nanum' in f.name]",
                "preview_highlight": "<div class=\"CodeMirror cm-s-default CodeMirrorServer\" oncopy=\"if(event.clipboardData){event.clipboardData.setData('text\/plain',window.getSelection().toString().replace(\/\\u200b\/g,''));event.preventDefault();event.stopPropagation();}\">\n<div class=\"CodeMirror-code\">\n<div><pre><span class=\"cm-keyword\">import<\/span> <span class=\"cm-variable\">matplotlib<\/span>.<span class=\"cm-property\">font_manager<\/span> <span class=\"cm-keyword\">as<\/span> <span class=\"cm-variable\">fm<\/span><\/pre><\/div>\n<div><pre><span class=\"cm-variable\">font_list<\/span> = <span class=\"cm-variable\">fm<\/span>.<span class=\"cm-property\">findSystemFonts<\/span>(<span class=\"cm-variable\">fontpaths<\/span>=<span class=\"cm-builtin\">None<\/span>, <span class=\"cm-variable\">fontext<\/span>=<span class=\"cm-string\">'ttf'<\/span>)<\/pre><\/div>\n<div><pre>[(<span class=\"cm-variable\">f<\/span>.<span class=\"cm-property\">name<\/span>, <span class=\"cm-variable\">f<\/span>.<span class=\"cm-property\">fname<\/span>) <span class=\"cm-keyword\">for<\/span> <span class=\"cm-variable\">f<\/span> <span class=\"cm-keyword\">in<\/span> <span class=\"cm-variable\">fm<\/span>.<span class=\"cm-property\">fontManager<\/span>.<span class=\"cm-property\">ttflist<\/span> <span class=\"cm-keyword\">if<\/span> <span class=\"cm-string\">'Nanum'<\/span> <span class=\"cm-keyword\">in<\/span> <span class=\"cm-variable\">f<\/span>.<span class=\"cm-property\">name<\/span>]<\/pre><\/div>\n<\/div>\n<\/div>\n",
                "lines": 3,
                "lines_more": 0,
                "preview_is_truncated": false
            }
        ],
        "upload": true,
        "user": "U9SN17L0M",
        "display_as_bot": false,
        "ts": "1532916968.000095"
    },
    {
        "type": "message",
        "user": "UBDRWK8SX",
        "text": "오늘 xgboost 사용해보신분 계신가요? 자꾸 에러가나서..혹시 성공하신분 찾습니다~!!",
        "client_msg_id": "fa740d8b-266b-4642-9aaf-40f14165161f",
        "ts": "1532922336.000088",
        "reactions": [
            {
                "name": "thinking_face",
                "users": [
                    "UBELL5EF5"
                ],
                "count": 1
            }
        ]
    }
]