[
    {
        "type": "message",
        "user": "UBDUUHX4J",
        "text": "<@UBELL5EF5> 선생님 !!  f\n category column 의 해당 '카테고리'(예, 반려동물) 에 관련된 청원을 모두 담았다면 뱉어내는 for 문을 만들 수 있을까요",
        "client_msg_id": "01e2ba80-7c66-4d07-8df6-7716e412b331",
        "thread_ts": "1532957341.000316",
        "reply_count": 1,
        "replies": [
            {
                "user": "UBELL5EF5",
                "ts": "1532957707.000321"
            }
        ],
        "unread_count": 1,
        "ts": "1532957341.000316",
        "reactions": [
            {
                "name": "+1",
                "users": [
                    "UBELL5EF5"
                ],
                "count": 1
            }
        ]
    },
    {
        "type": "message",
        "user": "UBELL5EF5",
        "text": "<@UBDUUHX4J> 조금만 더 구체적으로 말씀해주시겠어요? 관련 코드 조각을 공유해주시면 좋겠습니다.",
        "client_msg_id": "47a18595-6288-4395-8364-0e29e2ba4d4b",
        "edited": {
            "user": "UBELL5EF5",
            "ts": "1532957822.000000"
        },
        "thread_ts": "1532957341.000316",
        "parent_user_id": "UBDUUHX4J",
        "ts": "1532957707.000321"
    },
    {
        "type": "message",
        "user": "UBDUUHX4J",
        "text": "category 열의 '기타'에 관련된 청원을 담았어용!\netc = petitions.loc[petitions['category'] == '기타']\n날짜와 청원 수가 같이 나오게끔 만들었어용\netc_start = etc.groupby('start').size()\n\n\n그리고 월 마다 이걸 돌면서 변수에 지정 해주려고 합니다 .\njan = etc_start.ix['2018-01-01':'2018-01-31']\nfeb = etc_start.ix['2018-02-01':'2018-02-28']\nmarch = etc_start.ix['2018-03-01':'2018-03-31']\napril = etc_start.ix['2018-04-01':'2018-04-30']\nmay =etc_start.ix['2018-05-01':'2018-05-31']\njune = etc_start.ix['2018-06-01':'2018-06-28']\nmonths = jan, feb, march, april, may, june\n\netc_describe = [x.max() for x in months]\netc_describe\n\n근데 질문하면서 생각 난건데 \n결국 저는 최대 청원수인 '달'을 뽑고 싶은 것이니 \n날짜 range만 따로 저장해주고 \nfor 문을 돌고 max 값을 뽑는 식으로 바꾸면 될 것 같은데 될까요?ㅇㅅㅇ",
        "client_msg_id": "da4a8535-2e24-422f-8e56-9cec95c3adc9",
        "edited": {
            "user": "UBDUUHX4J",
            "ts": "1532958077.000000"
        },
        "thread_ts": "1532957871.000273",
        "reply_count": 26,
        "replies": [
            {
                "user": "UBDUUHX4J",
                "ts": "1532958105.000029"
            },
            {
                "user": "UBELL5EF5",
                "ts": "1532958123.000215"
            },
            {
                "user": "UBDUUHX4J",
                "ts": "1532958195.000181"
            },
            {
                "user": "UBDUUHX4J",
                "ts": "1532958206.000070"
            },
            {
                "user": "UBDUUHX4J",
                "ts": "1532958212.000387"
            },
            {
                "user": "UBELL5EF5",
                "ts": "1532958585.000066"
            },
            {
                "user": "UBELL5EF5",
                "ts": "1532958642.000071"
            },
            {
                "user": "UBDUUHX4J",
                "ts": "1532958898.000515"
            },
            {
                "user": "UBDUUHX4J",
                "ts": "1532958908.000088"
            },
            {
                "user": "UBDUUHX4J",
                "ts": "1532958919.000293"
            },
            {
                "user": "UBELL5EF5",
                "ts": "1532958951.000146"
            },
            {
                "user": "UBDUUHX4J",
                "ts": "1532958981.000496"
            },
            {
                "user": "UBELL5EF5",
                "ts": "1532958985.000386"
            },
            {
                "user": "UBDUUHX4J",
                "ts": "1532959008.000123"
            },
            {
                "user": "UBDUUHX4J",
                "ts": "1532959014.000211"
            },
            {
                "user": "UBELL5EF5",
                "ts": "1532959031.000412"
            },
            {
                "user": "UBELL5EF5",
                "ts": "1532959119.000274"
            },
            {
                "user": "UBELL5EF5",
                "ts": "1532959771.000499"
            },
            {
                "user": "UBELL5EF5",
                "ts": "1532959837.000343"
            },
            {
                "user": "UBDUUHX4J",
                "ts": "1532960157.000045"
            },
            {
                "user": "UBELL5EF5",
                "ts": "1532960664.000187"
            },
            {
                "user": "UBDUUHX4J",
                "ts": "1532960718.000204"
            },
            {
                "user": "UBELL5EF5",
                "ts": "1532961076.000400"
            },
            {
                "user": "UBDUUHX4J",
                "ts": "1532966147.000232"
            },
            {
                "user": "UBDUUHX4J",
                "ts": "1532966153.000553"
            },
            {
                "user": "UBELL5EF5",
                "ts": "1532966183.000367"
            }
        ],
        "unread_count": 26,
        "ts": "1532957871.000273"
    },
    {
        "type": "message",
        "user": "UBDUUHX4J",
        "text": "뭔가 설명이 난잡하네요 ㅠㅠ",
        "client_msg_id": "aa5fd0e7-da5c-48c7-8b1d-fac839294e7d",
        "thread_ts": "1532957871.000273",
        "parent_user_id": "UBDUUHX4J",
        "ts": "1532958105.000029"
    },
    {
        "type": "message",
        "user": "UBELL5EF5",
        "text": "아, “기타 카테고리에 속한 청원만 살펴봤을 때 청원수가 가장 많은 달이 언제인가?” 이게 찾고자 하는 답인가요?",
        "client_msg_id": "fe812b0a-4297-4fcf-9de4-c33e91541e27",
        "thread_ts": "1532957871.000273",
        "parent_user_id": "UBDUUHX4J",
        "ts": "1532958123.000215"
    },
    {
        "type": "message",
        "user": "UBDUUHX4J",
        "text": "네네 !!",
        "client_msg_id": "64943bd5-050e-4c2b-8e2f-81052edef7a6",
        "thread_ts": "1532957871.000273",
        "parent_user_id": "UBDUUHX4J",
        "ts": "1532958195.000181"
    },
    {
        "type": "message",
        "user": "UBDUUHX4J",
        "text": "그리고 그 걸 모든 카테고리에서",
        "client_msg_id": "33b35e51-32d0-4875-a04c-635806a5d8db",
        "thread_ts": "1532957871.000273",
        "parent_user_id": "UBDUUHX4J",
        "ts": "1532958206.000070"
    },
    {
        "type": "message",
        "user": "UBDUUHX4J",
        "text": "돌고싶어요! 2018년 만용",
        "client_msg_id": "af4f9e85-2e2c-4cbd-81e6-0696a77b894c",
        "thread_ts": "1532957871.000273",
        "parent_user_id": "UBDUUHX4J",
        "ts": "1532958212.000387"
    },
    {
        "type": "message",
        "user": "UBELL5EF5",
        "text": "`df['yearmonth'] = df['start'].apply(lambda x: x[:7])` 이런식으로 하면 ‘start’ 칼럼에 담긴 문자열(str)에서 처음 일곱글자(yyyy-dd)만 뽑아서 `yearmonth` 칼럼이 추가로 만들어져요.",
        "client_msg_id": "6b6d804e-529d-4a80-bd9e-98c744f6091d",
        "thread_ts": "1532957871.000273",
        "parent_user_id": "UBDUUHX4J",
        "ts": "1532958585.000066"
    },
    {
        "type": "message",
        "user": "UBELL5EF5",
        "text": "그 다음에 `df.groupby(['yearmonth']).count()`라고 쓰면 yearmonth 값으로 묶은 뒤 그룹에 속한 행 수를 알아낼 수 있습니다.",
        "client_msg_id": "d44e0fe7-68cb-4e29-852a-b11f5ab64113",
        "thread_ts": "1532957871.000273",
        "parent_user_id": "UBDUUHX4J",
        "ts": "1532958642.000071"
    },
    {
        "type": "message",
        "user": "UBDUUHX4J",
        "text": "'Timestamp' object is not subscriptable",
        "client_msg_id": "a8e533ab-6b81-44bc-b982-10535c7c4b0c",
        "thread_ts": "1532957871.000273",
        "parent_user_id": "UBDUUHX4J",
        "ts": "1532958898.000515"
    },
    {
        "type": "message",
        "user": "UBDUUHX4J",
        "text": "라고 에러가 뜨는데 ... 흠",
        "client_msg_id": "3052f7e7-fc23-424f-bfed-671040573373",
        "thread_ts": "1532957871.000273",
        "parent_user_id": "UBDUUHX4J",
        "ts": "1532958908.000088"
    },
    {
        "type": "message",
        "user": "UBDUUHX4J",
        "text": "후무우움",
        "client_msg_id": "2d678058-7b1a-450d-aa5e-3b313ea1ae31",
        "thread_ts": "1532957871.000273",
        "parent_user_id": "UBDUUHX4J",
        "ts": "1532958919.000293"
    },
    {
        "type": "message",
        "text": "",
        "files": [
            {
                "id": "FBZDR75JR",
                "created": 1532958947,
                "timestamp": 1532958947,
                "name": "image.png",
                "title": "Pasted image at 2018-07-30, 10:55 PM",
                "mimetype": "image\/png",
                "filetype": "png",
                "pretty_type": "PNG",
                "user": "UBELL5EF5",
                "editable": false,
                "size": 186480,
                "mode": "hosted",
                "is_external": false,
                "external_type": "",
                "is_public": true,
                "public_url_shared": false,
                "display_as_bot": false,
                "username": "",
                "url_private": "https:\/\/files.slack.com\/files-pri\/T9SHC5F9S-FBZDR75JR\/image.png?t=xoxe-332590185332-430098056850-431139793783-a3ecafe0d0f66efa522a67af632228d7",
                "url_private_download": "https:\/\/files.slack.com\/files-pri\/T9SHC5F9S-FBZDR75JR\/download\/image.png?t=xoxe-332590185332-430098056850-431139793783-a3ecafe0d0f66efa522a67af632228d7",
                "thumb_64": "https:\/\/files.slack.com\/files-tmb\/T9SHC5F9S-FBZDR75JR-c82f5ba5d6\/image_64.png?t=xoxe-332590185332-430098056850-431139793783-a3ecafe0d0f66efa522a67af632228d7",
                "thumb_80": "https:\/\/files.slack.com\/files-tmb\/T9SHC5F9S-FBZDR75JR-c82f5ba5d6\/image_80.png?t=xoxe-332590185332-430098056850-431139793783-a3ecafe0d0f66efa522a67af632228d7",
                "thumb_360": "https:\/\/files.slack.com\/files-tmb\/T9SHC5F9S-FBZDR75JR-c82f5ba5d6\/image_360.png?t=xoxe-332590185332-430098056850-431139793783-a3ecafe0d0f66efa522a67af632228d7",
                "thumb_360_w": 360,
                "thumb_360_h": 206,
                "thumb_480": "https:\/\/files.slack.com\/files-tmb\/T9SHC5F9S-FBZDR75JR-c82f5ba5d6\/image_480.png?t=xoxe-332590185332-430098056850-431139793783-a3ecafe0d0f66efa522a67af632228d7",
                "thumb_480_w": 480,
                "thumb_480_h": 275,
                "thumb_160": "https:\/\/files.slack.com\/files-tmb\/T9SHC5F9S-FBZDR75JR-c82f5ba5d6\/image_160.png?t=xoxe-332590185332-430098056850-431139793783-a3ecafe0d0f66efa522a67af632228d7",
                "thumb_720": "https:\/\/files.slack.com\/files-tmb\/T9SHC5F9S-FBZDR75JR-c82f5ba5d6\/image_720.png?t=xoxe-332590185332-430098056850-431139793783-a3ecafe0d0f66efa522a67af632228d7",
                "thumb_720_w": 720,
                "thumb_720_h": 412,
                "thumb_800": "https:\/\/files.slack.com\/files-tmb\/T9SHC5F9S-FBZDR75JR-c82f5ba5d6\/image_800.png?t=xoxe-332590185332-430098056850-431139793783-a3ecafe0d0f66efa522a67af632228d7",
                "thumb_800_w": 800,
                "thumb_800_h": 458,
                "thumb_960": "https:\/\/files.slack.com\/files-tmb\/T9SHC5F9S-FBZDR75JR-c82f5ba5d6\/image_960.png?t=xoxe-332590185332-430098056850-431139793783-a3ecafe0d0f66efa522a67af632228d7",
                "thumb_960_w": 960,
                "thumb_960_h": 550,
                "thumb_1024": "https:\/\/files.slack.com\/files-tmb\/T9SHC5F9S-FBZDR75JR-c82f5ba5d6\/image_1024.png?t=xoxe-332590185332-430098056850-431139793783-a3ecafe0d0f66efa522a67af632228d7",
                "thumb_1024_w": 1024,
                "thumb_1024_h": 586,
                "image_exif_rotation": 1,
                "original_w": 1526,
                "original_h": 874,
                "permalink": "https:\/\/daitgirls.slack.com\/files\/UBELL5EF5\/FBZDR75JR\/image.png",
                "permalink_public": "https:\/\/slack-files.com\/T9SHC5F9S-FBZDR75JR-14c7ef3657"
            }
        ],
        "upload": true,
        "user": "UBELL5EF5",
        "display_as_bot": false,
        "thread_ts": "1532957871.000273",
        "parent_user_id": "UBDUUHX4J",
        "ts": "1532958951.000146"
    },
    {
        "type": "message",
        "user": "UBDUUHX4J",
        "text": "네 제가 뭔가 잘못한거겠군요 다시 해보겠씁니당 !~",
        "client_msg_id": "bebfba84-9518-442b-9c09-84c4978e3356",
        "thread_ts": "1532957871.000273",
        "parent_user_id": "UBDUUHX4J",
        "ts": "1532958981.000496"
    },
    {
        "type": "message",
        "user": "UBELL5EF5",
        "text": "위 코드는 start랑 end가 str 형식이어야 작동해요. 혹시 read_csv 하실 때 start랑 end를 timestamp 형식으로 변환하셨어요?",
        "client_msg_id": "2cca2ab4-d447-420f-b31c-1b2f47caa17d",
        "thread_ts": "1532957871.000273",
        "parent_user_id": "UBDUUHX4J",
        "ts": "1532958985.000386"
    },
    {
        "type": "message",
        "user": "UBDUUHX4J",
        "text": "우잉 아니용?ㅇㅅㅇ",
        "client_msg_id": "2b926f9b-ae39-4946-98bf-f37ac34f36a4",
        "thread_ts": "1532957871.000273",
        "parent_user_id": "UBDUUHX4J",
        "ts": "1532959008.000123"
    },
    {
        "type": "message",
        "user": "UBDUUHX4J",
        "text": "해볼게용!",
        "client_msg_id": "955388d4-d12d-40d4-a8d6-ba441bfcd2be",
        "thread_ts": "1532957871.000273",
        "parent_user_id": "UBDUUHX4J",
        "ts": "1532959014.000211"
    },
    {
        "type": "message",
        "user": "UBELL5EF5",
        "text": "(timestamp로 변환했다면 문자열 함수 대신 시간 함수를 써서 위와 비슷한 방식의 코드를 만드실 수 있어요)",
        "client_msg_id": "48b3d59a-38a3-41c2-a63d-cedbe8122bf4",
        "thread_ts": "1532957871.000273",
        "parent_user_id": "UBDUUHX4J",
        "ts": "1532959031.000412"
    },
    {
        "type": "message",
        "user": "UBELL5EF5",
        "text": "저 위에 말씀하신 에러 메시지를 보니까 어디선가 start 칼럼이 timestamp로 변환된 것 같아요.",
        "client_msg_id": "fd547518-2c50-44b8-8d00-0e502f3177b0",
        "thread_ts": "1532957871.000273",
        "parent_user_id": "UBDUUHX4J",
        "ts": "1532959119.000274"
    },
    {
        "type": "message",
        "text": "월별, 카테고리별 청원수 구하기",
        "files": [
            {
                "id": "FC0KC6U2J",
                "created": 1532959768,
                "timestamp": 1532959768,
                "name": "image.png",
                "title": "Pasted image at 2018-07-30, 11:09 PM",
                "mimetype": "image\/png",
                "filetype": "png",
                "pretty_type": "PNG",
                "user": "UBELL5EF5",
                "editable": false,
                "size": 226716,
                "mode": "hosted",
                "is_external": false,
                "external_type": "",
                "is_public": true,
                "public_url_shared": false,
                "display_as_bot": false,
                "username": "",
                "url_private": "https:\/\/files.slack.com\/files-pri\/T9SHC5F9S-FC0KC6U2J\/image.png?t=xoxe-332590185332-430098056850-431139793783-a3ecafe0d0f66efa522a67af632228d7",
                "url_private_download": "https:\/\/files.slack.com\/files-pri\/T9SHC5F9S-FC0KC6U2J\/download\/image.png?t=xoxe-332590185332-430098056850-431139793783-a3ecafe0d0f66efa522a67af632228d7",
                "thumb_64": "https:\/\/files.slack.com\/files-tmb\/T9SHC5F9S-FC0KC6U2J-3b39e167f8\/image_64.png?t=xoxe-332590185332-430098056850-431139793783-a3ecafe0d0f66efa522a67af632228d7",
                "thumb_80": "https:\/\/files.slack.com\/files-tmb\/T9SHC5F9S-FC0KC6U2J-3b39e167f8\/image_80.png?t=xoxe-332590185332-430098056850-431139793783-a3ecafe0d0f66efa522a67af632228d7",
                "thumb_360": "https:\/\/files.slack.com\/files-tmb\/T9SHC5F9S-FC0KC6U2J-3b39e167f8\/image_360.png?t=xoxe-332590185332-430098056850-431139793783-a3ecafe0d0f66efa522a67af632228d7",
                "thumb_360_w": 299,
                "thumb_360_h": 360,
                "thumb_480": "https:\/\/files.slack.com\/files-tmb\/T9SHC5F9S-FC0KC6U2J-3b39e167f8\/image_480.png?t=xoxe-332590185332-430098056850-431139793783-a3ecafe0d0f66efa522a67af632228d7",
                "thumb_480_w": 399,
                "thumb_480_h": 480,
                "thumb_160": "https:\/\/files.slack.com\/files-tmb\/T9SHC5F9S-FC0KC6U2J-3b39e167f8\/image_160.png?t=xoxe-332590185332-430098056850-431139793783-a3ecafe0d0f66efa522a67af632228d7",
                "thumb_720": "https:\/\/files.slack.com\/files-tmb\/T9SHC5F9S-FC0KC6U2J-3b39e167f8\/image_720.png?t=xoxe-332590185332-430098056850-431139793783-a3ecafe0d0f66efa522a67af632228d7",
                "thumb_720_w": 599,
                "thumb_720_h": 720,
                "thumb_800": "https:\/\/files.slack.com\/files-tmb\/T9SHC5F9S-FC0KC6U2J-3b39e167f8\/image_800.png?t=xoxe-332590185332-430098056850-431139793783-a3ecafe0d0f66efa522a67af632228d7",
                "thumb_800_w": 800,
                "thumb_800_h": 962,
                "thumb_960": "https:\/\/files.slack.com\/files-tmb\/T9SHC5F9S-FC0KC6U2J-3b39e167f8\/image_960.png?t=xoxe-332590185332-430098056850-431139793783-a3ecafe0d0f66efa522a67af632228d7",
                "thumb_960_w": 798,
                "thumb_960_h": 960,
                "thumb_1024": "https:\/\/files.slack.com\/files-tmb\/T9SHC5F9S-FC0KC6U2J-3b39e167f8\/image_1024.png?t=xoxe-332590185332-430098056850-431139793783-a3ecafe0d0f66efa522a67af632228d7",
                "thumb_1024_w": 851,
                "thumb_1024_h": 1024,
                "image_exif_rotation": 1,
                "original_w": 1350,
                "original_h": 1624,
                "permalink": "https:\/\/daitgirls.slack.com\/files\/UBELL5EF5\/FC0KC6U2J\/image.png",
                "permalink_public": "https:\/\/slack-files.com\/T9SHC5F9S-FC0KC6U2J-975b6ab9b6"
            }
        ],
        "upload": true,
        "user": "UBELL5EF5",
        "display_as_bot": false,
        "thread_ts": "1532957871.000273",
        "parent_user_id": "UBDUUHX4J",
        "ts": "1532959771.000499"
    },
    {
        "type": "message",
        "user": "UBELL5EF5",
        "text": "(마지막 주석이 잘못되었네요. “# 월별 청원별로 묶어서(groupby) 행 수를 구하기“로 수정해서 읽어주세요)",
        "client_msg_id": "b391242e-e41d-43d7-9419-b0c96a26ad4d",
        "thread_ts": "1532957871.000273",
        "parent_user_id": "UBDUUHX4J",
        "ts": "1532959837.000343"
    },
    {
        "type": "message",
        "user": "UBDUUHX4J",
        "text": "timestamp 를 str 으로 바꾸려고 노력 중이였습니다 ㅠㅠ 아직 해결중이에요 \n\npetitions['yearmonth'] = pd.to_datetime(petitions['start'])\n\n이렇게 하나 해봣어요 ! \n\n감사합니다.. 뚝딱뚝딱",
        "client_msg_id": "28bbcbdc-8339-49ad-83da-084d18a30d86",
        "thread_ts": "1532957871.000273",
        "parent_user_id": "UBDUUHX4J",
        "ts": "1532960157.000045"
    },
    {
        "type": "message",
        "user": "UBELL5EF5",
        "text": "`to_datetime`은 `str`을 `timestamp`로 바꾸는 함수입니당 :wink:",
        "client_msg_id": "1903b9d3-3b69-46f6-9681-71acbe69496d",
        "thread_ts": "1532957871.000273",
        "parent_user_id": "UBDUUHX4J",
        "ts": "1532960664.000187"
    },
    {
        "type": "message",
        "user": "UBDUUHX4J",
        "text": "우웩ㅋㅋㅋㅋㅋㅋ",
        "client_msg_id": "D3ADCC30-F437-443E-A0B0-4A51184AE225",
        "thread_ts": "1532957871.000273",
        "parent_user_id": "UBDUUHX4J",
        "ts": "1532960718.000204"
    },
    {
        "type": "message",
        "user": "UBELL5EF5",
        "text": "저는 그냥 이렇게 했어요.\n\n```\nimport pandas as pd\ndf = pd.read_csv('<https:\/\/s3.ap-northeast-2.amazonaws.com\/data10902\/petition\/petition.csv>')\n\n# 'yearmonth' 칼럼 추가\ndf['yearmonth'] = df['start'].apply(lambda x: x[:7])\n\n# 2018년에 시작된 청원들\ndf2018 = df.loc[df['start'].str.startswith('2018-')]\n\n# 월별 청원별로 묶어서(groupby) 행 수를 구하기\ndf2018[['yearmonth', 'category', 'start']].groupby(['yearmonth', 'category']).count()\n```",
        "client_msg_id": "3b43be58-5d94-492f-8192-ccbd9fd3e803",
        "thread_ts": "1532957871.000273",
        "parent_user_id": "UBDUUHX4J",
        "ts": "1532961076.000400"
    },
    {
        "type": "message",
        "user": "UBELL5EF5",
        "text": "Pandas 프로젝트의 라이선스는 BSD 계열인데 10minutes2pandas 번역 문서의 라이선스는 1) LICENSE 파일에는 MIT로 되어있고 2) ipynb 파일에는 CCL 계열로 되어 있는걸 지금 봤습니다. Pandas 프로젝트에서 문서의 라이선스에 대한 별도 언급이 없기도 하고, 해당 문서가 pandas 저장소 내에 속해 있기도 하니까( <https:\/\/github.com\/pandas-dev\/pandas\/blob\/master\/doc\/source\/10min.rst> ), 제 생각엔 이 문서도 pandas 소스코드 혹은 파생된 결과물(rst -&gt; html)로 보아야 맞을 것 같아요. 그렇다면 이 문서를 번역한 저희 문서도 MIT나 CCL이 아니라 BSD-3를 따라야 하는게 아닐까요?",
        "client_msg_id": "b10505be-e36b-488c-a46c-e4d623c82acc",
        "attachments": [
            {
                "fallback": "[pandas-dev\/pandas] doc\/source\/10min.rst",
                "text": "```\n.. _10min:\n\n.. currentmodule:: pandas\n\n.. ipython:: python\n   :suppress:\n\n   import numpy as np\n   import pandas as pd\n   import os\n   np.random.seed(123456)\n   np.set_printoptions(precision=4, suppress=True)\n   import matplotlib\n   # matplotlib.style.use('default')\n   pd.options.display.max_rows = 15\n\n   #### portions of this were borrowed from the\n   #### Pandas cheatsheet\n   #### created during the PyData Workshop-Sprint 2012\n   #### Hannah Chen, Henry Chow, Eric Cox, Robert Mauriello\n\n\n********************\n10 Minutes to pandas\n********************\n\nThis is a short introduction to pandas, geared mainly for new users.\nYou can see more complex recipes in the :ref:`Cookbook&lt;cookbook&gt;`.\n\nCustomarily, we import as follows:\n\n.. ipython:: python\n\n   import pandas as pd\n   import numpy as np\n   import matplotlib.pyplot as plt\n\nObject Creation\n---------------\n\nSee the :ref:`Data Structure Intro section &lt;dsintro&gt;`.\n\nCreating a :class:`Series` by passing a list of values, letting pandas create\na default integer index:\n\n.. ipython:: python\n\n   s = pd.Series([1,3,5,np.nan,6,8])\n   s\n\nCreating a :class:`DataFrame` by passing a NumPy array, with a datetime index\nand labeled columns:\n\n.. ipython:: python\n\n   dates = pd.date_range('20130101', periods=6)\n   dates\n   df = pd.DataFrame(np.random.randn(6,4), index=dates, columns=list('ABCD'))\n   df\n\nCreating a ``DataFrame`` by passing a dict of objects that can be converted to series-like.\n\n.. ipython:: python\n\n   df2 = pd.DataFrame({ 'A' : 1.,\n                        'B' : pd.Timestamp('20130102'),\n                        'C' : pd.Series(1,index=list(range(4)),dtype='float32'),\n                        'D' : np.array([3] * 4,dtype='int32'),\n                        'E' : pd.Categorical([\"test\",\"train\",\"test\",\"train\"]),\n                        'F' : 'foo' })\n   df2\n\nThe columns of the resulting ``DataFrame`` have different \n:ref:`dtypes &lt;basics.dtypes&gt;`.\n\n.. ipython:: python\n\n   df2.dtypes\n\nIf you're using IPython, tab completion for column names (as well as public\nattributes) is automatically enabled. Here's a subset of the attributes that\nwill be completed:\n\n.. ipython::\n\n   @verbatim\n   In [1]: df2.&lt;TAB&gt;\n   df2.A                  df2.bool\n   df2.abs                df2.boxplot\n   df2.add                df2.C\n   df2.add_prefix         df2.clip\n   df2.add_suffix         df2.clip_lower\n   df2.align              df2.clip_upper\n   df2.all                df2.columns\n   df2.any                df2.combine\n   df2.append             df2.combine_first\n   df2.apply              df2.compound\n   df2.applymap           df2.consolidate\n   df2.D\n\nAs you can see, the columns ``A``, ``B``, ``C``, and ``D`` are automatically\ntab completed. ``E`` is there as well; the rest of the attributes have been\ntruncated for brevity.\n\nViewing Data\n------------\n\nSee the :ref:`Basics section &lt;basics&gt;`.\n\nHere is how to view the top and bottom rows of the frame:\n\n.. ipython:: python\n\n   df.head()\n   df.tail(3)\n\nDisplay the index, columns, and the underlying NumPy data:\n\n.. ipython:: python\n\n   df.index\n   df.columns\n   df.values\n\n:func:`~DataFrame.describe` shows a quick statistic summary of your data:\n\n.. ipython:: python\n\n   df.describe()\n\nTransposing your data:\n\n.. ipython:: python\n\n   df.T\n\nSorting by an axis:\n\n.. ipython:: python\n\n   df.sort_index(axis=1, ascending=False)\n\nSorting by values:\n\n.. ipython:: python\n\n   df.sort_values(by='B')\n\nSelection\n---------\n\n.. note::\n\n   While standard Python \/ Numpy expressions for selecting and setting are\n   intuitive and come in handy for interactive work, for production code, we\n   recommend the optimized pandas data access methods, ``.at``, ``.iat``,\n   ``.loc`` and ``.iloc``.\n\nSee the indexing documentation :ref:`Indexing and Selecting Data &lt;indexing&gt;` and :ref:`MultiIndex \/ Advanced Indexing &lt;advanced&gt;`.\n\nGetting\n~~~~~~~\n\nSelecting a single column, which yields a ``Series``,\nequivalent to ``df.A``:\n\n.. ipython:: python\n\n   df['A']\n\nSelecting via ``[]``, which slices the rows.\n\n.. ipython:: python\n\n   df[0:3]\n   df['20130102':'20130104']\n\nSelection by Label\n~~~~~~~~~~~~~~~~~~\n\nSee more in :ref:`Selection by Label &lt;indexing.label&gt;`.\n\nFor getting a cross section using a label:\n\n.. ipython:: python\n\n   df.loc[dates[0]]\n\nSelecting on a multi-axis by label:\n\n.. ipython:: python\n\n   df.loc[:,['A','B']]\n\nShowing label slicing, both endpoints are *included*:\n\n.. ipython:: python\n\n   df.loc['20130102':'20130104',['A','B']]\n\nReduction in the dimensions of the returned object:\n\n.. ipython:: python\n\n   df.loc['20130102',['A','B']]\n\nFor getting a scalar value:\n\n.. ipython:: python\n\n   df.loc[dates[0],'A']\n\nFor getting fast access to a scalar (equivalent to the prior method):\n\n.. ipython:: python\n\n   <http:\/\/df.at[dates[0],'A']|df.at[dates[0],'A']>\n\nSelection by Position\n~~~~~~~~~~~~~~~~~~~~~\n\nSee more in :ref:`Selection by Position &lt;indexing.integer&gt;`.\n\nSelect via the position of the passed integers:\n\n.. ipython:: python\n\n   df.iloc[3]\n\nBy integer slices, acting similar to numpy\/python:\n\n.. ipython:: python\n\n   df.iloc[3:5,0:2]\n\nBy lists of integer position locations, similar to the numpy\/python style:\n\n.. ipython:: python\n\n   df.iloc[[1,2,4],[0,2]]\n\nFor slicing rows explicitly:\n\n.. ipython:: python\n\n   df.iloc[1:3,:]\n\nFor slicing columns explicitly:\n\n.. ipython:: python\n\n   df.iloc[:,1:3]\n\nFor getting a value explicitly:\n\n.. ipython:: python\n\n   df.iloc[1,1]\n\nFor getting fast access to a scalar (equivalent to the prior method):\n\n.. ipython:: python\n\n   df.iat[1,1]\n\nBoolean Indexing\n~~~~~~~~~~~~~~~~\n\nUsing a single column's values to select data.\n\n.. ipython:: python\n\n   df[df.A &gt; 0]\n\nSelecting values from a DataFrame where a boolean condition is met.\n\n.. ipython:: python\n\n   df[df &gt; 0]\n\nUsing the :func:`~Series.isin` method for filtering:\n\n.. ipython:: python\n\n   df2 = df.copy()\n   df2['E'] = ['one', 'one','two','three','four','three']\n   df2\n   df2[df2['E'].isin(['two','four'])]\n\nSetting\n~~~~~~~\n\nSetting a new column automatically aligns the data\nby the indexes.\n\n.. ipython:: python\n\n   s1 = pd.Series([1,2,3,4,5,6], index=pd.date_range('20130102', periods=6))\n   s1\n   df['F'] = s1\n\nSetting values by label:\n\n.. ipython:: python\n\n   <http:\/\/df.at[dates[0],'A']|df.at[dates[0],'A']> = 0\n\nSetting values by position:\n\n.. ipython:: python\n\n   df.iat[0,1] = 0\n\nSetting by assigning with a NumPy array:\n\n.. ipython:: python\n\n   df.loc[:,'D'] = np.array([5] * len(df))\n\nThe result of the prior setting operations.\n\n.. ipython:: python\n\n   df\n\nA ``where`` operation with setting.\n\n.. ipython:: python\n\n   df2 = df.copy()\n   df2[df2 &gt; 0] = -df2\n   df2\n\n\nMissing Data\n------------\n\npandas primarily uses the value ``np.nan`` to represent missing data. It is by\ndefault not included in computations. See the :ref:`Missing Data section\n&lt;missing_data&gt;`.\n\nReindexing allows you to change\/add\/delete the index on a specified axis. This\nreturns a copy of the data.\n\n.. ipython:: python\n\n   df1 = df.reindex(index=dates[0:4], columns=list(df.columns) + ['E'])\n   df1.loc[dates[0]:dates[1],'E'] = 1\n   df1\n\nTo drop any rows that have missing data.\n\n.. ipython:: python\n\n   df1.dropna(how='any')\n\nFilling missing data.\n\n.. ipython:: python\n\n   df1.fillna(value=5)\n\nTo get the boolean mask where values are ``nan``.\n\n.. ipython:: python\n\n   pd.isna(df1)\n\n\nOperations\n----------\n\nSee the :ref:`Basic section on Binary Ops &lt;basics.binop&gt;`.\n\nStats\n~~~~~\n\nOperations in general *exclude* missing data.\n\nPerforming a descriptive statistic:\n\n.. ipython:: python\n\n   df.mean()\n\nSame operation on the other axis:\n\n.. ipython:: python\n\n   df.mean(1)\n\nOperating with objects that have different dimensionality and need alignment.\nIn addition, pandas automatically broadcasts along the specified dimension.\n\n.. ipython:: python\n\n   s = pd.Series([1,3,5,np.nan,6,8], index=dates).shift(2)\n   s\n   df.sub(s, axis='index')\n\n\nApply\n~~~~~\n\nApplying functions to the data:\n\n.. ipython:: python\n\n   df.apply(n…",
                "title": "doc\/source\/10min.rst",
                "footer": "<https:\/\/github.com\/pandas-dev\/pandas|pandas-dev\/pandas>",
                "id": 1,
                "title_link": "https:\/\/github.com\/pandas-dev\/pandas\/blob\/master\/doc\/source\/10min.rst",
                "footer_icon": "https:\/\/assets-cdn.github.com\/favicon.ico",
                "color": "24292f",
                "mrkdwn_in": [
                    "text"
                ],
                "bot_id": "BBNDHKJQ3",
                "app_unfurl_url": "https:\/\/github.com\/pandas-dev\/pandas\/blob\/master\/doc\/source\/10min.rst",
                "is_app_unfurl": true
            }
        ],
        "edited": {
            "user": "UBELL5EF5",
            "ts": "1532965400.000000"
        },
        "ts": "1532964818.000255"
    },
    {
        "type": "message",
        "user": "UBDUUHX4J",
        "text": "감사합니다 쌤 내일 마저 생각해볼려구여 ㅠㅠㅠㅠㅠ",
        "client_msg_id": "071C3C80-1B14-4F68-8620-AB64F9606786",
        "thread_ts": "1532957871.000273",
        "parent_user_id": "UBDUUHX4J",
        "ts": "1532966147.000232",
        "reactions": [
            {
                "name": "+1",
                "users": [
                    "UBELL5EF5"
                ],
                "count": 1
            }
        ]
    },
    {
        "type": "message",
        "user": "UBDUUHX4J",
        "text": "흑흑 ㅊ챁타ㅏ아앙",
        "client_msg_id": "864A66FA-ED68-4951-A9A4-69DF12BA6DC0",
        "thread_ts": "1532957871.000273",
        "parent_user_id": "UBDUUHX4J",
        "ts": "1532966153.000553"
    },
    {
        "type": "message",
        "user": "UBELL5EF5",
        "text": "늦게까지 수고하셨어요! 내일 뵙겠습니다.",
        "client_msg_id": "8c186565-71b8-4901-97cb-1193b78e7429",
        "thread_ts": "1532957871.000273",
        "parent_user_id": "UBDUUHX4J",
        "ts": "1532966183.000367"
    }
]