[
    {
        "type": "message",
        "text": "",
        "files": [
            {
                "id": "FBVBL561X",
                "created": 1532435891,
                "timestamp": 1532435891,
                "name": "스크린샷 2018-07-24 오후 9.37.42.png",
                "title": "Jupyter_kernel?",
                "mimetype": "image\/png",
                "filetype": "png",
                "pretty_type": "PNG",
                "user": "UBDRVLD1R",
                "editable": false,
                "size": 116466,
                "mode": "hosted",
                "is_external": false,
                "external_type": "",
                "is_public": true,
                "public_url_shared": false,
                "display_as_bot": false,
                "username": "",
                "url_private": "https:\/\/files.slack.com\/files-pri\/T9SHC5F9S-FBVBL561X\/_______________________________2018-07-24______________9.37.42.png?t=xoxe-332590185332-430098056850-431139793783-a3ecafe0d0f66efa522a67af632228d7",
                "url_private_download": "https:\/\/files.slack.com\/files-pri\/T9SHC5F9S-FBVBL561X\/download\/_______________________________2018-07-24______________9.37.42.png?t=xoxe-332590185332-430098056850-431139793783-a3ecafe0d0f66efa522a67af632228d7",
                "thumb_64": "https:\/\/files.slack.com\/files-tmb\/T9SHC5F9S-FBVBL561X-6258326287\/_______________________________2018-07-24______________9.37.42_64.png?t=xoxe-332590185332-430098056850-431139793783-a3ecafe0d0f66efa522a67af632228d7",
                "thumb_80": "https:\/\/files.slack.com\/files-tmb\/T9SHC5F9S-FBVBL561X-6258326287\/_______________________________2018-07-24______________9.37.42_80.png?t=xoxe-332590185332-430098056850-431139793783-a3ecafe0d0f66efa522a67af632228d7",
                "thumb_360": "https:\/\/files.slack.com\/files-tmb\/T9SHC5F9S-FBVBL561X-6258326287\/_______________________________2018-07-24______________9.37.42_360.png?t=xoxe-332590185332-430098056850-431139793783-a3ecafe0d0f66efa522a67af632228d7",
                "thumb_360_w": 360,
                "thumb_360_h": 161,
                "thumb_480": "https:\/\/files.slack.com\/files-tmb\/T9SHC5F9S-FBVBL561X-6258326287\/_______________________________2018-07-24______________9.37.42_480.png?t=xoxe-332590185332-430098056850-431139793783-a3ecafe0d0f66efa522a67af632228d7",
                "thumb_480_w": 480,
                "thumb_480_h": 215,
                "thumb_160": "https:\/\/files.slack.com\/files-tmb\/T9SHC5F9S-FBVBL561X-6258326287\/_______________________________2018-07-24______________9.37.42_160.png?t=xoxe-332590185332-430098056850-431139793783-a3ecafe0d0f66efa522a67af632228d7",
                "thumb_720": "https:\/\/files.slack.com\/files-tmb\/T9SHC5F9S-FBVBL561X-6258326287\/_______________________________2018-07-24______________9.37.42_720.png?t=xoxe-332590185332-430098056850-431139793783-a3ecafe0d0f66efa522a67af632228d7",
                "thumb_720_w": 720,
                "thumb_720_h": 322,
                "thumb_800": "https:\/\/files.slack.com\/files-tmb\/T9SHC5F9S-FBVBL561X-6258326287\/_______________________________2018-07-24______________9.37.42_800.png?t=xoxe-332590185332-430098056850-431139793783-a3ecafe0d0f66efa522a67af632228d7",
                "thumb_800_w": 800,
                "thumb_800_h": 358,
                "thumb_960": "https:\/\/files.slack.com\/files-tmb\/T9SHC5F9S-FBVBL561X-6258326287\/_______________________________2018-07-24______________9.37.42_960.png?t=xoxe-332590185332-430098056850-431139793783-a3ecafe0d0f66efa522a67af632228d7",
                "thumb_960_w": 960,
                "thumb_960_h": 430,
                "thumb_1024": "https:\/\/files.slack.com\/files-tmb\/T9SHC5F9S-FBVBL561X-6258326287\/_______________________________2018-07-24______________9.37.42_1024.png?t=xoxe-332590185332-430098056850-431139793783-a3ecafe0d0f66efa522a67af632228d7",
                "thumb_1024_w": 1024,
                "thumb_1024_h": 459,
                "image_exif_rotation": 1,
                "original_w": 1322,
                "original_h": 592,
                "permalink": "https:\/\/daitgirls.slack.com\/files\/UBDRVLD1R\/FBVBL561X\/_______________________________2018-07-24______________9.37.42.png",
                "permalink_public": "https:\/\/slack-files.com\/T9SHC5F9S-FBVBL561X-d2b8d664e1"
            }
        ],
        "upload": true,
        "user": "UBDRVLD1R",
        "display_as_bot": false,
        "ts": "1532435894.000325"
    },
    {
        "type": "message",
        "user": "UBDRVLD1R",
        "text": "애란쌤! 오늘 올려주신 콜랩 파일을 받아서 주피터로 열었는데, kernel 이 python 3을 제공하지 않는다는(?) 뉘앙스의 오류가 떴어요. 문제가 무엇일까요?",
        "client_msg_id": "9fb412e0-8889-4fe5-8f5d-2cbbff1e83d1",
        "thread_ts": "1532435917.000166",
        "reply_count": 7,
        "replies": [
            {
                "user": "UBELL5EF5",
                "ts": "1532436776.000176"
            },
            {
                "user": "UBELL5EF5",
                "ts": "1532436877.000196"
            },
            {
                "user": "UBDRVLD1R",
                "ts": "1532436928.000419"
            },
            {
                "user": "UBDRVLD1R",
                "ts": "1532436969.000096"
            },
            {
                "user": "UBELL5EF5",
                "ts": "1532437538.000156"
            },
            {
                "user": "UBELL5EF5",
                "ts": "1532437632.000144"
            },
            {
                "user": "UBDRVLD1R",
                "ts": "1532437727.000156"
            }
        ],
        "unread_count": 7,
        "ts": "1532435917.000166",
        "reactions": [
            {
                "name": "+1",
                "users": [
                    "UBELL5EF5"
                ],
                "count": 1
            },
            {
                "name": "ddongule2",
                "users": [
                    "UBF0XHZD5",
                    "UBE1ZBL80"
                ],
                "count": 2
            }
        ]
    },
    {
        "type": "message",
        "user": "UBDRVLD1R",
        "text": "지금 아나콘다 설치 버전은 1.8.7 입니다",
        "client_msg_id": "8968dda7-00b1-4a49-bcae-f320a34350c9",
        "ts": "1532435970.000287"
    },
    {
        "type": "message",
        "user": "UBELL5EF5",
        "text": "<@UBDRVLD1R> Anaconda에 Python 3 버전이랑 Python 2 버전이 있는데 혹시 이 중 Anaconda Python 3 버전을 설치하신건지 확인해보시겠어요?",
        "client_msg_id": "989e4868-8c0c-4829-a2e2-4d318ff8aa32",
        "edited": {
            "user": "UBELL5EF5",
            "ts": "1532436855.000000"
        },
        "thread_ts": "1532435917.000166",
        "parent_user_id": "UBDRVLD1R",
        "ts": "1532436776.000176"
    },
    {
        "type": "message",
        "user": "UBELL5EF5",
        "text": "혹시 Python 2 버전을 설치한거라면 제거한 후에 <https:\/\/www.anaconda.com\/download\/#windows> 여기에서 왼쪽에 있는 3.6 을 설치하시면 될 것 같아요.",
        "client_msg_id": "170528bf-0325-45ce-a15b-03b7a732a607",
        "attachments": [
            {
                "service_name": "Anaconda",
                "title": "Downloads - Anaconda",
                "title_link": "https:\/\/www.anaconda.com\/download\/#windows",
                "text": "Download Anaconda Distribution Version | Release Date: Download For: High-Performance Distribution Easily install 1,000+ data science packages Package Management Manage packages, dependencies and environments with conda Portal to Data Science Uncover insights in your data and create interactive visualizations Download for Your Preferred Platform Open   Windows Anaconda For Windows Installer Python 3.6 version * …Read more →",
                "fallback": "Anaconda: Downloads - Anaconda",
                "image_url": "https:\/\/www.anaconda.com\/wp-content\/uploads\/2018\/05\/Anaconda-Twitter-Card-01.jpg",
                "image_width": 478,
                "image_height": 250,
                "from_url": "https:\/\/www.anaconda.com\/download\/#windows",
                "image_bytes": 200679,
                "service_icon": "https:\/\/www.anaconda.com\/wp-content\/themes\/anaconda\/images\/favicons\/apple-icon-57x57.png",
                "id": 1,
                "original_url": "https:\/\/www.anaconda.com\/download\/#windows"
            }
        ],
        "thread_ts": "1532435917.000166",
        "parent_user_id": "UBDRVLD1R",
        "ts": "1532436877.000196"
    },
    {
        "type": "message",
        "user": "UBDRVLD1R",
        "text": "앗 선생님 말씀이 맞아요. 2.7.15 버전이 설치돼 있네요. 빠른 답변 감사드립니다",
        "client_msg_id": "623a5c69-1f21-42a5-917a-d1164f0d2554",
        "thread_ts": "1532435917.000166",
        "parent_user_id": "UBDRVLD1R",
        "ts": "1532436928.000419"
    },
    {
        "type": "message",
        "user": "UBDRVLD1R",
        "text": "혹시 지금들어와 계시다면.. 터미널로 아나콘다 설치 파일들 완전히 깨끗하게 제거하는 방법이 있을까요?",
        "client_msg_id": "ef6456e3-f782-40cd-97f3-f6fe3e8f420b",
        "thread_ts": "1532435917.000166",
        "parent_user_id": "UBDRVLD1R",
        "ts": "1532436969.000096"
    },
    {
        "type": "message",
        "user": "UBELL5EF5",
        "text": "맥 쓰시나요?",
        "client_msg_id": "a8ea4e45-fd01-4adc-8f7c-38ab58a229ce",
        "thread_ts": "1532435917.000166",
        "parent_user_id": "UBDRVLD1R",
        "ts": "1532437538.000156"
    },
    {
        "type": "message",
        "user": "UBELL5EF5",
        "text": "맥 쓰시면 <https:\/\/stackoverflow.com\/questions\/42182706\/how-to-uninstall-anaconda-completely-from-macos> 여기에서 답변 부분에 나온대로 해보시겠어요?",
        "client_msg_id": "5051d138-a4fe-47b0-88ce-a51506f01520",
        "attachments": [
            {
                "service_name": "Stack Overflow",
                "title": "How to uninstall Anaconda completely from MacOS",
                "title_link": "https:\/\/stackoverflow.com\/questions\/42182706\/how-to-uninstall-anaconda-completely-from-macos",
                "text": "How can I completely uninstall Anaconda from MacOS Sierra and revert back to the original Python? I have tried using conda-clean -yes but that doesn't work. I also remove the stuff in ~\/.bash_profi...",
                "fallback": "Stack Overflow: How to uninstall Anaconda completely from MacOS",
                "thumb_url": "https:\/\/cdn.sstatic.net\/Sites\/stackoverflow\/img\/apple-touch-icon@2.png?v=73d79a89bded",
                "from_url": "https:\/\/stackoverflow.com\/questions\/42182706\/how-to-uninstall-anaconda-completely-from-macos",
                "thumb_width": 316,
                "thumb_height": 316,
                "service_icon": "https:\/\/cdn.sstatic.net\/Sites\/stackoverflow\/img\/favicon.ico?v=4f32ecc8f43d",
                "id": 1,
                "original_url": "https:\/\/stackoverflow.com\/questions\/42182706\/how-to-uninstall-anaconda-completely-from-macos"
            }
        ],
        "thread_ts": "1532435917.000166",
        "parent_user_id": "UBDRVLD1R",
        "ts": "1532437632.000144"
    },
    {
        "type": "message",
        "user": "UBDRVLD1R",
        "text": "어떻게 서치해야 할지 몰랐는데 저렇게 검색하면 되는군요! 감사합니다 :slightly_smiling_face:",
        "client_msg_id": "d5ac35a9-4382-4980-9524-122da4b19a0f",
        "thread_ts": "1532435917.000166",
        "parent_user_id": "UBDRVLD1R",
        "ts": "1532437727.000156",
        "reactions": [
            {
                "name": "slightly_smiling_face",
                "users": [
                    "UBELL5EF5",
                    "UBD8GLUEL"
                ],
                "count": 2
            }
        ]
    },
    {
        "type": "message",
        "text": "여기 argument가 2개가 주어졌는데, 1개만 가져야한다는 에러가 나는데, 왜 이럴까요? get_sheet에 인자값 두개 넣은 거 맞는 거 같은데...",
        "files": [
            {
                "id": "FBW8NPGKD",
                "created": 1532478971,
                "timestamp": 1532478971,
                "name": "Screen Shot 2018-07-25 at 9.26.48 AM.png",
                "title": "Screen Shot 2018-07-25 at 9.26.48 AM.png",
                "mimetype": "image\/png",
                "filetype": "png",
                "pretty_type": "PNG",
                "user": "UBF1K97FH",
                "editable": false,
                "size": 183992,
                "mode": "hosted",
                "is_external": false,
                "external_type": "",
                "is_public": true,
                "public_url_shared": false,
                "display_as_bot": false,
                "username": "",
                "url_private": "https:\/\/files.slack.com\/files-pri\/T9SHC5F9S-FBW8NPGKD\/screen_shot_2018-07-25_at_9.26.48_am.png?t=xoxe-332590185332-430098056850-431139793783-a3ecafe0d0f66efa522a67af632228d7",
                "url_private_download": "https:\/\/files.slack.com\/files-pri\/T9SHC5F9S-FBW8NPGKD\/download\/screen_shot_2018-07-25_at_9.26.48_am.png?t=xoxe-332590185332-430098056850-431139793783-a3ecafe0d0f66efa522a67af632228d7",
                "thumb_64": "https:\/\/files.slack.com\/files-tmb\/T9SHC5F9S-FBW8NPGKD-c2bddf776d\/screen_shot_2018-07-25_at_9.26.48_am_64.png?t=xoxe-332590185332-430098056850-431139793783-a3ecafe0d0f66efa522a67af632228d7",
                "thumb_80": "https:\/\/files.slack.com\/files-tmb\/T9SHC5F9S-FBW8NPGKD-c2bddf776d\/screen_shot_2018-07-25_at_9.26.48_am_80.png?t=xoxe-332590185332-430098056850-431139793783-a3ecafe0d0f66efa522a67af632228d7",
                "thumb_360": "https:\/\/files.slack.com\/files-tmb\/T9SHC5F9S-FBW8NPGKD-c2bddf776d\/screen_shot_2018-07-25_at_9.26.48_am_360.png?t=xoxe-332590185332-430098056850-431139793783-a3ecafe0d0f66efa522a67af632228d7",
                "thumb_360_w": 360,
                "thumb_360_h": 300,
                "thumb_480": "https:\/\/files.slack.com\/files-tmb\/T9SHC5F9S-FBW8NPGKD-c2bddf776d\/screen_shot_2018-07-25_at_9.26.48_am_480.png?t=xoxe-332590185332-430098056850-431139793783-a3ecafe0d0f66efa522a67af632228d7",
                "thumb_480_w": 480,
                "thumb_480_h": 400,
                "thumb_160": "https:\/\/files.slack.com\/files-tmb\/T9SHC5F9S-FBW8NPGKD-c2bddf776d\/screen_shot_2018-07-25_at_9.26.48_am_160.png?t=xoxe-332590185332-430098056850-431139793783-a3ecafe0d0f66efa522a67af632228d7",
                "thumb_720": "https:\/\/files.slack.com\/files-tmb\/T9SHC5F9S-FBW8NPGKD-c2bddf776d\/screen_shot_2018-07-25_at_9.26.48_am_720.png?t=xoxe-332590185332-430098056850-431139793783-a3ecafe0d0f66efa522a67af632228d7",
                "thumb_720_w": 720,
                "thumb_720_h": 600,
                "thumb_800": "https:\/\/files.slack.com\/files-tmb\/T9SHC5F9S-FBW8NPGKD-c2bddf776d\/screen_shot_2018-07-25_at_9.26.48_am_800.png?t=xoxe-332590185332-430098056850-431139793783-a3ecafe0d0f66efa522a67af632228d7",
                "thumb_800_w": 800,
                "thumb_800_h": 667,
                "thumb_960": "https:\/\/files.slack.com\/files-tmb\/T9SHC5F9S-FBW8NPGKD-c2bddf776d\/screen_shot_2018-07-25_at_9.26.48_am_960.png?t=xoxe-332590185332-430098056850-431139793783-a3ecafe0d0f66efa522a67af632228d7",
                "thumb_960_w": 960,
                "thumb_960_h": 801,
                "thumb_1024": "https:\/\/files.slack.com\/files-tmb\/T9SHC5F9S-FBW8NPGKD-c2bddf776d\/screen_shot_2018-07-25_at_9.26.48_am_1024.png?t=xoxe-332590185332-430098056850-431139793783-a3ecafe0d0f66efa522a67af632228d7",
                "thumb_1024_w": 1024,
                "thumb_1024_h": 854,
                "image_exif_rotation": 1,
                "original_w": 1144,
                "original_h": 954,
                "permalink": "https:\/\/daitgirls.slack.com\/files\/UBF1K97FH\/FBW8NPGKD\/screen_shot_2018-07-25_at_9.26.48_am.png",
                "permalink_public": "https:\/\/slack-files.com\/T9SHC5F9S-FBW8NPGKD-a216e085db",
                "reactions": [
                    {
                        "name": "+1",
                        "users": [
                            "UBELL5EF5",
                            "UBDUUV802"
                        ],
                        "count": 2
                    },
                    {
                        "name": "ddongule2",
                        "users": [
                            "UBDUUV802"
                        ],
                        "count": 1
                    }
                ]
            }
        ],
        "upload": true,
        "user": "UBF1K97FH",
        "display_as_bot": false,
        "reactions": [
            {
                "name": "+1",
                "users": [
                    "UBELL5EF5",
                    "UBDUUV802"
                ],
                "count": 2
            },
            {
                "name": "ddongule2",
                "users": [
                    "UBDUUV802"
                ],
                "count": 1
            }
        ],
        "ts": "1532478975.000130"
    },
    {
        "type": "message",
        "user": "UBELL5EF5",
        "text": "`get_sheet()` 호출할때 인자를 하나만 줘야하는데 두 개 줬기 때문에 에러가 났어요 :)",
        "client_msg_id": "ACD340BB-8466-462F-A205-090ACF54D329",
        "ts": "1532480683.000236"
    },
    {
        "type": "message",
        "text": "<@UBELL5EF5> 애란쌤 근데 위에 이 코드가 있거든요. 그럼 get_sheet에 인자값 2개 들어가는 게 맞는거 아닌가요?",
        "files": [
            {
                "id": "FBVS1QVBK",
                "created": 1532481287,
                "timestamp": 1532481287,
                "name": "Screen Shot 2018-07-25 at 10.12.35 AM.png",
                "title": "Screen Shot 2018-07-25 at 10.12.35 AM.png",
                "mimetype": "image\/png",
                "filetype": "png",
                "pretty_type": "PNG",
                "user": "UBF1K97FH",
                "editable": false,
                "size": 37567,
                "mode": "hosted",
                "is_external": false,
                "external_type": "",
                "is_public": true,
                "public_url_shared": false,
                "display_as_bot": false,
                "username": "",
                "url_private": "https:\/\/files.slack.com\/files-pri\/T9SHC5F9S-FBVS1QVBK\/screen_shot_2018-07-25_at_10.12.35_am.png?t=xoxe-332590185332-430098056850-431139793783-a3ecafe0d0f66efa522a67af632228d7",
                "url_private_download": "https:\/\/files.slack.com\/files-pri\/T9SHC5F9S-FBVS1QVBK\/download\/screen_shot_2018-07-25_at_10.12.35_am.png?t=xoxe-332590185332-430098056850-431139793783-a3ecafe0d0f66efa522a67af632228d7",
                "thumb_64": "https:\/\/files.slack.com\/files-tmb\/T9SHC5F9S-FBVS1QVBK-2a42b31753\/screen_shot_2018-07-25_at_10.12.35_am_64.png?t=xoxe-332590185332-430098056850-431139793783-a3ecafe0d0f66efa522a67af632228d7",
                "thumb_80": "https:\/\/files.slack.com\/files-tmb\/T9SHC5F9S-FBVS1QVBK-2a42b31753\/screen_shot_2018-07-25_at_10.12.35_am_80.png?t=xoxe-332590185332-430098056850-431139793783-a3ecafe0d0f66efa522a67af632228d7",
                "thumb_360": "https:\/\/files.slack.com\/files-tmb\/T9SHC5F9S-FBVS1QVBK-2a42b31753\/screen_shot_2018-07-25_at_10.12.35_am_360.png?t=xoxe-332590185332-430098056850-431139793783-a3ecafe0d0f66efa522a67af632228d7",
                "thumb_360_w": 360,
                "thumb_360_h": 38,
                "thumb_480": "https:\/\/files.slack.com\/files-tmb\/T9SHC5F9S-FBVS1QVBK-2a42b31753\/screen_shot_2018-07-25_at_10.12.35_am_480.png?t=xoxe-332590185332-430098056850-431139793783-a3ecafe0d0f66efa522a67af632228d7",
                "thumb_480_w": 480,
                "thumb_480_h": 51,
                "thumb_160": "https:\/\/files.slack.com\/files-tmb\/T9SHC5F9S-FBVS1QVBK-2a42b31753\/screen_shot_2018-07-25_at_10.12.35_am_160.png?t=xoxe-332590185332-430098056850-431139793783-a3ecafe0d0f66efa522a67af632228d7",
                "thumb_720": "https:\/\/files.slack.com\/files-tmb\/T9SHC5F9S-FBVS1QVBK-2a42b31753\/screen_shot_2018-07-25_at_10.12.35_am_720.png?t=xoxe-332590185332-430098056850-431139793783-a3ecafe0d0f66efa522a67af632228d7",
                "thumb_720_w": 720,
                "thumb_720_h": 77,
                "thumb_800": "https:\/\/files.slack.com\/files-tmb\/T9SHC5F9S-FBVS1QVBK-2a42b31753\/screen_shot_2018-07-25_at_10.12.35_am_800.png?t=xoxe-332590185332-430098056850-431139793783-a3ecafe0d0f66efa522a67af632228d7",
                "thumb_800_w": 800,
                "thumb_800_h": 85,
                "thumb_960": "https:\/\/files.slack.com\/files-tmb\/T9SHC5F9S-FBVS1QVBK-2a42b31753\/screen_shot_2018-07-25_at_10.12.35_am_960.png?t=xoxe-332590185332-430098056850-431139793783-a3ecafe0d0f66efa522a67af632228d7",
                "thumb_960_w": 960,
                "thumb_960_h": 102,
                "thumb_1024": "https:\/\/files.slack.com\/files-tmb\/T9SHC5F9S-FBVS1QVBK-2a42b31753\/screen_shot_2018-07-25_at_10.12.35_am_1024.png?t=xoxe-332590185332-430098056850-431139793783-a3ecafe0d0f66efa522a67af632228d7",
                "thumb_1024_w": 1024,
                "thumb_1024_h": 109,
                "image_exif_rotation": 1,
                "original_w": 1144,
                "original_h": 122,
                "permalink": "https:\/\/daitgirls.slack.com\/files\/UBF1K97FH\/FBVS1QVBK\/screen_shot_2018-07-25_at_10.12.35_am.png",
                "permalink_public": "https:\/\/slack-files.com\/T9SHC5F9S-FBVS1QVBK-11ec72a355"
            }
        ],
        "upload": true,
        "user": "UBF1K97FH",
        "display_as_bot": false,
        "ts": "1532481290.000145"
    },
    {
        "type": "message",
        "user": "UBELL5EF5",
        "text": "오잉:scream: 해당 코드가 있는 cell을 다시 실행한 후에 에러가 났던 cell을 실행해보시면 어떨까요? get_sheet 함수가 다른 방식으로 재정의됐나 싶어서요.",
        "client_msg_id": "1B1A30CA-E916-4282-A536-01C413B48B17",
        "ts": "1532482130.000135"
    },
    {
        "type": "message",
        "user": "UBF1K97FH",
        "text": "<@UBELL5EF5> 네 한번 다시 해보겠습니다~",
        "client_msg_id": "e706bb30-715e-4506-b1a9-825ca9dc2279",
        "ts": "1532482550.000076"
    },
    {
        "type": "message",
        "text": "아톰에서 파이썬 실행이 안되용 ㅠㅠ",
        "files": [
            {
                "id": "FBVTAP2NM",
                "created": 1532490309,
                "timestamp": 1532490309,
                "name": "image.png",
                "title": "atom",
                "mimetype": "image\/png",
                "filetype": "png",
                "pretty_type": "PNG",
                "user": "UBDUUHX4J",
                "editable": false,
                "size": 179392,
                "mode": "hosted",
                "is_external": false,
                "external_type": "",
                "is_public": true,
                "public_url_shared": false,
                "display_as_bot": false,
                "username": "",
                "url_private": "https:\/\/files.slack.com\/files-pri\/T9SHC5F9S-FBVTAP2NM\/image.png?t=xoxe-332590185332-430098056850-431139793783-a3ecafe0d0f66efa522a67af632228d7",
                "url_private_download": "https:\/\/files.slack.com\/files-pri\/T9SHC5F9S-FBVTAP2NM\/download\/image.png?t=xoxe-332590185332-430098056850-431139793783-a3ecafe0d0f66efa522a67af632228d7",
                "thumb_64": "https:\/\/files.slack.com\/files-tmb\/T9SHC5F9S-FBVTAP2NM-a159a57caa\/image_64.png?t=xoxe-332590185332-430098056850-431139793783-a3ecafe0d0f66efa522a67af632228d7",
                "thumb_80": "https:\/\/files.slack.com\/files-tmb\/T9SHC5F9S-FBVTAP2NM-a159a57caa\/image_80.png?t=xoxe-332590185332-430098056850-431139793783-a3ecafe0d0f66efa522a67af632228d7",
                "thumb_360": "https:\/\/files.slack.com\/files-tmb\/T9SHC5F9S-FBVTAP2NM-a159a57caa\/image_360.png?t=xoxe-332590185332-430098056850-431139793783-a3ecafe0d0f66efa522a67af632228d7",
                "thumb_360_w": 360,
                "thumb_360_h": 203,
                "thumb_480": "https:\/\/files.slack.com\/files-tmb\/T9SHC5F9S-FBVTAP2NM-a159a57caa\/image_480.png?t=xoxe-332590185332-430098056850-431139793783-a3ecafe0d0f66efa522a67af632228d7",
                "thumb_480_w": 480,
                "thumb_480_h": 270,
                "thumb_160": "https:\/\/files.slack.com\/files-tmb\/T9SHC5F9S-FBVTAP2NM-a159a57caa\/image_160.png?t=xoxe-332590185332-430098056850-431139793783-a3ecafe0d0f66efa522a67af632228d7",
                "thumb_720": "https:\/\/files.slack.com\/files-tmb\/T9SHC5F9S-FBVTAP2NM-a159a57caa\/image_720.png?t=xoxe-332590185332-430098056850-431139793783-a3ecafe0d0f66efa522a67af632228d7",
                "thumb_720_w": 720,
                "thumb_720_h": 405,
                "thumb_800": "https:\/\/files.slack.com\/files-tmb\/T9SHC5F9S-FBVTAP2NM-a159a57caa\/image_800.png?t=xoxe-332590185332-430098056850-431139793783-a3ecafe0d0f66efa522a67af632228d7",
                "thumb_800_w": 800,
                "thumb_800_h": 450,
                "thumb_960": "https:\/\/files.slack.com\/files-tmb\/T9SHC5F9S-FBVTAP2NM-a159a57caa\/image_960.png?t=xoxe-332590185332-430098056850-431139793783-a3ecafe0d0f66efa522a67af632228d7",
                "thumb_960_w": 960,
                "thumb_960_h": 540,
                "thumb_1024": "https:\/\/files.slack.com\/files-tmb\/T9SHC5F9S-FBVTAP2NM-a159a57caa\/image_1024.png?t=xoxe-332590185332-430098056850-431139793783-a3ecafe0d0f66efa522a67af632228d7",
                "thumb_1024_w": 1024,
                "thumb_1024_h": 576,
                "image_exif_rotation": 1,
                "original_w": 1920,
                "original_h": 1080,
                "permalink": "https:\/\/daitgirls.slack.com\/files\/UBDUUHX4J\/FBVTAP2NM\/image.png",
                "permalink_public": "https:\/\/slack-files.com\/T9SHC5F9S-FBVTAP2NM-5b441fb0ad"
            }
        ],
        "upload": true,
        "user": "UBDUUHX4J",
        "display_as_bot": false,
        "thread_ts": "1532490312.000067",
        "reply_count": 6,
        "replies": [
            {
                "user": "UBELL5EF5",
                "ts": "1532829146.000034"
            },
            {
                "user": "UBDUUHX4J",
                "ts": "1532829497.000057"
            },
            {
                "user": "UBELL5EF5",
                "ts": "1532829662.000017"
            },
            {
                "user": "UBDUUHX4J",
                "ts": "1532855531.000023"
            },
            {
                "user": "UBELL5EF5",
                "ts": "1532866774.000022"
            },
            {
                "user": "UBDUUHX4J",
                "ts": "1532868695.000034"
            }
        ],
        "unread_count": 6,
        "ts": "1532490312.000067"
    },
    {
        "type": "message",
        "subtype": "file_comment",
        "text": "<@UBDUUHX4J> commented on <@UBDUUHX4J>’s file <https:\/\/daitgirls.slack.com\/files\/UBDUUHX4J\/FBVTAP2NM\/image.png|atom>: 다시 재설치도 해보고 script 랑 auto complete 패키지도 설치 지웠다가 다시 해봤느네 안되욤ㄹ먼ㅇ리먼ㅇ림",
        "file": {
            "id": "FBVTAP2NM",
            "created": 1532490309,
            "timestamp": 1532490309,
            "name": "image.png",
            "title": "atom",
            "mimetype": "image\/png",
            "filetype": "png",
            "pretty_type": "PNG",
            "user": "UBDUUHX4J",
            "editable": false,
            "size": 179392,
            "mode": "hosted",
            "is_external": false,
            "external_type": "",
            "is_public": true,
            "public_url_shared": false,
            "display_as_bot": false,
            "username": "",
            "url_private": "https:\/\/files.slack.com\/files-pri\/T9SHC5F9S-FBVTAP2NM\/image.png?t=xoxe-332590185332-430098056850-431139793783-a3ecafe0d0f66efa522a67af632228d7",
            "url_private_download": "https:\/\/files.slack.com\/files-pri\/T9SHC5F9S-FBVTAP2NM\/download\/image.png?t=xoxe-332590185332-430098056850-431139793783-a3ecafe0d0f66efa522a67af632228d7",
            "thumb_64": "https:\/\/files.slack.com\/files-tmb\/T9SHC5F9S-FBVTAP2NM-a159a57caa\/image_64.png?t=xoxe-332590185332-430098056850-431139793783-a3ecafe0d0f66efa522a67af632228d7",
            "thumb_80": "https:\/\/files.slack.com\/files-tmb\/T9SHC5F9S-FBVTAP2NM-a159a57caa\/image_80.png?t=xoxe-332590185332-430098056850-431139793783-a3ecafe0d0f66efa522a67af632228d7",
            "thumb_360": "https:\/\/files.slack.com\/files-tmb\/T9SHC5F9S-FBVTAP2NM-a159a57caa\/image_360.png?t=xoxe-332590185332-430098056850-431139793783-a3ecafe0d0f66efa522a67af632228d7",
            "thumb_360_w": 360,
            "thumb_360_h": 203,
            "thumb_480": "https:\/\/files.slack.com\/files-tmb\/T9SHC5F9S-FBVTAP2NM-a159a57caa\/image_480.png?t=xoxe-332590185332-430098056850-431139793783-a3ecafe0d0f66efa522a67af632228d7",
            "thumb_480_w": 480,
            "thumb_480_h": 270,
            "thumb_160": "https:\/\/files.slack.com\/files-tmb\/T9SHC5F9S-FBVTAP2NM-a159a57caa\/image_160.png?t=xoxe-332590185332-430098056850-431139793783-a3ecafe0d0f66efa522a67af632228d7",
            "thumb_720": "https:\/\/files.slack.com\/files-tmb\/T9SHC5F9S-FBVTAP2NM-a159a57caa\/image_720.png?t=xoxe-332590185332-430098056850-431139793783-a3ecafe0d0f66efa522a67af632228d7",
            "thumb_720_w": 720,
            "thumb_720_h": 405,
            "thumb_800": "https:\/\/files.slack.com\/files-tmb\/T9SHC5F9S-FBVTAP2NM-a159a57caa\/image_800.png?t=xoxe-332590185332-430098056850-431139793783-a3ecafe0d0f66efa522a67af632228d7",
            "thumb_800_w": 800,
            "thumb_800_h": 450,
            "thumb_960": "https:\/\/files.slack.com\/files-tmb\/T9SHC5F9S-FBVTAP2NM-a159a57caa\/image_960.png?t=xoxe-332590185332-430098056850-431139793783-a3ecafe0d0f66efa522a67af632228d7",
            "thumb_960_w": 960,
            "thumb_960_h": 540,
            "thumb_1024": "https:\/\/files.slack.com\/files-tmb\/T9SHC5F9S-FBVTAP2NM-a159a57caa\/image_1024.png?t=xoxe-332590185332-430098056850-431139793783-a3ecafe0d0f66efa522a67af632228d7",
            "thumb_1024_w": 1024,
            "thumb_1024_h": 576,
            "image_exif_rotation": 1,
            "original_w": 1920,
            "original_h": 1080,
            "permalink": "https:\/\/daitgirls.slack.com\/files\/UBDUUHX4J\/FBVTAP2NM\/image.png",
            "permalink_public": "https:\/\/slack-files.com\/T9SHC5F9S-FBVTAP2NM-5b441fb0ad"
        },
        "files": [
            {
                "id": "FBVTAP2NM",
                "created": 1532490309,
                "timestamp": 1532490309,
                "name": "image.png",
                "title": "atom",
                "mimetype": "image\/png",
                "filetype": "png",
                "pretty_type": "PNG",
                "user": "UBDUUHX4J",
                "editable": false,
                "size": 179392,
                "mode": "hosted",
                "is_external": false,
                "external_type": "",
                "is_public": true,
                "public_url_shared": false,
                "display_as_bot": false,
                "username": "",
                "url_private": "https:\/\/files.slack.com\/files-pri\/T9SHC5F9S-FBVTAP2NM\/image.png?t=xoxe-332590185332-430098056850-431139793783-a3ecafe0d0f66efa522a67af632228d7",
                "url_private_download": "https:\/\/files.slack.com\/files-pri\/T9SHC5F9S-FBVTAP2NM\/download\/image.png?t=xoxe-332590185332-430098056850-431139793783-a3ecafe0d0f66efa522a67af632228d7",
                "thumb_64": "https:\/\/files.slack.com\/files-tmb\/T9SHC5F9S-FBVTAP2NM-a159a57caa\/image_64.png?t=xoxe-332590185332-430098056850-431139793783-a3ecafe0d0f66efa522a67af632228d7",
                "thumb_80": "https:\/\/files.slack.com\/files-tmb\/T9SHC5F9S-FBVTAP2NM-a159a57caa\/image_80.png?t=xoxe-332590185332-430098056850-431139793783-a3ecafe0d0f66efa522a67af632228d7",
                "thumb_360": "https:\/\/files.slack.com\/files-tmb\/T9SHC5F9S-FBVTAP2NM-a159a57caa\/image_360.png?t=xoxe-332590185332-430098056850-431139793783-a3ecafe0d0f66efa522a67af632228d7",
                "thumb_360_w": 360,
                "thumb_360_h": 203,
                "thumb_480": "https:\/\/files.slack.com\/files-tmb\/T9SHC5F9S-FBVTAP2NM-a159a57caa\/image_480.png?t=xoxe-332590185332-430098056850-431139793783-a3ecafe0d0f66efa522a67af632228d7",
                "thumb_480_w": 480,
                "thumb_480_h": 270,
                "thumb_160": "https:\/\/files.slack.com\/files-tmb\/T9SHC5F9S-FBVTAP2NM-a159a57caa\/image_160.png?t=xoxe-332590185332-430098056850-431139793783-a3ecafe0d0f66efa522a67af632228d7",
                "thumb_720": "https:\/\/files.slack.com\/files-tmb\/T9SHC5F9S-FBVTAP2NM-a159a57caa\/image_720.png?t=xoxe-332590185332-430098056850-431139793783-a3ecafe0d0f66efa522a67af632228d7",
                "thumb_720_w": 720,
                "thumb_720_h": 405,
                "thumb_800": "https:\/\/files.slack.com\/files-tmb\/T9SHC5F9S-FBVTAP2NM-a159a57caa\/image_800.png?t=xoxe-332590185332-430098056850-431139793783-a3ecafe0d0f66efa522a67af632228d7",
                "thumb_800_w": 800,
                "thumb_800_h": 450,
                "thumb_960": "https:\/\/files.slack.com\/files-tmb\/T9SHC5F9S-FBVTAP2NM-a159a57caa\/image_960.png?t=xoxe-332590185332-430098056850-431139793783-a3ecafe0d0f66efa522a67af632228d7",
                "thumb_960_w": 960,
                "thumb_960_h": 540,
                "thumb_1024": "https:\/\/files.slack.com\/files-tmb\/T9SHC5F9S-FBVTAP2NM-a159a57caa\/image_1024.png?t=xoxe-332590185332-430098056850-431139793783-a3ecafe0d0f66efa522a67af632228d7",
                "thumb_1024_w": 1024,
                "thumb_1024_h": 576,
                "image_exif_rotation": 1,
                "original_w": 1920,
                "original_h": 1080,
                "permalink": "https:\/\/daitgirls.slack.com\/files\/UBDUUHX4J\/FBVTAP2NM\/image.png",
                "permalink_public": "https:\/\/slack-files.com\/T9SHC5F9S-FBVTAP2NM-5b441fb0ad"
            }
        ],
        "comment": {
            "id": "FcBXPNPL7Q",
            "created": 1532490382,
            "timestamp": 1532490382,
            "user": "UBDUUHX4J",
            "is_intro": false,
            "comment": "다시 재설치도 해보고 script 랑 auto complete 패키지도 설치 지웠다가 다시 해봤느네 안되욤ㄹ먼ㅇ리먼ㅇ림"
        },
        "is_intro": false,
        "ts": "1532490382.000043"
    },
    {
        "type": "message",
        "subtype": "file_comment",
        "text": "<@UBD5C2LH5> commented on <@UBDUUHX4J>’s file <https:\/\/daitgirls.slack.com\/files\/UBDUUHX4J\/FBVTAP2NM\/image.png|atom>: 이 링크가 도움이 되길:pray:  <http:\/\/doitnow-man.tistory.com\/56>",
        "file": {
            "id": "FBVTAP2NM",
            "created": 1532490309,
            "timestamp": 1532490309,
            "name": "image.png",
            "title": "atom",
            "mimetype": "image\/png",
            "filetype": "png",
            "pretty_type": "PNG",
            "user": "UBDUUHX4J",
            "editable": false,
            "size": 179392,
            "mode": "hosted",
            "is_external": false,
            "external_type": "",
            "is_public": true,
            "public_url_shared": false,
            "display_as_bot": false,
            "username": "",
            "url_private": "https:\/\/files.slack.com\/files-pri\/T9SHC5F9S-FBVTAP2NM\/image.png?t=xoxe-332590185332-430098056850-431139793783-a3ecafe0d0f66efa522a67af632228d7",
            "url_private_download": "https:\/\/files.slack.com\/files-pri\/T9SHC5F9S-FBVTAP2NM\/download\/image.png?t=xoxe-332590185332-430098056850-431139793783-a3ecafe0d0f66efa522a67af632228d7",
            "thumb_64": "https:\/\/files.slack.com\/files-tmb\/T9SHC5F9S-FBVTAP2NM-a159a57caa\/image_64.png?t=xoxe-332590185332-430098056850-431139793783-a3ecafe0d0f66efa522a67af632228d7",
            "thumb_80": "https:\/\/files.slack.com\/files-tmb\/T9SHC5F9S-FBVTAP2NM-a159a57caa\/image_80.png?t=xoxe-332590185332-430098056850-431139793783-a3ecafe0d0f66efa522a67af632228d7",
            "thumb_360": "https:\/\/files.slack.com\/files-tmb\/T9SHC5F9S-FBVTAP2NM-a159a57caa\/image_360.png?t=xoxe-332590185332-430098056850-431139793783-a3ecafe0d0f66efa522a67af632228d7",
            "thumb_360_w": 360,
            "thumb_360_h": 203,
            "thumb_480": "https:\/\/files.slack.com\/files-tmb\/T9SHC5F9S-FBVTAP2NM-a159a57caa\/image_480.png?t=xoxe-332590185332-430098056850-431139793783-a3ecafe0d0f66efa522a67af632228d7",
            "thumb_480_w": 480,
            "thumb_480_h": 270,
            "thumb_160": "https:\/\/files.slack.com\/files-tmb\/T9SHC5F9S-FBVTAP2NM-a159a57caa\/image_160.png?t=xoxe-332590185332-430098056850-431139793783-a3ecafe0d0f66efa522a67af632228d7",
            "thumb_720": "https:\/\/files.slack.com\/files-tmb\/T9SHC5F9S-FBVTAP2NM-a159a57caa\/image_720.png?t=xoxe-332590185332-430098056850-431139793783-a3ecafe0d0f66efa522a67af632228d7",
            "thumb_720_w": 720,
            "thumb_720_h": 405,
            "thumb_800": "https:\/\/files.slack.com\/files-tmb\/T9SHC5F9S-FBVTAP2NM-a159a57caa\/image_800.png?t=xoxe-332590185332-430098056850-431139793783-a3ecafe0d0f66efa522a67af632228d7",
            "thumb_800_w": 800,
            "thumb_800_h": 450,
            "thumb_960": "https:\/\/files.slack.com\/files-tmb\/T9SHC5F9S-FBVTAP2NM-a159a57caa\/image_960.png?t=xoxe-332590185332-430098056850-431139793783-a3ecafe0d0f66efa522a67af632228d7",
            "thumb_960_w": 960,
            "thumb_960_h": 540,
            "thumb_1024": "https:\/\/files.slack.com\/files-tmb\/T9SHC5F9S-FBVTAP2NM-a159a57caa\/image_1024.png?t=xoxe-332590185332-430098056850-431139793783-a3ecafe0d0f66efa522a67af632228d7",
            "thumb_1024_w": 1024,
            "thumb_1024_h": 576,
            "image_exif_rotation": 1,
            "original_w": 1920,
            "original_h": 1080,
            "permalink": "https:\/\/daitgirls.slack.com\/files\/UBDUUHX4J\/FBVTAP2NM\/image.png",
            "permalink_public": "https:\/\/slack-files.com\/T9SHC5F9S-FBVTAP2NM-5b441fb0ad"
        },
        "files": [
            {
                "id": "FBVTAP2NM",
                "created": 1532490309,
                "timestamp": 1532490309,
                "name": "image.png",
                "title": "atom",
                "mimetype": "image\/png",
                "filetype": "png",
                "pretty_type": "PNG",
                "user": "UBDUUHX4J",
                "editable": false,
                "size": 179392,
                "mode": "hosted",
                "is_external": false,
                "external_type": "",
                "is_public": true,
                "public_url_shared": false,
                "display_as_bot": false,
                "username": "",
                "url_private": "https:\/\/files.slack.com\/files-pri\/T9SHC5F9S-FBVTAP2NM\/image.png?t=xoxe-332590185332-430098056850-431139793783-a3ecafe0d0f66efa522a67af632228d7",
                "url_private_download": "https:\/\/files.slack.com\/files-pri\/T9SHC5F9S-FBVTAP2NM\/download\/image.png?t=xoxe-332590185332-430098056850-431139793783-a3ecafe0d0f66efa522a67af632228d7",
                "thumb_64": "https:\/\/files.slack.com\/files-tmb\/T9SHC5F9S-FBVTAP2NM-a159a57caa\/image_64.png?t=xoxe-332590185332-430098056850-431139793783-a3ecafe0d0f66efa522a67af632228d7",
                "thumb_80": "https:\/\/files.slack.com\/files-tmb\/T9SHC5F9S-FBVTAP2NM-a159a57caa\/image_80.png?t=xoxe-332590185332-430098056850-431139793783-a3ecafe0d0f66efa522a67af632228d7",
                "thumb_360": "https:\/\/files.slack.com\/files-tmb\/T9SHC5F9S-FBVTAP2NM-a159a57caa\/image_360.png?t=xoxe-332590185332-430098056850-431139793783-a3ecafe0d0f66efa522a67af632228d7",
                "thumb_360_w": 360,
                "thumb_360_h": 203,
                "thumb_480": "https:\/\/files.slack.com\/files-tmb\/T9SHC5F9S-FBVTAP2NM-a159a57caa\/image_480.png?t=xoxe-332590185332-430098056850-431139793783-a3ecafe0d0f66efa522a67af632228d7",
                "thumb_480_w": 480,
                "thumb_480_h": 270,
                "thumb_160": "https:\/\/files.slack.com\/files-tmb\/T9SHC5F9S-FBVTAP2NM-a159a57caa\/image_160.png?t=xoxe-332590185332-430098056850-431139793783-a3ecafe0d0f66efa522a67af632228d7",
                "thumb_720": "https:\/\/files.slack.com\/files-tmb\/T9SHC5F9S-FBVTAP2NM-a159a57caa\/image_720.png?t=xoxe-332590185332-430098056850-431139793783-a3ecafe0d0f66efa522a67af632228d7",
                "thumb_720_w": 720,
                "thumb_720_h": 405,
                "thumb_800": "https:\/\/files.slack.com\/files-tmb\/T9SHC5F9S-FBVTAP2NM-a159a57caa\/image_800.png?t=xoxe-332590185332-430098056850-431139793783-a3ecafe0d0f66efa522a67af632228d7",
                "thumb_800_w": 800,
                "thumb_800_h": 450,
                "thumb_960": "https:\/\/files.slack.com\/files-tmb\/T9SHC5F9S-FBVTAP2NM-a159a57caa\/image_960.png?t=xoxe-332590185332-430098056850-431139793783-a3ecafe0d0f66efa522a67af632228d7",
                "thumb_960_w": 960,
                "thumb_960_h": 540,
                "thumb_1024": "https:\/\/files.slack.com\/files-tmb\/T9SHC5F9S-FBVTAP2NM-a159a57caa\/image_1024.png?t=xoxe-332590185332-430098056850-431139793783-a3ecafe0d0f66efa522a67af632228d7",
                "thumb_1024_w": 1024,
                "thumb_1024_h": 576,
                "image_exif_rotation": 1,
                "original_w": 1920,
                "original_h": 1080,
                "permalink": "https:\/\/daitgirls.slack.com\/files\/UBDUUHX4J\/FBVTAP2NM\/image.png",
                "permalink_public": "https:\/\/slack-files.com\/T9SHC5F9S-FBVTAP2NM-5b441fb0ad"
            }
        ],
        "comment": {
            "id": "FcBW7XH0SY",
            "created": 1532496704,
            "timestamp": 1532496704,
            "user": "UBD5C2LH5",
            "is_intro": false,
            "comment": "이 링크가 도움이 되길:pray:  <http:\/\/doitnow-man.tistory.com\/56>",
            "reactions": [
                {
                    "name": "+1",
                    "users": [
                        "UBELL5EF5"
                    ],
                    "count": 1
                }
            ]
        },
        "is_intro": false,
        "ts": "1532496704.000011"
    }
]