[
    {
        "type": "message",
        "user": "UBDRVLD1R",
        "text": "특강 너무 재미있고 유익했는데 특강 오신 연사님께 인사를 못드리고 가서 아쉽습니다. 혹시 가능하시다면 전해주세요..!",
        "client_msg_id": "5c8f4c77-e410-4159-bce4-e9e7cba308c7",
        "ts": "1530861940.000254",
        "reactions": [
            {
                "name": "+1",
                "users": [
                    "UBDUUV802",
                    "UBBH69509",
                    "UBDUVKQAE",
                    "U9SN17L0M",
                    "UBDRWU3GT",
                    "UAMPGHJRJ",
                    "UBDN90RJQ",
                    "UBDCWMFND"
                ],
                "count": 8
            },
            {
                "name": "i_love_you_hand_sign",
                "users": [
                    "UBDUVKQAE",
                    "U9SN17L0M"
                ],
                "count": 2
            }
        ]
    },
    {
        "type": "message",
        "subtype": "pinned_item",
        "text": "<@U9UFEBXGF> pinned a message to this channel.",
        "user": "U9UFEBXGF",
        "item_type": "C",
        "attachments": [
            {
                "fallback": "[July 5th, 2018 12:52 AM] anne.jh.shin: #자소서디자인워크샵_과제제출 (7\/7 토 자정) :wink:\n1.2. 수업시간에 연습한~ 지원동기 수정하기, 입사후포부 수정하기\n3.4. 문제해결능력, 헌신부분 다시 써보기(수업시간에 배운 행동 '어떻게'를 고민하고 셀프첨삭해보기) \n링크바로가기 <https:\/\/goo.gl\/forms\/VsYbsvqGCw8IuIu53>\n\n\n#자소서워크샵_피드백 설문링크(지금해주세용!) \n링크바로가기 <https:\/\/goo.gl\/forms\/blR9JqD2o7cEFsLS2>",
                "ts": "1530777123.000152",
                "author_id": "U9UFEBXGF",
                "author_subname": "Anne Shin",
                "channel_id": "CBJC3LFNG",
                "channel_name": "career",
                "is_msg_unfurl": true,
                "text": "#자소서디자인워크샵_과제제출 (7\/7 토 자정) :wink:\n1.2. 수업시간에 연습한~ 지원동기 수정하기, 입사후포부 수정하기\n3.4. 문제해결능력, 헌신부분 다시 써보기(수업시간에 배운 행동 '어떻게'를 고민하고 셀프첨삭해보기) \n링크바로가기 <https:\/\/goo.gl\/forms\/VsYbsvqGCw8IuIu53>\n\n\n#자소서워크샵_피드백 설문링크(지금해주세용!) \n링크바로가기 <https:\/\/goo.gl\/forms\/blR9JqD2o7cEFsLS2>",
                "author_name": "Anne Shin",
                "author_link": "https:\/\/daitgirls.slack.com\/team\/U9UFEBXGF",
                "author_icon": "https:\/\/avatars.slack-edge.com\/2018-05-11\/361836716036_61ce36dae59d55df8120_48.png",
                "mrkdwn_in": [
                    "text"
                ],
                "from_hidden_wksp": false
            }
        ],
        "ts": "1530930369.000034"
    },
    {
        "type": "message",
        "user": "U9UFEBXGF",
        "text": "<!channel> 여러분 자소서디자인워크샵 2번째과제 오늘 자정까지 마가암...인거 아시죵? :hugging_face:\n\n#자소서디자인워크샵_과제제출 (7\/7 토 자정) \n1.2. 수업시간에 연습한~ 지원동기 수정하기, 입사후포부 수정하기\n3.4. 문제해결능력, 헌신부분 다시 써보기(수업시간에 배운 행동 '어떻게'를 고민하고 셀프첨삭해보기) \n링크바로가기 <https:\/\/goo.gl\/forms\/VsYbsvqGCw8IuIu53>",
        "client_msg_id": "b638be27-2ce5-48ab-ab97-26ba4bf5d8a9",
        "edited": {
            "user": "U9UFEBXGF",
            "ts": "1530932368.000000"
        },
        "ts": "1530932016.000041",
        "reactions": [
            {
                "name": "+1",
                "users": [
                    "UBDN8T42G"
                ],
                "count": 1
            }
        ]
    },
    {
        "type": "message",
        "user": "U9SN17L0M",
        "text": "어제 특강해주신 김슬님이 지난 해 파이콘에서 발표했던 영상입니다. 발표자료를 다시 보고 싶으신 분들은 이 영상을 참고해 주시면 될것 같아요.\n[김슬: 언론사에서 개발자는 무슨 일을 하나요? - YouTube](<https:\/\/www.youtube.com\/watch?v=nYysqtiE0jg>)",
        "client_msg_id": "3fa32829-5393-480b-925a-5f09a9542f53",
        "attachments": [
            {
                "service_name": "YouTube",
                "service_url": "https:\/\/www.youtube.com\/",
                "title": "김슬: 언론사에서 개발자는 무슨 일을 하나요?",
                "title_link": "https:\/\/www.youtube.com\/watch?v=nYysqtiE0jg",
                "author_name": "PyCon Korea",
                "author_link": "https:\/\/www.youtube.com\/channel\/UC26x6D5xpKx6io4ShfXa_Ow",
                "thumb_url": "https:\/\/i.ytimg.com\/vi\/nYysqtiE0jg\/hqdefault.jpg",
                "thumb_width": 480,
                "thumb_height": 360,
                "fallback": "YouTube Video: 김슬: 언론사에서 개발자는 무슨 일을 하나요?",
                "video_html": "<iframe width=\"400\" height=\"225\" src=\"https:\/\/www.youtube.com\/embed\/nYysqtiE0jg?feature=oembed&autoplay=1&iv_load_policy=3\" frameborder=\"0\" allow=\"autoplay; encrypted-media\" allowfullscreen><\/iframe>",
                "video_html_width": 400,
                "video_html_height": 225,
                "from_url": "https:\/\/www.youtube.com\/watch?v=nYysqtiE0jg",
                "service_icon": "https:\/\/cfr.slack-edge.com\/2089\/img\/unfurl_icons\/youtube.png",
                "id": 1,
                "original_url": "https:\/\/www.youtube.com\/watch?v=nYysqtiE0jg"
            }
        ],
        "ts": "1530938391.000051",
        "reactions": [
            {
                "name": "heart_eyes",
                "users": [
                    "UBDUUV802",
                    "UBD8GLUEL",
                    "UBELL5EF5",
                    "UBF0XHZD5",
                    "UBDN90RJQ",
                    "U9UFEBXGF",
                    "UBF0XFP7Z",
                    "UBDCWMFND"
                ],
                "count": 8
            }
        ]
    }
]