[
    {
        "type": "message",
        "user": "U9SN17L0M",
        "text": "[김현중: 노가다 없는 텍스트 분석을 위한 한국어 NLP - YouTube](<https:\/\/www.youtube.com\/watch?v=dxkbvZmbLWc>) soynlp를 개발해 주신 분이 지난 해 파이콘에서 발표한 내용입니다. soynlp 에 대해 설명이 잘 되어 있으니 시간되실 때 보세요 :slightly_smiling_face:",
        "client_msg_id": "bd649a29-94a8-4108-aae8-a35c425a8ff1",
        "attachments": [
            {
                "service_name": "YouTube",
                "service_url": "https:\/\/www.youtube.com\/",
                "title": "김현중: 노가다 없는 텍스트 분석을 위한 한국어 NLP",
                "title_link": "https:\/\/www.youtube.com\/watch?v=dxkbvZmbLWc",
                "author_name": "PyCon Korea",
                "author_link": "https:\/\/www.youtube.com\/channel\/UC26x6D5xpKx6io4ShfXa_Ow",
                "thumb_url": "https:\/\/i.ytimg.com\/vi\/dxkbvZmbLWc\/hqdefault.jpg",
                "thumb_width": 480,
                "thumb_height": 360,
                "fallback": "YouTube Video: 김현중: 노가다 없는 텍스트 분석을 위한 한국어 NLP",
                "video_html": "<iframe width=\"400\" height=\"225\" src=\"https:\/\/www.youtube.com\/embed\/dxkbvZmbLWc?feature=oembed&autoplay=1&iv_load_policy=3\" frameborder=\"0\" allow=\"autoplay; encrypted-media\" allowfullscreen><\/iframe>",
                "video_html_width": 400,
                "video_html_height": 225,
                "from_url": "https:\/\/www.youtube.com\/watch?v=dxkbvZmbLWc",
                "service_icon": "https:\/\/a.slack-edge.com\/2089\/img\/unfurl_icons\/youtube.png",
                "id": 1,
                "original_url": "https:\/\/www.youtube.com\/watch?v=dxkbvZmbLWc"
            }
        ],
        "ts": "1532005435.000203",
        "reactions": [
            {
                "name": "star-struck",
                "users": [
                    "U9UFEBXGF",
                    "U9TKQU99V",
                    "UBDRWADQB",
                    "UBDRWK8SX",
                    "UBELL5EF5"
                ],
                "count": 5
            },
            {
                "name": "blue_heart",
                "users": [
                    "U9UFEBXGF"
                ],
                "count": 1
            }
        ]
    },
    {
        "type": "message",
        "user": "U9SN17L0M",
        "text": "[미등록단어 문제 해결을 위한 비지도학습 기반 한국어자연어처리 방법론 및 응용 - YouTube](<https:\/\/www.youtube.com\/watch?v=Vj55zaDvn4Q&amp;t=1713s>) 위 영상과 마찬가지로 soynlp를 개발한 분이 발표하신 내용입니다. 토큰화와 품사태깅에 대해 설명합니다. 자연어처리의 이해를 위해 위 영상과 함께 보면 좋을 듯 합니다.",
        "client_msg_id": "925b8690-6450-4768-baf9-1ae3ec52ad78",
        "attachments": [
            {
                "service_name": "YouTube",
                "service_url": "https:\/\/www.youtube.com\/",
                "title": "미등록단어 문제 해결을 위한 비지도학습 기반 한국어자연어처리 방법론 및 응용",
                "title_link": "https:\/\/www.youtube.com\/watch?v=Vj55zaDvn4Q&amp;t=1713s",
                "author_name": "naver d2",
                "author_link": "https:\/\/www.youtube.com\/channel\/UCNrehnUq7Il-J7HQxrzp7CA",
                "thumb_url": "https:\/\/i.ytimg.com\/vi\/Vj55zaDvn4Q\/hqdefault.jpg",
                "thumb_width": 480,
                "thumb_height": 360,
                "fallback": "YouTube Video: 미등록단어 문제 해결을 위한 비지도학습 기반 한국어자연어처리 방법론 및 응용",
                "video_html": "<iframe width=\"400\" height=\"225\" src=\"https:\/\/www.youtube.com\/embed\/Vj55zaDvn4Q?feature=oembed&start=1713&autoplay=1&iv_load_policy=3\" frameborder=\"0\" allow=\"autoplay; encrypted-media\" allowfullscreen><\/iframe>",
                "video_html_width": 400,
                "video_html_height": 225,
                "from_url": "https:\/\/www.youtube.com\/watch?v=Vj55zaDvn4Q&amp;t=1713s",
                "service_icon": "https:\/\/a.slack-edge.com\/2089\/img\/unfurl_icons\/youtube.png",
                "id": 1,
                "original_url": "https:\/\/www.youtube.com\/watch?v=Vj55zaDvn4Q&amp;t=1713s"
            }
        ],
        "thread_ts": "1532061955.000134",
        "reply_count": 5,
        "replies": [
            {
                "user": "UBDN8T42G",
                "ts": "1532062519.000197"
            },
            {
                "user": "U9SN17L0M",
                "ts": "1532062645.000092"
            },
            {
                "user": "U9SN17L0M",
                "ts": "1532062666.000019"
            },
            {
                "user": "UBDN8T42G",
                "ts": "1532062684.000156"
            },
            {
                "user": "U9SN17L0M",
                "ts": "1532062738.000136"
            }
        ],
        "unread_count": 5,
        "ts": "1532061955.000134",
        "reactions": [
            {
                "name": "+1",
                "users": [
                    "UBELL5EF5",
                    "UBDN8T42G"
                ],
                "count": 2
            },
            {
                "name": "+1::skin-tone-3",
                "users": [
                    "UBF0XHZD5"
                ],
                "count": 1
            }
        ]
    },
    {
        "type": "message",
        "user": "UBDN8T42G",
        "text": "우왕 감사합니다 배로쌤",
        "client_msg_id": "2eb70cdb-aeac-4733-9185-4eed05451133",
        "thread_ts": "1532061955.000134",
        "parent_user_id": "U9SN17L0M",
        "ts": "1532062519.000197",
        "reactions": [
            {
                "name": "blue_heart",
                "users": [
                    "U9SN17L0M"
                ],
                "count": 1
            }
        ]
    },
    {
        "type": "message",
        "user": "U9SN17L0M",
        "text": "<@UBDN8T42G> 님 수업 듣고 들으니 한국어 단위가 조금 더 익숙해 졌어요 ㅎㅎ",
        "client_msg_id": "0dc2193b-96f5-4998-8db0-43fc1dbe38f6",
        "thread_ts": "1532061955.000134",
        "parent_user_id": "U9SN17L0M",
        "ts": "1532062645.000092",
        "reactions": [
            {
                "name": "blue_heart",
                "users": [
                    "UBDN8T42G"
                ],
                "count": 1
            }
        ]
    },
    {
        "type": "message",
        "user": "U9SN17L0M",
        "text": "수업시간에 한국어 단위 계속 물어볼게요 :slightly_smiling_face:",
        "client_msg_id": "7c319699-d0cb-4bb4-90e7-288ed793bbb7",
        "thread_ts": "1532061955.000134",
        "parent_user_id": "U9SN17L0M",
        "ts": "1532062666.000019",
        "reactions": [
            {
                "name": "blue_heart",
                "users": [
                    "UBDN8T42G"
                ],
                "count": 1
            }
        ]
    },
    {
        "type": "message",
        "user": "UBDN8T42G",
        "text": "도움이 되셨다니 너무 다행이네요ㅎㅎ 네네 많이 물어보셔요!! :blush:",
        "client_msg_id": "1b1482b4-897d-4243-9ef7-e48ae7bfca0a",
        "thread_ts": "1532061955.000134",
        "parent_user_id": "U9SN17L0M",
        "ts": "1532062684.000156"
    },
    {
        "type": "message",
        "user": "U9SN17L0M",
        "text": "지금도 어절 어구 이런 단어 나오면 현기증이 나긴 하지만 ㅎㅎ 도움 많이 되었어요! :+1::two_hearts:",
        "client_msg_id": "dee2ad7d-cd65-47af-8cf4-d229f4903087",
        "thread_ts": "1532061955.000134",
        "parent_user_id": "U9SN17L0M",
        "ts": "1532062738.000136",
        "reactions": [
            {
                "name": "clap",
                "users": [
                    "UBDN8T42G"
                ],
                "count": 1
            },
            {
                "name": "blue_heart",
                "users": [
                    "UBDN8T42G"
                ],
                "count": 1
            }
        ]
    },
    {
        "type": "message",
        "user": "UBDRWK8SX",
        "text": "오늘 좋은 강의를 해주신 윤선미님께서 다음주 수요일에 귀한 시간을 내주셨습니다~! 저와 함께 쿠팡 카페테리아에 놀러가실 분들은 여기에 댓글을 남겨주세요 ~! (수요일 저녁에 wwcode 월례회가 있어서 거기서 보아도 좋다고 하셨습니다 : )  )",
        "client_msg_id": "1ade89cb-67af-4b3a-962c-41974ed623ec",
        "thread_ts": "1532068747.000071",
        "reply_count": 16,
        "replies": [
            {
                "user": "UBDRWADQB",
                "ts": "1532069209.000046"
            },
            {
                "user": "UBDRWK8SX",
                "ts": "1532069344.000119"
            },
            {
                "user": "UBE3NCBKP",
                "ts": "1532071745.000198"
            },
            {
                "user": "UBDUUHX4J",
                "ts": "1532072398.000156"
            },
            {
                "user": "UBDUVKQAE",
                "ts": "1532073572.000142"
            },
            {
                "user": "UBD8GHGBA",
                "ts": "1532073598.000257"
            },
            {
                "user": "UBDUU7X7U",
                "ts": "1532073796.000045"
            },
            {
                "user": "UBDRWBNRZ",
                "ts": "1532074441.000109"
            },
            {
                "user": "UBDCWPPNV",
                "ts": "1532074631.000291"
            },
            {
                "user": "UBES4Q6LE",
                "ts": "1532074974.000104"
            },
            {
                "user": "UBDN8T42G",
                "ts": "1532075996.000251"
            },
            {
                "user": "UBDCWMFND",
                "ts": "1532076010.000295"
            },
            {
                "user": "UBF0XFP7Z",
                "ts": "1532078247.000287"
            },
            {
                "user": "UBDRWADQB",
                "ts": "1532080304.000335"
            },
            {
                "user": "UBDUU48UA",
                "ts": "1532092876.000031"
            },
            {
                "user": "UBDRWK8SX",
                "ts": "1532126808.000027"
            }
        ],
        "unread_count": 16,
        "ts": "1532068747.000071",
        "reactions": [
            {
                "name": "blue_heart",
                "users": [
                    "U9SN17L0M",
                    "UBDN8T42G",
                    "UBE3NCBKP",
                    "UBDUVKQAE",
                    "UBDN9579S",
                    "UBDUU7X7U",
                    "UBDRWBNRZ",
                    "UBDCWPPNV",
                    "UBF0XFP7Z",
                    "UBELL5EF5",
                    "UBF0XHZD5",
                    "UBDUU48UA"
                ],
                "count": 12
            }
        ]
    },
    {
        "type": "message",
        "user": "UBDRWADQB",
        "text": "혹시 시간은 몇 시 일까요???",
        "client_msg_id": "28871b5b-421d-4b3a-9678-0dc56b9fe08a",
        "thread_ts": "1532068747.000071",
        "parent_user_id": "UBDRWK8SX",
        "ts": "1532069209.000046"
    },
    {
        "type": "message",
        "user": "UBDRWK8SX",
        "text": "<@UBDRWADQB> 인원이 모이면 선미님과 시간을 조정할 생각입니다 : ) 만약 저녁 월례회가 열리는 곳에서 보면 저녁시간대에 보게 될 것 같아요!",
        "client_msg_id": "59c113b4-3c2f-41a5-b724-6abbeb9f68ea",
        "thread_ts": "1532068747.000071",
        "parent_user_id": "UBDRWK8SX",
        "ts": "1532069344.000119",
        "reactions": [
            {
                "name": "+1",
                "users": [
                    "UBDRWADQB",
                    "UBDUU7X7U",
                    "UBDN8T42G"
                ],
                "count": 3
            }
        ]
    }
]