[
    {
        "type": "message",
        "user": "UBBH69509",
        "text": "오늘 점심은 봉추찜닭 어떠세용??",
        "client_msg_id": "b700dd5a-a4fb-4747-8d9b-ad6b2bf39e86",
        "ts": "1532919234.000032"
    },
    {
        "type": "message",
        "user": "U9SN17L0M",
        "text": "네 그럼 가서 먹도록 해요 ㅎㅎ",
        "client_msg_id": "345ed61d-f0cf-46e4-a773-ddd39d7f37ee",
        "ts": "1532919249.000082"
    },
    {
        "type": "message",
        "user": "UBBH69509",
        "text": "공덕역2번출구 롯데캐슬로 고고고고오오!! 헿",
        "client_msg_id": "6c8ccca3-1ba1-468f-8291-798510672776",
        "ts": "1532919267.000078"
    },
    {
        "type": "message",
        "user": "U9SN17L0M",
        "text": "네 좋아요~",
        "client_msg_id": "e8ba9967-ccab-4c47-be8f-7a86976b4f8f",
        "ts": "1532919275.000037"
    }
]