[
    {
        "user": "UAMSPH7KM",
        "text": "<@UAMSPH7KM> has joined the channel",
        "type": "message",
        "subtype": "channel_join",
        "ts": "1534346945.000200"
    },
    {
        "type": "message",
        "user": "UBBH69509",
        "text": "오늘은 중부플러스로 가겠습니다아아아앙^^ 혹시 원하시는거 있으시면 말씀해주세요오",
        "client_msg_id": "2871985d-f7fe-489a-b9e1-8c17cec807b9",
        "ts": "1534386744.000100",
        "reactions": [
            {
                "name": "+1",
                "users": [
                    "U9UFEBXGF",
                    "UBELL5EF5",
                    "U9SN17L0M"
                ],
                "count": 3
            }
        ]
    }
]