[
    {
        "type": "message",
        "user": "UBBH69509",
        "text": "오늘 점심은 창업허브 중부캠퍼스 1층 슬로비 어떠세용?",
        "client_msg_id": "e839b9ec-4da6-4a9c-9fa6-ecbc0a7c6a89",
        "ts": "1533175832.000061",
        "reactions": [
            {
                "name": "+1",
                "users": [
                    "U9UFEBXGF"
                ],
                "count": 1
            }
        ]
    },
    {
        "type": "message",
        "user": "U9TKQU99V",
        "text": "저는 오늘 샐러드 파티에 합류합니당~",
        "client_msg_id": "92479e13-e3f1-4aff-bd25-c1e6e53eaab6",
        "ts": "1533175857.000061"
    },
    {
        "type": "message",
        "user": "UBBH69509",
        "text": "와우 판타스틱!!!!!!! 넹넹 영웅님 알겠습니당^^",
        "client_msg_id": "92d5575d-2211-40e4-adac-19d4178498a4",
        "ts": "1533175941.000033"
    }
]