[
    {
        "type": "message",
        "user": "UA4NE8C74",
        "text": "**** 호 토 모 토 ****\n메뉴를 골라주세요~\n<@U9UFEBXGF> 지혜님 오시나요?\n오늘 아마 대표님도 같이 식사할 것 같습니다.",
        "client_msg_id": "58543c7a-48e2-48d5-ad92-805a075faa92",
        "ts": "1532573643.000131"
    },
    {
        "type": "message",
        "user": "UA4NE8C74",
        "text": "애란 : 함박카레 + 야채샐러드\n영웅 : 마쿠노우치(연어)\n형섭 : 맞춤도시락\n은정 : 믹스카츠동\n대표 : 골고루고등어타코\n지혜 : \n\n추가 원하시면 말씀해주세요 12: 10에 주문하겠습니다.",
        "client_msg_id": "a3bbf842-47d7-4e94-b750-dcf770fe46c3",
        "ts": "1532574339.000139"
    }
]