[
    {
        "type": "message",
        "user": "UBBH69509",
        "text": "<http:\/\/www.bdtong.co.kr\/%EC%84%9C%EC%9A%B8%EC%8B%9C%20%EC%84%9C%EC%B4%88%EA%B5%AC%20%EC%96%91%EC%9E%AC%EB%8F%99\/%ED%99%8D%EB%B0%A5%EC%83%81%20%ED%99%8D%EB%8F%84%EC%8B%9C%EB%9D%BD\/S079368#none>",
        "client_msg_id": "380240ca-af96-4796-942d-df66cba76c48",
        "attachments": [
            {
                "title": "서교동 한식\/분식 배달음식 맛집 - 홍밥상 - 배달통 (배달앱)",
                "title_link": "http:\/\/www.bdtong.co.kr\/%EC%84%9C%EC%9A%B8%EC%8B%9C%20%EC%84%9C%EC%B4%88%EA%B5%AC%20%EC%96%91%EC%9E%AC%EB%8F%99\/%ED%99%8D%EB%B0%A5%EC%83%81%20%ED%99%8D%EB%8F%84%EC%8B%9C%EB%9D%BD\/S079368#none",
                "text": "홍밥상입니다. 서울시 마포구 서교동에 위치한 한식\/분식 배달음식점으로 배달가능지역은 마포구, 서대문구, 용산구 일대일대이며 운영시간은 (월요일 : 10:00 ~ 23:00,화요일 : 10:00 ~ 23:00,수요일 : 10:00 ~ 23:00,목요일 : 10:00 ~ 23:00,금요일 : 10:00 ~ 23:00,토요일 : 10:00 ~ 23:00,일요일 : 10:00 ~ 23:00) 입니다. 오늘도 즐거운 배달앱! 배달통에서 주문하시고 포인트와 OK캐쉬백도 적립하고 할인혜택까지 받아가세요.",
                "fallback": "서교동 한식\/분식 배달음식 맛집 - 홍밥상 - 배달통 (배달앱)",
                "from_url": "http:\/\/www.bdtong.co.kr\/%EC%84%9C%EC%9A%B8%EC%8B%9C%20%EC%84%9C%EC%B4%88%EA%B5%AC%20%EC%96%91%EC%9E%AC%EB%8F%99\/%ED%99%8D%EB%B0%A5%EC%83%81%20%ED%99%8D%EB%8F%84%EC%8B%9C%EB%9D%BD\/S079368#none",
                "service_icon": "http:\/\/www.bdtong.co.kr\/favicon.ico",
                "service_name": "bdtong.co.kr",
                "id": 1,
                "original_url": "http:\/\/www.bdtong.co.kr\/%EC%84%9C%EC%9A%B8%EC%8B%9C%20%EC%84%9C%EC%B4%88%EA%B5%AC%20%EC%96%91%EC%9E%AC%EB%8F%99\/%ED%99%8D%EB%B0%A5%EC%83%81%20%ED%99%8D%EB%8F%84%EC%8B%9C%EB%9D%BD\/S079368#none"
            }
        ],
        "ts": "1535334508.000100"
    },
    {
        "type": "message",
        "user": "UBBH69509",
        "text": "오늘의 점심은 홍밥상 입니다.^^",
        "client_msg_id": "d7f7d825-508b-4760-933f-0166b77beecc",
        "ts": "1535334514.000100"
    },
    {
        "type": "message",
        "user": "UBBH69509",
        "text": "성윤: 돼지고기묵은지찜\n영웅:\n지혜: 장조림버터밥\n배로쌤은은지님과의식사, 성환님은 단백질 쉐이크로 대체, 형섭님.ㅠㅠ 푹쉬세욤.ㅠ",
        "client_msg_id": "14802ce3-e7a7-4c8f-8932-ee10c5437989",
        "edited": {
            "user": "UBBH69509",
            "ts": "1535336380.000000"
        },
        "ts": "1535334592.000100"
    },
    {
        "type": "message",
        "user": "UBBH69509",
        "text": "<@U9TKQU99V> 메뉴 한 번 확인 부탁드립니다.",
        "client_msg_id": "c7ec196f-056f-430d-846a-d93877fe5c7d",
        "ts": "1535339199.000100"
    },
    {
        "type": "message",
        "user": "U9TKQU99V",
        "text": "저는 속이 안 좋아서, 편의점에서 가벼운 음식으로 대체하려 합니다. 두분 것만 주문하세요~~",
        "client_msg_id": "2ed2b70c-ddad-44e4-9f13-406853d274e9",
        "ts": "1535339276.000100"
    },
    {
        "type": "message",
        "user": "UBBH69509",
        "text": "아...ㅠㅠ 영웅님.. 넵 알겠습니다..ㅠㅠㅠ",
        "client_msg_id": "a14a9ba6-d050-4242-9ad6-4a722eead263",
        "ts": "1535339321.000100"
    }
]