[
    {
        "type": "message",
        "user": "UBBH69509",
        "text": "<https:\/\/store.naver.com\/restaurants\/detail?id=1983097915&amp;tab=menu>",
        "client_msg_id": "5478e598-4a3b-4913-a8ba-b2d7c7e368f7",
        "attachments": [
            {
                "service_name": "네이버 플레이스",
                "title": "생생돈까스 공덕점 : 네이버 플레이스",
                "title_link": "https:\/\/store.naver.com\/restaurants\/detail?id=1983097915&tab=menu",
                "text": "* 배달가능지역: 대흥동, 노고산동, 신수동, 구수동, 신정동, 현석동, 용강동, 토정동, 염리동, 아현동, 공덕동, 신공덕동, 도화동, 마포동, 서계동, 청파동 1가~3가, 원효로 1가~3가, 용문동, 효창동",
                "fallback": "네이버 플레이스: 생생돈까스 공덕점 : 네이버 플레이스",
                "image_url": "https:\/\/search.pstatic.net\/common\/?autoRotate=true&quality=100&src=http%3A%2F%2Fldb.phinf.naver.net%2F20171123_25%2F15114023988142c9c8_JPEG%2FSgBjTMfZc19S8AiReNG9uK-r.jpg&type=f640_380",
                "from_url": "https:\/\/store.naver.com\/restaurants\/detail?id=1983097915&tab=menu",
                "image_width": 421,
                "image_height": 250,
                "image_bytes": 252492,
                "service_icon": "https:\/\/store.naver.com\/favicon.ico",
                "id": 1,
                "original_url": "https:\/\/store.naver.com\/restaurants\/detail?id=1983097915&amp;tab=menu"
            }
        ],
        "ts": "1531707859.000069"
    },
    {
        "type": "message",
        "user": "UAMRJQYTE",
        "text": "지선: 생생오므라이스",
        "client_msg_id": "18f91dd8-f78c-46d7-b8e2-9e30315dc590",
        "ts": "1531707946.000022"
    },
    {
        "type": "message",
        "user": "UBBH69509",
        "text": "성윤 : 김치치즈오븐돈까스\n조은 : 냉메밀국수\n지혜 : 생생쫄면\n지선: 생생오므라이스\n은정:\n애란: 김치치즈오븐돈까스",
        "client_msg_id": "bc7fd2c5-7848-4a9e-8216-234deae29d5d",
        "edited": {
            "user": "UBBH69509",
            "ts": "1531710951.000000"
        },
        "ts": "1531708264.000002"
    },
    {
        "type": "message",
        "user": "UBBH69509",
        "text": "<@UBD5C2LH5> <@UBELL5EF5> 점심 메뉴 알려 주세용^^",
        "client_msg_id": "bda0d547-65cd-44db-b315-e27d0274c5cd",
        "ts": "1531710781.000096"
    },
    {
        "type": "message",
        "user": "UBELL5EF5",
        "text": "김치치즈오븐돈까스입니다",
        "client_msg_id": "e803432c-f1bf-47a9-98eb-d0cae7f2263d",
        "edited": {
            "user": "UBELL5EF5",
            "ts": "1531711187.000000"
        },
        "ts": "1531710922.000090"
    }
]