[
    {
        "type": "message",
        "user": "U9SN17L0M",
        "text": "<@UBBH69509> 저 2층에 있습니다. 점심 시키실 때 제것도 함께 부탁드려요!",
        "client_msg_id": "d51cb969-d695-4044-86a1-36429906af58",
        "ts": "1531965289.000147"
    },
    {
        "type": "message",
        "user": "UBBH69509",
        "text": "넵넵!!!알겠습니당!",
        "client_msg_id": "109da29c-cd24-46f0-bf60-40389fcc0ee9",
        "ts": "1531965315.000022"
    },
    {
        "type": "message",
        "user": "UBBH69509",
        "text": "<http:\/\/www.bdtong.co.kr\/서울시-마포구-공덕동\/중식\/중국성\/S075127>",
        "client_msg_id": "aba68b6c-dd5f-487e-863b-af8cc24607c3",
        "attachments": [
            {
                "title": "공덕동 중식 배달음식 맛집 - 중국성 - 배달통 (배달앱)",
                "title_link": "http:\/\/www.bdtong.co.kr\/서울시-마포구-공덕동\/중식\/중국성\/S075127",
                "text": "중국성입니다. 서울시 마포구 공덕동에 위치한 중식 배달음식점으로 배달가능지역은 공덕동 신공덕동 아현동 도화동 원효로1동(문배동배달불가) 청파동 효창동 서계동 중림동일대이며 운영시간은 (월요일 : 10:30 ~ 20:30,화요일 : 10:30 ~ 20:30,수요일 : 10:30 ~ 20:30,목요일 : 10:30 ~ 20:30,금요일 : 10:30 ~ 20:30,토요일 : 10:30 ~ 20:30,일요일 : 10:30 ~ 20:30) 입니다. 오늘도 즐거운 배달앱! 배달통에서 주문하시고 포인트와 OK캐쉬백도 적립하고 할인혜택까지 받아가세요.",
                "fallback": "공덕동 중식 배달음식 맛집 - 중국성 - 배달통 (배달앱)",
                "from_url": "http:\/\/www.bdtong.co.kr\/서울시-마포구-공덕동\/중식\/중국성\/S075127",
                "service_icon": "http:\/\/www.bdtong.co.kr\/favicon.ico",
                "service_name": "bdtong.co.kr",
                "id": 1,
                "original_url": "http:\/\/www.bdtong.co.kr\/서울시-마포구-공덕동\/중식\/중국성\/S075127"
            }
        ],
        "ts": "1531966851.000114"
    },
    {
        "type": "message",
        "user": "UBBH69509",
        "text": "오늘은 중식입니당.",
        "client_msg_id": "dd1bf1c1-7eb3-4055-80f9-7fc765f97959",
        "ts": "1531966855.000186"
    },
    {
        "type": "message",
        "user": "UBBH69509",
        "text": "<!channel>",
        "client_msg_id": "8acea30f-523c-46a3-b4d5-511bdbead8d9",
        "ts": "1531966865.000116"
    },
    {
        "type": "message",
        "user": "UBBH69509",
        "text": "이다혜 정다현 정지혜 최지영 채송이",
        "client_msg_id": "5bd0fe90-7544-4e23-860c-5a5582cc38e7",
        "ts": "1531966883.000119"
    },
    {
        "type": "message",
        "user": "UBBH69509",
        "text": "오늘 그룹 상담 인원입니다.",
        "client_msg_id": "8cddf821-c9ae-4101-87f5-82dd8912afc8",
        "ts": "1531966890.000176"
    },
    {
        "type": "message",
        "user": "U9SN17L0M",
        "text": "<@UBBH69509> 저 중국냉면이요.",
        "client_msg_id": "f4a2f5ed-5298-453f-95d0-52a8efc59d12",
        "ts": "1531966963.000043"
    },
    {
        "type": "message",
        "user": "UAMRJQYTE",
        "text": "지선: 탕볶밥\n지혜: 탕짬면",
        "client_msg_id": "299e0c31-06b8-4b99-a724-6a75d1ac20db",
        "ts": "1531967011.000076"
    },
    {
        "type": "message",
        "user": "UAMRJQYTE",
        "text": "<@UBBH69509> 지혜&amp;지선: 감사합니다~!",
        "client_msg_id": "565e9ad4-35ba-4f39-af43-e0f658bf9fca",
        "ts": "1531967031.000006"
    },
    {
        "type": "message",
        "user": "U9TKQU99V",
        "text": "저는 깐쇼새우정식이요~",
        "client_msg_id": "bffb8f1a-46c2-400a-8c1a-13ad8f04bb2a",
        "ts": "1531967713.000091"
    },
    {
        "type": "message",
        "user": "UBBH69509",
        "text": "배로 : 중국냉면\n지선 : 탕볶밥\n지혜 : 탕짬면\n성윤 : 탕볶밥\n영웅 : 깐쇼새우정식\n형섭 :\n애란 :",
        "client_msg_id": "b958adb8-e466-4c64-be84-e337e1723f19",
        "edited": {
            "user": "UBBH69509",
            "ts": "1531968449.000000"
        },
        "ts": "1531968390.000098"
    },
    {
        "type": "message",
        "user": "U9UFEBXGF",
        "text": "<@UA4NE8C74> 형섭님 응답하라 2018",
        "client_msg_id": "c1204ac3-84e3-4236-bc2a-5941e5e794f1",
        "ts": "1531968484.000043"
    },
    {
        "type": "message",
        "user": "UA4NE8C74",
        "text": "네네~~",
        "client_msg_id": "DB6007E1-79C7-4F08-AFD3-F4E674CDC64F",
        "ts": "1531968526.000077"
    },
    {
        "type": "message",
        "user": "U9TKQU99V",
        "text": "형섭님은 지금 외부출장중이라 응답이 늦을 거에요'라고 치려고 했어요",
        "client_msg_id": "c691ca1d-1ab5-406c-b65e-0e5620342449",
        "ts": "1531968536.000088"
    },
    {
        "type": "message",
        "user": "U9UFEBXGF",
        "text": "지금 알파가신거 알아용ㅋㅋㅋ",
        "client_msg_id": "7ab31d7b-6bb9-44a7-bff6-0cc7ab5da450",
        "ts": "1531968548.000066"
    },
    {
        "type": "message",
        "user": "UA4NE8C74",
        "text": "저는 간단하게 탕짜면",
        "client_msg_id": "312B1F0A-D10E-4635-B068-56BB0EA6806D",
        "ts": "1531968618.000035"
    },
    {
        "type": "message",
        "user": "U9TKQU99V",
        "text": "배로 : 중국냉면\n지선 : 탕볶밥\n지혜 : 탕짬면\n성윤 : 탕볶밥\n영웅 : 깐쇼새우정식\n형섭 : 탕짜면\n애란 :",
        "client_msg_id": "344b2211-8985-4c0a-b271-19a432848220",
        "ts": "1531968630.000091"
    },
    {
        "type": "message",
        "user": "UBELL5EF5",
        "text": "짜장면입니다",
        "client_msg_id": "427bd4ea-c323-48ee-b115-df914d7390f4",
        "ts": "1531968688.000139"
    },
    {
        "type": "message",
        "user": "UBBH69509",
        "text": "배로 : 중국냉면\n지선 : 탕볶밥\n지혜 : 탕짬면\n성윤 : 탕볶밥\n영웅 : 깐쇼새우정식\n형섭 : 탕짜면\n애란 : 짜장면\n완료오 감사합니당~~^^",
        "client_msg_id": "d075ede3-2a9b-4a15-bdc8-ce04e7e9cb0a",
        "ts": "1531968740.000021",
        "reactions": [
            {
                "name": "heart",
                "users": [
                    "U9UFEBXGF",
                    "U9SN17L0M",
                    "UAMRJQYTE"
                ],
                "count": 3
            }
        ]
    },
    {
        "type": "message",
        "user": "U9TKQU99V",
        "text": "오늘도 성윤, 지선, 지혜님은 교육생분들과 같이 드시는 거죠?",
        "client_msg_id": "13a17291-f91a-4b37-88f9-9400e2ce12d8",
        "ts": "1531968775.000055"
    },
    {
        "type": "message",
        "user": "U9UFEBXGF",
        "text": "넵넵!",
        "client_msg_id": "3a44154e-46d3-41dc-bd65-98c3a8ad87de",
        "ts": "1531968783.000040"
    },
    {
        "type": "message",
        "user": "UBBH69509",
        "text": "넹넹!!",
        "client_msg_id": "0c9203a9-18d6-45c7-99eb-6273280b7b02",
        "ts": "1531968790.000044"
    },
    {
        "type": "message",
        "user": "U9TKQU99V",
        "text": "배로샘, 애란샘도 같이신가요? 아니면 따로 드시나용?",
        "client_msg_id": "2e5fba2e-f87a-4a77-a649-bc2e7dfc55c2",
        "ts": "1531968801.000145"
    },
    {
        "type": "message",
        "user": "U9UFEBXGF",
        "text": "배로샘 애란샘이 함께 하시길 원하시면 저희는 좋습니다!",
        "client_msg_id": "1bb80138-b0fe-49d6-91d2-1a3009a5ea11",
        "ts": "1531969019.000136"
    },
    {
        "type": "message",
        "user": "U9SN17L0M",
        "text": "영웅님 형섭님과 함께 식사할게요.",
        "client_msg_id": "79608c0a-8999-4e1f-abdb-0a4cafb0c0cc",
        "ts": "1531969063.000090"
    },
    {
        "type": "message",
        "user": "U9SN17L0M",
        "text": "화요일에 점심먹으며 이어서 얘기하기로 했었어요.",
        "client_msg_id": "52c8ba22-2f67-48f9-b01e-bfcc7e2dc6b5",
        "ts": "1531969121.000058",
        "reactions": [
            {
                "name": "wink",
                "users": [
                    "U9UFEBXGF",
                    "U9TKQU99V"
                ],
                "count": 2
            }
        ]
    }
]