[
    {
        "type": "message",
        "user": "UBDRWBNRZ",
        "text": "재밌을거 같아요!! 저도 지도로 여러가지 해보고 싶어요!",
        "client_msg_id": "67b38b02-261d-4fad-98a3-04085605abce",
        "thread_ts": "1534132707.000074",
        "parent_user_id": "UBF1K97FH",
        "ts": "1534148293.000152",
        "reactions": [
            {
                "name": "+1",
                "users": [
                    "UBELL5EF5"
                ],
                "count": 1
            }
        ]
    },
    {
        "type": "message",
        "text": "마우스 USB 마이크로소프트, 분실하신 분! 운영진 분들께 맡겨놓겠습니다 :)",
        "files": [
            {
                "id": "FC6RVPML1",
                "created": 1534151732,
                "timestamp": 1534151732,
                "name": "20180813_181406.jpg",
                "title": "20180813_181406.jpg",
                "mimetype": "image\/jpeg",
                "filetype": "jpg",
                "pretty_type": "JPEG",
                "user": "UBDCWMFND",
                "editable": false,
                "size": 2508739,
                "mode": "hosted",
                "is_external": false,
                "external_type": "",
                "is_public": true,
                "public_url_shared": false,
                "display_as_bot": false,
                "username": "",
                "url_private": "https:\/\/files.slack.com\/files-pri\/T9SHC5F9S-FC6RVPML1\/20180813_181406.jpg?t=xoxe-332590185332-430098056850-431139793783-a3ecafe0d0f66efa522a67af632228d7",
                "url_private_download": "https:\/\/files.slack.com\/files-pri\/T9SHC5F9S-FC6RVPML1\/download\/20180813_181406.jpg?t=xoxe-332590185332-430098056850-431139793783-a3ecafe0d0f66efa522a67af632228d7",
                "thumb_64": "https:\/\/files.slack.com\/files-tmb\/T9SHC5F9S-FC6RVPML1-9589685e0b\/20180813_181406_64.jpg?t=xoxe-332590185332-430098056850-431139793783-a3ecafe0d0f66efa522a67af632228d7",
                "thumb_80": "https:\/\/files.slack.com\/files-tmb\/T9SHC5F9S-FC6RVPML1-9589685e0b\/20180813_181406_80.jpg?t=xoxe-332590185332-430098056850-431139793783-a3ecafe0d0f66efa522a67af632228d7",
                "thumb_360": "https:\/\/files.slack.com\/files-tmb\/T9SHC5F9S-FC6RVPML1-9589685e0b\/20180813_181406_360.jpg?t=xoxe-332590185332-430098056850-431139793783-a3ecafe0d0f66efa522a67af632228d7",
                "thumb_360_w": 360,
                "thumb_360_h": 360,
                "thumb_480": "https:\/\/files.slack.com\/files-tmb\/T9SHC5F9S-FC6RVPML1-9589685e0b\/20180813_181406_480.jpg?t=xoxe-332590185332-430098056850-431139793783-a3ecafe0d0f66efa522a67af632228d7",
                "thumb_480_w": 480,
                "thumb_480_h": 480,
                "thumb_160": "https:\/\/files.slack.com\/files-tmb\/T9SHC5F9S-FC6RVPML1-9589685e0b\/20180813_181406_160.jpg?t=xoxe-332590185332-430098056850-431139793783-a3ecafe0d0f66efa522a67af632228d7",
                "thumb_720": "https:\/\/files.slack.com\/files-tmb\/T9SHC5F9S-FC6RVPML1-9589685e0b\/20180813_181406_720.jpg?t=xoxe-332590185332-430098056850-431139793783-a3ecafe0d0f66efa522a67af632228d7",
                "thumb_720_w": 720,
                "thumb_720_h": 720,
                "thumb_800": "https:\/\/files.slack.com\/files-tmb\/T9SHC5F9S-FC6RVPML1-9589685e0b\/20180813_181406_800.jpg?t=xoxe-332590185332-430098056850-431139793783-a3ecafe0d0f66efa522a67af632228d7",
                "thumb_800_w": 800,
                "thumb_800_h": 800,
                "thumb_960": "https:\/\/files.slack.com\/files-tmb\/T9SHC5F9S-FC6RVPML1-9589685e0b\/20180813_181406_960.jpg?t=xoxe-332590185332-430098056850-431139793783-a3ecafe0d0f66efa522a67af632228d7",
                "thumb_960_w": 960,
                "thumb_960_h": 960,
                "thumb_1024": "https:\/\/files.slack.com\/files-tmb\/T9SHC5F9S-FC6RVPML1-9589685e0b\/20180813_181406_1024.jpg?t=xoxe-332590185332-430098056850-431139793783-a3ecafe0d0f66efa522a67af632228d7",
                "thumb_1024_w": 1024,
                "thumb_1024_h": 1024,
                "image_exif_rotation": 1,
                "original_w": 3024,
                "original_h": 3024,
                "permalink": "https:\/\/daitgirls.slack.com\/files\/UBDCWMFND\/FC6RVPML1\/20180813_181406.jpg",
                "permalink_public": "https:\/\/slack-files.com\/T9SHC5F9S-FC6RVPML1-3c6ba56bed"
            }
        ],
        "upload": true,
        "user": "UBDCWMFND",
        "display_as_bot": false,
        "client_msg_id": "c3f01513-7f1f-4d93-8641-228cfa2870c1",
        "ts": "1534151737.000080",
        "reactions": [
            {
                "name": "thumbsup_all",
                "users": [
                    "UA4EGE85S",
                    "UBELL5EF5",
                    "UBD8GLUEL",
                    "UBDN9579S",
                    "U9SN17L0M",
                    "UBF0XFP7Z"
                ],
                "count": 6
            }
        ]
    },
    {
        "type": "message",
        "user": "UBELL5EF5",
        "text": "내일 진행할 예정이었던 시각화 수업은 목요일로 옮기고 이번에도 진영쌤과 토론식:grinning:으로 하고자 합니다. 색상을 주제로 이야기를 나누고 파이썬에서 실제로 적용하는 방법을 실습해요.\n\n내일은 I3 이터레이션 계획 회의를 하고, 파이썬에서 DataFrame이나 RtmBot 같은 사용자 정의 타입(클래스)을 만드는 방법을 새로 배우고, 그동안 배운 파이썬 문법들을 복습할 수 있는 장난감 문제를 바탕으로 테스트 주도 개발 실습을 이어서 합니다.",
        "client_msg_id": "ACA0304C-0828-4F43-A84E-6C05AB524AFA",
        "edited": {
            "user": "UBELL5EF5",
            "ts": "1534154107.000000"
        },
        "ts": "1534154057.000252",
        "reactions": [
            {
                "name": "star-struck",
                "users": [
                    "U9UFEBXGF",
                    "U9TKQU99V",
                    "UBF0XHZD5",
                    "UBD8GLUEL",
                    "UBDN8T42G",
                    "UBDRWADQB",
                    "UBDN8UG4C",
                    "UBDUUHX4J",
                    "UBDN9579S",
                    "UBDRVLD1R",
                    "UBDUU7X7U",
                    "UBD8GMVNC",
                    "U9SN17L0M",
                    "UBF0XFP7Z",
                    "UA4EGE85S",
                    "UBDN90RJQ",
                    "UBDRWK8SX"
                ],
                "count": 17
            },
            {
                "name": "blue_heart",
                "users": [
                    "U9SN17L0M",
                    "UBF0XFP7Z",
                    "UA4EGE85S"
                ],
                "count": 3
            },
            {
                "name": "먼산2",
                "users": [
                    "UBF1K97FH",
                    "U9SN17L0M"
                ],
                "count": 2
            }
        ]
    },
    {
        "type": "message",
        "user": "UBELL5EF5",
        "text": "오늘 여러분들 간담회 하시는동안 <@U9SN17L0M> 쌤과 2층에서 짝 프로그래밍을 했어요. 그동안 여러분들께서 고생해서 번역해주신 “Pandas 10분 완성” 문서를 웹에서 보실 수 있게 되었습니다: <https:\/\/dataitgirls2.github.io\/10minutes2pandas\/>\n\n- 배로쌤이랑 같이 구글 애널리틱스(Google Analytics)라는 웹 로그 분석 도구도 붙여놨으니 나중에 이 데이터로 실습도 해보아요 :slightly_smiling_face:\n- 여백과 줄간격 등이 엉망인데 <@UBF1K97FH> 님께서 매의 눈으로 봐주시면 좋을 것 같아요. 조만간 10분 정도 짝 작업 하면서 큰 문제들만 잡아보면 좋겠습니다.",
        "client_msg_id": "949fd92f-f3f0-46d6-af1d-5cf6909c7424",
        "thread_ts": "1534167788.000456",
        "reply_count": 3,
        "replies": [
            {
                "user": "UBF1K97FH",
                "ts": "1534171061.000080"
            },
            {
                "user": "UBDUUHX4J",
                "ts": "1534201218.000111"
            },
            {
                "user": "UBDN8T42G",
                "ts": "1534208873.000082"
            }
        ],
        "unread_count": 3,
        "ts": "1534167788.000456",
        "reactions": [
            {
                "name": "+1",
                "users": [
                    "UA4EGE85S",
                    "UBDUUV802",
                    "UBDCWMFND",
                    "UBDN9579S",
                    "UBDRVLD1R",
                    "UBF0XHZD5",
                    "UBD8GHGBA",
                    "UBDRWADQB",
                    "UBDN90RJQ",
                    "UBDRWK8SX",
                    "UBDUUHX4J",
                    "U9SN17L0M",
                    "UBD8HB9C0",
                    "U9UFEBXGF",
                    "UBDRWRE3D"
                ],
                "count": 15
            }
        ]
    },
    {
        "type": "message",
        "user": "UBF1K97FH",
        "text": "<@UBELL5EF5> 접수완료입니다!",
        "client_msg_id": "a6a6bcb5-1682-4a8d-a47e-9e5dd718efe2",
        "thread_ts": "1534167788.000456",
        "parent_user_id": "UBELL5EF5",
        "ts": "1534171061.000080",
        "reactions": [
            {
                "name": "grinning",
                "users": [
                    "UBELL5EF5",
                    "U9SN17L0M",
                    "UA4EGE85S"
                ],
                "count": 3
            },
            {
                "name": "+1",
                "users": [
                    "UBELL5EF5",
                    "UBD8GMVNC",
                    "U9SN17L0M",
                    "UBDN8T42G",
                    "UBE3NMLCD",
                    "UA4EGE85S"
                ],
                "count": 6
            },
            {
                "name": "rolling_on_the_floor_laughing",
                "users": [
                    "UBELL5EF5"
                ],
                "count": 1
            },
            {
                "name": "superwoman",
                "users": [
                    "U9SN17L0M",
                    "UBELL5EF5"
                ],
                "count": 2
            }
        ]
    },
    {
        "type": "message",
        "user": "UBELL5EF5",
        "text": "오늘 아침에는 *프로젝트 팀* 별로 앉아서 이터레이션 #3 계획 회의를 한 후에, 원래 자리로 옮겨 앉겠습니다.",
        "client_msg_id": "5ae97e76-bdd4-413d-8bae-1e5c6c1e0a5f",
        "ts": "1534193810.000448",
        "reactions": [
            {
                "name": "+1",
                "users": [
                    "UBDRWADQB",
                    "UBDN90RJQ",
                    "UBDUUHX4J",
                    "UBDRWK8SX",
                    "UBDCWMFND",
                    "U9SN17L0M",
                    "U9UFEBXGF",
                    "UBDN9579S",
                    "UA4EGE85S"
                ],
                "count": 9
            }
        ]
    },
    {
        "type": "message",
        "user": "UBDUUHX4J",
        "text": "대박스",
        "client_msg_id": "944EE189-6E98-4B04-AE07-2E1BFEAD801A",
        "thread_ts": "1534167788.000456",
        "parent_user_id": "UBELL5EF5",
        "ts": "1534201218.000111",
        "reactions": [
            {
                "name": "+1",
                "users": [
                    "UBELL5EF5"
                ],
                "count": 1
            }
        ]
    },
    {
        "type": "message",
        "user": "UBDN8T42G",
        "text": "멋져요 진영님",
        "client_msg_id": "a422f17b-7e5e-4a03-8338-ed5810f951de",
        "thread_ts": "1534167788.000456",
        "parent_user_id": "UBELL5EF5",
        "ts": "1534208873.000082",
        "reactions": [
            {
                "name": "+1",
                "users": [
                    "UBELL5EF5"
                ],
                "count": 1
            },
            {
                "name": "heart",
                "users": [
                    "UBF1K97FH"
                ],
                "count": 1
            }
        ]
    },
    {
        "type": "message",
        "user": "UBDUVKQAE",
        "text": "넘나 헷갈리는 recursion ㅠㅠ\n<https:\/\/ko.wikipedia.org\/wiki\/%EC%9E%AC%EA%B7%80%ED%95%A8%EC%88%98>",
        "client_msg_id": "6c7b885e-1fa8-446a-a3cf-26d3f3e8ad6a",
        "attachments": [
            {
                "image_url": "https:\/\/upload.wikimedia.org\/wikipedia\/commons\/thumb\/b\/b3\/Screenshot_Recursion_via_vlc.png\/1200px-Screenshot_Recursion_via_vlc.png",
                "image_width": 1200,
                "image_height": 960,
                "image_bytes": 471392,
                "title": "재귀함수",
                "title_link": "https:\/\/ko.wikipedia.org\/wiki\/%EC%9E%AC%EA%B7%80%ED%95%A8%EC%88%98",
                "from_url": "https:\/\/ko.wikipedia.org\/wiki\/%EC%9E%AC%EA%B7%80%ED%95%A8%EC%88%98",
                "author_name": "Wikipedia",
                "author_link": "https:\/\/ko.wikipedia.org\/",
                "text": "재귀(再歸, Recursion)는 수학이나 컴퓨터 과학 등에서 자신을 정의할 때 자기 자신을 재참조하는 방법을 뜻한다. 주로 이 방법은 함수에 적용한 재귀 함수(Recursion Function)의 형태로 많이 사용된다. 또 사진이나 그림 등에서 재귀의 형태를 사용하는 경우도 있다.",
                "fallback": "wikipedia: 재귀함수",
                "service_icon": "https:\/\/a.slack-edge.com\/bfaba\/img\/unfurl_icons\/wikipedia.png",
                "id": 1,
                "original_url": "https:\/\/ko.wikipedia.org\/wiki\/%EC%9E%AC%EA%B7%80%ED%95%A8%EC%88%98"
            }
        ],
        "ts": "1534216859.000100",
        "reactions": [
            {
                "name": "+1",
                "users": [
                    "UBELL5EF5"
                ],
                "count": 1
            }
        ]
    },
    {
        "type": "message",
        "user": "UBELL5EF5",
        "text": "<https:\/\/goo.gl\/forms\/791qKEIT8SZRK1aC2>",
        "client_msg_id": "2f054e12-1723-40a7-879b-0b1b67ec7c67",
        "attachments": [
            {
                "service_name": "Google Docs",
                "title": "수업 평가",
                "title_link": "https:\/\/goo.gl\/forms\/791qKEIT8SZRK1aC2",
                "text": "수업 평가는 익명으로 수집되며, 강의를 개선하기 위한 목적 이외의 어떠한 용도로도 사용하지 않습니다.",
                "fallback": "Google Docs: 수업 평가",
                "image_url": "https:\/\/lh6.googleusercontent.com\/MmUMZHRjw22SaTkCqs48B_8MyqWeFOG4eF2q_bD1HQiQLp5nDewpEmcV3WiS1Si_D0s",
                "image_width": 333,
                "image_height": 250,
                "from_url": "https:\/\/goo.gl\/forms\/791qKEIT8SZRK1aC2",
                "image_bytes": 46236,
                "service_icon": "http:\/\/ssl.gstatic.com\/docs\/forms\/device_home\/ios_120.png",
                "id": 1,
                "original_url": "https:\/\/goo.gl\/forms\/791qKEIT8SZRK1aC2"
            }
        ],
        "ts": "1534217782.000200"
    },
    {
        "type": "message",
        "text": "",
        "files": [
            {
                "id": "FC7A0FJ3A",
                "created": 1534218203,
                "timestamp": 1534218203,
                "name": "Image uploaded from iOS.jpg",
                "title": "Slack for iOS Upload",
                "mimetype": "image\/jpeg",
                "filetype": "jpg",
                "pretty_type": "JPEG",
                "user": "UBD8GLUEL",
                "editable": false,
                "size": 330262,
                "mode": "hosted",
                "is_external": false,
                "external_type": "",
                "is_public": true,
                "public_url_shared": false,
                "display_as_bot": false,
                "username": "",
                "url_private": "https:\/\/files.slack.com\/files-pri\/T9SHC5F9S-FC7A0FJ3A\/image_uploaded_from_ios.jpg?t=xoxe-332590185332-430098056850-431139793783-a3ecafe0d0f66efa522a67af632228d7",
                "url_private_download": "https:\/\/files.slack.com\/files-pri\/T9SHC5F9S-FC7A0FJ3A\/download\/image_uploaded_from_ios.jpg?t=xoxe-332590185332-430098056850-431139793783-a3ecafe0d0f66efa522a67af632228d7",
                "thumb_64": "https:\/\/files.slack.com\/files-tmb\/T9SHC5F9S-FC7A0FJ3A-7e47bc9e5a\/image_uploaded_from_ios_64.jpg?t=xoxe-332590185332-430098056850-431139793783-a3ecafe0d0f66efa522a67af632228d7",
                "thumb_80": "https:\/\/files.slack.com\/files-tmb\/T9SHC5F9S-FC7A0FJ3A-7e47bc9e5a\/image_uploaded_from_ios_80.jpg?t=xoxe-332590185332-430098056850-431139793783-a3ecafe0d0f66efa522a67af632228d7",
                "thumb_360": "https:\/\/files.slack.com\/files-tmb\/T9SHC5F9S-FC7A0FJ3A-7e47bc9e5a\/image_uploaded_from_ios_360.jpg?t=xoxe-332590185332-430098056850-431139793783-a3ecafe0d0f66efa522a67af632228d7",
                "thumb_360_w": 360,
                "thumb_360_h": 360,
                "thumb_480": "https:\/\/files.slack.com\/files-tmb\/T9SHC5F9S-FC7A0FJ3A-7e47bc9e5a\/image_uploaded_from_ios_480.jpg?t=xoxe-332590185332-430098056850-431139793783-a3ecafe0d0f66efa522a67af632228d7",
                "thumb_480_w": 480,
                "thumb_480_h": 480,
                "thumb_160": "https:\/\/files.slack.com\/files-tmb\/T9SHC5F9S-FC7A0FJ3A-7e47bc9e5a\/image_uploaded_from_ios_160.jpg?t=xoxe-332590185332-430098056850-431139793783-a3ecafe0d0f66efa522a67af632228d7",
                "image_exif_rotation": 1,
                "original_w": 640,
                "original_h": 640,
                "permalink": "https:\/\/daitgirls.slack.com\/files\/UBD8GLUEL\/FC7A0FJ3A\/image_uploaded_from_ios.jpg",
                "permalink_public": "https:\/\/slack-files.com\/T9SHC5F9S-FC7A0FJ3A-3a401168a6"
            }
        ],
        "upload": true,
        "user": "UBD8GLUEL",
        "display_as_bot": false,
        "upload_reply_to": "A1F6B58F-6DD9-4A8A-9381-D4EDCE5982A7",
        "ts": "1534218205.000100",
        "reactions": [
            {
                "name": "blue_heart",
                "users": [
                    "U9SN17L0M",
                    "U9UFEBXGF",
                    "UBDN8UG4C",
                    "UBDRWBNRZ",
                    "UBDN9579S",
                    "UBELL5EF5",
                    "UBE3NCBKP",
                    "UBF0XHZD5",
                    "UA4EGE85S",
                    "UBD8GMVNC",
                    "UBDRVLD1R",
                    "UBBH69509",
                    "UBDN90RJQ",
                    "UBD8GLUEL"
                ],
                "count": 14
            },
            {
                "name": "the_love",
                "users": [
                    "U9SN17L0M",
                    "U9UFEBXGF",
                    "UBDRVLD1R",
                    "UBDRWBNRZ",
                    "UBDN9579S",
                    "UBELL5EF5",
                    "UBDRXTD8B",
                    "UBF0XHZD5",
                    "UA4EGE85S",
                    "UBD8GMVNC",
                    "UBBH69509",
                    "UBDN90RJQ",
                    "UBD8GLUEL"
                ],
                "count": 13
            },
            {
                "name": "ddongule2",
                "users": [
                    "U9SN17L0M",
                    "U9UFEBXGF",
                    "UBDRVLD1R",
                    "UBDRWBNRZ",
                    "UBELL5EF5",
                    "UBF0XHZD5",
                    "UA4EGE85S",
                    "UBD8GMVNC",
                    "UBBH69509",
                    "UBDN90RJQ",
                    "UBDCWPPNV",
                    "UBD8GLUEL"
                ],
                "count": 12
            },
            {
                "name": "jihye",
                "users": [
                    "UBDRVLD1R",
                    "UBDRWBNRZ",
                    "UBELL5EF5",
                    "UBF0XHZD5",
                    "UA4EGE85S",
                    "UBD8GMVNC",
                    "UBBH69509",
                    "UBDN90RJQ",
                    "UBD8GLUEL"
                ],
                "count": 9
            },
            {
                "name": "cm_forever",
                "users": [
                    "UBF1K97FH",
                    "UBELL5EF5",
                    "UBF0XHZD5",
                    "UA4EGE85S",
                    "UBD8GMVNC",
                    "UBBH69509",
                    "UBDN90RJQ",
                    "UBD8GLUEL"
                ],
                "count": 8
            }
        ]
    },
    {
        "type": "message",
        "user": "UBD8GLUEL",
        "text": ":heart::heart::heart::heart::heart::heart::heart::heart::heart::heart:",
        "client_msg_id": "0EA46D45-C282-41B9-9A41-7B3BB036A2E0",
        "ts": "1534218217.000100",
        "reactions": [
            {
                "name": "the_love",
                "users": [
                    "UBE3NMLCD",
                    "UBDRVLD1R",
                    "UBD8GLUEL"
                ],
                "count": 3
            }
        ]
    },
    {
        "type": "message",
        "user": "UBD8GLUEL",
        "text": "윈도우에서 lf가 crlf로 replace된다는 에러 뜨시는 분들은 \n`git config core.autocrlf true`\n치시면 됩니당~!",
        "client_msg_id": "95e6fdd2-d742-45be-99ac-d679747306bb",
        "ts": "1534223831.000100",
        "reactions": [
            {
                "name": "the_love",
                "users": [
                    "UBE3NMLCD",
                    "UBDUUUCMQ",
                    "UBDN8UG4C",
                    "UBF0XFP7Z"
                ],
                "count": 4
            }
        ]
    },
    {
        "type": "message",
        "text": "",
        "files": [
            {
                "id": "FC7U2AV4K",
                "created": 1534225501,
                "timestamp": 1534225501,
                "name": "Image from iOS.jpg",
                "title": "Image from iOS",
                "mimetype": "image\/jpeg",
                "filetype": "jpg",
                "pretty_type": "JPEG",
                "user": "UBDRXTD8B",
                "editable": false,
                "size": 4567622,
                "mode": "hosted",
                "is_external": false,
                "external_type": "",
                "is_public": true,
                "public_url_shared": false,
                "display_as_bot": false,
                "username": "",
                "url_private": "https:\/\/files.slack.com\/files-pri\/T9SHC5F9S-FC7U2AV4K\/image_from_ios.jpg?t=xoxe-332590185332-430098056850-431139793783-a3ecafe0d0f66efa522a67af632228d7",
                "url_private_download": "https:\/\/files.slack.com\/files-pri\/T9SHC5F9S-FC7U2AV4K\/download\/image_from_ios.jpg?t=xoxe-332590185332-430098056850-431139793783-a3ecafe0d0f66efa522a67af632228d7",
                "thumb_64": "https:\/\/files.slack.com\/files-tmb\/T9SHC5F9S-FC7U2AV4K-201cd63fda\/image_from_ios_64.jpg?t=xoxe-332590185332-430098056850-431139793783-a3ecafe0d0f66efa522a67af632228d7",
                "thumb_80": "https:\/\/files.slack.com\/files-tmb\/T9SHC5F9S-FC7U2AV4K-201cd63fda\/image_from_ios_80.jpg?t=xoxe-332590185332-430098056850-431139793783-a3ecafe0d0f66efa522a67af632228d7",
                "thumb_360": "https:\/\/files.slack.com\/files-tmb\/T9SHC5F9S-FC7U2AV4K-201cd63fda\/image_from_ios_360.jpg?t=xoxe-332590185332-430098056850-431139793783-a3ecafe0d0f66efa522a67af632228d7",
                "thumb_360_w": 360,
                "thumb_360_h": 270,
                "thumb_480": "https:\/\/files.slack.com\/files-tmb\/T9SHC5F9S-FC7U2AV4K-201cd63fda\/image_from_ios_480.jpg?t=xoxe-332590185332-430098056850-431139793783-a3ecafe0d0f66efa522a67af632228d7",
                "thumb_480_w": 480,
                "thumb_480_h": 360,
                "thumb_160": "https:\/\/files.slack.com\/files-tmb\/T9SHC5F9S-FC7U2AV4K-201cd63fda\/image_from_ios_160.jpg?t=xoxe-332590185332-430098056850-431139793783-a3ecafe0d0f66efa522a67af632228d7",
                "thumb_720": "https:\/\/files.slack.com\/files-tmb\/T9SHC5F9S-FC7U2AV4K-201cd63fda\/image_from_ios_720.jpg?t=xoxe-332590185332-430098056850-431139793783-a3ecafe0d0f66efa522a67af632228d7",
                "thumb_720_w": 720,
                "thumb_720_h": 540,
                "thumb_800": "https:\/\/files.slack.com\/files-tmb\/T9SHC5F9S-FC7U2AV4K-201cd63fda\/image_from_ios_800.jpg?t=xoxe-332590185332-430098056850-431139793783-a3ecafe0d0f66efa522a67af632228d7",
                "thumb_800_w": 800,
                "thumb_800_h": 600,
                "thumb_960": "https:\/\/files.slack.com\/files-tmb\/T9SHC5F9S-FC7U2AV4K-201cd63fda\/image_from_ios_960.jpg?t=xoxe-332590185332-430098056850-431139793783-a3ecafe0d0f66efa522a67af632228d7",
                "thumb_960_w": 960,
                "thumb_960_h": 720,
                "thumb_1024": "https:\/\/files.slack.com\/files-tmb\/T9SHC5F9S-FC7U2AV4K-201cd63fda\/image_from_ios_1024.jpg?t=xoxe-332590185332-430098056850-431139793783-a3ecafe0d0f66efa522a67af632228d7",
                "thumb_1024_w": 1024,
                "thumb_1024_h": 768,
                "image_exif_rotation": 1,
                "original_w": 4032,
                "original_h": 3024,
                "permalink": "https:\/\/daitgirls.slack.com\/files\/UBDRXTD8B\/FC7U2AV4K\/image_from_ios.jpg",
                "permalink_public": "https:\/\/slack-files.com\/T9SHC5F9S-FC7U2AV4K-5aafe2c075"
            }
        ],
        "upload": true,
        "user": "UBDRXTD8B",
        "display_as_bot": false,
        "upload_reply_to": "27B14D38-7C0A-45FC-AF29-7841D19CD930",
        "thread_ts": "1534225509.000100",
        "reply_count": 3,
        "replies": [
            {
                "user": "UBF0XHZD5",
                "ts": "1534226259.000100"
            },
            {
                "user": "UBDN8T42G",
                "ts": "1534229204.000100"
            },
            {
                "user": "UBF0XKTP1",
                "ts": "1534230768.000100"
            }
        ],
        "unread_count": 3,
        "ts": "1534225509.000100",
        "reactions": [
            {
                "name": "blue_heart",
                "users": [
                    "U9SN17L0M",
                    "UBDCWMFND",
                    "UBE3NMLCD",
                    "UBF0XFP7Z",
                    "UBF0XHZD5",
                    "UBDCWPPNV",
                    "UA4EGE85S",
                    "UBF0XKTP1",
                    "UBF1K97FH",
                    "UBDRVLD1R"
                ],
                "count": 10
            }
        ]
    },
    {
        "type": "message",
        "user": "UBDN8T42G",
        "text": "ㅋㅋㅋㅋㅋㅋㅋㅋㅋㅋㅋㅋㅋㅋ이걸 제너럴에?!",
        "client_msg_id": "a7618ada-af1d-426e-b995-325620901700",
        "ts": "1534225624.000100",
        "reactions": [
            {
                "name": "joy",
                "users": [
                    "UBDUUUCMQ",
                    "UBE3NCBKP",
                    "UBD8GLUEL",
                    "UBF1K97FH"
                ],
                "count": 4
            },
            {
                "name": "blue_heart",
                "users": [
                    "UBF0XHZD5",
                    "UBD8GLUEL"
                ],
                "count": 2
            }
        ]
    },
    {
        "type": "message",
        "user": "UBDCWMFND",
        "text": "???",
        "client_msg_id": "de8c90d6-9355-44d8-8e52-b2d94ed70aa5",
        "ts": "1534225675.000100"
    },
    {
        "type": "message",
        "user": "UBF0XHZD5",
        "text": "ㅠㅠ 지영님 제 호주머니에 들어갈 생각 잇으신지?",
        "client_msg_id": "802b2694-482c-44ae-9064-7844a633571d",
        "thread_ts": "1534225509.000100",
        "parent_user_id": "UBDRXTD8B",
        "ts": "1534226259.000100"
    },
    {
        "type": "message",
        "user": "UBDN8UG4C",
        "text": "ㅋㅋㅋㅋㅋㅋㅋㅋ",
        "client_msg_id": "e10287e4-5094-46b3-a024-49163df0274e",
        "ts": "1534226415.000100"
    },
    {
        "type": "message",
        "user": "UBELL5EF5",
        "text": "```\nchange = 0\n\n\ndef init():\n    global change\n    change = 0\n\n\ndef run(raw):\n    global change\n\n    tokens = raw.split(\" \")\n    cmd, params = tokens[0], tokens[1:]\n\n    if cmd == \"잔액\":\n        return \"잔액은 \" + str(change) + \"원입니다\"\n    else:\n        coin = params[0]\n        change += int(coin)\n        return coin + \"원을 넣었습니다\"\n```",
        "client_msg_id": "3093c677-5e7e-4f03-814a-63c036190949",
        "ts": "1534227657.000100"
    },
    {
        "type": "message",
        "user": "UBDN8T42G",
        "text": "앜ㅋㅋㅋㅋㅋㅋㅋㅋㅋㅋㅋㅋㅋㅋㅋ 호주머니 용량 낭낭하신가요",
        "client_msg_id": "5679173d-5416-4ca3-bf27-2cf721dc4146",
        "thread_ts": "1534225509.000100",
        "parent_user_id": "UBDRXTD8B",
        "ts": "1534229204.000100"
    }
]