[
    {
        "type": "message",
        "text": "",
        "files": [
            {
                "id": "FBH95BTU0",
                "created": 1530601385,
                "timestamp": 1530601385,
                "name": "image.png",
                "title": "image.png",
                "mimetype": "image\/png",
                "filetype": "png",
                "pretty_type": "PNG",
                "user": "UBD8GMVNC",
                "editable": false,
                "size": 70656,
                "mode": "hosted",
                "is_external": false,
                "external_type": "",
                "is_public": true,
                "public_url_shared": false,
                "display_as_bot": false,
                "username": "",
                "url_private": "https:\/\/files.slack.com\/files-pri\/T9SHC5F9S-FBH95BTU0\/image.png?t=xoxe-332590185332-430098056850-431139793783-a3ecafe0d0f66efa522a67af632228d7",
                "url_private_download": "https:\/\/files.slack.com\/files-pri\/T9SHC5F9S-FBH95BTU0\/download\/image.png?t=xoxe-332590185332-430098056850-431139793783-a3ecafe0d0f66efa522a67af632228d7",
                "thumb_64": "https:\/\/files.slack.com\/files-tmb\/T9SHC5F9S-FBH95BTU0-ad7bab7b42\/image_64.png?t=xoxe-332590185332-430098056850-431139793783-a3ecafe0d0f66efa522a67af632228d7",
                "thumb_80": "https:\/\/files.slack.com\/files-tmb\/T9SHC5F9S-FBH95BTU0-ad7bab7b42\/image_80.png?t=xoxe-332590185332-430098056850-431139793783-a3ecafe0d0f66efa522a67af632228d7",
                "thumb_360": "https:\/\/files.slack.com\/files-tmb\/T9SHC5F9S-FBH95BTU0-ad7bab7b42\/image_360.png?t=xoxe-332590185332-430098056850-431139793783-a3ecafe0d0f66efa522a67af632228d7",
                "thumb_360_w": 360,
                "thumb_360_h": 269,
                "thumb_480": "https:\/\/files.slack.com\/files-tmb\/T9SHC5F9S-FBH95BTU0-ad7bab7b42\/image_480.png?t=xoxe-332590185332-430098056850-431139793783-a3ecafe0d0f66efa522a67af632228d7",
                "thumb_480_w": 480,
                "thumb_480_h": 359,
                "thumb_160": "https:\/\/files.slack.com\/files-tmb\/T9SHC5F9S-FBH95BTU0-ad7bab7b42\/image_160.png?t=xoxe-332590185332-430098056850-431139793783-a3ecafe0d0f66efa522a67af632228d7",
                "thumb_720": "https:\/\/files.slack.com\/files-tmb\/T9SHC5F9S-FBH95BTU0-ad7bab7b42\/image_720.png?t=xoxe-332590185332-430098056850-431139793783-a3ecafe0d0f66efa522a67af632228d7",
                "thumb_720_w": 720,
                "thumb_720_h": 538,
                "image_exif_rotation": 1,
                "original_w": 769,
                "original_h": 575,
                "permalink": "https:\/\/daitgirls.slack.com\/files\/UBD8GMVNC\/FBH95BTU0\/image.png",
                "permalink_public": "https:\/\/slack-files.com\/T9SHC5F9S-FBH95BTU0-b8c738df21"
            }
        ],
        "upload": true,
        "user": "UBD8GMVNC",
        "display_as_bot": false,
        "ts": "1530601387.000031"
    },
    {
        "type": "message",
        "subtype": "file_comment",
        "text": "<@UBD8GMVNC> commented on <@UBD8GMVNC>’s file <https:\/\/daitgirls.slack.com\/files\/UBD8GMVNC\/FBH95BTU0\/image.png|image.png>: 29일 수업 자료를 급하게 퍼왔습니다ㅋㅋ",
        "file": {
            "id": "FBH95BTU0",
            "created": 1530601385,
            "timestamp": 1530601385,
            "name": "image.png",
            "title": "image.png",
            "mimetype": "image\/png",
            "filetype": "png",
            "pretty_type": "PNG",
            "user": "UBD8GMVNC",
            "editable": false,
            "size": 70656,
            "mode": "hosted",
            "is_external": false,
            "external_type": "",
            "is_public": true,
            "public_url_shared": false,
            "display_as_bot": false,
            "username": "",
            "url_private": "https:\/\/files.slack.com\/files-pri\/T9SHC5F9S-FBH95BTU0\/image.png?t=xoxe-332590185332-430098056850-431139793783-a3ecafe0d0f66efa522a67af632228d7",
            "url_private_download": "https:\/\/files.slack.com\/files-pri\/T9SHC5F9S-FBH95BTU0\/download\/image.png?t=xoxe-332590185332-430098056850-431139793783-a3ecafe0d0f66efa522a67af632228d7",
            "thumb_64": "https:\/\/files.slack.com\/files-tmb\/T9SHC5F9S-FBH95BTU0-ad7bab7b42\/image_64.png?t=xoxe-332590185332-430098056850-431139793783-a3ecafe0d0f66efa522a67af632228d7",
            "thumb_80": "https:\/\/files.slack.com\/files-tmb\/T9SHC5F9S-FBH95BTU0-ad7bab7b42\/image_80.png?t=xoxe-332590185332-430098056850-431139793783-a3ecafe0d0f66efa522a67af632228d7",
            "thumb_360": "https:\/\/files.slack.com\/files-tmb\/T9SHC5F9S-FBH95BTU0-ad7bab7b42\/image_360.png?t=xoxe-332590185332-430098056850-431139793783-a3ecafe0d0f66efa522a67af632228d7",
            "thumb_360_w": 360,
            "thumb_360_h": 269,
            "thumb_480": "https:\/\/files.slack.com\/files-tmb\/T9SHC5F9S-FBH95BTU0-ad7bab7b42\/image_480.png?t=xoxe-332590185332-430098056850-431139793783-a3ecafe0d0f66efa522a67af632228d7",
            "thumb_480_w": 480,
            "thumb_480_h": 359,
            "thumb_160": "https:\/\/files.slack.com\/files-tmb\/T9SHC5F9S-FBH95BTU0-ad7bab7b42\/image_160.png?t=xoxe-332590185332-430098056850-431139793783-a3ecafe0d0f66efa522a67af632228d7",
            "thumb_720": "https:\/\/files.slack.com\/files-tmb\/T9SHC5F9S-FBH95BTU0-ad7bab7b42\/image_720.png?t=xoxe-332590185332-430098056850-431139793783-a3ecafe0d0f66efa522a67af632228d7",
            "thumb_720_w": 720,
            "thumb_720_h": 538,
            "image_exif_rotation": 1,
            "original_w": 769,
            "original_h": 575,
            "permalink": "https:\/\/daitgirls.slack.com\/files\/UBD8GMVNC\/FBH95BTU0\/image.png",
            "permalink_public": "https:\/\/slack-files.com\/T9SHC5F9S-FBH95BTU0-b8c738df21"
        },
        "files": [
            {
                "id": "FBH95BTU0",
                "created": 1530601385,
                "timestamp": 1530601385,
                "name": "image.png",
                "title": "image.png",
                "mimetype": "image\/png",
                "filetype": "png",
                "pretty_type": "PNG",
                "user": "UBD8GMVNC",
                "editable": false,
                "size": 70656,
                "mode": "hosted",
                "is_external": false,
                "external_type": "",
                "is_public": true,
                "public_url_shared": false,
                "display_as_bot": false,
                "username": "",
                "url_private": "https:\/\/files.slack.com\/files-pri\/T9SHC5F9S-FBH95BTU0\/image.png?t=xoxe-332590185332-430098056850-431139793783-a3ecafe0d0f66efa522a67af632228d7",
                "url_private_download": "https:\/\/files.slack.com\/files-pri\/T9SHC5F9S-FBH95BTU0\/download\/image.png?t=xoxe-332590185332-430098056850-431139793783-a3ecafe0d0f66efa522a67af632228d7",
                "thumb_64": "https:\/\/files.slack.com\/files-tmb\/T9SHC5F9S-FBH95BTU0-ad7bab7b42\/image_64.png?t=xoxe-332590185332-430098056850-431139793783-a3ecafe0d0f66efa522a67af632228d7",
                "thumb_80": "https:\/\/files.slack.com\/files-tmb\/T9SHC5F9S-FBH95BTU0-ad7bab7b42\/image_80.png?t=xoxe-332590185332-430098056850-431139793783-a3ecafe0d0f66efa522a67af632228d7",
                "thumb_360": "https:\/\/files.slack.com\/files-tmb\/T9SHC5F9S-FBH95BTU0-ad7bab7b42\/image_360.png?t=xoxe-332590185332-430098056850-431139793783-a3ecafe0d0f66efa522a67af632228d7",
                "thumb_360_w": 360,
                "thumb_360_h": 269,
                "thumb_480": "https:\/\/files.slack.com\/files-tmb\/T9SHC5F9S-FBH95BTU0-ad7bab7b42\/image_480.png?t=xoxe-332590185332-430098056850-431139793783-a3ecafe0d0f66efa522a67af632228d7",
                "thumb_480_w": 480,
                "thumb_480_h": 359,
                "thumb_160": "https:\/\/files.slack.com\/files-tmb\/T9SHC5F9S-FBH95BTU0-ad7bab7b42\/image_160.png?t=xoxe-332590185332-430098056850-431139793783-a3ecafe0d0f66efa522a67af632228d7",
                "thumb_720": "https:\/\/files.slack.com\/files-tmb\/T9SHC5F9S-FBH95BTU0-ad7bab7b42\/image_720.png?t=xoxe-332590185332-430098056850-431139793783-a3ecafe0d0f66efa522a67af632228d7",
                "thumb_720_w": 720,
                "thumb_720_h": 538,
                "image_exif_rotation": 1,
                "original_w": 769,
                "original_h": 575,
                "permalink": "https:\/\/daitgirls.slack.com\/files\/UBD8GMVNC\/FBH95BTU0\/image.png",
                "permalink_public": "https:\/\/slack-files.com\/T9SHC5F9S-FBH95BTU0-b8c738df21"
            }
        ],
        "comment": {
            "id": "FcBHP0QPK6",
            "created": 1530601405,
            "timestamp": 1530601405,
            "user": "UBD8GMVNC",
            "is_intro": false,
            "comment": "29일 수업 자료를 급하게 퍼왔습니다ㅋㅋ",
            "reactions": [
                {
                    "name": "+1",
                    "users": [
                        "UBF0XKTP1",
                        "UBDN9579S",
                        "UBDUU7X7U",
                        "UBDRWK8SX",
                        "UBELL5EF5",
                        "UA4EGE85S",
                        "UBDCWMFND"
                    ],
                    "count": 7
                },
                {
                    "name": "clap",
                    "users": [
                        "UBDN8T42G"
                    ],
                    "count": 1
                }
            ]
        },
        "is_intro": false,
        "ts": "1530601405.000254"
    },
    {
        "type": "message",
        "user": "UBDRWK8SX",
        "text": "180703 C조 [ 정지은, 박진영, 김소령, 김희영 ] 단순히 파이썬의 문법을 배우는게 아니라 컴퓨터 내부에서 일어나는 작동방식을 배울 수 있어서 앞으로 공부할 때 도움이 될 수 있다고 생각합니다.  스크래치 프로젝트는 동기분들의 창의적인 모습을 보고 놀라고 즐거운 시간이었습니다. 파이썬을 설치하지 않고도 다양한 웹환경에서 실행 해볼 수 있어서 정말 편하고 좋았습니다. 컴퓨터의 알고리즘이 어떻게 돌아가는지 블럭으로 쉽고 직관적으로 알 수 있어서 좋았습니다!",
        "client_msg_id": "f0e6f817-acd6-4f8e-a1f7-000215d6e9ce",
        "ts": "1530604439.000072",
        "reactions": [
            {
                "name": "+1",
                "users": [
                    "UBELL5EF5",
                    "UBDRXTD8B",
                    "U9SN17L0M",
                    "UA4EGE85S",
                    "U9UFEBXGF"
                ],
                "count": 5
            },
            {
                "name": "blue_heart",
                "users": [
                    "U9SN17L0M",
                    "UA4NE8C74"
                ],
                "count": 2
            },
            {
                "name": "100",
                "users": [
                    "U9SN17L0M"
                ],
                "count": 1
            }
        ]
    },
    {
        "type": "message",
        "user": "UBF0XHZD5",
        "text": "180703 G조 Fact : 파이썬 언어의 특징, 장점. 파이썬 버전 스크립트를 했다. 실습을 많이 했다. \nfeeling : 프로그램 실행이 쉽지 않았다. 내가 생각하는 방식을 컴퓨터의 언어로 바꾸는 게 어려웠다.  r보다는 쉬운 것 같다. 실습이 많아서 좋았다.  범죄통계데이터로 예시를 확인하니 이해가 쉬웠다. \nfinding :  부지런히 연습해야겠다. 프로그래밍 언어를 하나 배워두면 다른 언어를 배울 때 진입장벽이 낮아질 것이다. 수업에 빠지지 말아야겠다.",
        "client_msg_id": "462151b8-2f1b-440d-ace3-9edbcd8087fa",
        "ts": "1530604665.000051",
        "reactions": [
            {
                "name": "+1",
                "users": [
                    "UBELL5EF5",
                    "U9SN17L0M",
                    "UA4EGE85S",
                    "UBF0XHZD5",
                    "U9UFEBXGF"
                ],
                "count": 5
            },
            {
                "name": "blue_heart",
                "users": [
                    "U9SN17L0M",
                    "UA4NE8C74",
                    "UBF0XHZD5"
                ],
                "count": 3
            },
            {
                "name": "100",
                "users": [
                    "U9SN17L0M"
                ],
                "count": 1
            }
        ]
    },
    {
        "type": "message",
        "user": "UBD8GMVNC",
        "text": "2018.07.03. F조 오후 회고\n1. 파이썬을 학습하며 이를 통해 컴퓨터 시스템의 작동 원리를 좀 더 이해할 수 있었습니다. 파이썬은 다른 언어(C, Java 등)에 비해 간결하다는 점을 실습을 통해 체감하였습니다.\n2. Pythontutor를 이용하여 실습을 진행했기 때문에 소스 코드 중 오류가 발생한 부분을 바로 확인할 수 있어서 좋았습니다. 혼자 코딩을 할 때에는 오류 해결이 어려워서 답답했는데, 향후 Pythontutor를 적극적으로 이용하려고 합니다.\n3. Colaboratory, Pythontutor 최고! 프로그램 설치라는 귀찮은 과정이 없어서 좋았습니다. 향후 Anaconda를 설치하게 되겠지만, 급할 때에는 colaboratory를 유용하게 사용할수 있을 것 같습니다.",
        "client_msg_id": "ba4f6fcd-8c66-45e8-9df1-aa4803490693",
        "ts": "1530604855.000152",
        "reactions": [
            {
                "name": "+1",
                "users": [
                    "UBELL5EF5",
                    "U9SN17L0M",
                    "UA4EGE85S",
                    "U9UFEBXGF"
                ],
                "count": 4
            },
            {
                "name": "blue_heart",
                "users": [
                    "U9SN17L0M",
                    "UA4NE8C74"
                ],
                "count": 2
            },
            {
                "name": "100",
                "users": [
                    "U9SN17L0M"
                ],
                "count": 1
            }
        ]
    },
    {
        "type": "message",
        "user": "UBDRVLD1R",
        "text": "180703 A조 \n1. 실제로 파이썬 코딩을 했는데, 되게 신기했다. 옛날에는 어떤 프로그램을 쓴다고 하면은… 그 프로그램이 구동될 수 있는 시스템을 다운받아서 했는데, 특히 제일 신기했던 건 Colab 이라는 플랫폼이었다. 코드를 치면 구글에 존재하는 데이터 센터와 연결되어서 실시간으로 구동되는 것이 신기했고, 이런식으로 하면 나중에 재택근무도 정말 가능하겠다… 논리적으로 생각하는 방법에 대한 어려움을 느꼈고, 코딩하면서 사고방식을 많이 발전시켰으면 좋겠다.",
        "client_msg_id": "51cd059d-4b1f-4a8d-9523-9b2c0f65e10c",
        "ts": "1530604921.000030",
        "reactions": [
            {
                "name": "+1",
                "users": [
                    "UBELL5EF5",
                    "U9SN17L0M",
                    "UA4EGE85S",
                    "U9UFEBXGF"
                ],
                "count": 4
            },
            {
                "name": "blue_heart",
                "users": [
                    "U9SN17L0M",
                    "UA4NE8C74"
                ],
                "count": 2
            },
            {
                "name": "100",
                "users": [
                    "U9SN17L0M"
                ],
                "count": 1
            }
        ]
    },
    {
        "type": "message",
        "user": "UBDRVLD1R",
        "text": "2. 함수를 하나하나 지정해줘야 한다는 생각은 하지 않았는데, 지정을 하면서 이런 과정들이 처음엔 힘들었지만 실습을 많이 해보면서 이해가 되었다. 파이썬…. 자습서 사용해서 더 많이 공부해야겠다는 이야기…~",
        "client_msg_id": "c28099c4-43bd-4a1f-a3d9-9908f500ee0b",
        "ts": "1530604974.000328"
    },
    {
        "type": "message",
        "user": "UBDRVLD1R",
        "text": "3. 넷플릭스에서 어제 알파고 다큐멘터리를 보았는데, 음지에서 어떤 사명감을 가지고 일하는 IT업계 최전방의 사람들을 보며 크나큰 감덩을 느꼈따.",
        "client_msg_id": "fc67617a-abbc-4997-935a-e5fe3a98a830",
        "ts": "1530605012.000212"
    },
    {
        "type": "message",
        "user": "UBDRWADQB",
        "text": "190704 D조[이지윤, 최지영, 김윤경, 김예은]\n오늘은 블록코딩을 파이썬으로 코드를 짜는 실습을 했습니다. 컴퓨터처럼 사고 하는 연습이 어려웠고, 숙제 열심히 해서 반복적으로 익히고 싶다는 느낌이 들습니다. 짝 프로그래밍으로 의견을 나눌 수 있는 과정이 좋았고 내부적인 작동 원리를 알게 되어서 더 깊이 배우는 느낌입니다. 엑셀이라고 생각하면서 코드를 짜니 '익숙하다'는 느낌이 들면서 마음이 편해졌습니다. 숙제를 열심히, 문제를 많이! 해보겠다. colab, pythontutor이라는 툴이 신기했고 둘 다 유용하게 연습할 수 있을 것 같습니다.",
        "client_msg_id": "1b54d521-78c7-40fc-b5f9-825df91c0296",
        "ts": "1530605021.000094",
        "reactions": [
            {
                "name": "+1",
                "users": [
                    "UBELL5EF5",
                    "U9SN17L0M",
                    "UA4EGE85S",
                    "U9UFEBXGF"
                ],
                "count": 4
            },
            {
                "name": "blue_heart",
                "users": [
                    "U9SN17L0M",
                    "UA4NE8C74"
                ],
                "count": 2
            },
            {
                "name": "100",
                "users": [
                    "U9SN17L0M"
                ],
                "count": 1
            }
        ]
    },
    {
        "type": "message",
        "user": "UBF0Y7GMD",
        "text": "180703 B조 회고\nA : 경험자와 비경험자의 수준차이가 있는 것 같고 메모리 영역에 대한 용어와 개념이 어려워서 이해하는데 시간이 필요하다고 생각되었다. 그리고 페어형식으로 수업을 진행하다보니 궁금증을 바로 해결하지 못해 약간 아쉬운 느낌이 든다.\n\nB : 다른 언어와 다른 파이썬의 문법에 대해 알게되었지만 다른 점에 대해 모호하게 알고있어 아직 쉽다는 느낌은 들지않았다. 좀더 연습(?)해볼 시간이 필요하다고 느꼈다. \n\nC : 오늘의 수업태도에 반성을 했고, github을 설치할 때와 달리 프로그램설치와 세팅없이 colab와 tutor와 같은 좋은 도구들로 코드를 작성해서 효율적이였다. \n\nD : 코딩을 시도해 본 적은 있지만 정확한 개념이 부족했지만 일정 부분은 해소가 되었다. 하지만 페어보다는 오히려혼자 연습해보고 어려운 부분에 대해 질문하는 수업방식이 더 좋을 것 같다.",
        "client_msg_id": "21676c2a-c1e1-48d4-9a5d-7d6835092066",
        "ts": "1530605056.000208",
        "reactions": [
            {
                "name": "+1",
                "users": [
                    "UBELL5EF5",
                    "U9SN17L0M",
                    "UA4EGE85S",
                    "U9UFEBXGF"
                ],
                "count": 4
            },
            {
                "name": "blue_heart",
                "users": [
                    "U9SN17L0M",
                    "UA4NE8C74"
                ],
                "count": 2
            },
            {
                "name": "100",
                "users": [
                    "U9SN17L0M"
                ],
                "count": 1
            }
        ]
    },
    {
        "type": "message",
        "user": "UBD8HB9C0",
        "text": "[180703 H조]\nBlockly, Pythontutor, Colab을 이용해 파이썬을 실제로 다루어보았다. 블럭을 이용해 코드를 구성하는 방식에 대해 이해를 해보니 쉽게 이해할 수 있어 좋았다. 하지만 실전 코딩에 들어가니 선생님이 코드 치는 속도에 따라가지 못해서 놓치는 부분이 있어 아쉬웠다.\n개념 부분에 있어서는 리터럴과 같은 개념이 추상적이다 보니 이해가 어려웠다. 아직 파이썬에 대한 이해가 없다보니 어떤 부분이 중요한지, 어디까지 알아야하는지 중요도 정리가 안되서 힘들었다. 특히 새로운 개념이 나올 때 이해하는데 급급해 놓치는 부분이 생기는 것 같아 아쉽다.\n코딩을 경험해 본 조원의 입장에서는 과거에 이렇게 코딩을 배울 수 있었다면 더 좋았을 것 같다는 생각이 들었고, 처음이라 막히는 것에 대해 다들 걱정을 조금 덜고 자신감을 가졌으면 좋겠다.\n애란쌤께서 한국어와 영어에 대한 해석이나 개념을 넘나 들면서 설명해주셔서 앞으로의 수업이 더 기대된다.",
        "client_msg_id": "623b292b-2d39-437d-92b7-b5a06ecb09cc",
        "ts": "1530605193.000033",
        "reactions": [
            {
                "name": "+1",
                "users": [
                    "UBELL5EF5",
                    "U9SN17L0M",
                    "UBF1K97FH",
                    "UA4EGE85S",
                    "U9UFEBXGF"
                ],
                "count": 5
            },
            {
                "name": "blue_heart",
                "users": [
                    "U9SN17L0M",
                    "UA4NE8C74",
                    "UBDCWMFND"
                ],
                "count": 3
            },
            {
                "name": "100",
                "users": [
                    "U9SN17L0M"
                ],
                "count": 1
            }
        ]
    },
    {
        "type": "message",
        "user": "UBF0XKTP1",
        "text": "180704 E조 회고\n파이썬 프로그램 실행 순서를 배우면서 인간의 언어와 다른 컴퓨터의 사고방식을 체득할 수 있었음. 평균값과 총합을 구하는 과정을 통해 반복되는 구간 안에서의 연산 실습을 할 수 있었고,  내장함수를 def로도 새로 만들어 보았음. (평균, 길이)\n내장함수가 있지만 직접 만들어 볼 수 있을 것 같은 자신감이 생김\n파이썬에 대해서 처음 배워봤는데 주로 쓰이는 분야와, 어떤 위치에 있는 언어인지 알 수 있었음\n훨씬 간결하고 문법이 쉬워서 금방 익힐 수 있었음. 파이썬 튜터로 코드를 써보고 어떻게 데이터가 처리되는지 직관적으로 볼 수 있어서 좋았음. \n쉽지 않았았지만, 짝꿍과 서로 도와가면서 해서 덜 헤맬수 있었음. 앞으로도 이런 새로운 프로그램을 배울 때 아는 사람과 모르는 사람끼리 페어를 해서 서로 도울 수 있다면 더 좋을 것 같음.",
        "client_msg_id": "75944004-6c13-459d-a4ed-dafcf8bc1138",
        "ts": "1530605787.000202",
        "reactions": [
            {
                "name": "+1",
                "users": [
                    "UBELL5EF5",
                    "U9SN17L0M",
                    "UBES4Q6LE",
                    "UBDN9579S",
                    "UA4EGE85S",
                    "UBDUUV802",
                    "U9UFEBXGF"
                ],
                "count": 7
            },
            {
                "name": "blue_heart",
                "users": [
                    "U9SN17L0M",
                    "UBES4Q6LE",
                    "UA4NE8C74"
                ],
                "count": 3
            },
            {
                "name": "100",
                "users": [
                    "U9SN17L0M"
                ],
                "count": 1
            }
        ]
    },
    {
        "type": "message",
        "user": "UBELL5EF5",
        "text": "오늘도 하루종일 모두들 열심히 해주셔서 감사합니다! 자습서 읽다가 어렵거나 이상한 부분이 있으면 슬랙에 질문해주세요.",
        "client_msg_id": "C7502C71-0748-4AB0-930B-5ADEED5A1961",
        "ts": "1530608073.000146",
        "reactions": [
            {
                "name": "+1",
                "users": [
                    "UBDRWK8SX",
                    "UBDUUV802",
                    "UBDN8T42G",
                    "UBF0Y7GMD",
                    "UBD8HB9C0",
                    "U9TKQU99V",
                    "UBF0XKTP1",
                    "UBDN8UG4C",
                    "UBF0XHZD5",
                    "UBDRXTD8B",
                    "UBF0XFP7Z",
                    "UBDUU7X7U",
                    "UBDRWU3GT",
                    "U9UFEBXGF",
                    "UBF1K97FH",
                    "UAMRJQYTE"
                ],
                "count": 16
            },
            {
                "name": "cat",
                "users": [
                    "UBDRVLD1R",
                    "UBDRXTD8B"
                ],
                "count": 2
            }
        ]
    },
    {
        "type": "message",
        "user": "UBELL5EF5",
        "text": "내일 오전 수업에서는 원래 numpy라고 불리는 데이터 분석 관련 라이브러리를 소개하려고 했는데요, 여러분들께서 남겨주신 피드백을 살펴본 결과 진도가 조금 빠르다는 생각이 들어서 조정하려고 합니다. 내일 오전엔 파이썬 자습서 3,4,5장에서 익힌 문법들에 좀 더 익숙해질 수 있도록 여러 실용 예제를 함께 풀어보는 실습 위주로 진행하고자 합니다. 수업 자료는 준비되는대로 슬랙에 다시 알려드릴게요!",
        "client_msg_id": "9fafa3aa-789c-4b45-b7e5-a4c9ae057ca2",
        "ts": "1530683348.000115",
        "reactions": [
            {
                "name": "+1",
                "users": [
                    "UBDRXTD8B",
                    "UBF0XHZD5",
                    "UBD8GLUEL",
                    "U9TKQU99V",
                    "UA4EGE85S",
                    "UBF1K97FH",
                    "UBDRWU3GT",
                    "UAMRJQYTE",
                    "UBDRWK8SX"
                ],
                "count": 9
            },
            {
                "name": "woman-running",
                "users": [
                    "UBF0XHZD5",
                    "UBD8GLUEL"
                ],
                "count": 2
            }
        ]
    },
    {
        "type": "message",
        "user": "UBF0XHZD5",
        "text": "여러분 &gt;&gt;&gt; for a in [1, 2, 3]:    print(a) 이 코드가 \"[1, 2, 3]이라는 리스트의 앞에서부터 하나씩 꺼내어 a라는 변수에 대입한 후 print(a)를 수행하라\"라는 의미라고 나와있는데요",
        "client_msg_id": "fdc7761f-252c-4d66-b5f3-76caef9d650c",
        "ts": "1530685183.000060"
    },
    {
        "type": "message",
        "user": "UBF0XHZD5",
        "text": "for 때문인가요in때문인가요 []때문인가요?",
        "client_msg_id": "56678e7d-49eb-43b1-890f-011af2d8f007",
        "ts": "1530685197.000175"
    },
    {
        "type": "message",
        "user": "UBF0XHZD5",
        "text": "알려주시면 감사하게씁니당 ,,,!!!",
        "client_msg_id": "c3784f65-dbec-427a-9d40-522ce3b08bf2",
        "ts": "1530685220.000052"
    },
    {
        "type": "message",
        "user": "UBF0XHZD5",
        "text": "제가 궁금한 점은' 앞에서부터 ' 이 순서가 적용된 부분입니다",
        "client_msg_id": "5545028f-663b-491e-9e5a-28599222e07d",
        "ts": "1530685250.000117"
    },
    {
        "type": "message",
        "user": "UBELL5EF5",
        "text": "참 여러분, 슬랙에서도 *마크다운* 비슷한 문법이 지원됩니다.\n\n```\nfor a in [1, 2, 3]:\n    print(a)\n```\n\n라는 코드가, `[1, 2, 3]`이라는 리스트의 앞에서부터 하나씩 꺼내어 `a`라는 변수에 대입한 후 `print(a)`를 수행하라는 의미라고 나와 있는데요, `for` 때문인가요, `in` 때문인가요, `[]` 때문인가요?",
        "client_msg_id": "11406c61-1e18-436c-8d8e-6c3af665d142",
        "ts": "1530685410.000217",
        "reactions": [
            {
                "name": "clap",
                "users": [
                    "UBF0XHZD5",
                    "UBDCWMFND"
                ],
                "count": 2
            }
        ]
    },
    {
        "type": "message",
        "user": "UBF1K97FH",
        "text": "제 생각에 리스트[ ] 때문인것 같아요. 리스트는 앞에서부터 0, 1, 2로 순서가 매겨지기 때문에, -가 붙지 않는 이상(-가 붙으면 첨부이미지처럼 뒤에서부터 번호가 매겨집니다) 자동적으로 앞에서 부터 숫자가 실행되는 거 아닐까요?",
        "client_msg_id": "53294115-92ec-42bc-892b-bb0023e8e183",
        "edited": {
            "user": "UBF1K97FH",
            "ts": "1530685587.000000"
        },
        "ts": "1530685546.000023",
        "reactions": [
            {
                "name": "+1",
                "users": [
                    "UBF0XHZD5"
                ],
                "count": 1
            }
        ]
    },
    {
        "type": "message",
        "text": "",
        "files": [
            {
                "id": "FBJEESZSQ",
                "created": 1530685557,
                "timestamp": 1530685557,
                "name": "Screen Shot 2018-07-04 at 3.22.58 PM.png",
                "title": "Screen Shot 2018-07-04 at 3.22.58 PM.png",
                "mimetype": "image\/png",
                "filetype": "png",
                "pretty_type": "PNG",
                "user": "UBF1K97FH",
                "editable": false,
                "size": 20377,
                "mode": "hosted",
                "is_external": false,
                "external_type": "",
                "is_public": true,
                "public_url_shared": false,
                "display_as_bot": false,
                "username": "",
                "url_private": "https:\/\/files.slack.com\/files-pri\/T9SHC5F9S-FBJEESZSQ\/screen_shot_2018-07-04_at_3.22.58_pm.png?t=xoxe-332590185332-430098056850-431139793783-a3ecafe0d0f66efa522a67af632228d7",
                "url_private_download": "https:\/\/files.slack.com\/files-pri\/T9SHC5F9S-FBJEESZSQ\/download\/screen_shot_2018-07-04_at_3.22.58_pm.png?t=xoxe-332590185332-430098056850-431139793783-a3ecafe0d0f66efa522a67af632228d7",
                "thumb_64": "https:\/\/files.slack.com\/files-tmb\/T9SHC5F9S-FBJEESZSQ-a4a2295e8e\/screen_shot_2018-07-04_at_3.22.58_pm_64.png?t=xoxe-332590185332-430098056850-431139793783-a3ecafe0d0f66efa522a67af632228d7",
                "thumb_80": "https:\/\/files.slack.com\/files-tmb\/T9SHC5F9S-FBJEESZSQ-a4a2295e8e\/screen_shot_2018-07-04_at_3.22.58_pm_80.png?t=xoxe-332590185332-430098056850-431139793783-a3ecafe0d0f66efa522a67af632228d7",
                "thumb_360": "https:\/\/files.slack.com\/files-tmb\/T9SHC5F9S-FBJEESZSQ-a4a2295e8e\/screen_shot_2018-07-04_at_3.22.58_pm_360.png?t=xoxe-332590185332-430098056850-431139793783-a3ecafe0d0f66efa522a67af632228d7",
                "thumb_360_w": 360,
                "thumb_360_h": 154,
                "thumb_480": "https:\/\/files.slack.com\/files-tmb\/T9SHC5F9S-FBJEESZSQ-a4a2295e8e\/screen_shot_2018-07-04_at_3.22.58_pm_480.png?t=xoxe-332590185332-430098056850-431139793783-a3ecafe0d0f66efa522a67af632228d7",
                "thumb_480_w": 480,
                "thumb_480_h": 205,
                "thumb_160": "https:\/\/files.slack.com\/files-tmb\/T9SHC5F9S-FBJEESZSQ-a4a2295e8e\/screen_shot_2018-07-04_at_3.22.58_pm_160.png?t=xoxe-332590185332-430098056850-431139793783-a3ecafe0d0f66efa522a67af632228d7",
                "image_exif_rotation": 1,
                "original_w": 544,
                "original_h": 232,
                "permalink": "https:\/\/daitgirls.slack.com\/files\/UBF1K97FH\/FBJEESZSQ\/screen_shot_2018-07-04_at_3.22.58_pm.png",
                "permalink_public": "https:\/\/slack-files.com\/T9SHC5F9S-FBJEESZSQ-6ef82eba4b"
            }
        ],
        "upload": true,
        "user": "UBF1K97FH",
        "display_as_bot": false,
        "ts": "1530685559.000021"
    },
    {
        "type": "message",
        "user": "UBF0XHZD5",
        "text": "와 감사합니다:+1:. 질문하나만 더드려도 될까요?\n```range(100)``` \n여기서도  range() 안에 들어간 수들은 ()때문에 순서대로 대입되는 건가요??",
        "client_msg_id": "08f812ad-f327-4f57-97a3-57068552df57",
        "ts": "1530685692.000013"
    },
    {
        "type": "message",
        "text": "",
        "files": [
            {
                "id": "FBJ558CU9",
                "created": 1530685855,
                "timestamp": 1530685855,
                "name": "Screen Shot 2018-07-04 at 3.30.39 PM.png",
                "title": "그건 python에 기본 함수인 range때문인 것 같아요.",
                "mimetype": "image\/png",
                "filetype": "png",
                "pretty_type": "PNG",
                "user": "UBF1K97FH",
                "editable": false,
                "size": 90505,
                "mode": "hosted",
                "is_external": false,
                "external_type": "",
                "is_public": true,
                "public_url_shared": false,
                "display_as_bot": false,
                "username": "",
                "url_private": "https:\/\/files.slack.com\/files-pri\/T9SHC5F9S-FBJ558CU9\/screen_shot_2018-07-04_at_3.30.39_pm.png?t=xoxe-332590185332-430098056850-431139793783-a3ecafe0d0f66efa522a67af632228d7",
                "url_private_download": "https:\/\/files.slack.com\/files-pri\/T9SHC5F9S-FBJ558CU9\/download\/screen_shot_2018-07-04_at_3.30.39_pm.png?t=xoxe-332590185332-430098056850-431139793783-a3ecafe0d0f66efa522a67af632228d7",
                "thumb_64": "https:\/\/files.slack.com\/files-tmb\/T9SHC5F9S-FBJ558CU9-487445331f\/screen_shot_2018-07-04_at_3.30.39_pm_64.png?t=xoxe-332590185332-430098056850-431139793783-a3ecafe0d0f66efa522a67af632228d7",
                "thumb_80": "https:\/\/files.slack.com\/files-tmb\/T9SHC5F9S-FBJ558CU9-487445331f\/screen_shot_2018-07-04_at_3.30.39_pm_80.png?t=xoxe-332590185332-430098056850-431139793783-a3ecafe0d0f66efa522a67af632228d7",
                "thumb_360": "https:\/\/files.slack.com\/files-tmb\/T9SHC5F9S-FBJ558CU9-487445331f\/screen_shot_2018-07-04_at_3.30.39_pm_360.png?t=xoxe-332590185332-430098056850-431139793783-a3ecafe0d0f66efa522a67af632228d7",
                "thumb_360_w": 360,
                "thumb_360_h": 206,
                "thumb_480": "https:\/\/files.slack.com\/files-tmb\/T9SHC5F9S-FBJ558CU9-487445331f\/screen_shot_2018-07-04_at_3.30.39_pm_480.png?t=xoxe-332590185332-430098056850-431139793783-a3ecafe0d0f66efa522a67af632228d7",
                "thumb_480_w": 480,
                "thumb_480_h": 274,
                "thumb_160": "https:\/\/files.slack.com\/files-tmb\/T9SHC5F9S-FBJ558CU9-487445331f\/screen_shot_2018-07-04_at_3.30.39_pm_160.png?t=xoxe-332590185332-430098056850-431139793783-a3ecafe0d0f66efa522a67af632228d7",
                "thumb_720": "https:\/\/files.slack.com\/files-tmb\/T9SHC5F9S-FBJ558CU9-487445331f\/screen_shot_2018-07-04_at_3.30.39_pm_720.png?t=xoxe-332590185332-430098056850-431139793783-a3ecafe0d0f66efa522a67af632228d7",
                "thumb_720_w": 720,
                "thumb_720_h": 411,
                "thumb_800": "https:\/\/files.slack.com\/files-tmb\/T9SHC5F9S-FBJ558CU9-487445331f\/screen_shot_2018-07-04_at_3.30.39_pm_800.png?t=xoxe-332590185332-430098056850-431139793783-a3ecafe0d0f66efa522a67af632228d7",
                "thumb_800_w": 800,
                "thumb_800_h": 457,
                "thumb_960": "https:\/\/files.slack.com\/files-tmb\/T9SHC5F9S-FBJ558CU9-487445331f\/screen_shot_2018-07-04_at_3.30.39_pm_960.png?t=xoxe-332590185332-430098056850-431139793783-a3ecafe0d0f66efa522a67af632228d7",
                "thumb_960_w": 960,
                "thumb_960_h": 548,
                "thumb_1024": "https:\/\/files.slack.com\/files-tmb\/T9SHC5F9S-FBJ558CU9-487445331f\/screen_shot_2018-07-04_at_3.30.39_pm_1024.png?t=xoxe-332590185332-430098056850-431139793783-a3ecafe0d0f66efa522a67af632228d7",
                "thumb_1024_w": 1024,
                "thumb_1024_h": 585,
                "image_exif_rotation": 1,
                "original_w": 1114,
                "original_h": 636,
                "permalink": "https:\/\/daitgirls.slack.com\/files\/UBF1K97FH\/FBJ558CU9\/screen_shot_2018-07-04_at_3.30.39_pm.png",
                "permalink_public": "https:\/\/slack-files.com\/T9SHC5F9S-FBJ558CU9-532412fb6b",
                "reactions": [
                    {
                        "name": "+1",
                        "users": [
                            "UBF0XHZD5",
                            "U9TKQU99V",
                            "UBELL5EF5"
                        ],
                        "count": 3
                    },
                    {
                        "name": "woman-cartwheeling",
                        "users": [
                            "UBF0XHZD5"
                        ],
                        "count": 1
                    }
                ]
            }
        ],
        "upload": true,
        "user": "UBF1K97FH",
        "display_as_bot": false,
        "reactions": [
            {
                "name": "+1",
                "users": [
                    "UBF0XHZD5",
                    "U9TKQU99V",
                    "UBELL5EF5"
                ],
                "count": 3
            },
            {
                "name": "woman-cartwheeling",
                "users": [
                    "UBF0XHZD5"
                ],
                "count": 1
            }
        ],
        "ts": "1530685858.000232"
    },
    {
        "type": "message",
        "user": "UBF0XHZD5",
        "text": "대박사건,,,,완전 신기하네요 감사합니다!!!",
        "client_msg_id": "5ceb8675-e9e0-488b-b299-d77b36d6970d",
        "ts": "1530685980.000215"
    },
    {
        "type": "message",
        "user": "UBELL5EF5",
        "text": "<@UBF1K97FH> 님이 잘 설명해주셨네요! 저도 살짝 부연을 해볼게요.\n\n```\nfor a in [1, 2, 3]:\n   print(a)\n```\n\n위 코드를 좀 더 풀어 쓰면 아래와 같이 쓸 수 있어요.\n\n```\nnums = [1, 2, 3]\nfor a in nums:\n   print(a)\n```\n\n첫 문장인 `nums = [1, 2, 3]`은 대입문(assignment statement)입니다. `nums`라는 변수를 만들고 `=` 기호 우측의 표현식(expression)을 평가(evaluate)하여 그 평가값(evaluated value)을 좌측의 변수에 대입(assign)하는 명령입니다.\n\n`=` 기호 우측의 표현식 자리에는 `[1, 2, 3]`이 있는데요, 이건 리스트 객체(list object)를 표현하는 리스트 리터럴(list literal)입니다. 이 리터럴이 평가되면 원소 세 개(1, 2, 3)를 담고 있는 리스트 객체가 만들어지고 그 결과가 nums 변수에 담깁니다.\n\n`for a in nums:`는 반복문의 일종인데요, `for 어쩌고 in 저쩌고:`라고 쓰면 `저쩌고`에 담긴 원소를 하나씩 차례로 꺼내서 `어쩌고` 변수에 대입하고 `for` 안에 속한 문장(`print(a)`)을 실행해요.\n\n`for a in nums:`의 경우, `nums`에 담긴 원소를 하나씩 차례로 꺼내서 `a` 변수에 대입하고 `print(a)`를 실행하게 됩니다. `nums`에는 원소가 세 개 있으므로 결과적으로 아래 코드와 유사하게 실행됩니다.\n\n```\nprint(1)\nprint(2)\nprint(3)\n```",
        "client_msg_id": "0106b4bf-ae57-4f02-acf9-5c3bfe06d533",
        "ts": "1530686013.000107",
        "reactions": [
            {
                "name": "blue_heart",
                "users": [
                    "UBF0XHZD5",
                    "UBDCWMFND"
                ],
                "count": 2
            }
        ]
    },
    {
        "type": "message",
        "user": "UBELL5EF5",
        "text": "그리고 `for 어쩌고 in 저쩌고` 문법에서 `저쩌고` 자리에는 `Iterable`이라는 특성을 가지는 어떠한 것도 들어올 수 있어요. 파이썬 리스트(`[1, 2, 3]`)나 `range()` 등은 모두 `Iterable`이기 때문에 둘 다 `저쩌고` 자리에 들어올 수 있습니다. 예를 들면 문자열(`str`)도  `Iterable`이기 때문에 이런 식으로 쓸 수도 있어요:\n\n```\nfor a in 'Hello':\n    print(a)\n```\n\n위 코드를 실행한 결과는 이렇습니다:\n\n```\nH\ne\nl\nl\no\n```",
        "client_msg_id": "12e9a8ee-f64d-4ef2-9dc0-fc46389d780c",
        "edited": {
            "user": "UBELL5EF5",
            "ts": "1530686732.000000"
        },
        "ts": "1530686489.000129",
        "reactions": [
            {
                "name": "+1",
                "users": [
                    "UBF0XHZD5",
                    "UBF1K97FH",
                    "UBDN8UG4C",
                    "UAMSPH7KM"
                ],
                "count": 4
            }
        ]
    },
    {
        "type": "message",
        "user": "UBF0XHZD5",
        "text": "애란선생님 자세히 설명해주셔서 감사합니다~~~!!",
        "client_msg_id": "dc0eee41-0f9e-41d4-90cb-862fc576444f",
        "ts": "1530686662.000011",
        "reactions": [
            {
                "name": "slightly_smiling_face",
                "users": [
                    "UBELL5EF5"
                ],
                "count": 1
            }
        ]
    },
    {
        "type": "message",
        "user": "UBDN8UG4C",
        "text": "저희 범죄통계 데이터 실습한 과제는 어디에 업로드하나요?_?",
        "client_msg_id": "f3f3e7a2-1c69-495e-afe6-2c32b3652357",
        "ts": "1530687147.000118"
    },
    {
        "type": "message",
        "user": "UBELL5EF5",
        "text": "과제 폴더에 올려주셔요: <https:\/\/drive.google.com\/drive\/folders\/1Kf_AwwndA-wlOigrTn_7s9fnMzMyBDED>",
        "client_msg_id": "efce81b7-56f4-4cb0-90e9-51fb601ba3e3",
        "thread_ts": "1530687230.000203",
        "reply_count": 1,
        "replies": [
            {
                "user": "UBDN8UG4C",
                "ts": "1530687507.000080"
            }
        ],
        "unread_count": 1,
        "ts": "1530687230.000203"
    },
    {
        "type": "message",
        "user": "UBDN8UG4C",
        "text": "넵:sunglasses:",
        "client_msg_id": "65682223-D891-4B4A-9015-349D9B0B3DED",
        "thread_ts": "1530687230.000203",
        "parent_user_id": "UBELL5EF5",
        "ts": "1530687507.000080"
    }
]