[
    {
        "type": "message",
        "text": "",
        "files": [
            {
                "id": "FBV1NDNBZ",
                "created": 1532074476,
                "timestamp": 1532074476,
                "name": "20180720_171319.jpg",
                "title": "Image from Android",
                "mimetype": "image\/jpeg",
                "filetype": "jpg",
                "pretty_type": "JPEG",
                "user": "UBDCWPPNV",
                "editable": false,
                "size": 1461564,
                "mode": "hosted",
                "is_external": false,
                "external_type": "",
                "is_public": true,
                "public_url_shared": false,
                "display_as_bot": false,
                "username": "",
                "url_private": "https:\/\/files.slack.com\/files-pri\/T9SHC5F9S-FBV1NDNBZ\/20180720_171319.jpg?t=xoxe-332590185332-430098056850-431139793783-a3ecafe0d0f66efa522a67af632228d7",
                "url_private_download": "https:\/\/files.slack.com\/files-pri\/T9SHC5F9S-FBV1NDNBZ\/download\/20180720_171319.jpg?t=xoxe-332590185332-430098056850-431139793783-a3ecafe0d0f66efa522a67af632228d7",
                "thumb_64": "https:\/\/files.slack.com\/files-tmb\/T9SHC5F9S-FBV1NDNBZ-6c7a78a2d8\/20180720_171319_64.jpg?t=xoxe-332590185332-430098056850-431139793783-a3ecafe0d0f66efa522a67af632228d7",
                "thumb_80": "https:\/\/files.slack.com\/files-tmb\/T9SHC5F9S-FBV1NDNBZ-6c7a78a2d8\/20180720_171319_80.jpg?t=xoxe-332590185332-430098056850-431139793783-a3ecafe0d0f66efa522a67af632228d7",
                "thumb_360": "https:\/\/files.slack.com\/files-tmb\/T9SHC5F9S-FBV1NDNBZ-6c7a78a2d8\/20180720_171319_360.jpg?t=xoxe-332590185332-430098056850-431139793783-a3ecafe0d0f66efa522a67af632228d7",
                "thumb_360_w": 360,
                "thumb_360_h": 270,
                "thumb_480": "https:\/\/files.slack.com\/files-tmb\/T9SHC5F9S-FBV1NDNBZ-6c7a78a2d8\/20180720_171319_480.jpg?t=xoxe-332590185332-430098056850-431139793783-a3ecafe0d0f66efa522a67af632228d7",
                "thumb_480_w": 480,
                "thumb_480_h": 360,
                "thumb_160": "https:\/\/files.slack.com\/files-tmb\/T9SHC5F9S-FBV1NDNBZ-6c7a78a2d8\/20180720_171319_160.jpg?t=xoxe-332590185332-430098056850-431139793783-a3ecafe0d0f66efa522a67af632228d7",
                "thumb_720": "https:\/\/files.slack.com\/files-tmb\/T9SHC5F9S-FBV1NDNBZ-6c7a78a2d8\/20180720_171319_720.jpg?t=xoxe-332590185332-430098056850-431139793783-a3ecafe0d0f66efa522a67af632228d7",
                "thumb_720_w": 720,
                "thumb_720_h": 540,
                "thumb_800": "https:\/\/files.slack.com\/files-tmb\/T9SHC5F9S-FBV1NDNBZ-6c7a78a2d8\/20180720_171319_800.jpg?t=xoxe-332590185332-430098056850-431139793783-a3ecafe0d0f66efa522a67af632228d7",
                "thumb_800_w": 800,
                "thumb_800_h": 600,
                "thumb_960": "https:\/\/files.slack.com\/files-tmb\/T9SHC5F9S-FBV1NDNBZ-6c7a78a2d8\/20180720_171319_960.jpg?t=xoxe-332590185332-430098056850-431139793783-a3ecafe0d0f66efa522a67af632228d7",
                "thumb_960_w": 960,
                "thumb_960_h": 720,
                "thumb_1024": "https:\/\/files.slack.com\/files-tmb\/T9SHC5F9S-FBV1NDNBZ-6c7a78a2d8\/20180720_171319_1024.jpg?t=xoxe-332590185332-430098056850-431139793783-a3ecafe0d0f66efa522a67af632228d7",
                "thumb_1024_w": 1024,
                "thumb_1024_h": 768,
                "image_exif_rotation": 1,
                "original_w": 4032,
                "original_h": 3024,
                "permalink": "https:\/\/daitgirls.slack.com\/files\/UBDCWPPNV\/FBV1NDNBZ\/20180720_171319.jpg",
                "permalink_public": "https:\/\/slack-files.com\/T9SHC5F9S-FBV1NDNBZ-36e8d004b5",
                "reactions": [
                    {
                        "name": "+1",
                        "users": [
                            "UBDRWBNRZ",
                            "UBELL5EF5",
                            "U9SN17L0M",
                            "UBF0XHZD5"
                        ],
                        "count": 4
                    }
                ]
            }
        ],
        "upload": true,
        "user": "UBDCWPPNV",
        "display_as_bot": false,
        "reactions": [
            {
                "name": "+1",
                "users": [
                    "UBDRWBNRZ",
                    "UBELL5EF5",
                    "U9SN17L0M",
                    "UBF0XHZD5"
                ],
                "count": 4
            }
        ],
        "client_msg_id": "73a6b040-3991-42a3-9e21-f9317bb07a1e",
        "ts": "1532074482.000102"
    },
    {
        "type": "message",
        "user": "UBD8GMVNC",
        "text": "폼폼님 감사합니다 :slightly_smiling_face:",
        "client_msg_id": "d12e488b-538b-4e11-aaa3-0071d7552cc7",
        "ts": "1532074487.000411"
    },
    {
        "type": "message",
        "text": "통계방법론 전공수업 자료인데, 참고하실 분 참고하세요~! (대신 영어입니다..)",
        "files": [
            {
                "id": "FBTNVCRJ8",
                "created": 1532074509,
                "timestamp": 1532074509,
                "name": "StatisticalMethod(1).pdf",
                "title": "StatisticalMethod(1).pdf",
                "mimetype": "application\/pdf",
                "filetype": "pdf",
                "pretty_type": "PDF",
                "user": "UBE3NMLCD",
                "editable": false,
                "size": 347983,
                "mode": "hosted",
                "is_external": false,
                "external_type": "",
                "is_public": true,
                "public_url_shared": false,
                "display_as_bot": false,
                "username": "",
                "url_private": "https:\/\/files.slack.com\/files-pri\/T9SHC5F9S-FBTNVCRJ8\/statisticalmethod_1_.pdf?t=xoxe-332590185332-430098056850-431139793783-a3ecafe0d0f66efa522a67af632228d7",
                "url_private_download": "https:\/\/files.slack.com\/files-pri\/T9SHC5F9S-FBTNVCRJ8\/download\/statisticalmethod_1_.pdf?t=xoxe-332590185332-430098056850-431139793783-a3ecafe0d0f66efa522a67af632228d7",
                "thumb_pdf": "https:\/\/files.slack.com\/files-tmb\/T9SHC5F9S-FBTNVCRJ8-4c810f0168\/statisticalmethod_1__thumb_pdf.png?t=xoxe-332590185332-430098056850-431139793783-a3ecafe0d0f66efa522a67af632228d7",
                "thumb_pdf_w": 909,
                "thumb_pdf_h": 1286,
                "permalink": "https:\/\/daitgirls.slack.com\/files\/UBE3NMLCD\/FBTNVCRJ8\/statisticalmethod_1_.pdf",
                "permalink_public": "https:\/\/slack-files.com\/T9SHC5F9S-FBTNVCRJ8-a43ae2992c",
                "reactions": [
                    {
                        "name": "i_love_you_hand_sign",
                        "users": [
                            "UBDUVKQAE",
                            "UBD8GLUEL",
                            "UBDRWBNRZ",
                            "UBDUUV802",
                            "UBDCWPPNV",
                            "UBELL5EF5",
                            "UAMSPH7KM",
                            "UBDN90RJQ",
                            "UBDRXTD8B",
                            "UBDRWK8SX"
                        ],
                        "count": 10
                    },
                    {
                        "name": "blue_heart",
                        "users": [
                            "U9UFEBXGF",
                            "UBDRWADQB",
                            "UBDCWMFND"
                        ],
                        "count": 3
                    }
                ]
            }
        ],
        "upload": true,
        "user": "UBE3NMLCD",
        "display_as_bot": false,
        "reactions": [
            {
                "name": "i_love_you_hand_sign",
                "users": [
                    "UBDUVKQAE",
                    "UBD8GLUEL",
                    "UBDRWBNRZ",
                    "UBDUUV802",
                    "UBDCWPPNV",
                    "UBELL5EF5",
                    "UAMSPH7KM",
                    "UBDN90RJQ",
                    "UBDRXTD8B",
                    "UBDRWK8SX"
                ],
                "count": 10
            },
            {
                "name": "blue_heart",
                "users": [
                    "U9UFEBXGF",
                    "UBDRWADQB",
                    "UBDCWMFND"
                ],
                "count": 3
            }
        ],
        "ts": "1532074510.000345"
    },
    {
        "type": "message",
        "subtype": "file_comment",
        "text": "<@UBDUVKQAE> commented on <@UBE3NMLCD>’s file <https:\/\/daitgirls.slack.com\/files\/UBE3NMLCD\/FBTNVCRJ8\/statisticalmethod_1_.pdf|StatisticalMethod(1).pdf>: 역시 통계학 전공자 ㅎㅎㅎ",
        "file": {
            "id": "FBTNVCRJ8",
            "created": 1532074509,
            "timestamp": 1532074509,
            "name": "StatisticalMethod(1).pdf",
            "title": "StatisticalMethod(1).pdf",
            "mimetype": "application\/pdf",
            "filetype": "pdf",
            "pretty_type": "PDF",
            "user": "UBE3NMLCD",
            "editable": false,
            "size": 347983,
            "mode": "hosted",
            "is_external": false,
            "external_type": "",
            "is_public": true,
            "public_url_shared": false,
            "display_as_bot": false,
            "username": "",
            "url_private": "https:\/\/files.slack.com\/files-pri\/T9SHC5F9S-FBTNVCRJ8\/statisticalmethod_1_.pdf?t=xoxe-332590185332-430098056850-431139793783-a3ecafe0d0f66efa522a67af632228d7",
            "url_private_download": "https:\/\/files.slack.com\/files-pri\/T9SHC5F9S-FBTNVCRJ8\/download\/statisticalmethod_1_.pdf?t=xoxe-332590185332-430098056850-431139793783-a3ecafe0d0f66efa522a67af632228d7",
            "thumb_pdf": "https:\/\/files.slack.com\/files-tmb\/T9SHC5F9S-FBTNVCRJ8-4c810f0168\/statisticalmethod_1__thumb_pdf.png?t=xoxe-332590185332-430098056850-431139793783-a3ecafe0d0f66efa522a67af632228d7",
            "thumb_pdf_w": 909,
            "thumb_pdf_h": 1286,
            "permalink": "https:\/\/daitgirls.slack.com\/files\/UBE3NMLCD\/FBTNVCRJ8\/statisticalmethod_1_.pdf",
            "permalink_public": "https:\/\/slack-files.com\/T9SHC5F9S-FBTNVCRJ8-a43ae2992c"
        },
        "files": [
            {
                "id": "FBTNVCRJ8",
                "created": 1532074509,
                "timestamp": 1532074509,
                "name": "StatisticalMethod(1).pdf",
                "title": "StatisticalMethod(1).pdf",
                "mimetype": "application\/pdf",
                "filetype": "pdf",
                "pretty_type": "PDF",
                "user": "UBE3NMLCD",
                "editable": false,
                "size": 347983,
                "mode": "hosted",
                "is_external": false,
                "external_type": "",
                "is_public": true,
                "public_url_shared": false,
                "display_as_bot": false,
                "username": "",
                "url_private": "https:\/\/files.slack.com\/files-pri\/T9SHC5F9S-FBTNVCRJ8\/statisticalmethod_1_.pdf?t=xoxe-332590185332-430098056850-431139793783-a3ecafe0d0f66efa522a67af632228d7",
                "url_private_download": "https:\/\/files.slack.com\/files-pri\/T9SHC5F9S-FBTNVCRJ8\/download\/statisticalmethod_1_.pdf?t=xoxe-332590185332-430098056850-431139793783-a3ecafe0d0f66efa522a67af632228d7",
                "thumb_pdf": "https:\/\/files.slack.com\/files-tmb\/T9SHC5F9S-FBTNVCRJ8-4c810f0168\/statisticalmethod_1__thumb_pdf.png?t=xoxe-332590185332-430098056850-431139793783-a3ecafe0d0f66efa522a67af632228d7",
                "thumb_pdf_w": 909,
                "thumb_pdf_h": 1286,
                "permalink": "https:\/\/daitgirls.slack.com\/files\/UBE3NMLCD\/FBTNVCRJ8\/statisticalmethod_1_.pdf",
                "permalink_public": "https:\/\/slack-files.com\/T9SHC5F9S-FBTNVCRJ8-a43ae2992c"
            }
        ],
        "comment": {
            "id": "FcBTS2G1MH",
            "created": 1532074528,
            "timestamp": 1532074528,
            "user": "UBDUVKQAE",
            "is_intro": false,
            "comment": "역시 통계학 전공자 ㅎㅎㅎ"
        },
        "is_intro": false,
        "ts": "1532074528.000055"
    },
    {
        "type": "message",
        "user": "UBD8GMVNC",
        "text": "<#C9SFFV9QT|general> \n1. Learn, Share and Growth Together 숙제 시트 업로드 됐습니다! :: 통계 과제 관련\n2. [과제 알림봇] 다음주 월요일 과제 : Plotnine, Wordcloud 설치 + 워드클라우드 이미지 슬랙 <#CBSM2S1FT|실습> 채널에 올리기",
        "client_msg_id": "2ce172e8-d47b-4884-bd20-73fb3f4a9f54",
        "ts": "1532076560.000048",
        "reactions": [
            {
                "name": "blue_heart",
                "users": [
                    "U9SN17L0M",
                    "UBF1K97FH",
                    "UBDN9579S",
                    "U9UFEBXGF",
                    "UBELL5EF5",
                    "UBDRWK8SX"
                ],
                "count": 6
            }
        ]
    },
    {
        "type": "message",
        "user": "UBD8GMVNC",
        "text": "장고걸스 참여하시는 분들 오늘 저녁은 퀴즈노스 샌드위치 나온다고 합니다ㅎㅎ",
        "client_msg_id": "32d3df27-c98f-4aeb-87ad-d9b7a994e8d0",
        "thread_ts": "1532078190.000134",
        "reply_count": 4,
        "replies": [
            {
                "user": "U9SN17L0M",
                "ts": "1532078304.000099"
            },
            {
                "user": "U9UFEBXGF",
                "ts": "1532078368.000253"
            },
            {
                "user": "UBD8GMVNC",
                "ts": "1532081597.000133"
            },
            {
                "user": "U9SN17L0M",
                "ts": "1532083286.000111"
            }
        ],
        "unread_count": 4,
        "ts": "1532078190.000134",
        "reactions": [
            {
                "name": "burrito",
                "users": [
                    "U9SN17L0M",
                    "U9UFEBXGF",
                    "UBDN9579S",
                    "UBDUUV802",
                    "UBELL5EF5"
                ],
                "count": 5
            }
        ]
    },
    {
        "type": "message",
        "user": "U9SN17L0M",
        "text": "전 내일 참여해요! 오늘 설치 성공을 기원해요 :pray::skin-tone-2:",
        "client_msg_id": "343248C0-0EA5-4A1E-A99D-32E085A700E0",
        "thread_ts": "1532078190.000134",
        "parent_user_id": "UBD8GMVNC",
        "ts": "1532078304.000099"
    },
    {
        "type": "message",
        "user": "U9UFEBXGF",
        "text": "다행이에요ㅎㅎㅎ 저녁 뭐먹을지 고민했는데",
        "client_msg_id": "EF703CA1-21A9-482D-9ECA-4364FE01C577",
        "thread_ts": "1532078190.000134",
        "parent_user_id": "UBD8GMVNC",
        "ts": "1532078368.000253"
    },
    {
        "type": "message",
        "user": "UBD8GMVNC",
        "text": "<@U9SN17L0M>선생님, 설치 지옥 벌써 무섭습니다ㅜㅜ",
        "client_msg_id": "0d35a3e7-0ad1-47e4-b398-8e7a97e4df80",
        "thread_ts": "1532078190.000134",
        "parent_user_id": "UBD8GMVNC",
        "ts": "1532081597.000133"
    },
    {
        "type": "message",
        "user": "U9SN17L0M",
        "text": "<@UBD8GMVNC> 파이썬 3.6버전으로 하셔야 해요. 3.7은 지옥이에요 ㅎㅎ",
        "client_msg_id": "B868F1CB-CE6C-4FF9-AE44-6B6F6690CB0B",
        "thread_ts": "1532078190.000134",
        "parent_user_id": "UBD8GMVNC",
        "ts": "1532083286.000111"
    },
    {
        "type": "message",
        "user": "UBF0XHZD5",
        "text": "CM님 늦게봤어요ㅠㅠ 저도왔어요~~",
        "client_msg_id": "adaa5174-a25a-472d-b781-9fb99c7b3f74",
        "thread_ts": "1532048674.000021",
        "parent_user_id": "UBBH69509",
        "ts": "1532087268.000008"
    },
    {
        "type": "message",
        "text": "내일 외출하시는 분들 모두 힘쇼.....:fire::fire::fire:",
        "files": [
            {
                "id": "FBTJBLN6M",
                "created": 1532093763,
                "timestamp": 1532093763,
                "name": "Image from iOS.jpg",
                "title": "Image from iOS",
                "mimetype": "image\/jpeg",
                "filetype": "jpg",
                "pretty_type": "JPEG",
                "user": "UBF0XKTP1",
                "editable": false,
                "size": 819060,
                "mode": "hosted",
                "is_external": false,
                "external_type": "",
                "is_public": true,
                "public_url_shared": false,
                "display_as_bot": false,
                "username": "",
                "url_private": "https:\/\/files.slack.com\/files-pri\/T9SHC5F9S-FBTJBLN6M\/image_from_ios.jpg?t=xoxe-332590185332-430098056850-431139793783-a3ecafe0d0f66efa522a67af632228d7",
                "url_private_download": "https:\/\/files.slack.com\/files-pri\/T9SHC5F9S-FBTJBLN6M\/download\/image_from_ios.jpg?t=xoxe-332590185332-430098056850-431139793783-a3ecafe0d0f66efa522a67af632228d7",
                "thumb_64": "https:\/\/files.slack.com\/files-tmb\/T9SHC5F9S-FBTJBLN6M-9cc12a247c\/image_from_ios_64.jpg?t=xoxe-332590185332-430098056850-431139793783-a3ecafe0d0f66efa522a67af632228d7",
                "thumb_80": "https:\/\/files.slack.com\/files-tmb\/T9SHC5F9S-FBTJBLN6M-9cc12a247c\/image_from_ios_80.jpg?t=xoxe-332590185332-430098056850-431139793783-a3ecafe0d0f66efa522a67af632228d7",
                "thumb_360": "https:\/\/files.slack.com\/files-tmb\/T9SHC5F9S-FBTJBLN6M-9cc12a247c\/image_from_ios_360.jpg?t=xoxe-332590185332-430098056850-431139793783-a3ecafe0d0f66efa522a67af632228d7",
                "thumb_360_w": 251,
                "thumb_360_h": 360,
                "thumb_480": "https:\/\/files.slack.com\/files-tmb\/T9SHC5F9S-FBTJBLN6M-9cc12a247c\/image_from_ios_480.jpg?t=xoxe-332590185332-430098056850-431139793783-a3ecafe0d0f66efa522a67af632228d7",
                "thumb_480_w": 334,
                "thumb_480_h": 480,
                "thumb_160": "https:\/\/files.slack.com\/files-tmb\/T9SHC5F9S-FBTJBLN6M-9cc12a247c\/image_from_ios_160.jpg?t=xoxe-332590185332-430098056850-431139793783-a3ecafe0d0f66efa522a67af632228d7",
                "thumb_720": "https:\/\/files.slack.com\/files-tmb\/T9SHC5F9S-FBTJBLN6M-9cc12a247c\/image_from_ios_720.jpg?t=xoxe-332590185332-430098056850-431139793783-a3ecafe0d0f66efa522a67af632228d7",
                "thumb_720_w": 502,
                "thumb_720_h": 720,
                "thumb_800": "https:\/\/files.slack.com\/files-tmb\/T9SHC5F9S-FBTJBLN6M-9cc12a247c\/image_from_ios_800.jpg?t=xoxe-332590185332-430098056850-431139793783-a3ecafe0d0f66efa522a67af632228d7",
                "thumb_800_w": 800,
                "thumb_800_h": 1148,
                "thumb_960": "https:\/\/files.slack.com\/files-tmb\/T9SHC5F9S-FBTJBLN6M-9cc12a247c\/image_from_ios_960.jpg?t=xoxe-332590185332-430098056850-431139793783-a3ecafe0d0f66efa522a67af632228d7",
                "thumb_960_w": 669,
                "thumb_960_h": 960,
                "thumb_1024": "https:\/\/files.slack.com\/files-tmb\/T9SHC5F9S-FBTJBLN6M-9cc12a247c\/image_from_ios_1024.jpg?t=xoxe-332590185332-430098056850-431139793783-a3ecafe0d0f66efa522a67af632228d7",
                "thumb_1024_w": 713,
                "thumb_1024_h": 1024,
                "image_exif_rotation": 1,
                "original_w": 999,
                "original_h": 1434,
                "permalink": "https:\/\/daitgirls.slack.com\/files\/UBF0XKTP1\/FBTJBLN6M\/image_from_ios.jpg",
                "permalink_public": "https:\/\/slack-files.com\/T9SHC5F9S-FBTJBLN6M-c2de93d42a",
                "reactions": [
                    {
                        "name": "scream",
                        "users": [
                            "UBE3NCBKP",
                            "UBELL5EF5",
                            "UBDRWBNRZ",
                            "UBDN8T42G",
                            "UBDN90RJQ",
                            "U9TKQU99V",
                            "UBDRWK8SX",
                            "UBDN9579S",
                            "UBDCWMFND"
                        ],
                        "count": 9
                    },
                    {
                        "name": "cold_sweat",
                        "users": [
                            "UBDN8UG4C",
                            "UBDN8T42G",
                            "UBDRXTD8B",
                            "UBDN9579S"
                        ],
                        "count": 4
                    }
                ]
            }
        ],
        "upload": true,
        "user": "UBF0XKTP1",
        "display_as_bot": false,
        "reactions": [
            {
                "name": "scream",
                "users": [
                    "UBE3NCBKP",
                    "UBELL5EF5",
                    "UBDRWBNRZ",
                    "UBDN8T42G",
                    "UBDN90RJQ",
                    "U9TKQU99V",
                    "UBDRWK8SX",
                    "UBDN9579S",
                    "UBDCWMFND"
                ],
                "count": 9
            },
            {
                "name": "cold_sweat",
                "users": [
                    "UBDN8UG4C",
                    "UBDN8T42G",
                    "UBDRXTD8B",
                    "UBDN9579S"
                ],
                "count": 4
            }
        ],
        "upload_reply_to": "416B59C8-D445-465F-BBE8-3AB978EC47E5",
        "ts": "1532093763.000075"
    },
    {
        "type": "message",
        "subtype": "file_comment",
        "text": "<@UBDN8T42G> commented on <@UBF0XKTP1>’s file <https:\/\/daitgirls.slack.com\/files\/UBF0XKTP1\/FBTJBLN6M\/image_from_ios.jpg|Image from iOS>: 휴우,,,",
        "file": {
            "id": "FBTJBLN6M",
            "created": 1532093763,
            "timestamp": 1532093763,
            "name": "Image from iOS.jpg",
            "title": "Image from iOS",
            "mimetype": "image\/jpeg",
            "filetype": "jpg",
            "pretty_type": "JPEG",
            "user": "UBF0XKTP1",
            "editable": false,
            "size": 819060,
            "mode": "hosted",
            "is_external": false,
            "external_type": "",
            "is_public": true,
            "public_url_shared": false,
            "display_as_bot": false,
            "username": "",
            "url_private": "https:\/\/files.slack.com\/files-pri\/T9SHC5F9S-FBTJBLN6M\/image_from_ios.jpg?t=xoxe-332590185332-430098056850-431139793783-a3ecafe0d0f66efa522a67af632228d7",
            "url_private_download": "https:\/\/files.slack.com\/files-pri\/T9SHC5F9S-FBTJBLN6M\/download\/image_from_ios.jpg?t=xoxe-332590185332-430098056850-431139793783-a3ecafe0d0f66efa522a67af632228d7",
            "thumb_64": "https:\/\/files.slack.com\/files-tmb\/T9SHC5F9S-FBTJBLN6M-9cc12a247c\/image_from_ios_64.jpg?t=xoxe-332590185332-430098056850-431139793783-a3ecafe0d0f66efa522a67af632228d7",
            "thumb_80": "https:\/\/files.slack.com\/files-tmb\/T9SHC5F9S-FBTJBLN6M-9cc12a247c\/image_from_ios_80.jpg?t=xoxe-332590185332-430098056850-431139793783-a3ecafe0d0f66efa522a67af632228d7",
            "thumb_360": "https:\/\/files.slack.com\/files-tmb\/T9SHC5F9S-FBTJBLN6M-9cc12a247c\/image_from_ios_360.jpg?t=xoxe-332590185332-430098056850-431139793783-a3ecafe0d0f66efa522a67af632228d7",
            "thumb_360_w": 251,
            "thumb_360_h": 360,
            "thumb_480": "https:\/\/files.slack.com\/files-tmb\/T9SHC5F9S-FBTJBLN6M-9cc12a247c\/image_from_ios_480.jpg?t=xoxe-332590185332-430098056850-431139793783-a3ecafe0d0f66efa522a67af632228d7",
            "thumb_480_w": 334,
            "thumb_480_h": 480,
            "thumb_160": "https:\/\/files.slack.com\/files-tmb\/T9SHC5F9S-FBTJBLN6M-9cc12a247c\/image_from_ios_160.jpg?t=xoxe-332590185332-430098056850-431139793783-a3ecafe0d0f66efa522a67af632228d7",
            "thumb_720": "https:\/\/files.slack.com\/files-tmb\/T9SHC5F9S-FBTJBLN6M-9cc12a247c\/image_from_ios_720.jpg?t=xoxe-332590185332-430098056850-431139793783-a3ecafe0d0f66efa522a67af632228d7",
            "thumb_720_w": 502,
            "thumb_720_h": 720,
            "thumb_800": "https:\/\/files.slack.com\/files-tmb\/T9SHC5F9S-FBTJBLN6M-9cc12a247c\/image_from_ios_800.jpg?t=xoxe-332590185332-430098056850-431139793783-a3ecafe0d0f66efa522a67af632228d7",
            "thumb_800_w": 800,
            "thumb_800_h": 1148,
            "thumb_960": "https:\/\/files.slack.com\/files-tmb\/T9SHC5F9S-FBTJBLN6M-9cc12a247c\/image_from_ios_960.jpg?t=xoxe-332590185332-430098056850-431139793783-a3ecafe0d0f66efa522a67af632228d7",
            "thumb_960_w": 669,
            "thumb_960_h": 960,
            "thumb_1024": "https:\/\/files.slack.com\/files-tmb\/T9SHC5F9S-FBTJBLN6M-9cc12a247c\/image_from_ios_1024.jpg?t=xoxe-332590185332-430098056850-431139793783-a3ecafe0d0f66efa522a67af632228d7",
            "thumb_1024_w": 713,
            "thumb_1024_h": 1024,
            "image_exif_rotation": 1,
            "original_w": 999,
            "original_h": 1434,
            "permalink": "https:\/\/daitgirls.slack.com\/files\/UBF0XKTP1\/FBTJBLN6M\/image_from_ios.jpg",
            "permalink_public": "https:\/\/slack-files.com\/T9SHC5F9S-FBTJBLN6M-c2de93d42a"
        },
        "files": [
            {
                "id": "FBTJBLN6M",
                "created": 1532093763,
                "timestamp": 1532093763,
                "name": "Image from iOS.jpg",
                "title": "Image from iOS",
                "mimetype": "image\/jpeg",
                "filetype": "jpg",
                "pretty_type": "JPEG",
                "user": "UBF0XKTP1",
                "editable": false,
                "size": 819060,
                "mode": "hosted",
                "is_external": false,
                "external_type": "",
                "is_public": true,
                "public_url_shared": false,
                "display_as_bot": false,
                "username": "",
                "url_private": "https:\/\/files.slack.com\/files-pri\/T9SHC5F9S-FBTJBLN6M\/image_from_ios.jpg?t=xoxe-332590185332-430098056850-431139793783-a3ecafe0d0f66efa522a67af632228d7",
                "url_private_download": "https:\/\/files.slack.com\/files-pri\/T9SHC5F9S-FBTJBLN6M\/download\/image_from_ios.jpg?t=xoxe-332590185332-430098056850-431139793783-a3ecafe0d0f66efa522a67af632228d7",
                "thumb_64": "https:\/\/files.slack.com\/files-tmb\/T9SHC5F9S-FBTJBLN6M-9cc12a247c\/image_from_ios_64.jpg?t=xoxe-332590185332-430098056850-431139793783-a3ecafe0d0f66efa522a67af632228d7",
                "thumb_80": "https:\/\/files.slack.com\/files-tmb\/T9SHC5F9S-FBTJBLN6M-9cc12a247c\/image_from_ios_80.jpg?t=xoxe-332590185332-430098056850-431139793783-a3ecafe0d0f66efa522a67af632228d7",
                "thumb_360": "https:\/\/files.slack.com\/files-tmb\/T9SHC5F9S-FBTJBLN6M-9cc12a247c\/image_from_ios_360.jpg?t=xoxe-332590185332-430098056850-431139793783-a3ecafe0d0f66efa522a67af632228d7",
                "thumb_360_w": 251,
                "thumb_360_h": 360,
                "thumb_480": "https:\/\/files.slack.com\/files-tmb\/T9SHC5F9S-FBTJBLN6M-9cc12a247c\/image_from_ios_480.jpg?t=xoxe-332590185332-430098056850-431139793783-a3ecafe0d0f66efa522a67af632228d7",
                "thumb_480_w": 334,
                "thumb_480_h": 480,
                "thumb_160": "https:\/\/files.slack.com\/files-tmb\/T9SHC5F9S-FBTJBLN6M-9cc12a247c\/image_from_ios_160.jpg?t=xoxe-332590185332-430098056850-431139793783-a3ecafe0d0f66efa522a67af632228d7",
                "thumb_720": "https:\/\/files.slack.com\/files-tmb\/T9SHC5F9S-FBTJBLN6M-9cc12a247c\/image_from_ios_720.jpg?t=xoxe-332590185332-430098056850-431139793783-a3ecafe0d0f66efa522a67af632228d7",
                "thumb_720_w": 502,
                "thumb_720_h": 720,
                "thumb_800": "https:\/\/files.slack.com\/files-tmb\/T9SHC5F9S-FBTJBLN6M-9cc12a247c\/image_from_ios_800.jpg?t=xoxe-332590185332-430098056850-431139793783-a3ecafe0d0f66efa522a67af632228d7",
                "thumb_800_w": 800,
                "thumb_800_h": 1148,
                "thumb_960": "https:\/\/files.slack.com\/files-tmb\/T9SHC5F9S-FBTJBLN6M-9cc12a247c\/image_from_ios_960.jpg?t=xoxe-332590185332-430098056850-431139793783-a3ecafe0d0f66efa522a67af632228d7",
                "thumb_960_w": 669,
                "thumb_960_h": 960,
                "thumb_1024": "https:\/\/files.slack.com\/files-tmb\/T9SHC5F9S-FBTJBLN6M-9cc12a247c\/image_from_ios_1024.jpg?t=xoxe-332590185332-430098056850-431139793783-a3ecafe0d0f66efa522a67af632228d7",
                "thumb_1024_w": 713,
                "thumb_1024_h": 1024,
                "image_exif_rotation": 1,
                "original_w": 999,
                "original_h": 1434,
                "permalink": "https:\/\/daitgirls.slack.com\/files\/UBF0XKTP1\/FBTJBLN6M\/image_from_ios.jpg",
                "permalink_public": "https:\/\/slack-files.com\/T9SHC5F9S-FBTJBLN6M-c2de93d42a"
            }
        ],
        "comment": {
            "id": "FcBTUPKZ8C",
            "created": 1532096967,
            "timestamp": 1532096967,
            "user": "UBDN8T42G",
            "is_intro": false,
            "comment": "휴우,,,"
        },
        "is_intro": false,
        "ts": "1532096967.000394"
    },
    {
        "type": "message",
        "subtype": "file_comment",
        "text": "<@UBD8GMVNC> commented on <@UBF0XKTP1>’s file <https:\/\/daitgirls.slack.com\/files\/UBF0XKTP1\/FBTJBLN6M\/image_from_ios.jpg|Image from iOS>: 휴우... 22 내일 장고걸스 오시는 분들 쪄죽지 마세요ㅜㅜ",
        "file": {
            "id": "FBTJBLN6M",
            "created": 1532093763,
            "timestamp": 1532093763,
            "name": "Image from iOS.jpg",
            "title": "Image from iOS",
            "mimetype": "image\/jpeg",
            "filetype": "jpg",
            "pretty_type": "JPEG",
            "user": "UBF0XKTP1",
            "editable": false,
            "size": 819060,
            "mode": "hosted",
            "is_external": false,
            "external_type": "",
            "is_public": true,
            "public_url_shared": false,
            "display_as_bot": false,
            "username": "",
            "url_private": "https:\/\/files.slack.com\/files-pri\/T9SHC5F9S-FBTJBLN6M\/image_from_ios.jpg?t=xoxe-332590185332-430098056850-431139793783-a3ecafe0d0f66efa522a67af632228d7",
            "url_private_download": "https:\/\/files.slack.com\/files-pri\/T9SHC5F9S-FBTJBLN6M\/download\/image_from_ios.jpg?t=xoxe-332590185332-430098056850-431139793783-a3ecafe0d0f66efa522a67af632228d7",
            "thumb_64": "https:\/\/files.slack.com\/files-tmb\/T9SHC5F9S-FBTJBLN6M-9cc12a247c\/image_from_ios_64.jpg?t=xoxe-332590185332-430098056850-431139793783-a3ecafe0d0f66efa522a67af632228d7",
            "thumb_80": "https:\/\/files.slack.com\/files-tmb\/T9SHC5F9S-FBTJBLN6M-9cc12a247c\/image_from_ios_80.jpg?t=xoxe-332590185332-430098056850-431139793783-a3ecafe0d0f66efa522a67af632228d7",
            "thumb_360": "https:\/\/files.slack.com\/files-tmb\/T9SHC5F9S-FBTJBLN6M-9cc12a247c\/image_from_ios_360.jpg?t=xoxe-332590185332-430098056850-431139793783-a3ecafe0d0f66efa522a67af632228d7",
            "thumb_360_w": 251,
            "thumb_360_h": 360,
            "thumb_480": "https:\/\/files.slack.com\/files-tmb\/T9SHC5F9S-FBTJBLN6M-9cc12a247c\/image_from_ios_480.jpg?t=xoxe-332590185332-430098056850-431139793783-a3ecafe0d0f66efa522a67af632228d7",
            "thumb_480_w": 334,
            "thumb_480_h": 480,
            "thumb_160": "https:\/\/files.slack.com\/files-tmb\/T9SHC5F9S-FBTJBLN6M-9cc12a247c\/image_from_ios_160.jpg?t=xoxe-332590185332-430098056850-431139793783-a3ecafe0d0f66efa522a67af632228d7",
            "thumb_720": "https:\/\/files.slack.com\/files-tmb\/T9SHC5F9S-FBTJBLN6M-9cc12a247c\/image_from_ios_720.jpg?t=xoxe-332590185332-430098056850-431139793783-a3ecafe0d0f66efa522a67af632228d7",
            "thumb_720_w": 502,
            "thumb_720_h": 720,
            "thumb_800": "https:\/\/files.slack.com\/files-tmb\/T9SHC5F9S-FBTJBLN6M-9cc12a247c\/image_from_ios_800.jpg?t=xoxe-332590185332-430098056850-431139793783-a3ecafe0d0f66efa522a67af632228d7",
            "thumb_800_w": 800,
            "thumb_800_h": 1148,
            "thumb_960": "https:\/\/files.slack.com\/files-tmb\/T9SHC5F9S-FBTJBLN6M-9cc12a247c\/image_from_ios_960.jpg?t=xoxe-332590185332-430098056850-431139793783-a3ecafe0d0f66efa522a67af632228d7",
            "thumb_960_w": 669,
            "thumb_960_h": 960,
            "thumb_1024": "https:\/\/files.slack.com\/files-tmb\/T9SHC5F9S-FBTJBLN6M-9cc12a247c\/image_from_ios_1024.jpg?t=xoxe-332590185332-430098056850-431139793783-a3ecafe0d0f66efa522a67af632228d7",
            "thumb_1024_w": 713,
            "thumb_1024_h": 1024,
            "image_exif_rotation": 1,
            "original_w": 999,
            "original_h": 1434,
            "permalink": "https:\/\/daitgirls.slack.com\/files\/UBF0XKTP1\/FBTJBLN6M\/image_from_ios.jpg",
            "permalink_public": "https:\/\/slack-files.com\/T9SHC5F9S-FBTJBLN6M-c2de93d42a"
        },
        "files": [
            {
                "id": "FBTJBLN6M",
                "created": 1532093763,
                "timestamp": 1532093763,
                "name": "Image from iOS.jpg",
                "title": "Image from iOS",
                "mimetype": "image\/jpeg",
                "filetype": "jpg",
                "pretty_type": "JPEG",
                "user": "UBF0XKTP1",
                "editable": false,
                "size": 819060,
                "mode": "hosted",
                "is_external": false,
                "external_type": "",
                "is_public": true,
                "public_url_shared": false,
                "display_as_bot": false,
                "username": "",
                "url_private": "https:\/\/files.slack.com\/files-pri\/T9SHC5F9S-FBTJBLN6M\/image_from_ios.jpg?t=xoxe-332590185332-430098056850-431139793783-a3ecafe0d0f66efa522a67af632228d7",
                "url_private_download": "https:\/\/files.slack.com\/files-pri\/T9SHC5F9S-FBTJBLN6M\/download\/image_from_ios.jpg?t=xoxe-332590185332-430098056850-431139793783-a3ecafe0d0f66efa522a67af632228d7",
                "thumb_64": "https:\/\/files.slack.com\/files-tmb\/T9SHC5F9S-FBTJBLN6M-9cc12a247c\/image_from_ios_64.jpg?t=xoxe-332590185332-430098056850-431139793783-a3ecafe0d0f66efa522a67af632228d7",
                "thumb_80": "https:\/\/files.slack.com\/files-tmb\/T9SHC5F9S-FBTJBLN6M-9cc12a247c\/image_from_ios_80.jpg?t=xoxe-332590185332-430098056850-431139793783-a3ecafe0d0f66efa522a67af632228d7",
                "thumb_360": "https:\/\/files.slack.com\/files-tmb\/T9SHC5F9S-FBTJBLN6M-9cc12a247c\/image_from_ios_360.jpg?t=xoxe-332590185332-430098056850-431139793783-a3ecafe0d0f66efa522a67af632228d7",
                "thumb_360_w": 251,
                "thumb_360_h": 360,
                "thumb_480": "https:\/\/files.slack.com\/files-tmb\/T9SHC5F9S-FBTJBLN6M-9cc12a247c\/image_from_ios_480.jpg?t=xoxe-332590185332-430098056850-431139793783-a3ecafe0d0f66efa522a67af632228d7",
                "thumb_480_w": 334,
                "thumb_480_h": 480,
                "thumb_160": "https:\/\/files.slack.com\/files-tmb\/T9SHC5F9S-FBTJBLN6M-9cc12a247c\/image_from_ios_160.jpg?t=xoxe-332590185332-430098056850-431139793783-a3ecafe0d0f66efa522a67af632228d7",
                "thumb_720": "https:\/\/files.slack.com\/files-tmb\/T9SHC5F9S-FBTJBLN6M-9cc12a247c\/image_from_ios_720.jpg?t=xoxe-332590185332-430098056850-431139793783-a3ecafe0d0f66efa522a67af632228d7",
                "thumb_720_w": 502,
                "thumb_720_h": 720,
                "thumb_800": "https:\/\/files.slack.com\/files-tmb\/T9SHC5F9S-FBTJBLN6M-9cc12a247c\/image_from_ios_800.jpg?t=xoxe-332590185332-430098056850-431139793783-a3ecafe0d0f66efa522a67af632228d7",
                "thumb_800_w": 800,
                "thumb_800_h": 1148,
                "thumb_960": "https:\/\/files.slack.com\/files-tmb\/T9SHC5F9S-FBTJBLN6M-9cc12a247c\/image_from_ios_960.jpg?t=xoxe-332590185332-430098056850-431139793783-a3ecafe0d0f66efa522a67af632228d7",
                "thumb_960_w": 669,
                "thumb_960_h": 960,
                "thumb_1024": "https:\/\/files.slack.com\/files-tmb\/T9SHC5F9S-FBTJBLN6M-9cc12a247c\/image_from_ios_1024.jpg?t=xoxe-332590185332-430098056850-431139793783-a3ecafe0d0f66efa522a67af632228d7",
                "thumb_1024_w": 713,
                "thumb_1024_h": 1024,
                "image_exif_rotation": 1,
                "original_w": 999,
                "original_h": 1434,
                "permalink": "https:\/\/daitgirls.slack.com\/files\/UBF0XKTP1\/FBTJBLN6M\/image_from_ios.jpg",
                "permalink_public": "https:\/\/slack-files.com\/T9SHC5F9S-FBTJBLN6M-c2de93d42a"
            }
        ],
        "comment": {
            "id": "FcBU6Q68KU",
            "created": 1532097632,
            "timestamp": 1532097632,
            "user": "UBD8GMVNC",
            "is_intro": false,
            "comment": "휴우... 22 내일 장고걸스 오시는 분들 쪄죽지 마세요ㅜㅜ"
        },
        "is_intro": false,
        "ts": "1532097632.000059"
    },
    {
        "type": "message",
        "text": "",
        "files": [
            {
                "id": "FBVG446MC",
                "created": 1532097644,
                "timestamp": 1532097644,
                "name": "FB_IMG_1532097319060.jpg",
                "title": "FB_IMG_1532097319060.jpg",
                "mimetype": "image\/jpeg",
                "filetype": "jpg",
                "pretty_type": "JPEG",
                "user": "UBD8GMVNC",
                "editable": false,
                "size": 310741,
                "mode": "hosted",
                "is_external": false,
                "external_type": "",
                "is_public": true,
                "public_url_shared": false,
                "display_as_bot": false,
                "username": "",
                "url_private": "https:\/\/files.slack.com\/files-pri\/T9SHC5F9S-FBVG446MC\/fb_img_1532097319060.jpg?t=xoxe-332590185332-430098056850-431139793783-a3ecafe0d0f66efa522a67af632228d7",
                "url_private_download": "https:\/\/files.slack.com\/files-pri\/T9SHC5F9S-FBVG446MC\/download\/fb_img_1532097319060.jpg?t=xoxe-332590185332-430098056850-431139793783-a3ecafe0d0f66efa522a67af632228d7",
                "thumb_64": "https:\/\/files.slack.com\/files-tmb\/T9SHC5F9S-FBVG446MC-0954eadfd2\/fb_img_1532097319060_64.jpg?t=xoxe-332590185332-430098056850-431139793783-a3ecafe0d0f66efa522a67af632228d7",
                "thumb_80": "https:\/\/files.slack.com\/files-tmb\/T9SHC5F9S-FBVG446MC-0954eadfd2\/fb_img_1532097319060_80.jpg?t=xoxe-332590185332-430098056850-431139793783-a3ecafe0d0f66efa522a67af632228d7",
                "thumb_360": "https:\/\/files.slack.com\/files-tmb\/T9SHC5F9S-FBVG446MC-0954eadfd2\/fb_img_1532097319060_360.jpg?t=xoxe-332590185332-430098056850-431139793783-a3ecafe0d0f66efa522a67af632228d7",
                "thumb_360_w": 287,
                "thumb_360_h": 360,
                "thumb_480": "https:\/\/files.slack.com\/files-tmb\/T9SHC5F9S-FBVG446MC-0954eadfd2\/fb_img_1532097319060_480.jpg?t=xoxe-332590185332-430098056850-431139793783-a3ecafe0d0f66efa522a67af632228d7",
                "thumb_480_w": 382,
                "thumb_480_h": 480,
                "thumb_160": "https:\/\/files.slack.com\/files-tmb\/T9SHC5F9S-FBVG446MC-0954eadfd2\/fb_img_1532097319060_160.jpg?t=xoxe-332590185332-430098056850-431139793783-a3ecafe0d0f66efa522a67af632228d7",
                "thumb_720": "https:\/\/files.slack.com\/files-tmb\/T9SHC5F9S-FBVG446MC-0954eadfd2\/fb_img_1532097319060_720.jpg?t=xoxe-332590185332-430098056850-431139793783-a3ecafe0d0f66efa522a67af632228d7",
                "thumb_720_w": 573,
                "thumb_720_h": 720,
                "thumb_800": "https:\/\/files.slack.com\/files-tmb\/T9SHC5F9S-FBVG446MC-0954eadfd2\/fb_img_1532097319060_800.jpg?t=xoxe-332590185332-430098056850-431139793783-a3ecafe0d0f66efa522a67af632228d7",
                "thumb_800_w": 800,
                "thumb_800_h": 1005,
                "thumb_960": "https:\/\/files.slack.com\/files-tmb\/T9SHC5F9S-FBVG446MC-0954eadfd2\/fb_img_1532097319060_960.jpg?t=xoxe-332590185332-430098056850-431139793783-a3ecafe0d0f66efa522a67af632228d7",
                "thumb_960_w": 765,
                "thumb_960_h": 960,
                "thumb_1024": "https:\/\/files.slack.com\/files-tmb\/T9SHC5F9S-FBVG446MC-0954eadfd2\/fb_img_1532097319060_1024.jpg?t=xoxe-332590185332-430098056850-431139793783-a3ecafe0d0f66efa522a67af632228d7",
                "thumb_1024_w": 816,
                "thumb_1024_h": 1024,
                "image_exif_rotation": 1,
                "original_w": 1631,
                "original_h": 2048,
                "permalink": "https:\/\/daitgirls.slack.com\/files\/UBD8GMVNC\/FBVG446MC\/fb_img_1532097319060.jpg",
                "permalink_public": "https:\/\/slack-files.com\/T9SHC5F9S-FBVG446MC-bd1ed96283"
            }
        ],
        "upload": true,
        "user": "UBD8GMVNC",
        "display_as_bot": false,
        "client_msg_id": "9a0c375f-6e69-459f-ac3f-8eeb3edf67ae",
        "ts": "1532097649.000032"
    },
    {
        "type": "message",
        "subtype": "file_comment",
        "text": "<@UBD8GMVNC> commented on <@UBD8GMVNC>’s file <https:\/\/daitgirls.slack.com\/files\/UBD8GMVNC\/FBVG446MC\/fb_img_1532097319060.jpg|FB_IMG_1532097319060.jpg>: 페이스북 생활코딩 그룹에서 퍼왔습니다ㅎㅎ 저는 addProperty 대신 shark.append(baby)가 보여요... 핵노잼 파이썬 지옥 체험중인가봐요ㅋㅋㅋㅋㅋ ㅠㅠ",
        "file": {
            "id": "FBVG446MC",
            "created": 1532097644,
            "timestamp": 1532097644,
            "name": "FB_IMG_1532097319060.jpg",
            "title": "FB_IMG_1532097319060.jpg",
            "mimetype": "image\/jpeg",
            "filetype": "jpg",
            "pretty_type": "JPEG",
            "user": "UBD8GMVNC",
            "editable": false,
            "size": 310741,
            "mode": "hosted",
            "is_external": false,
            "external_type": "",
            "is_public": true,
            "public_url_shared": false,
            "display_as_bot": false,
            "username": "",
            "url_private": "https:\/\/files.slack.com\/files-pri\/T9SHC5F9S-FBVG446MC\/fb_img_1532097319060.jpg?t=xoxe-332590185332-430098056850-431139793783-a3ecafe0d0f66efa522a67af632228d7",
            "url_private_download": "https:\/\/files.slack.com\/files-pri\/T9SHC5F9S-FBVG446MC\/download\/fb_img_1532097319060.jpg?t=xoxe-332590185332-430098056850-431139793783-a3ecafe0d0f66efa522a67af632228d7",
            "thumb_64": "https:\/\/files.slack.com\/files-tmb\/T9SHC5F9S-FBVG446MC-0954eadfd2\/fb_img_1532097319060_64.jpg?t=xoxe-332590185332-430098056850-431139793783-a3ecafe0d0f66efa522a67af632228d7",
            "thumb_80": "https:\/\/files.slack.com\/files-tmb\/T9SHC5F9S-FBVG446MC-0954eadfd2\/fb_img_1532097319060_80.jpg?t=xoxe-332590185332-430098056850-431139793783-a3ecafe0d0f66efa522a67af632228d7",
            "thumb_360": "https:\/\/files.slack.com\/files-tmb\/T9SHC5F9S-FBVG446MC-0954eadfd2\/fb_img_1532097319060_360.jpg?t=xoxe-332590185332-430098056850-431139793783-a3ecafe0d0f66efa522a67af632228d7",
            "thumb_360_w": 287,
            "thumb_360_h": 360,
            "thumb_480": "https:\/\/files.slack.com\/files-tmb\/T9SHC5F9S-FBVG446MC-0954eadfd2\/fb_img_1532097319060_480.jpg?t=xoxe-332590185332-430098056850-431139793783-a3ecafe0d0f66efa522a67af632228d7",
            "thumb_480_w": 382,
            "thumb_480_h": 480,
            "thumb_160": "https:\/\/files.slack.com\/files-tmb\/T9SHC5F9S-FBVG446MC-0954eadfd2\/fb_img_1532097319060_160.jpg?t=xoxe-332590185332-430098056850-431139793783-a3ecafe0d0f66efa522a67af632228d7",
            "thumb_720": "https:\/\/files.slack.com\/files-tmb\/T9SHC5F9S-FBVG446MC-0954eadfd2\/fb_img_1532097319060_720.jpg?t=xoxe-332590185332-430098056850-431139793783-a3ecafe0d0f66efa522a67af632228d7",
            "thumb_720_w": 573,
            "thumb_720_h": 720,
            "thumb_800": "https:\/\/files.slack.com\/files-tmb\/T9SHC5F9S-FBVG446MC-0954eadfd2\/fb_img_1532097319060_800.jpg?t=xoxe-332590185332-430098056850-431139793783-a3ecafe0d0f66efa522a67af632228d7",
            "thumb_800_w": 800,
            "thumb_800_h": 1005,
            "thumb_960": "https:\/\/files.slack.com\/files-tmb\/T9SHC5F9S-FBVG446MC-0954eadfd2\/fb_img_1532097319060_960.jpg?t=xoxe-332590185332-430098056850-431139793783-a3ecafe0d0f66efa522a67af632228d7",
            "thumb_960_w": 765,
            "thumb_960_h": 960,
            "thumb_1024": "https:\/\/files.slack.com\/files-tmb\/T9SHC5F9S-FBVG446MC-0954eadfd2\/fb_img_1532097319060_1024.jpg?t=xoxe-332590185332-430098056850-431139793783-a3ecafe0d0f66efa522a67af632228d7",
            "thumb_1024_w": 816,
            "thumb_1024_h": 1024,
            "image_exif_rotation": 1,
            "original_w": 1631,
            "original_h": 2048,
            "permalink": "https:\/\/daitgirls.slack.com\/files\/UBD8GMVNC\/FBVG446MC\/fb_img_1532097319060.jpg",
            "permalink_public": "https:\/\/slack-files.com\/T9SHC5F9S-FBVG446MC-bd1ed96283"
        },
        "files": [
            {
                "id": "FBVG446MC",
                "created": 1532097644,
                "timestamp": 1532097644,
                "name": "FB_IMG_1532097319060.jpg",
                "title": "FB_IMG_1532097319060.jpg",
                "mimetype": "image\/jpeg",
                "filetype": "jpg",
                "pretty_type": "JPEG",
                "user": "UBD8GMVNC",
                "editable": false,
                "size": 310741,
                "mode": "hosted",
                "is_external": false,
                "external_type": "",
                "is_public": true,
                "public_url_shared": false,
                "display_as_bot": false,
                "username": "",
                "url_private": "https:\/\/files.slack.com\/files-pri\/T9SHC5F9S-FBVG446MC\/fb_img_1532097319060.jpg?t=xoxe-332590185332-430098056850-431139793783-a3ecafe0d0f66efa522a67af632228d7",
                "url_private_download": "https:\/\/files.slack.com\/files-pri\/T9SHC5F9S-FBVG446MC\/download\/fb_img_1532097319060.jpg?t=xoxe-332590185332-430098056850-431139793783-a3ecafe0d0f66efa522a67af632228d7",
                "thumb_64": "https:\/\/files.slack.com\/files-tmb\/T9SHC5F9S-FBVG446MC-0954eadfd2\/fb_img_1532097319060_64.jpg?t=xoxe-332590185332-430098056850-431139793783-a3ecafe0d0f66efa522a67af632228d7",
                "thumb_80": "https:\/\/files.slack.com\/files-tmb\/T9SHC5F9S-FBVG446MC-0954eadfd2\/fb_img_1532097319060_80.jpg?t=xoxe-332590185332-430098056850-431139793783-a3ecafe0d0f66efa522a67af632228d7",
                "thumb_360": "https:\/\/files.slack.com\/files-tmb\/T9SHC5F9S-FBVG446MC-0954eadfd2\/fb_img_1532097319060_360.jpg?t=xoxe-332590185332-430098056850-431139793783-a3ecafe0d0f66efa522a67af632228d7",
                "thumb_360_w": 287,
                "thumb_360_h": 360,
                "thumb_480": "https:\/\/files.slack.com\/files-tmb\/T9SHC5F9S-FBVG446MC-0954eadfd2\/fb_img_1532097319060_480.jpg?t=xoxe-332590185332-430098056850-431139793783-a3ecafe0d0f66efa522a67af632228d7",
                "thumb_480_w": 382,
                "thumb_480_h": 480,
                "thumb_160": "https:\/\/files.slack.com\/files-tmb\/T9SHC5F9S-FBVG446MC-0954eadfd2\/fb_img_1532097319060_160.jpg?t=xoxe-332590185332-430098056850-431139793783-a3ecafe0d0f66efa522a67af632228d7",
                "thumb_720": "https:\/\/files.slack.com\/files-tmb\/T9SHC5F9S-FBVG446MC-0954eadfd2\/fb_img_1532097319060_720.jpg?t=xoxe-332590185332-430098056850-431139793783-a3ecafe0d0f66efa522a67af632228d7",
                "thumb_720_w": 573,
                "thumb_720_h": 720,
                "thumb_800": "https:\/\/files.slack.com\/files-tmb\/T9SHC5F9S-FBVG446MC-0954eadfd2\/fb_img_1532097319060_800.jpg?t=xoxe-332590185332-430098056850-431139793783-a3ecafe0d0f66efa522a67af632228d7",
                "thumb_800_w": 800,
                "thumb_800_h": 1005,
                "thumb_960": "https:\/\/files.slack.com\/files-tmb\/T9SHC5F9S-FBVG446MC-0954eadfd2\/fb_img_1532097319060_960.jpg?t=xoxe-332590185332-430098056850-431139793783-a3ecafe0d0f66efa522a67af632228d7",
                "thumb_960_w": 765,
                "thumb_960_h": 960,
                "thumb_1024": "https:\/\/files.slack.com\/files-tmb\/T9SHC5F9S-FBVG446MC-0954eadfd2\/fb_img_1532097319060_1024.jpg?t=xoxe-332590185332-430098056850-431139793783-a3ecafe0d0f66efa522a67af632228d7",
                "thumb_1024_w": 816,
                "thumb_1024_h": 1024,
                "image_exif_rotation": 1,
                "original_w": 1631,
                "original_h": 2048,
                "permalink": "https:\/\/daitgirls.slack.com\/files\/UBD8GMVNC\/FBVG446MC\/fb_img_1532097319060.jpg",
                "permalink_public": "https:\/\/slack-files.com\/T9SHC5F9S-FBVG446MC-bd1ed96283"
            }
        ],
        "comment": {
            "id": "FcBU2S36AX",
            "created": 1532097706,
            "timestamp": 1532097706,
            "user": "UBD8GMVNC",
            "is_intro": false,
            "comment": "페이스북 생활코딩 그룹에서 퍼왔습니다ㅎㅎ 저는 addProperty 대신 shark.append(baby)가 보여요... 핵노잼 파이썬 지옥 체험중인가봐요ㅋㅋㅋㅋㅋ ㅠㅠ",
            "reactions": [
                {
                    "name": "laughing",
                    "users": [
                        "UBELL5EF5",
                        "U9SN17L0M",
                        "UBDN8T42G"
                    ],
                    "count": 3
                }
            ]
        },
        "is_intro": false,
        "ts": "1532097706.000419"
    },
    {
        "type": "message",
        "user": "UBF1K97FH",
        "text": "좋은 글 공유합니다! \n<https:\/\/towardsdatascience.com\/the-sexiest-job-of-the-21st-century-dissected-why-you-need-a-data-scientist-on-your-team-10fa812e440e>",
        "client_msg_id": "69B5628C-70B1-4DF9-802C-C99D7B640380",
        "attachments": [
            {
                "service_name": "Towards Data Science",
                "title": "The Sexiest Job of the 21st Century Dissected — Why You Need a Data Scientist on Your Team",
                "title_link": "https:\/\/towardsdatascience.com\/the-sexiest-job-of-the-21st-century-dissected-why-you-need-a-data-scientist-on-your-team-10fa812e440e",
                "text": "These days it seems like everyone wants a Data Scientist, and for a good reason.",
                "fallback": "Towards Data Science: The Sexiest Job of the 21st Century Dissected — Why You Need a Data Scientist on Your Team",
                "image_url": "https:\/\/cdn-images-1.medium.com\/max\/1200\/1*6VAYklPLwmSkMsm6npfj_A.jpeg",
                "fields": [
                    {
                        "title": "Reading time",
                        "value": "6 min read",
                        "short": true
                    }
                ],
                "ts": 1524244352,
                "from_url": "https:\/\/towardsdatascience.com\/the-sexiest-job-of-the-21st-century-dissected-why-you-need-a-data-scientist-on-your-team-10fa812e440e",
                "image_width": 532,
                "image_height": 250,
                "image_bytes": 219962,
                "service_icon": "https:\/\/cdn-images-1.medium.com\/fit\/c\/304\/304\/1*F0LADxTtsKOgmPa-_7iUEQ.jpeg",
                "id": 1,
                "original_url": "https:\/\/towardsdatascience.com\/the-sexiest-job-of-the-21st-century-dissected-why-you-need-a-data-scientist-on-your-team-10fa812e440e"
            }
        ],
        "thread_ts": "1532133183.000058",
        "reply_count": 1,
        "replies": [
            {
                "user": "UBELL5EF5",
                "ts": "1532134028.000030"
            }
        ],
        "unread_count": 1,
        "ts": "1532133183.000058",
        "reactions": [
            {
                "name": "blue_heart",
                "users": [
                    "U9SN17L0M",
                    "U9UFEBXGF",
                    "UBELL5EF5",
                    "UBD8HB9C0",
                    "UBDRWK8SX",
                    "UBDCWMFND",
                    "UBDRVLD1R",
                    "UBDN8T42G"
                ],
                "count": 8
            },
            {
                "name": "+1",
                "users": [
                    "UBDUUV802"
                ],
                "count": 1
            }
        ]
    },
    {
        "type": "message",
        "user": "UBELL5EF5",
        "text": "파이썬은 사랑입니다 :wink: ” Python surpassed R as the most popular programming language among data scientists last year.”",
        "client_msg_id": "dd58bc78-d5c9-40be-87f0-de3e11d9835c",
        "thread_ts": "1532133183.000058",
        "parent_user_id": "UBF1K97FH",
        "ts": "1532134028.000030"
    }
]