[
    {
        "type": "message",
        "user": "UBDN8T42G",
        "text": "<https:\/\/github.com\/jiyoung-choi\/TIL\/blob\/master\/%ED%95%9C%EA%B5%AD%EC%96%B4%20%EB%8B%A8%EC%9C%84.md>",
        "client_msg_id": "c5690564-03f0-40b1-b04a-51954ad9fd0b",
        "attachments": [
            {
                "fallback": "[jiyoung-choi\/TIL] 한국어 단위.md",
                "text": "```\n# 한국어 자연어 처리를 위한 한국어의 구조 뽀개기!\n한국어를 쪼개 볼까요?\n\n```\n  데이터를 잘 사용하는 회사는 이와 다르다. 이런 회사에선 데이터를 활용해 결과를확인하는 데 그치지 않는다. \n매출이 오르면 소비자들이 무엇에 반응했는지 분석하고, 매출이 떨어지면 소비자들이 무엇에 관심이 떨어졌는지 \n분석한다. 목적에 부합한다면 정성적, 정량적 방법을 가리지 않고 사용한다.\n  이처럼 데이터 분석이 제대로 체화된 회사는 지표 변화의 '이유'를 우선 알고 싶어 한다. 매출이 떨어졌다는 \n'결과'를 확인하는 것도 필요하지만 그 '원인'을 파악해야 앞으로 '무엇'을 개선해야 할지 결정할 수 있기 때문\n이다. 데이터는 결과를 통보해주는 사신이 아니라 원인을 알려주는 도구다.\n```\n\n## 문장의 단위\n\n### 1. 문단\n- 글에서 여러 문장들이 모여 하나의 완결된 생각을 나타내는 단위.\n\n```\n&gt;&gt;  데이터를 잘 사용하는 회사는 이와 다르다. 이런 회사에선 데이터를 활용해 결과를 확인하는 데 그치지 않는다. \n매출이 오르면 소비자들이 무엇에 반응했는지 분석하고, 매출이 떨어지면 소비자들이 무엇에 관심이 떨어졌는지 \n분석한다. 목적에 부합한다면 정성적, 정량적 방법을 가리지 않고 사용한다.\n```\n```\n&gt;&gt;  이처럼 데이터 분석이 제대로 체화된 회사는 지표 변화의 '이유'를 우선 알고 싶어 한다. 매출이 떨어졌다는 \n'결과'를 확인하는 것도 필요하지만 그 '원인'을 파악해야 앞으로 '무엇'을 개선해야 할지 결정할 수 있기 때문\n이다. 데이터는 결과를 통보해주는 사신이 아니라 원인을 알려주는 도구다.\n```\n\n### 2. 문장\n- 서술, 물음, 명령, 감탄 등의 형식을 통하여 하나의 완결된 뜻을 나타내는, 말과 글을 이루는 기본 단위.\n```\n&gt;&gt; 데이터는 결과를 통보해주는 사신이 아니라 원인을 알려주는 도구다.\n```\n\n### 3. 구절\n- 구와 절을 아울러 이르는 것\n#### 3.1. 구(句)\n둘 이상의 단어가 모여 절이나 문장의 일부분을 이루는 토막. 종류에 따라 명사구, 동사구, 형용사구, 관형사구, 부사구 따위로 구분한다.\n\n```\n&gt;&gt; 잘 사용하는 \n```\n\n#### 3.1. 절(節)\n주어와 술어를 갖추었으나 독립하여 쓰이지 못하고 다른 문장의 한 성분으로 쓰이는 단위.\n\n```\n&gt;&gt; 데이터 분석(주어)이 제대로 체회된(서술어)\n```\n\n## 잠깐! 문장과 구절의 차이가 뭘까요?\n구절이 문장보다 작은 단위입니다.\n\n### 4. 어절\n- 문장을 구성하고 있는 각각의 마디\n- 띄어쓰기 단위!\n\n```\n&gt;&gt; 데이터는\n&gt;&gt; 결과를\n&gt;&gt; 통보해주는\n&gt;&gt; 사신이\n&gt;&gt; 아니라\n```\n\n## 한국어의 형태\n\n### 5. 단어\n- 일정한 뜻과 기능을 가지며 홀로 쓰일 수 있는 가장 작은 말의 단위.\n\n```\n&gt;&gt; 데이터\n&gt;&gt; 는\n&gt;&gt; 결과\n&gt;&gt; 를\n&gt;&gt; 통보\n&gt;&gt; 해주는\n&gt;&gt; 사신이\n&gt;&gt; 아니라\n```\n\n조사를 단어로 보느냐는 이견이 있지만 학교의 정규 교육 과정에서 조사를 단어로 보기 때문에 여기서는 단어로 보겠습니다.\n\n### 6. 형태소\n- 뜻을 가진 가장 작은 말의 단위.\n- 더 자세한 형태소 분류와 실제 형태소 모음을 보고 싶다면 [여기](<https:\/\/goo.gl\/2Qp4xu>)를 확인하세요. (매우 많음 주의!ㅎㅎ)\n\n```\n&gt;&gt; 데이터\n&gt;&gt; 는\n&gt;&gt; 결과\n&gt;&gt; 를\n&gt;&gt; 통보\n&gt;&gt; 하-\n&gt;&gt; -아(여)\n&gt;&gt; 주-\n&gt;&gt; 는\n&gt;&gt; 사신\n&gt;&gt; 이\n&gt;&gt; 아니-\n&gt;&gt; -라\n```\n\n#### 6.1. 자립 형태소\n- 다른 형태소와 결합하지 않고 홀로 자립하여 쓰일 수 있는 형태소. \n- 체언\/수식언\/독립언\n#### 6.2. 의존 형태소\n- 자립형태소와는 반대로 혼자서는 쓰일 수 없는 형태소.\n- 어간\/어미\/접사\/조사\n#### 6.3. 실질 형태소\n- 구체적인 대상이나 동작, 상태 등 실제 의미를 나타내는 형태소.\n- 명사, 동사, 형용사, 부사\n#### 6.4. 형식 형태소\n- 문법적 의미가 있는 형태소로 어휘형태소와 함께 쓰여 그들 사이의 관계를 나타내는 기능을 하는 형태소\n- 조사, 어미\n\n### 잠깐! 단어와 형태소의 차이가 뭘까요?\n1. 형태소가 더 작은 단위로 형태소가 모여 단어가 됩니다. (혹은 형태소 하나가 단어인 경우도 있음.)\n2. 홀로 사용할 수 있다면(자립성) 단어라고 보시면 되고, 본래의 의미가 살아 있느냐를 형태소의 기준으로 보면 됩니다. \n\n### [감탄사의 형태소 분석](<http:\/\/www.korean.go.kr\/front\/onlineQna\/onlineQnaView.do?mn_id=61&amp;qna_seq=120954&amp;pageIndex=1>)\n\n## 한국어의 소리 체계\n\n### 7. 음절\n- 모음, 모음과 자음, 자음과 모음, 자음과 모음과 자음이 어울려 한 덩어리로 내는 말소리의 단위.\n\n```\n&gt;&gt; 데\n&gt;&gt; 이\n&gt;&gt; 터\n&gt;&gt; 는\n...\n```\n\n### 8. 음운\n- 말의 뜻을 구별하게 해 주는 소리의 가장 작은 단위.\n- 같은 언어를 모국어로 하는 화자들이 공통적으로 받아들이는 소리\n- 예를 들어 한국어를 모국어로 하는 화자에게는 한국어의 자음과 모음 **소리**가 음운\n\n```\n&gt;&gt; ㄷ\n&gt;&gt; ㅔ\n&gt;&gt; ㅣ\n```\n\n- 우리말의 'ㄹ'은 영어에서 'l'과 'r'의 두개의 음운으로 인식.\n\n### 9. 음소\n- 말의 뜻을 구별 짓는 소리의 음운론상의 최소 단위.\n- 자음과 모움\n\n### 10. 운소\n- 소리의 높낮이, 길이, 세기 등과 같이 단어의 뜻을 다르게 하는 데 관여하는 소리의 단위.\n- 음소이외의 운율적 특징\n\n## 보너스(?)\n- 체언: 문장에서 명사, 대명사, 수사와 같이 문장의 주어나 목적어 등의 기능을 하는 말.\n- 복합 명사: 명사+명사가 결합해 명사가 된 경우. 녹색성장\n- 단일 명사: 녹색 \/ 성장\n\n## [국립국어원](<http:\/\/www.korean.go.kr\/front\/onlineQna\/onlineQnaList.do?mn_id=60>)\n## [실제로 분류하는 한글 형태소 품사 태그표](<http:\/\/kkma.snu.ac.kr\/documents\/index.jsp?doc=postag>)\n\n  \n\n```",
                "title": "한국어 단위.md",
                "footer": "<https:\/\/github.com\/jiyoung-choi\/TIL|jiyoung-choi\/TIL>",
                "id": 1,
                "title_link": "https:\/\/github.com\/jiyoung-choi\/TIL\/blob\/master\/%ED%95%9C%EA%B5%AD%EC%96%B4%20%EB%8B%A8%EC%9C%84.md",
                "footer_icon": "https:\/\/assets-cdn.github.com\/favicon.ico",
                "color": "24292f",
                "mrkdwn_in": [
                    "text"
                ],
                "bot_id": "BBNDHKJQ3",
                "app_unfurl_url": "https:\/\/github.com\/jiyoung-choi\/TIL\/blob\/master\/%ED%95%9C%EA%B5%AD%EC%96%B4%20%EB%8B%A8%EC%9C%84.md",
                "is_app_unfurl": true
            }
        ],
        "thread_ts": "1531983786.000053",
        "reply_count": 2,
        "replies": [
            {
                "user": "UBF0XHZD5",
                "ts": "1531985471.000272"
            },
            {
                "user": "UBDN8T42G",
                "ts": "1531987317.000012"
            }
        ],
        "unread_count": 2,
        "ts": "1531983786.000053",
        "reactions": [
            {
                "name": "blue_heart",
                "users": [
                    "U9SN17L0M",
                    "UBELL5EF5",
                    "UBF0XHZD5",
                    "UBDRXTD8B",
                    "UBDUUV802",
                    "UBDRWBNRZ"
                ],
                "count": 6
            },
            {
                "name": "100",
                "users": [
                    "U9SN17L0M",
                    "UBF0XHZD5",
                    "UBDRWRE3D"
                ],
                "count": 3
            }
        ]
    },
    {
        "type": "message",
        "user": "UBF0XHZD5",
        "text": "지영님,,,너무 멋져요,,,반해버림",
        "client_msg_id": "5d6f07a7-e9e4-4e82-818d-6efbfad0ad43",
        "thread_ts": "1531983786.000053",
        "parent_user_id": "UBDN8T42G",
        "ts": "1531985471.000272",
        "reactions": [
            {
                "name": "heart_eyes",
                "users": [
                    "UBDUVKQAE",
                    "UBDUUV802"
                ],
                "count": 2
            }
        ]
    },
    {
        "type": "message",
        "user": "U9SN17L0M",
        "text": "<http:\/\/konlpy-ko.readthedocs.io\/ko\/v0.4.3\/>",
        "client_msg_id": "cc14a6f2-918f-4f1e-9913-ee4bec14d5a1",
        "ts": "1531985503.000103"
    },
    {
        "type": "message",
        "user": "UBBH69509",
        "text": "혁신도싴ㅋㅋㅋㅋㅋㅋㅋㅋㅋㅋㅋㅋㅋㅋㅋㅋㅋ크으!!!!!!!!!!!!!!!! 감사히 잘 먹었습니다아아아^^",
        "client_msg_id": "e06962b9-3552-483c-82cf-ce091a1990c1",
        "thread_ts": "1531969247.000094",
        "parent_user_id": "UBF0XFP7Z",
        "ts": "1531985911.000034"
    },
    {
        "type": "message",
        "user": "UBD8GHGBA",
        "text": "Konlpy개발하신 박은정님이 파이콘에서 발표하신 자료입니다 <https:\/\/www.lucypark.kr\/blog\/2014\/09\/05\/python-korea-2014\/>",
        "client_msg_id": "c8410f7f-5976-435f-99a5-8a7fcc3a7e7f",
        "attachments": [
            {
                "title": "2014 PyCon 코리아 발표기 - Lucy Park",
                "title_link": "https:\/\/www.lucypark.kr\/blog\/2014\/09\/05\/python-korea-2014\/",
                "text": "저는 “개발자”가 아닙니다.컴퓨터공학을 전공한 것도 아니고학부 때 들은 컴공과 수업이 전공필수 “컴퓨터의 기초”가 전부이기도 하지만,1 무엇보다 스스로가 개발자라고 생각하지 않습니다.2그런 제가 요 몇 년간 “개발자 코스프레”를 할 수 있게 된데에는 간결하면서도 강력한, 파이썬이라...",
                "fallback": "2014 PyCon 코리아 발표기 - Lucy Park",
                "thumb_url": "http:\/\/www.lucypark.kr\/images\/me.jpg",
                "from_url": "https:\/\/www.lucypark.kr\/blog\/2014\/09\/05\/python-korea-2014\/",
                "thumb_width": 304,
                "thumb_height": 214,
                "service_icon": "https:\/\/www.lucypark.kr\/favicon.ico",
                "service_name": "lucypark.kr",
                "id": 1,
                "original_url": "https:\/\/www.lucypark.kr\/blog\/2014\/09\/05\/python-korea-2014\/"
            }
        ],
        "ts": "1531986898.000131",
        "reactions": [
            {
                "name": "+1",
                "users": [
                    "UBDRWBNRZ",
                    "UBDN9579S",
                    "UBELL5EF5",
                    "U9UFEBXGF",
                    "U9SN17L0M"
                ],
                "count": 5
            }
        ]
    },
    {
        "type": "message",
        "user": "UBD8GMVNC",
        "text": "@general \n1. Learn, Share, and Grow Together 숙제 시트 업데이트 됐습니다 : 워드 클라우드 과제 관련\n2. [숙제알림봇] 내일 통계 수업 숙제 있습니다!",
        "client_msg_id": "bb3c7975-7d7e-4f6f-a48b-2e1afa111c6a",
        "ts": "1531987179.000064",
        "reactions": [
            {
                "name": "pray",
                "users": [
                    "UBDCWMFND",
                    "UBF0XHZD5",
                    "UBDN9579S",
                    "UBELL5EF5",
                    "U9UFEBXGF",
                    "UBDCWPPNV",
                    "U9SN17L0M",
                    "UA4EGE85S"
                ],
                "count": 8
            },
            {
                "name": "blue_heart",
                "users": [
                    "U9SN17L0M"
                ],
                "count": 1
            }
        ]
    },
    {
        "type": "message",
        "user": "UBDN8T42G",
        "text": "아핳? :speak_no_evil:",
        "client_msg_id": "254f60cf-9e23-44c2-985f-c8c0d96faa79",
        "thread_ts": "1531983786.000053",
        "parent_user_id": "UBDN8T42G",
        "ts": "1531987317.000012"
    },
    {
        "type": "message",
        "user": "U9SN17L0M",
        "text": "<https:\/\/drive.google.com\/drive\/u\/0\/folders\/1pcaQyBlzfzMFIBUKLrv6eERUdRI7ZiW-> 내일 자료의 요약 과제 여기에 올려주시면 됩니다 :slightly_smiling_face:",
        "client_msg_id": "99addb70-8d89-492c-8f7b-b7dbf73bf8c5",
        "ts": "1531987350.000069",
        "reactions": [
            {
                "name": "+1",
                "users": [
                    "U9TKQU99V",
                    "UBELL5EF5",
                    "U9UFEBXGF",
                    "UBDRWBNRZ",
                    "UBE1ZBL80",
                    "UA4EGE85S"
                ],
                "count": 6
            }
        ]
    },
    {
        "type": "message",
        "user": "UBELL5EF5",
        "text": "오늘 오전 수업 중에 실습했던 예스24 베스트셀러 얻어오는 과정을 조금 다듬어서 노트북으로 만들었습니다: <https:\/\/colab.research.google.com\/drive\/1TXvi5rLFL4EgiHozf3hRINrYnlcZJ6Gy>",
        "client_msg_id": "1bb3047e-698c-4865-aadc-806eab9510fc",
        "attachments": [
            {
                "title": "Google Colaboratory",
                "title_link": "https:\/\/colab.research.google.com\/drive\/1TXvi5rLFL4EgiHozf3hRINrYnlcZJ6Gy",
                "fallback": "Google Colaboratory",
                "image_url": "https:\/\/colab.research.google.com\/img\/colab_favicon_256px.png",
                "from_url": "https:\/\/colab.research.google.com\/drive\/1TXvi5rLFL4EgiHozf3hRINrYnlcZJ6Gy",
                "image_width": 250,
                "image_height": 250,
                "image_bytes": 5500,
                "service_icon": "https:\/\/colab.research.google.com\/img\/colab_favicon.ico?vrz=colab_20180716_085316-RC00_204755443",
                "service_name": "colab.research.google.com",
                "id": 1,
                "original_url": "https:\/\/colab.research.google.com\/drive\/1TXvi5rLFL4EgiHozf3hRINrYnlcZJ6Gy"
            }
        ],
        "ts": "1531992757.000037",
        "reactions": [
            {
                "name": "+1::skin-tone-3",
                "users": [
                    "UBDCWPPNV",
                    "U9SN17L0M",
                    "UBDUUHX4J",
                    "UBF1K97FH",
                    "UBF0XHZD5",
                    "UBDN9579S",
                    "UBES4Q6LE",
                    "UBDUUV802",
                    "UBE1ZBL80",
                    "U9TKQU99V",
                    "UBDRWU3GT",
                    "UBDRWK8SX"
                ],
                "count": 12
            },
            {
                "name": "blue_heart",
                "users": [
                    "U9SN17L0M",
                    "UBDUUV802"
                ],
                "count": 2
            },
            {
                "name": "+1",
                "users": [
                    "UBDN8UG4C"
                ],
                "count": 1
            }
        ]
    },
    {
        "type": "message",
        "user": "UBELL5EF5",
        "text": "과제 및 복습 하실때 참고하시기 바랍니다. 그리고 오늘 오전 수업에서 내드린 과제는 다음주 월요일 저녁까지 제출해주셔요 :slightly_smiling_face:",
        "client_msg_id": "676db452-0b3f-499e-8303-3e9ae881dd4a",
        "ts": "1531992801.000082"
    },
    {
        "type": "message",
        "user": "UBELL5EF5",
        "text": "판다스의 다양한 기능을 사용해서 지저분한 데이터를 깔끔하게(=분석하기 좋게) 다듬는 예시입니다. 수업 중 다루지는 않았지만 공부에 참고하시기 바랍니다. <https:\/\/colab.research.google.com\/drive\/1audCFFMVF1Gms-xzIS6882G4vlRRqx5T>",
        "client_msg_id": "96c893df-2d54-4e88-b97a-041f6dec5c9a",
        "attachments": [
            {
                "title": "Google Colaboratory",
                "title_link": "https:\/\/colab.research.google.com\/drive\/1audCFFMVF1Gms-xzIS6882G4vlRRqx5T",
                "fallback": "Google Colaboratory",
                "image_url": "https:\/\/colab.research.google.com\/img\/colab_favicon_256px.png",
                "from_url": "https:\/\/colab.research.google.com\/drive\/1audCFFMVF1Gms-xzIS6882G4vlRRqx5T",
                "image_width": 250,
                "image_height": 250,
                "image_bytes": 5500,
                "service_icon": "https:\/\/colab.research.google.com\/img\/colab_favicon.ico?vrz=colab_20180716_085316-RC00_204755443",
                "service_name": "colab.research.google.com",
                "id": 1,
                "original_url": "https:\/\/colab.research.google.com\/drive\/1audCFFMVF1Gms-xzIS6882G4vlRRqx5T"
            }
        ],
        "ts": "1532006890.000401",
        "reactions": [
            {
                "name": "heart_eyes",
                "users": [
                    "UBDUUV802",
                    "UBE1ZBL80",
                    "U9TKQU99V",
                    "UBF0XFP7Z",
                    "UBDRWU3GT",
                    "U9SN17L0M",
                    "UBF1K97FH",
                    "UBDRWK8SX"
                ],
                "count": 8
            }
        ]
    },
    {
        "type": "message",
        "user": "UA4EGE85S",
        "text": "오늘 오후 통계 수업(통계적 추론 및 가설검정) 자료입니다. 오후에 뵙겠습니다:blush:\n<https:\/\/drive.google.com\/drive\/folders\/1j__aRO40mY0Sd416faURk4k7waHYNBW1>",
        "client_msg_id": "8d81ed38-7e29-43b3-bafd-4539c5e9c51d",
        "ts": "1532043423.000243",
        "reactions": [
            {
                "name": "blue_heart",
                "users": [
                    "U9SN17L0M",
                    "UBDUUV802",
                    "UBDRWK8SX",
                    "U9UFEBXGF",
                    "UBELL5EF5",
                    "UBDN9579S",
                    "UBF0XFP7Z"
                ],
                "count": 7
            },
            {
                "name": "heart_eyes",
                "users": [
                    "UBDRVLD1R",
                    "U9UFEBXGF"
                ],
                "count": 2
            }
        ]
    },
    {
        "type": "message",
        "user": "UBBH69509",
        "text": "<!channel> 여러분들 10시 1분전입니다. 얼른 얼른 오세요",
        "client_msg_id": "7206f004-860d-48ee-8efb-7ed5542fb7d9",
        "ts": "1532048383.000069"
    },
    {
        "type": "message",
        "user": "UBBH69509",
        "text": "오늘 데이터 분석가님 특강 날입니다.",
        "client_msg_id": "f9a831bc-fa72-4010-a092-a813d705d24b",
        "ts": "1532048464.000136"
    },
    {
        "type": "message",
        "user": "UBBH69509",
        "text": "^^ 얼른 오세요오오오오오",
        "client_msg_id": "9b3cb42e-bdcd-426c-a8ce-3166cb77a4f1",
        "ts": "1532048468.000212"
    },
    {
        "type": "message",
        "user": "UBBH69509",
        "text": "출석 체크 못하신 분들 성함 한 번씩  적어주세요",
        "client_msg_id": "cd7b8ea2-d335-46f6-9e1d-29f0a1e8aa94",
        "thread_ts": "1532048674.000021",
        "reply_count": 8,
        "replies": [
            {
                "user": "UBDN9579S",
                "ts": "1532048831.000242"
            },
            {
                "user": "UBDN9579S",
                "ts": "1532048847.000205"
            },
            {
                "user": "UBBH69509",
                "ts": "1532049183.000123"
            },
            {
                "user": "UBDUU7X7U",
                "ts": "1532049470.000084"
            },
            {
                "user": "UBBH69509",
                "ts": "1532050234.000162"
            },
            {
                "user": "UBDRWADQB",
                "ts": "1532069229.000023"
            },
            {
                "user": "UBBH69509",
                "ts": "1532069471.000144"
            },
            {
                "user": "UBF0XHZD5",
                "ts": "1532087268.000008"
            }
        ],
        "unread_count": 8,
        "ts": "1532048674.000021"
    },
    {
        "type": "message",
        "user": "UBDN9579S",
        "text": "채송이입니다",
        "client_msg_id": "57D23802-6D61-4F2E-8514-A6FD6E1A07FC",
        "thread_ts": "1532048674.000021",
        "parent_user_id": "UBBH69509",
        "ts": "1532048831.000242"
    },
    {
        "type": "message",
        "user": "UBDN9579S",
        "text": "곧 도착해요ㅠ빨리갈게요",
        "client_msg_id": "3966B6E5-A7BC-4457-8525-0FA09516D152",
        "thread_ts": "1532048674.000021",
        "parent_user_id": "UBBH69509",
        "ts": "1532048847.000205"
    },
    {
        "type": "message",
        "user": "UBBH69509",
        "text": "넵 알겠습니당 얼른 오세요오~",
        "client_msg_id": "4c3d908a-f0c0-452b-8a67-6ef44ff4a2a6",
        "thread_ts": "1532048674.000021",
        "parent_user_id": "UBBH69509",
        "ts": "1532049183.000123"
    },
    {
        "type": "message",
        "user": "UBDUU7X7U",
        "text": "권가빈이요ㅠㅠ 출석 부르실때 들어왔어요오 ㅠ",
        "client_msg_id": "0b38b871-4c10-4925-b9d3-e991441bde98",
        "thread_ts": "1532048674.000021",
        "parent_user_id": "UBBH69509",
        "ts": "1532049470.000084"
    },
    {
        "type": "message",
        "user": "UBBH69509",
        "text": "넵넵!!! 가빈님두 확인욤",
        "client_msg_id": "aa1b35fd-0db6-4b0b-93eb-bb55d21143fd",
        "thread_ts": "1532048674.000021",
        "parent_user_id": "UBBH69509",
        "ts": "1532050234.000162"
    },
    {
        "type": "message",
        "user": "UBES4Q6LE",
        "text": "<https:\/\/ko.wikipedia.org\/wiki\/A\/B_%ED%85%8C%EC%8A%A4%ED%8A%B8>",
        "client_msg_id": "41b7d223-2a5b-4807-b0ee-705afe8c980a",
        "attachments": [
            {
                "image_url": "https:\/\/upload.wikimedia.org\/wikipedia\/commons\/2\/2e\/A-B_testing_example.png",
                "image_width": 919,
                "image_height": 544,
                "image_bytes": 44456,
                "title": "A\/B 테스트",
                "title_link": "https:\/\/ko.wikipedia.org\/wiki\/A\/B_%ED%85%8C%EC%8A%A4%ED%8A%B8",
                "from_url": "https:\/\/ko.wikipedia.org\/wiki\/A\/B_%ED%85%8C%EC%8A%A4%ED%8A%B8",
                "author_name": "Wikipedia",
                "author_link": "https:\/\/ko.wikipedia.org\/",
                "text": "마케팅과 웹 분석에서, A\/B 테스트(버킷 테스트 또는 분할-실행 테스트)는 두 개의 변형 A와 B를 사용하는 종합 대조 실험(controlled experiment)이다. 그것은 통계 영역에서 사용되는 것과 같은 통계적 가설 검정 또는 \"2-표본 가설 검정\"의 한 형태다. 웹 디자인 (특히 사용자 경험 디자인)과 같은 온라인 영역에서, A\/B 테스트의 목표는 관심 분야에 대한 결과를 늘리거나 극대화하는 웹 페이지에 대한 변경 사항이 무엇인지를 규명하는 것이다(예를 들어, 배너 광고의 클릭률(click-through rate)). 공식적으로 현재 웹 페이지에 null 가설과 연관이 있다. A\/B 테스트는 변수 A에 비해 대상이 변수 B에 대해 보이는 응답을 테스트하고, 두 변수 중 어떤 것이 더 효과적인지를 판단함으로써 단일 변수에 대한 두 가지 버전을 비교하는 방법이다.이름에서 알 수 있듯이, 두 버전(A와 B)이 비교되는데 사용자의 행동에 영향을 미칠 수 있는 하나의 변형을 제외하면 동일하다. 버전 A는 현재 사용되는 버전(control)이라고 하는 반면, 버전 B의 일부 사항은 수정된다(treatment). 예를 들어, 전자상거래 웹사이트에서 구매 깔때기은 일반적으로 A\/B 테스트하기 좋은 대상으로, 하락률에 있어 수익 한계선에 대한 개선이 판매에 있어 상당한 이익을 나타낼 수 있기 때문이다. 항상 그런 것은 아니지만, 때때로 텍스트, 레이아웃, 이미지 그리고 색상과 같은 요소들을 테스트함으로써 현저한 향상을 볼 수 있다.다변량 테스트 또는 다항 테스트가 A\/B 테스트와 유사하지만, 동시에 두 개 이상의 버전을 테스트하거나 좀 더 많은 컨트롤들을 테스트할 수 있다. 두 개 이상의 버전 또는 동시에 더 많이 사용을 제어합니다. 단순한 A\/B 테스트는 설문 데이터, 오프라인 데이터 그리고 다른 좀 더 복잡한 현상과 같이, 실측, 유사 실험 또는 기타 비 실험 상황에세는 유효하지 않다.\nA\/B 테스트는 그 접근 방식이 다양한 연구 관례에서 일반적으로 사용되는, 피험자간 설계와 유사하긴 하지만, 특정 틈새 영역에서 철학과 사업 전략의 변화로 마케팅되었다. 웹 개발 철학으로써의 A\/B 테스트는 해당 영역을 증거 기반의 실천으로의 폭넓은 움직임으로 이끈다. 대부분의 마케팅 자동화 도구가 현재 일반적으로 A\/B 테스트를 지속적으로 실행할 수 있는 기능과 함께 제공되고 있기 때문에, A\/B 테스트가 거의 모든 영역에서 지속적으로 수행될 수 있는 것으로 간주되는 것이 A\/B 테스트의 이점이다. 이로써 현재의 리소스를 사용해 웹 사이트와 다른 도구를 업데이트해 트렌드 변화를 유지할 수 있다.",
                "fallback": "wikipedia: A\/B 테스트",
                "service_icon": "https:\/\/a.slack-edge.com\/bfaba\/img\/unfurl_icons\/wikipedia.png",
                "id": 1,
                "original_url": "https:\/\/ko.wikipedia.org\/wiki\/A\/B_%ED%85%8C%EC%8A%A4%ED%8A%B8"
            }
        ],
        "ts": "1532050818.000096",
        "reactions": [
            {
                "name": "heart_eyes",
                "users": [
                    "UBDUUV802",
                    "UBDRWBNRZ",
                    "UBELL5EF5",
                    "U9UFEBXGF"
                ],
                "count": 4
            }
        ]
    },
    {
        "type": "message",
        "user": "UBDN8T42G",
        "text": "SQL 예제 많은 사이트 알려드려요! 실제 설치없이 웹에서 할 수 있어서 독학하는데 많이 사용하는 사이트고 경험상(?) 강사님이 말씀하신 정도는 이걸로 충분할거같아요!\n\n<https:\/\/www.w3schools.com\/>",
        "client_msg_id": "ad2756cd-230f-422d-94cf-6b208d1042bc",
        "ts": "1532051471.000075",
        "reactions": [
            {
                "name": "i_love_you_hand_sign",
                "users": [
                    "UBDRXTD8B",
                    "U9SN17L0M",
                    "UBF0XFP7Z",
                    "UBDUU7X7U",
                    "UBE3NMLCD",
                    "UBDRWBNRZ",
                    "UBDUVKQAE",
                    "UBELL5EF5",
                    "U9UFEBXGF",
                    "UBDCWMFND"
                ],
                "count": 10
            },
            {
                "name": "blue_heart",
                "users": [
                    "U9SN17L0M",
                    "UBDUVKQAE",
                    "U9UFEBXGF"
                ],
                "count": 3
            }
        ]
    },
    {
        "type": "message",
        "user": "UBDRWBNRZ",
        "text": "<http:\/\/www.yes24.com\/24\/goods\/42806875?scode=032&amp;OzSrank=2>",
        "client_msg_id": "0d289555-45aa-4a8a-97a8-7bfe4ce06a86",
        "attachments": [
            {
                "service_name": "YES24",
                "title": "파이썬 라이브러리를 활용한 머신러닝",
                "title_link": "http:\/\/www.yes24.com\/24\/goods\/42806875?scode=032&OzSrank=2",
                "text": "사이킷런 핵심 개발자에게 배우는 머신러닝 이론과 구현 현업에서 머신러닝을 연구하고 인공지능 서비스를 개발하기 위해 꼭 학위를 받을 필요는 없다. 사이킷런(scikit-learn)과 같은 훌륭한 머신러닝 라이브러리가 복잡하고 난해한 작업을 직관적인 인터페이스로 감싸주는 덕분이다. 이 책에서는 사이킷런의 핵심 개발자가 복잡한 수학을 동원하지 않고 실용적...",
                "fallback": "YES24: 파이썬 라이브러리를 활용한 머신러닝",
                "image_url": "http:\/\/image.yes24.com\/goods\/42806875\/L",
                "from_url": "http:\/\/www.yes24.com\/24\/goods\/42806875?scode=032&OzSrank=2",
                "image_width": 194,
                "image_height": 250,
                "image_bytes": 47009,
                "id": 1,
                "original_url": "http:\/\/www.yes24.com\/24\/goods\/42806875?scode=032&amp;OzSrank=2"
            }
        ],
        "ts": "1532052826.000186",
        "reactions": [
            {
                "name": "+1",
                "users": [
                    "UBDUVKQAE",
                    "UBE3NMLCD",
                    "U9SN17L0M",
                    "UBELL5EF5",
                    "U9UFEBXGF"
                ],
                "count": 5
            }
        ]
    },
    {
        "type": "message",
        "user": "UBDUVKQAE",
        "text": "Sunmi Yoon으로 검색하시면 됩니당",
        "client_msg_id": "69bab402-8e30-49dc-af1b-6aa8a54ad6a1",
        "ts": "1532053265.000012",
        "reactions": [
            {
                "name": "+1",
                "users": [
                    "UBE3NCBKP",
                    "UBDUUV802",
                    "U9SN17L0M",
                    "UBELL5EF5",
                    "U9TKQU99V",
                    "U9UFEBXGF",
                    "UBF0XFP7Z"
                ],
                "count": 7
            }
        ]
    },
    {
        "type": "message",
        "user": "UBF0XHZD5",
        "text": "<https:\/\/www.linkedin.com\/in\/yoonsunmi\/>",
        "client_msg_id": "110dbdf6-cb96-44b3-9b8a-73a0561640f4",
        "ts": "1532053418.000037"
    },
    {
        "type": "message",
        "user": "UBF0XHZD5",
        "text": "윤선미님 linkedin 주소에요!!",
        "client_msg_id": "6c2dc280-0554-4f05-9195-2186da0b8b09",
        "ts": "1532053426.000111",
        "reactions": [
            {
                "name": "+1",
                "users": [
                    "UBDRWBNRZ",
                    "U9SN17L0M",
                    "UBELL5EF5",
                    "U9TKQU99V",
                    "U9UFEBXGF",
                    "UBDCWMFND",
                    "UBF0XFP7Z"
                ],
                "count": 7
            }
        ]
    },
    {
        "type": "message",
        "user": "UBF0XHZD5",
        "text": "더운데 피자가져다주셔서감사해:heart_eyes::heart_eyes::heart_eyes:",
        "client_msg_id": "8b969e17-3045-4e3a-8cf4-5bd8593eda72",
        "ts": "1532057066.000001"
    },
    {
        "type": "message",
        "user": "UBF0XHZD5",
        "text": "해요",
        "client_msg_id": "599b4747-1705-46d0-8581-87fbe9332ab9",
        "ts": "1532057068.000157"
    },
    {
        "type": "message",
        "user": "UBF0XHZD5",
        "text": "잘먹게씁니당:pizza: :pizza: :pizza: ",
        "client_msg_id": "46a50b29-aa2a-4b71-a5f2-1a827d9c6771",
        "ts": "1532057093.000056",
        "reactions": [
            {
                "name": "+1",
                "users": [
                    "UBELL5EF5",
                    "U9TKQU99V",
                    "U9SN17L0M",
                    "UBDN9579S",
                    "UBDRVLD1R",
                    "UBD8GLUEL",
                    "UBE3NCBKP",
                    "UBDRWBNRZ",
                    "UBDCWMFND",
                    "UBE3NMLCD",
                    "UBF0XFP7Z"
                ],
                "count": 11
            },
            {
                "name": "pizza",
                "users": [
                    "U9SN17L0M",
                    "UBDN9579S",
                    "UBDRXTD8B",
                    "UBDUU48UA",
                    "UBDRVLD1R",
                    "UBD8GLUEL",
                    "UBES4Q6LE",
                    "UBDCWMFND",
                    "UBD8HB9C0"
                ],
                "count": 9
            }
        ]
    },
    {
        "type": "message",
        "user": "UBDN8T42G",
        "text": "<https:\/\/m.facebook.com\/groups\/1510164895773641\/?ref=external%3Awww.google.co.kr>",
        "client_msg_id": "F4BE614A-923E-4A63-AC33-F7E0D5531E7A",
        "attachments": [
            {
                "title": "Log into Facebook | Facebook",
                "title_link": "https:\/\/m.facebook.com\/groups\/1510164895773641\/?ref=external%3Awww.google.co.kr",
                "text": "Log into Facebook to start sharing and connecting with your friends, family, and people you know.",
                "fallback": "Log into Facebook | Facebook",
                "from_url": "https:\/\/m.facebook.com\/groups\/1510164895773641\/?ref=external%3Awww.google.co.kr",
                "service_icon": "https:\/\/m.facebook.com\/favicon.ico",
                "service_name": "m.facebook.com",
                "id": 1,
                "original_url": "https:\/\/m.facebook.com\/groups\/1510164895773641\/?ref=external%3Awww.google.co.kr"
            }
        ],
        "ts": "1532060773.000196"
    },
    {
        "type": "message",
        "user": "UBDCWMFND",
        "text": "<https:\/\/heyjoyce.com\/>",
        "client_msg_id": "b225040c-5ed1-4974-8df6-ef9ddbdc629e",
        "attachments": [
            {
                "service_name": "heyjoyce",
                "title": "헤이조이스 - 일하는 여자들의 프라이빗 멤버십 클럽",
                "title_link": "https:\/\/heyjoyce.com\/",
                "text": "헤이조이스는 안락한 아지트, 강력한 커뮤니티, 가슴 뛰는 이벤트와 프로그램들로 여성의 성장, 연대, 자기다운 삶을 응원하고 지원합니다.",
                "fallback": "heyjoyce: 헤이조이스 - 일하는 여자들의 프라이빗 멤버십 클럽",
                "image_url": "https:\/\/heyjoyce.com\/wp-content\/uploads\/2018\/07\/the-space-lounge.jpg",
                "image_width": 375,
                "image_height": 250,
                "from_url": "https:\/\/heyjoyce.com\/",
                "image_bytes": 335872,
                "service_icon": "https:\/\/heyjoyce.com\/wp-content\/uploads\/2018\/06\/cropped-favicon-180x180.png",
                "id": 1,
                "original_url": "https:\/\/heyjoyce.com\/"
            }
        ],
        "ts": "1532060890.000158"
    },
    {
        "type": "message",
        "user": "UBDCWMFND",
        "text": "지금 가장 핫한 여성 멤버십 클럽입니다",
        "client_msg_id": "67fdf74d-c5b0-446d-b2b7-cb3b3d0536bd",
        "ts": "1532060921.000161",
        "reactions": [
            {
                "name": "+1",
                "users": [
                    "UBELL5EF5",
                    "UBDN8T42G",
                    "UBDRWBNRZ",
                    "UBDCWPPNV",
                    "UBF0XFP7Z",
                    "UBF0XHZD5"
                ],
                "count": 6
            }
        ]
    },
    {
        "type": "message",
        "text": "저희 전공수업 때 교수님이 시험 보면 매번 학생들 점수를 박스플롯으로 그려주셨어요!",
        "files": [
            {
                "id": "FBTC8AQ2D",
                "created": 1532067057,
                "timestamp": 1532067057,
                "name": "image.png",
                "title": "image.png",
                "mimetype": "image\/png",
                "filetype": "png",
                "pretty_type": "PNG",
                "user": "UBE3NMLCD",
                "editable": false,
                "size": 13110,
                "mode": "hosted",
                "is_external": false,
                "external_type": "",
                "is_public": true,
                "public_url_shared": false,
                "display_as_bot": false,
                "username": "",
                "url_private": "https:\/\/files.slack.com\/files-pri\/T9SHC5F9S-FBTC8AQ2D\/image.png?t=xoxe-332590185332-430098056850-431139793783-a3ecafe0d0f66efa522a67af632228d7",
                "url_private_download": "https:\/\/files.slack.com\/files-pri\/T9SHC5F9S-FBTC8AQ2D\/download\/image.png?t=xoxe-332590185332-430098056850-431139793783-a3ecafe0d0f66efa522a67af632228d7",
                "thumb_64": "https:\/\/files.slack.com\/files-tmb\/T9SHC5F9S-FBTC8AQ2D-91be22b415\/image_64.png?t=xoxe-332590185332-430098056850-431139793783-a3ecafe0d0f66efa522a67af632228d7",
                "thumb_80": "https:\/\/files.slack.com\/files-tmb\/T9SHC5F9S-FBTC8AQ2D-91be22b415\/image_80.png?t=xoxe-332590185332-430098056850-431139793783-a3ecafe0d0f66efa522a67af632228d7",
                "thumb_360": "https:\/\/files.slack.com\/files-tmb\/T9SHC5F9S-FBTC8AQ2D-91be22b415\/image_360.png?t=xoxe-332590185332-430098056850-431139793783-a3ecafe0d0f66efa522a67af632228d7",
                "thumb_360_w": 345,
                "thumb_360_h": 360,
                "thumb_480": "https:\/\/files.slack.com\/files-tmb\/T9SHC5F9S-FBTC8AQ2D-91be22b415\/image_480.png?t=xoxe-332590185332-430098056850-431139793783-a3ecafe0d0f66efa522a67af632228d7",
                "thumb_480_w": 459,
                "thumb_480_h": 480,
                "thumb_160": "https:\/\/files.slack.com\/files-tmb\/T9SHC5F9S-FBTC8AQ2D-91be22b415\/image_160.png?t=xoxe-332590185332-430098056850-431139793783-a3ecafe0d0f66efa522a67af632228d7",
                "image_exif_rotation": 1,
                "original_w": 558,
                "original_h": 583,
                "permalink": "https:\/\/daitgirls.slack.com\/files\/UBE3NMLCD\/FBTC8AQ2D\/image.png",
                "permalink_public": "https:\/\/slack-files.com\/T9SHC5F9S-FBTC8AQ2D-c15f16328a",
                "reactions": [
                    {
                        "name": "open_mouth",
                        "users": [
                            "UBF0XHZD5",
                            "UBF1K97FH",
                            "UBELL5EF5",
                            "U9SN17L0M",
                            "UAMSPH7KM",
                            "UBF0XFP7Z"
                        ],
                        "count": 6
                    }
                ]
            }
        ],
        "upload": true,
        "user": "UBE3NMLCD",
        "display_as_bot": false,
        "reactions": [
            {
                "name": "open_mouth",
                "users": [
                    "UBF0XHZD5",
                    "UBF1K97FH",
                    "UBELL5EF5",
                    "U9SN17L0M",
                    "UAMSPH7KM",
                    "UBF0XFP7Z"
                ],
                "count": 6
            }
        ],
        "ts": "1532067059.000106"
    },
    {
        "type": "message",
        "user": "UBE3NMLCD",
        "text": "혹시 이해에 도움이 될까 올려봅니당~",
        "client_msg_id": "72fc8e7e-321a-4e31-a6f2-3bb9f4b20d9a",
        "thread_ts": "1532067073.000141",
        "reply_count": 3,
        "replies": [
            {
                "user": "UBF1K97FH",
                "ts": "1532067136.000185"
            },
            {
                "user": "UBE3NMLCD",
                "ts": "1532067345.000185"
            },
            {
                "user": "UBDN8T42G",
                "ts": "1532067799.000022"
            }
        ],
        "unread_count": 3,
        "ts": "1532067073.000141",
        "reactions": [
            {
                "name": "raised_hand_with_fingers_splayed",
                "users": [
                    "UBD8GLUEL"
                ],
                "count": 1
            }
        ]
    },
    {
        "type": "message",
        "user": "UBF1K97FH",
        "text": "예빈님, 모르겠어요 흐흐흐흐흐흑",
        "client_msg_id": "d9bfb608-a70b-4470-a359-ba8b30c59319",
        "thread_ts": "1532067073.000141",
        "parent_user_id": "UBE3NMLCD",
        "ts": "1532067136.000185"
    },
    {
        "type": "message",
        "user": "UBE3NMLCD",
        "text": "<@UBF1K97FH> 저도 박스플롯 저렇게만 봐서 언제 쓰이는지는 잘 모르겠어요ㅜㅜ\n제가 올린 박스플롯은 필요하시면 이따가 설명해 드릴게요!",
        "client_msg_id": "38e0ceb5-66a2-4296-8b7e-c4825ec290b4",
        "thread_ts": "1532067073.000141",
        "parent_user_id": "UBE3NMLCD",
        "ts": "1532067345.000185"
    },
    {
        "type": "message",
        "user": "UBDN8T42G",
        "text": "오오 감사합니다",
        "client_msg_id": "a9060bd3-f9ba-4d8b-8cce-4ccdd40bf2f9",
        "thread_ts": "1532067073.000141",
        "parent_user_id": "UBE3NMLCD",
        "ts": "1532067799.000022"
    },
    {
        "type": "message",
        "text": "",
        "files": [
            {
                "id": "FBU3BTD6H",
                "created": 1532067967,
                "timestamp": 1532067967,
                "name": "Image from iOS.jpg",
                "title": "Image from iOS",
                "mimetype": "image\/jpeg",
                "filetype": "jpg",
                "pretty_type": "JPEG",
                "user": "UBF1K97FH",
                "editable": false,
                "size": 5348215,
                "mode": "hosted",
                "is_external": false,
                "external_type": "",
                "is_public": true,
                "public_url_shared": false,
                "display_as_bot": false,
                "username": "",
                "url_private": "https:\/\/files.slack.com\/files-pri\/T9SHC5F9S-FBU3BTD6H\/image_from_ios.jpg?t=xoxe-332590185332-430098056850-431139793783-a3ecafe0d0f66efa522a67af632228d7",
                "url_private_download": "https:\/\/files.slack.com\/files-pri\/T9SHC5F9S-FBU3BTD6H\/download\/image_from_ios.jpg?t=xoxe-332590185332-430098056850-431139793783-a3ecafe0d0f66efa522a67af632228d7",
                "thumb_64": "https:\/\/files.slack.com\/files-tmb\/T9SHC5F9S-FBU3BTD6H-1d65d95f91\/image_from_ios_64.jpg?t=xoxe-332590185332-430098056850-431139793783-a3ecafe0d0f66efa522a67af632228d7",
                "thumb_80": "https:\/\/files.slack.com\/files-tmb\/T9SHC5F9S-FBU3BTD6H-1d65d95f91\/image_from_ios_80.jpg?t=xoxe-332590185332-430098056850-431139793783-a3ecafe0d0f66efa522a67af632228d7",
                "thumb_360": "https:\/\/files.slack.com\/files-tmb\/T9SHC5F9S-FBU3BTD6H-1d65d95f91\/image_from_ios_360.jpg?t=xoxe-332590185332-430098056850-431139793783-a3ecafe0d0f66efa522a67af632228d7",
                "thumb_360_w": 360,
                "thumb_360_h": 270,
                "thumb_480": "https:\/\/files.slack.com\/files-tmb\/T9SHC5F9S-FBU3BTD6H-1d65d95f91\/image_from_ios_480.jpg?t=xoxe-332590185332-430098056850-431139793783-a3ecafe0d0f66efa522a67af632228d7",
                "thumb_480_w": 480,
                "thumb_480_h": 360,
                "thumb_160": "https:\/\/files.slack.com\/files-tmb\/T9SHC5F9S-FBU3BTD6H-1d65d95f91\/image_from_ios_160.jpg?t=xoxe-332590185332-430098056850-431139793783-a3ecafe0d0f66efa522a67af632228d7",
                "thumb_720": "https:\/\/files.slack.com\/files-tmb\/T9SHC5F9S-FBU3BTD6H-1d65d95f91\/image_from_ios_720.jpg?t=xoxe-332590185332-430098056850-431139793783-a3ecafe0d0f66efa522a67af632228d7",
                "thumb_720_w": 720,
                "thumb_720_h": 540,
                "thumb_800": "https:\/\/files.slack.com\/files-tmb\/T9SHC5F9S-FBU3BTD6H-1d65d95f91\/image_from_ios_800.jpg?t=xoxe-332590185332-430098056850-431139793783-a3ecafe0d0f66efa522a67af632228d7",
                "thumb_800_w": 800,
                "thumb_800_h": 600,
                "thumb_960": "https:\/\/files.slack.com\/files-tmb\/T9SHC5F9S-FBU3BTD6H-1d65d95f91\/image_from_ios_960.jpg?t=xoxe-332590185332-430098056850-431139793783-a3ecafe0d0f66efa522a67af632228d7",
                "thumb_960_w": 960,
                "thumb_960_h": 720,
                "thumb_1024": "https:\/\/files.slack.com\/files-tmb\/T9SHC5F9S-FBU3BTD6H-1d65d95f91\/image_from_ios_1024.jpg?t=xoxe-332590185332-430098056850-431139793783-a3ecafe0d0f66efa522a67af632228d7",
                "thumb_1024_w": 1024,
                "thumb_1024_h": 768,
                "image_exif_rotation": 1,
                "original_w": 4032,
                "original_h": 3024,
                "permalink": "https:\/\/daitgirls.slack.com\/files\/UBF1K97FH\/FBU3BTD6H\/image_from_ios.jpg",
                "permalink_public": "https:\/\/slack-files.com\/T9SHC5F9S-FBU3BTD6H-5d655b1b03",
                "reactions": [
                    {
                        "name": "heart_eyes",
                        "users": [
                            "UBDUUV802",
                            "UBDRWBNRZ",
                            "UBE3NMLCD",
                            "U9SN17L0M",
                            "UBDRWK8SX"
                        ],
                        "count": 5
                    }
                ]
            }
        ],
        "upload": true,
        "user": "UBF1K97FH",
        "display_as_bot": false,
        "reactions": [
            {
                "name": "heart_eyes",
                "users": [
                    "UBDUUV802",
                    "UBDRWBNRZ",
                    "UBE3NMLCD",
                    "U9SN17L0M",
                    "UBDRWK8SX"
                ],
                "count": 5
            }
        ],
        "upload_reply_to": "2F3E2464-819E-44FC-B3D6-1959F29840AE",
        "ts": "1532067973.000088"
    },
    {
        "type": "message",
        "user": "UBDRWADQB",
        "text": "<@UBBH69509> 앗, 늦게 보았어요. 저두 왔어요~~!! ㅜㅜ",
        "client_msg_id": "94cb3720-5c7d-4d3b-9b80-fda5ce3189b6",
        "thread_ts": "1532048674.000021",
        "parent_user_id": "UBBH69509",
        "ts": "1532069229.000023"
    },
    {
        "type": "message",
        "user": "UBBH69509",
        "text": "ㅋㅋㅋ넵넹ㅋㅋㅋㅋㅋㅋㅋㅋ<@UBDRWADQB>  확인이요오오오오^^",
        "client_msg_id": "b7138c24-5cd5-4be8-a7b7-e383b06965d4",
        "thread_ts": "1532048674.000021",
        "parent_user_id": "UBBH69509",
        "ts": "1532069471.000144"
    },
    {
        "type": "message",
        "user": "UBDN8UG4C",
        "text": "<https:\/\/support.google.com\/docs\/answer\/181110?hl=ko&amp;co=GENIE.Platform%3DDesktop>",
        "client_msg_id": "7b597c16-35f0-44fa-857e-350b11c97677",
        "attachments": [
            {
                "title": "Google 스프레드시트의 단축키 - 컴퓨터 - 문서 편집기 고객센터",
                "title_link": "https:\/\/support.google.com\/docs\/answer\/181110?hl=ko&co=GENIE.Platform%3DDesktop",
                "text": "Google 스프레드시트의 단축키를 사용하여 스프레드시트에서 탐색하고, 서식을 지정하고, 수식을 사용할 수 있습니다. 참고: 일부 단축키는 일부 언어",
                "fallback": "Google 스프레드시트의 단축키 - 컴퓨터 - 문서 편집기 고객센터",
                "from_url": "https:\/\/support.google.com\/docs\/answer\/181110?hl=ko&co=GENIE.Platform%3DDesktop",
                "service_icon": "https:\/\/support.google.com\/favicon.ico",
                "service_name": "support.google.com",
                "id": 1,
                "original_url": "https:\/\/support.google.com\/docs\/answer\/181110?hl=ko&amp;co=GENIE.Platform%3DDesktop"
            }
        ],
        "ts": "1532069594.000113",
        "reactions": [
            {
                "name": "blue_heart",
                "users": [
                    "U9SN17L0M",
                    "UBDRWBNRZ",
                    "UBELL5EF5",
                    "UBF0XHZD5",
                    "UBDRXTD8B",
                    "UBDN90RJQ"
                ],
                "count": 6
            },
            {
                "name": "the_love",
                "users": [
                    "U9SN17L0M",
                    "UBELL5EF5",
                    "UBF0XHZD5"
                ],
                "count": 3
            }
        ]
    }
]