[
    {
        "type": "message",
        "user": "U9TKQU99V",
        "text": "오늘의 핵심은 '갈아넣자'입니다",
        "client_msg_id": "915be8db-de0c-4aba-9bd8-3bc5b856bad8",
        "ts": "1530499568.000095",
        "reactions": [
            {
                "name": "i_love_you_hand_sign",
                "users": [
                    "UBDN8UG4C",
                    "UBDUVKQAE",
                    "UBE3NCBKP",
                    "UBBH69509",
                    "U9UFEBXGF",
                    "UBDRWU3GT",
                    "UBF0Y7GMD",
                    "UBD8HB9C0",
                    "UBDRXTD8B",
                    "UBDRVLD1R",
                    "UBDRWK8SX",
                    "UBDN9579S",
                    "UBF0XHZD5",
                    "UBDCWMFND"
                ],
                "count": 14
            },
            {
                "name": "exploding_head",
                "users": [
                    "UBDRVLD1R",
                    "UBELL5EF5"
                ],
                "count": 2
            }
        ]
    },
    {
        "type": "message",
        "user": "UBDRXTD8B",
        "text": "<@UBDUVKQAE> 아까 지은님이 질문 하셨던 신입 데이터 담당자에 대한 기대 수준에 대한 답변 드리고 싶어여!\n산업별로 회사별로 다 다르겠지만 저는 대기업 계열사 기획실에서 데이터(import 및 tidy, 보고서 작성) 담당자로 일했고요!\n제가 알고 있는 큰 흐름은\n\"영업에서 ERP시스템에 매출, 비용 등 raw 입력 -&gt; 롯데정보통신과 같은 SI회사에서 개발한 BI 시스템이 raw 데이터 끌고 옴 -&gt; 기획실 데이터 담당자 (주로 사원, 대리)가 데이터를 import 하여 tidy 과정을 거쳐 보고서를 작성 -&gt; 보고서의 방향과 의사결정은 CEO나 기획팀장(CIO)가 결정함\"\n인데요! 기획 직무 이직을 살펴본 결과 보통 이렇게 가는거 같아여. 시스템이 없는 작은 회사의 경우 아예 import부터 엑셀 노가다로 한다고 알고 있습니다.",
        "client_msg_id": "711977bc-d909-44f5-a952-927f90d2910d",
        "thread_ts": "1530501341.000034",
        "reply_count": 6,
        "replies": [
            {
                "user": "UBDN8T42G",
                "ts": "1530501953.000113"
            },
            {
                "user": "UBDRWK8SX",
                "ts": "1530501987.000064"
            },
            {
                "user": "UBD8GMVNC",
                "ts": "1530502386.000100"
            },
            {
                "user": "UBDRXTD8B",
                "ts": "1530502966.000034"
            },
            {
                "user": "UBDUVKQAE",
                "ts": "1530582837.000187"
            },
            {
                "user": "UBDUVKQAE",
                "ts": "1530583066.000048"
            }
        ],
        "unread_count": 6,
        "ts": "1530501341.000034",
        "reactions": [
            {
                "name": "+1",
                "users": [
                    "UBELL5EF5",
                    "UBDN8T42G",
                    "U9TKQU99V",
                    "UBDRWRE3D",
                    "UBF0XFP7Z",
                    "UBD8HB9C0",
                    "UBDRWK8SX",
                    "UBDRWBNRZ",
                    "UBF0Y7GMD",
                    "UBDN9579S",
                    "UBD8GLUEL",
                    "UBDRWU3GT",
                    "UBDRVLD1R",
                    "UBBH69509",
                    "UBF0XHZD5",
                    "U9SN17L0M",
                    "UBDCWMFND",
                    "UBDUVKQAE"
                ],
                "count": 18
            },
            {
                "name": "face_with_hand_over_mouth",
                "users": [
                    "UBDN8T42G",
                    "UBDUVKQAE",
                    "UBDRVLD1R",
                    "UBF0Y7GMD",
                    "UBD8GLUEL",
                    "UBBH69509",
                    "U9SN17L0M"
                ],
                "count": 7
            },
            {
                "name": "blue_heart",
                "users": [
                    "UBDN8T42G",
                    "UBF0Y7GMD",
                    "U9UFEBXGF",
                    "UBD8GLUEL",
                    "UBBH69509",
                    "UBD8HB9C0",
                    "UBF0XHZD5",
                    "U9SN17L0M"
                ],
                "count": 8
            }
        ]
    },
    {
        "type": "message",
        "user": "UBDN8T42G",
        "text": "희영님 머싯..",
        "client_msg_id": "9dcb21fb-bd76-4450-bbf6-3345bf443875",
        "thread_ts": "1530501341.000034",
        "parent_user_id": "UBDRXTD8B",
        "ts": "1530501953.000113"
    },
    {
        "type": "message",
        "user": "UBDRWK8SX",
        "text": "멋있자나여…",
        "client_msg_id": "eae2c760-58ec-40c4-90a5-853167be067c",
        "thread_ts": "1530501341.000034",
        "parent_user_id": "UBDRXTD8B",
        "ts": "1530501987.000064"
    },
    {
        "type": "message",
        "user": "UBD8GMVNC",
        "text": "고생하셨습니다... 어떤 과정을 겪으셨을지 눈에 보여서 눈물이... ㅠㅠ",
        "client_msg_id": "943d96f0-eb50-400f-974a-60fb6f699f7c",
        "thread_ts": "1530501341.000034",
        "parent_user_id": "UBDRXTD8B",
        "ts": "1530502386.000100"
    },
    {
        "type": "message",
        "user": "UBDRXTD8B",
        "text": "<@UBD8GMVNC> 쭈르륵...:cry:",
        "client_msg_id": "d00494b1-7f3f-4470-b61d-4b722fd8239e",
        "thread_ts": "1530501341.000034",
        "parent_user_id": "UBDRXTD8B",
        "ts": "1530502966.000034"
    },
    {
        "type": "message",
        "text": "여러분 커피 드시고 싶으시면 이거 물에 타서 드세용...!! 창가어딘가에 둘게요",
        "files": [
            {
                "id": "FBGM8RQ5P",
                "created": 1530507255,
                "timestamp": 1530507255,
                "name": "IMG_20180702_135324.jpg",
                "title": "IMG_20180702_135324.jpg",
                "mimetype": "image\/jpeg",
                "filetype": "jpg",
                "pretty_type": "JPEG",
                "user": "UBF0XHZD5",
                "editable": false,
                "size": 3155832,
                "mode": "hosted",
                "is_external": false,
                "external_type": "",
                "is_public": true,
                "public_url_shared": false,
                "display_as_bot": false,
                "username": "",
                "url_private": "https:\/\/files.slack.com\/files-pri\/T9SHC5F9S-FBGM8RQ5P\/img_20180702_135324.jpg?t=xoxe-332590185332-430098056850-431139793783-a3ecafe0d0f66efa522a67af632228d7",
                "url_private_download": "https:\/\/files.slack.com\/files-pri\/T9SHC5F9S-FBGM8RQ5P\/download\/img_20180702_135324.jpg?t=xoxe-332590185332-430098056850-431139793783-a3ecafe0d0f66efa522a67af632228d7",
                "thumb_64": "https:\/\/files.slack.com\/files-tmb\/T9SHC5F9S-FBGM8RQ5P-c5f7164364\/img_20180702_135324_64.jpg?t=xoxe-332590185332-430098056850-431139793783-a3ecafe0d0f66efa522a67af632228d7",
                "thumb_80": "https:\/\/files.slack.com\/files-tmb\/T9SHC5F9S-FBGM8RQ5P-c5f7164364\/img_20180702_135324_80.jpg?t=xoxe-332590185332-430098056850-431139793783-a3ecafe0d0f66efa522a67af632228d7",
                "thumb_360": "https:\/\/files.slack.com\/files-tmb\/T9SHC5F9S-FBGM8RQ5P-c5f7164364\/img_20180702_135324_360.jpg?t=xoxe-332590185332-430098056850-431139793783-a3ecafe0d0f66efa522a67af632228d7",
                "thumb_360_w": 270,
                "thumb_360_h": 360,
                "thumb_480": "https:\/\/files.slack.com\/files-tmb\/T9SHC5F9S-FBGM8RQ5P-c5f7164364\/img_20180702_135324_480.jpg?t=xoxe-332590185332-430098056850-431139793783-a3ecafe0d0f66efa522a67af632228d7",
                "thumb_480_w": 360,
                "thumb_480_h": 480,
                "thumb_160": "https:\/\/files.slack.com\/files-tmb\/T9SHC5F9S-FBGM8RQ5P-c5f7164364\/img_20180702_135324_160.jpg?t=xoxe-332590185332-430098056850-431139793783-a3ecafe0d0f66efa522a67af632228d7",
                "thumb_720": "https:\/\/files.slack.com\/files-tmb\/T9SHC5F9S-FBGM8RQ5P-c5f7164364\/img_20180702_135324_720.jpg?t=xoxe-332590185332-430098056850-431139793783-a3ecafe0d0f66efa522a67af632228d7",
                "thumb_720_w": 540,
                "thumb_720_h": 720,
                "thumb_800": "https:\/\/files.slack.com\/files-tmb\/T9SHC5F9S-FBGM8RQ5P-c5f7164364\/img_20180702_135324_800.jpg?t=xoxe-332590185332-430098056850-431139793783-a3ecafe0d0f66efa522a67af632228d7",
                "thumb_800_w": 800,
                "thumb_800_h": 1067,
                "thumb_960": "https:\/\/files.slack.com\/files-tmb\/T9SHC5F9S-FBGM8RQ5P-c5f7164364\/img_20180702_135324_960.jpg?t=xoxe-332590185332-430098056850-431139793783-a3ecafe0d0f66efa522a67af632228d7",
                "thumb_960_w": 720,
                "thumb_960_h": 960,
                "thumb_1024": "https:\/\/files.slack.com\/files-tmb\/T9SHC5F9S-FBGM8RQ5P-c5f7164364\/img_20180702_135324_1024.jpg?t=xoxe-332590185332-430098056850-431139793783-a3ecafe0d0f66efa522a67af632228d7",
                "thumb_1024_w": 768,
                "thumb_1024_h": 1024,
                "image_exif_rotation": 1,
                "original_w": 4128,
                "original_h": 3096,
                "permalink": "https:\/\/daitgirls.slack.com\/files\/UBF0XHZD5\/FBGM8RQ5P\/img_20180702_135324.jpg",
                "permalink_public": "https:\/\/slack-files.com\/T9SHC5F9S-FBGM8RQ5P-08f88c0147",
                "reactions": [
                    {
                        "name": "blue_heart",
                        "users": [
                            "U9SN17L0M",
                            "UBDN8T42G",
                            "UBELL5EF5",
                            "UBF0Y7GMD",
                            "UBDRWK8SX",
                            "U9UFEBXGF",
                            "UA4EGE85S",
                            "UBD8HB9C0"
                        ],
                        "count": 8
                    }
                ]
            }
        ],
        "upload": true,
        "user": "UBF0XHZD5",
        "display_as_bot": false,
        "reactions": [
            {
                "name": "blue_heart",
                "users": [
                    "U9SN17L0M",
                    "UBDN8T42G",
                    "UBELL5EF5",
                    "UBF0Y7GMD",
                    "UBDRWK8SX",
                    "U9UFEBXGF",
                    "UA4EGE85S",
                    "UBD8HB9C0"
                ],
                "count": 8
            }
        ],
        "client_msg_id": "a6bb4479-4062-4ffb-8122-44931b133e3f",
        "ts": "1530507261.000071"
    },
    {
        "type": "message",
        "subtype": "file_comment",
        "text": "<@UBDN8T42G> commented on <@UBF0XHZD5>’s file <https:\/\/daitgirls.slack.com\/files\/UBF0XHZD5\/FBGM8RQ5P\/img_20180702_135324.jpg|IMG_20180702_135324.jpg>: 천사다",
        "file": {
            "id": "FBGM8RQ5P",
            "created": 1530507255,
            "timestamp": 1530507255,
            "name": "IMG_20180702_135324.jpg",
            "title": "IMG_20180702_135324.jpg",
            "mimetype": "image\/jpeg",
            "filetype": "jpg",
            "pretty_type": "JPEG",
            "user": "UBF0XHZD5",
            "editable": false,
            "size": 3155832,
            "mode": "hosted",
            "is_external": false,
            "external_type": "",
            "is_public": true,
            "public_url_shared": false,
            "display_as_bot": false,
            "username": "",
            "url_private": "https:\/\/files.slack.com\/files-pri\/T9SHC5F9S-FBGM8RQ5P\/img_20180702_135324.jpg?t=xoxe-332590185332-430098056850-431139793783-a3ecafe0d0f66efa522a67af632228d7",
            "url_private_download": "https:\/\/files.slack.com\/files-pri\/T9SHC5F9S-FBGM8RQ5P\/download\/img_20180702_135324.jpg?t=xoxe-332590185332-430098056850-431139793783-a3ecafe0d0f66efa522a67af632228d7",
            "thumb_64": "https:\/\/files.slack.com\/files-tmb\/T9SHC5F9S-FBGM8RQ5P-c5f7164364\/img_20180702_135324_64.jpg?t=xoxe-332590185332-430098056850-431139793783-a3ecafe0d0f66efa522a67af632228d7",
            "thumb_80": "https:\/\/files.slack.com\/files-tmb\/T9SHC5F9S-FBGM8RQ5P-c5f7164364\/img_20180702_135324_80.jpg?t=xoxe-332590185332-430098056850-431139793783-a3ecafe0d0f66efa522a67af632228d7",
            "thumb_360": "https:\/\/files.slack.com\/files-tmb\/T9SHC5F9S-FBGM8RQ5P-c5f7164364\/img_20180702_135324_360.jpg?t=xoxe-332590185332-430098056850-431139793783-a3ecafe0d0f66efa522a67af632228d7",
            "thumb_360_w": 270,
            "thumb_360_h": 360,
            "thumb_480": "https:\/\/files.slack.com\/files-tmb\/T9SHC5F9S-FBGM8RQ5P-c5f7164364\/img_20180702_135324_480.jpg?t=xoxe-332590185332-430098056850-431139793783-a3ecafe0d0f66efa522a67af632228d7",
            "thumb_480_w": 360,
            "thumb_480_h": 480,
            "thumb_160": "https:\/\/files.slack.com\/files-tmb\/T9SHC5F9S-FBGM8RQ5P-c5f7164364\/img_20180702_135324_160.jpg?t=xoxe-332590185332-430098056850-431139793783-a3ecafe0d0f66efa522a67af632228d7",
            "thumb_720": "https:\/\/files.slack.com\/files-tmb\/T9SHC5F9S-FBGM8RQ5P-c5f7164364\/img_20180702_135324_720.jpg?t=xoxe-332590185332-430098056850-431139793783-a3ecafe0d0f66efa522a67af632228d7",
            "thumb_720_w": 540,
            "thumb_720_h": 720,
            "thumb_800": "https:\/\/files.slack.com\/files-tmb\/T9SHC5F9S-FBGM8RQ5P-c5f7164364\/img_20180702_135324_800.jpg?t=xoxe-332590185332-430098056850-431139793783-a3ecafe0d0f66efa522a67af632228d7",
            "thumb_800_w": 800,
            "thumb_800_h": 1067,
            "thumb_960": "https:\/\/files.slack.com\/files-tmb\/T9SHC5F9S-FBGM8RQ5P-c5f7164364\/img_20180702_135324_960.jpg?t=xoxe-332590185332-430098056850-431139793783-a3ecafe0d0f66efa522a67af632228d7",
            "thumb_960_w": 720,
            "thumb_960_h": 960,
            "thumb_1024": "https:\/\/files.slack.com\/files-tmb\/T9SHC5F9S-FBGM8RQ5P-c5f7164364\/img_20180702_135324_1024.jpg?t=xoxe-332590185332-430098056850-431139793783-a3ecafe0d0f66efa522a67af632228d7",
            "thumb_1024_w": 768,
            "thumb_1024_h": 1024,
            "image_exif_rotation": 1,
            "original_w": 4128,
            "original_h": 3096,
            "permalink": "https:\/\/daitgirls.slack.com\/files\/UBF0XHZD5\/FBGM8RQ5P\/img_20180702_135324.jpg",
            "permalink_public": "https:\/\/slack-files.com\/T9SHC5F9S-FBGM8RQ5P-08f88c0147"
        },
        "files": [
            {
                "id": "FBGM8RQ5P",
                "created": 1530507255,
                "timestamp": 1530507255,
                "name": "IMG_20180702_135324.jpg",
                "title": "IMG_20180702_135324.jpg",
                "mimetype": "image\/jpeg",
                "filetype": "jpg",
                "pretty_type": "JPEG",
                "user": "UBF0XHZD5",
                "editable": false,
                "size": 3155832,
                "mode": "hosted",
                "is_external": false,
                "external_type": "",
                "is_public": true,
                "public_url_shared": false,
                "display_as_bot": false,
                "username": "",
                "url_private": "https:\/\/files.slack.com\/files-pri\/T9SHC5F9S-FBGM8RQ5P\/img_20180702_135324.jpg?t=xoxe-332590185332-430098056850-431139793783-a3ecafe0d0f66efa522a67af632228d7",
                "url_private_download": "https:\/\/files.slack.com\/files-pri\/T9SHC5F9S-FBGM8RQ5P\/download\/img_20180702_135324.jpg?t=xoxe-332590185332-430098056850-431139793783-a3ecafe0d0f66efa522a67af632228d7",
                "thumb_64": "https:\/\/files.slack.com\/files-tmb\/T9SHC5F9S-FBGM8RQ5P-c5f7164364\/img_20180702_135324_64.jpg?t=xoxe-332590185332-430098056850-431139793783-a3ecafe0d0f66efa522a67af632228d7",
                "thumb_80": "https:\/\/files.slack.com\/files-tmb\/T9SHC5F9S-FBGM8RQ5P-c5f7164364\/img_20180702_135324_80.jpg?t=xoxe-332590185332-430098056850-431139793783-a3ecafe0d0f66efa522a67af632228d7",
                "thumb_360": "https:\/\/files.slack.com\/files-tmb\/T9SHC5F9S-FBGM8RQ5P-c5f7164364\/img_20180702_135324_360.jpg?t=xoxe-332590185332-430098056850-431139793783-a3ecafe0d0f66efa522a67af632228d7",
                "thumb_360_w": 270,
                "thumb_360_h": 360,
                "thumb_480": "https:\/\/files.slack.com\/files-tmb\/T9SHC5F9S-FBGM8RQ5P-c5f7164364\/img_20180702_135324_480.jpg?t=xoxe-332590185332-430098056850-431139793783-a3ecafe0d0f66efa522a67af632228d7",
                "thumb_480_w": 360,
                "thumb_480_h": 480,
                "thumb_160": "https:\/\/files.slack.com\/files-tmb\/T9SHC5F9S-FBGM8RQ5P-c5f7164364\/img_20180702_135324_160.jpg?t=xoxe-332590185332-430098056850-431139793783-a3ecafe0d0f66efa522a67af632228d7",
                "thumb_720": "https:\/\/files.slack.com\/files-tmb\/T9SHC5F9S-FBGM8RQ5P-c5f7164364\/img_20180702_135324_720.jpg?t=xoxe-332590185332-430098056850-431139793783-a3ecafe0d0f66efa522a67af632228d7",
                "thumb_720_w": 540,
                "thumb_720_h": 720,
                "thumb_800": "https:\/\/files.slack.com\/files-tmb\/T9SHC5F9S-FBGM8RQ5P-c5f7164364\/img_20180702_135324_800.jpg?t=xoxe-332590185332-430098056850-431139793783-a3ecafe0d0f66efa522a67af632228d7",
                "thumb_800_w": 800,
                "thumb_800_h": 1067,
                "thumb_960": "https:\/\/files.slack.com\/files-tmb\/T9SHC5F9S-FBGM8RQ5P-c5f7164364\/img_20180702_135324_960.jpg?t=xoxe-332590185332-430098056850-431139793783-a3ecafe0d0f66efa522a67af632228d7",
                "thumb_960_w": 720,
                "thumb_960_h": 960,
                "thumb_1024": "https:\/\/files.slack.com\/files-tmb\/T9SHC5F9S-FBGM8RQ5P-c5f7164364\/img_20180702_135324_1024.jpg?t=xoxe-332590185332-430098056850-431139793783-a3ecafe0d0f66efa522a67af632228d7",
                "thumb_1024_w": 768,
                "thumb_1024_h": 1024,
                "image_exif_rotation": 1,
                "original_w": 4128,
                "original_h": 3096,
                "permalink": "https:\/\/daitgirls.slack.com\/files\/UBF0XHZD5\/FBGM8RQ5P\/img_20180702_135324.jpg",
                "permalink_public": "https:\/\/slack-files.com\/T9SHC5F9S-FBGM8RQ5P-08f88c0147"
            }
        ],
        "comment": {
            "id": "FcBGGRH68G",
            "created": 1530507582,
            "timestamp": 1530507582,
            "user": "UBDN8T42G",
            "is_intro": false,
            "comment": "천사다"
        },
        "is_intro": false,
        "ts": "1530507582.000048"
    },
    {
        "type": "message",
        "user": "UBE3NCBKP",
        "text": ":heart_eyes:",
        "client_msg_id": "5a6c91a3-e003-4ba9-bdbd-1286a0d9922b",
        "ts": "1530508238.000009"
    },
    {
        "type": "message",
        "user": "UBDRVLD1R",
        "text": "커피 나눔 끝났나요?",
        "client_msg_id": "d56af9b0-7767-45e5-8b5a-03b6bc2f8eaa",
        "ts": "1530508318.000078"
    },
    {
        "type": "message",
        "user": "UBF0XHZD5",
        "text": "아뇨 그냥 다비우실때까지 벽에 둘거에요ㅎㅎㅎ...",
        "client_msg_id": "bb8079a2-729e-4905-9707-ca82e9b07ab5",
        "ts": "1530511096.000010"
    },
    {
        "type": "message",
        "user": "UBF0XHZD5",
        "text": "창가에 이써요",
        "client_msg_id": "91b4a584-c0f1-4e84-9385-02c5c44fa7d3",
        "ts": "1530511106.000047"
    },
    {
        "type": "message",
        "user": "UBF0XHZD5",
        "text": "수업끝나면 치우게씁니다 ^^",
        "client_msg_id": "f50cbd98-66ca-4d83-abb7-a10c5c9a9f07",
        "ts": "1530511123.000102",
        "reactions": [
            {
                "name": "blue_heart",
                "users": [
                    "UBDRVLD1R",
                    "UBDCWMFND"
                ],
                "count": 2
            }
        ]
    },
    {
        "type": "message",
        "user": "UBDRVLD1R",
        "text": "저도 먹고 싶어요~",
        "client_msg_id": "68194224-09cf-4aa9-95cd-3be7d43d5cb8",
        "ts": "1530511604.000139"
    },
    {
        "type": "message",
        "user": "UBDRVLD1R",
        "text": "ㅠㅠ",
        "client_msg_id": "ff6d0117-49f4-4b8b-9433-bd9f4e821140",
        "ts": "1530511606.000165",
        "reactions": [
            {
                "name": "+1",
                "users": [
                    "UBF0XHZD5"
                ],
                "count": 1
            }
        ]
    }
]