[
    {
        "type": "message",
        "user": "UBF1K97FH",
        "text": "제가 좋아하는 generative design project예요! <https:\/\/onformative.com\/work\/4010-facebook-tree>",
        "client_msg_id": "ca5f2e24-e36f-435b-9390-fe271edc2c01",
        "attachments": [
            {
                "title": "4010 Facebook Tree",
                "title_link": "https:\/\/onformative.com\/work\/4010-facebook-tree",
                "text": "This abstract data illustration highlights the store’s communication by visualizing the interaction of users online. Inspired by botany, the residue of correspondence is transformed into colourful forms reminiscent of natural vegetation.",
                "fallback": "4010 Facebook Tree",
                "from_url": "https:\/\/onformative.com\/work\/4010-facebook-tree",
                "service_icon": "https:\/\/onformative.com\/assets\/favicon\/apple-touch-icon-57x57.png",
                "service_name": "onformative.com",
                "id": 1,
                "original_url": "https:\/\/onformative.com\/work\/4010-facebook-tree"
            }
        ],
        "ts": "1530515190.000274",
        "reactions": [
            {
                "name": "stuck_out_tongue",
                "users": [
                    "UBF0XHZD5",
                    "UBDRVLD1R",
                    "UBELL5EF5",
                    "UBF0Y7GMD",
                    "UBDCWMFND"
                ],
                "count": 5
            },
            {
                "name": "star-struck",
                "users": [
                    "UBF0Y7GMD"
                ],
                "count": 1
            }
        ]
    },
    {
        "type": "message",
        "user": "UBDRVLD1R",
        "text": "<https:\/\/www.liveleak.com\/view?t=b75_1371314878>",
        "client_msg_id": "17629963-6be7-4b38-8081-9b8ec07698e4",
        "attachments": [
            {
                "title": "Liveleak.com - The World's First Fractal Movie - \"Vol Libre\" 1979 -  Loren Carpenter   ( Computer Graphics )",
                "title_link": "https:\/\/www.liveleak.com\/view?t=b75_1371314878",
                "text": "Loren Carpenter made this film in 1979-80 to accompany a SIGGRAPH pape..",
                "fallback": "Liveleak.com - The World's First Fractal Movie - \"Vol Libre\" 1979 -  Loren Carpenter   ( Computer Graphics )",
                "from_url": "https:\/\/www.liveleak.com\/view?t=b75_1371314878",
                "thumb_url": "https:\/\/cdn.liveleak.com\/80281E\/u\/u\/thumbs\/2013\/Jun\/15\/bb00e56a0d38_thumb_5.jpg",
                "thumb_width": 120,
                "thumb_height": 90,
                "service_icon": "https:\/\/www.liveleak.com\/favicon.ico",
                "service_name": "liveleak.com",
                "id": 1,
                "original_url": "https:\/\/www.liveleak.com\/view?t=b75_1371314878"
            }
        ],
        "ts": "1530515724.000270"
    },
    {
        "type": "message",
        "user": "UBDRVLD1R",
        "text": "The World's First Fractal Movie",
        "client_msg_id": "e846b33f-b0ff-4877-82cd-a2a06e940d18",
        "ts": "1530515794.000206"
    },
    {
        "type": "message",
        "user": "U9UFEBXGF",
        "text": "데잇걸즈 수업안내 - 하루를 돌아보는 회고부분 참고하세용 :slightly_smiling_face: \n<https:\/\/docs.google.com\/document\/d\/1--0SFtd0UdPfeyjfcUZwvbkeiqfxAOUHm4oS5H4S9dM\/edit?usp=sharing>",
        "client_msg_id": "6c38b617-9845-40d8-adb9-b6e10acb0c78",
        "edited": {
            "user": "U9UFEBXGF",
            "ts": "1530517036.000000"
        },
        "ts": "1530516831.000113"
    },
    {
        "type": "message",
        "user": "UBDRWK8SX",
        "text": "<http:\/\/soso-coding.tistory.com\/2>",
        "client_msg_id": "dc49570e-0cd7-4c80-915a-1a504c17d36a",
        "attachments": [
            {
                "service_name": "그럭저럭 개발자",
                "title": "마크다운(markdown) 사용법",
                "title_link": "http:\/\/soso-coding.tistory.com\/2",
                "text": "마크다운이란? 마크다운(markdown)은 일반 텍스트 문서의 양식을 편집하는 문법으로 2004년 John Gruber가 개발하였습니다. 일반 텍스트 편집기로 문서 양식을 쉽게 편집할 수 있으며, 마크다운을 이용해 작성된..",
                "fallback": "그럭저럭 개발자: 마크다운(markdown) 사용법",
                "image_url": "http:\/\/cfile23.uf.tistory.com\/image\/99D0733A5A68B438025971",
                "ts": 1516811639,
                "from_url": "http:\/\/soso-coding.tistory.com\/2",
                "image_width": 438,
                "image_height": 250,
                "image_bytes": 65675,
                "service_icon": "http:\/\/i1.daumcdn.net\/thumb\/C180x180\/?fname=http%3A%2F%2Fcfile5.uf.tistory.com%2Fimage%2F241F093D5701E7380371B5",
                "id": 1,
                "original_url": "http:\/\/soso-coding.tistory.com\/2"
            }
        ],
        "ts": "1530517372.000272",
        "reactions": [
            {
                "name": "+1",
                "users": [
                    "UBDUUV802",
                    "U9TKQU99V"
                ],
                "count": 2
            }
        ]
    },
    {
        "type": "message",
        "user": "UBDN8T42G",
        "text": "*4조*\n\n*Fact*\n- 애자일 방법론\n- 콜레라 지도 \/ 로즈 다이어그램으로 데이터 분석 사례와 중요성\n- 보로노이 다이어그램\n- 탐색 단계의 시각화와 알리는 용도의 시각화가 다르다\n*Feeling*\n- 터틀보다 스크래치가 재밌따\n- 스크래치를 새로 써보니 재밌어서 익숙해지기 전에 많이 사용하면 좋겠다\n*Finding*\n- 보로노이 다이어그램을 이용해 에어비앤비 지역별 수요 공급 지도를도 구역별로 나눠서 분석할 수있겠다\n- 데이터 모델링 &gt; 비즈니스에 적용되기 위해서는 해당 부분을 고려하는 목표 설정이 필요해 보인다.\n- 컴퓨터는 랜덤한 작업에 약한데 사람이 보완할 수 있는 부분(강점)이라 생각된다\n- 마케터로 근무하면서 데이터 리포트 작업이 굉장히 많은데 개발 지식이 있으면 자동화할 수 있어 업무에 매우 유용할듯",
        "client_msg_id": "b990f144-5aec-4ca3-bbb1-c8ce7f82c46f",
        "ts": "1530517377.000291",
        "reactions": [
            {
                "name": "blue_heart",
                "users": [
                    "U9SN17L0M",
                    "UBELL5EF5",
                    "UA4EGE85S",
                    "UBDUUV802",
                    "U9TKQU99V"
                ],
                "count": 5
            },
            {
                "name": "100",
                "users": [
                    "U9SN17L0M",
                    "UBDN8UG4C"
                ],
                "count": 2
            }
        ]
    },
    {
        "type": "message",
        "user": "UBDN8UG4C",
        "text": "180702 수업회고 [G조]\n이론적으로는 좋은 방법이지만 실제로 조직의 의사결정 방법에서도 애자일 방법론이 적용되는지, 혹은 효율적이고 효과적일 지 궁금하다. 데이터 사이언스, 콜레라 지도, 로즈 다이어그램이 신기하고 흥미로웠다. 모든 시각화에는 목적이 있고, 그것이 왜곡될 수 있다는 것에 공감하였다. 언어의 모호성을 없애는 것과 관련하여 11명의 그룹을 나누어 본 것이 흥미롭고 색달랐다.\n코딩을 잘 하는 사람들의 특징인, 모호성 없고 간결하게 표현하는 법에 대한 공부가 더 필요할 것 같다.",
        "client_msg_id": "770242af-0b55-4486-a055-3845d48d5436",
        "ts": "1530517406.000150",
        "reactions": [
            {
                "name": "blue_heart",
                "users": [
                    "U9SN17L0M",
                    "UBELL5EF5",
                    "UA4EGE85S",
                    "U9UFEBXGF",
                    "UBDUUV802",
                    "U9TKQU99V"
                ],
                "count": 6
            },
            {
                "name": "100",
                "users": [
                    "U9SN17L0M",
                    "U9UFEBXGF"
                ],
                "count": 2
            }
        ]
    },
    {
        "type": "message",
        "user": "UBDCWMFND",
        "text": "180702 수업회고 [H조] \n- 전공자\n기초 개념 등 자세한 부분까지 짚고 넘어가주셔서 다시 한 번 생각해 볼 수 있었음, 비전공자 팀원들을 많이 도와주고 싶다.\n- 비전공자\n통계 기초, 프로그래밍 기초, 데이터 분석 3가지 역량의 조합, 필요성에 대하여 그림을 그려볼 수 있었고, 저번 주와는 다른 툴과 개념들을 접하며 매우 흥미로웠다. 또 수업의 진도에 따라 개인의 학습량이 뒷받침 되어야 우리가 원하는 학습목표에 도달 할 수 있을 것이라 회고하였다.",
        "client_msg_id": "1b0e2297-d7f5-4660-af0d-c8fd10ba997b",
        "ts": "1530517854.000302",
        "reactions": [
            {
                "name": "blue_heart",
                "users": [
                    "U9SN17L0M",
                    "UBELL5EF5",
                    "UA4EGE85S",
                    "U9UFEBXGF",
                    "UBDUUV802",
                    "UBBH69509",
                    "U9TKQU99V",
                    "UBDCWMFND"
                ],
                "count": 8
            },
            {
                "name": "100",
                "users": [
                    "U9SN17L0M",
                    "UBD8HB9C0",
                    "U9UFEBXGF"
                ],
                "count": 3
            }
        ]
    },
    {
        "type": "message",
        "user": "UBDUUV802",
        "text": "180702 수업회고 [E조]Data의 시각화, 표현에 따라서 유의미한 분석이 달라질 수 있음을 배웠다.\nData science가 어떠한 과정으로 이루어 지는 지를 배울 수 있었고, 컴퓨터적으로 사고하는 방식을 실습을 통해 여러 다양한 아이디어를 나눠볼 수 있어 좋았습니다.\n프로그래밍이 어떤 과정을 통해 이루어지는지를 스크래치 실습을 통해 익혔습니다.\n파이썬을 배우기 전에 스크래치를 통해 프로그래밍을 배웠다면 조금 더 쉽고 개념을 확실히 알 수 있었을 것 같습니다. \n앞으로 파이썬을 배울 때에도 오늘 배웠던 컴퓨터의 logic과 프로그래밍의 sequence, selection, repetition을 유념하고 배우면 좋을 것 같습니다.",
        "client_msg_id": "077a6418-79a0-4593-b3fb-337052c09f9e",
        "ts": "1530518127.000152",
        "reactions": [
            {
                "name": "blue_heart",
                "users": [
                    "U9SN17L0M",
                    "UBDN9579S",
                    "U9UFEBXGF",
                    "UA4EGE85S",
                    "UBBH69509",
                    "U9TKQU99V"
                ],
                "count": 6
            },
            {
                "name": "100",
                "users": [
                    "U9SN17L0M",
                    "UBDN9579S",
                    "U9UFEBXGF"
                ],
                "count": 3
            }
        ]
    },
    {
        "type": "message",
        "user": "UBDRWU3GT",
        "text": "180702 수업회고 A조\n데이터를 분석하는 과정은 이상적이지만 실제로 업계에서 발생하는 문제에 대해 말씀해주셔서 좋았다.  서로의 지식을 공유하고 배우는 자세를 가져야겠다. 그룹을 직접 나누는 방법에 대해 고민하면서 모호한 점을 없애고 객관적으로 바라보는 것이 중요하다는 것을 느꼈다.\n파이썬을 들어가기 전에 스크래치 실습을 해보면서 이런식으로 코딩을 배울 수도 있구나, 생각했고 흥미로웠고 재밌었다.",
        "client_msg_id": "f4abe102-4aaa-4429-b761-479acf4df3d2",
        "ts": "1530518841.000014",
        "reactions": [
            {
                "name": "blue_heart",
                "users": [
                    "U9SN17L0M",
                    "UBELL5EF5",
                    "UA4EGE85S",
                    "UBDUUV802",
                    "U9UFEBXGF",
                    "UBBH69509",
                    "U9TKQU99V"
                ],
                "count": 7
            },
            {
                "name": "100",
                "users": [
                    "U9SN17L0M",
                    "U9UFEBXGF"
                ],
                "count": 2
            }
        ]
    },
    {
        "type": "message",
        "user": "UBDCWPPNV",
        "text": "180702 [F조]  컴퓨터와 사람이 생각하는 방식이 다르다는 것을 배웠습니다. 스크래치를 통해 프로그래밍의 기초를 배우고 실습을 통해서 generative art에 대해 알게 되어 신기했습니다.  Sequence , repetition, selection의 개념을 배웠습니다.",
        "client_msg_id": "db2cf228-37db-4150-b56e-74183c6c8063",
        "ts": "1530519233.000117",
        "reactions": [
            {
                "name": "blue_heart",
                "users": [
                    "U9SN17L0M",
                    "UBELL5EF5",
                    "UA4EGE85S",
                    "UBDUUV802",
                    "U9UFEBXGF",
                    "UBBH69509",
                    "U9TKQU99V"
                ],
                "count": 7
            },
            {
                "name": "100",
                "users": [
                    "U9SN17L0M",
                    "U9UFEBXGF"
                ],
                "count": 2
            }
        ]
    },
    {
        "type": "message",
        "user": "UBELL5EF5",
        "text": "오늘 모두 수고하셨습니다. 열심히 해주셔서 보람차요. 내일 뵐게요!",
        "client_msg_id": "0C4571C0-5891-4B25-B17D-1EC5EBBA4D23",
        "ts": "1530521573.000333",
        "reactions": [
            {
                "name": "laughing",
                "users": [
                    "UBDUUV802",
                    "UA4EGE85S",
                    "U9TKQU99V",
                    "UBBH69509",
                    "U9UFEBXGF",
                    "UBF0XHZD5",
                    "UBDRVLD1R",
                    "UBF0Y7GMD",
                    "UBDCWMFND",
                    "UBD8GLUEL",
                    "UAMSPH7KM"
                ],
                "count": 11
            },
            {
                "name": "clap",
                "users": [
                    "UBDN8UG4C",
                    "UBBH69509",
                    "U9UFEBXGF",
                    "UBF0XHZD5",
                    "U9SN17L0M",
                    "UBDN8T42G",
                    "UBF0Y7GMD",
                    "UBD8GLUEL",
                    "UAMSPH7KM"
                ],
                "count": 9
            }
        ]
    },
    {
        "type": "message",
        "text": "",
        "files": [
            {
                "id": "FBG2DFGQ3",
                "created": 1530248599,
                "timestamp": 1530248599,
                "name": "TIL_20180628_GitHub_v2.jpg",
                "title": "TIL_20180628_GitHub_v2.jpg",
                "mimetype": "image\/jpeg",
                "filetype": "jpg",
                "pretty_type": "JPEG",
                "user": "UBD8GMVNC",
                "editable": false,
                "size": 472074,
                "mode": "hosted",
                "is_external": false,
                "external_type": "",
                "is_public": true,
                "public_url_shared": false,
                "display_as_bot": false,
                "username": "",
                "url_private": "https:\/\/files.slack.com\/files-pri\/T9SHC5F9S-FBG2DFGQ3\/til_20180628_github_v2.jpg?t=xoxe-332590185332-430098056850-431139793783-a3ecafe0d0f66efa522a67af632228d7",
                "url_private_download": "https:\/\/files.slack.com\/files-pri\/T9SHC5F9S-FBG2DFGQ3\/download\/til_20180628_github_v2.jpg?t=xoxe-332590185332-430098056850-431139793783-a3ecafe0d0f66efa522a67af632228d7",
                "thumb_64": "https:\/\/files.slack.com\/files-tmb\/T9SHC5F9S-FBG2DFGQ3-014e7d8a19\/til_20180628_github_v2_64.jpg?t=xoxe-332590185332-430098056850-431139793783-a3ecafe0d0f66efa522a67af632228d7",
                "thumb_80": "https:\/\/files.slack.com\/files-tmb\/T9SHC5F9S-FBG2DFGQ3-014e7d8a19\/til_20180628_github_v2_80.jpg?t=xoxe-332590185332-430098056850-431139793783-a3ecafe0d0f66efa522a67af632228d7",
                "thumb_360": "https:\/\/files.slack.com\/files-tmb\/T9SHC5F9S-FBG2DFGQ3-014e7d8a19\/til_20180628_github_v2_360.jpg?t=xoxe-332590185332-430098056850-431139793783-a3ecafe0d0f66efa522a67af632228d7",
                "thumb_360_w": 360,
                "thumb_360_h": 244,
                "thumb_480": "https:\/\/files.slack.com\/files-tmb\/T9SHC5F9S-FBG2DFGQ3-014e7d8a19\/til_20180628_github_v2_480.jpg?t=xoxe-332590185332-430098056850-431139793783-a3ecafe0d0f66efa522a67af632228d7",
                "thumb_480_w": 480,
                "thumb_480_h": 326,
                "thumb_160": "https:\/\/files.slack.com\/files-tmb\/T9SHC5F9S-FBG2DFGQ3-014e7d8a19\/til_20180628_github_v2_160.jpg?t=xoxe-332590185332-430098056850-431139793783-a3ecafe0d0f66efa522a67af632228d7",
                "thumb_720": "https:\/\/files.slack.com\/files-tmb\/T9SHC5F9S-FBG2DFGQ3-014e7d8a19\/til_20180628_github_v2_720.jpg?t=xoxe-332590185332-430098056850-431139793783-a3ecafe0d0f66efa522a67af632228d7",
                "thumb_720_w": 720,
                "thumb_720_h": 489,
                "thumb_800": "https:\/\/files.slack.com\/files-tmb\/T9SHC5F9S-FBG2DFGQ3-014e7d8a19\/til_20180628_github_v2_800.jpg?t=xoxe-332590185332-430098056850-431139793783-a3ecafe0d0f66efa522a67af632228d7",
                "thumb_800_w": 800,
                "thumb_800_h": 543,
                "thumb_960": "https:\/\/files.slack.com\/files-tmb\/T9SHC5F9S-FBG2DFGQ3-014e7d8a19\/til_20180628_github_v2_960.jpg?t=xoxe-332590185332-430098056850-431139793783-a3ecafe0d0f66efa522a67af632228d7",
                "thumb_960_w": 960,
                "thumb_960_h": 652,
                "thumb_1024": "https:\/\/files.slack.com\/files-tmb\/T9SHC5F9S-FBG2DFGQ3-014e7d8a19\/til_20180628_github_v2_1024.jpg?t=xoxe-332590185332-430098056850-431139793783-a3ecafe0d0f66efa522a67af632228d7",
                "thumb_1024_w": 1024,
                "thumb_1024_h": 695,
                "image_exif_rotation": 1,
                "original_w": 3004,
                "original_h": 2039,
                "permalink": "https:\/\/daitgirls.slack.com\/files\/UBD8GMVNC\/FBG2DFGQ3\/til_20180628_github_v2.jpg",
                "permalink_public": "https:\/\/slack-files.com\/T9SHC5F9S-FBG2DFGQ3-b2bfc2b615",
                "reactions": [
                    {
                        "name": "star-struck",
                        "users": [
                            "UBDRVLD1R",
                            "UBD8GLUEL",
                            "UBDRWK8SX",
                            "UBDCWMFND",
                            "UBF0XHZD5",
                            "U9TKQU99V"
                        ],
                        "count": 6
                    },
                    {
                        "name": "heart_eyes_cat",
                        "users": [
                            "UBDRXTD8B",
                            "UBF0XHZD5"
                        ],
                        "count": 2
                    },
                    {
                        "name": "100",
                        "users": [
                            "U9SN17L0M",
                            "UBF0XHZD5"
                        ],
                        "count": 2
                    }
                ]
            }
        ],
        "upload": false,
        "user": "UAMPGHJRJ",
        "display_as_bot": false,
        "reactions": [
            {
                "name": "star-struck",
                "users": [
                    "UBDRVLD1R",
                    "UBD8GLUEL",
                    "UBDRWK8SX",
                    "UBDCWMFND",
                    "UBF0XHZD5",
                    "U9TKQU99V"
                ],
                "count": 6
            },
            {
                "name": "heart_eyes_cat",
                "users": [
                    "UBDRXTD8B",
                    "UBF0XHZD5"
                ],
                "count": 2
            },
            {
                "name": "100",
                "users": [
                    "U9SN17L0M",
                    "UBF0XHZD5"
                ],
                "count": 2
            }
        ],
        "ts": "1530524252.000182"
    },
    {
        "type": "message",
        "user": "UAMPGHJRJ",
        "text": "잘못눌럿읍니다 죄송해요!!ㅋㅋ",
        "client_msg_id": "f37e9232-3a80-43df-a250-852d7e0990e1",
        "ts": "1530524272.000124"
    },
    {
        "type": "message",
        "user": "UBF1K97FH",
        "text": "혹시 스크래치에 고양이가 화면밖으로 사라졌을때 다시 찾아오는 방법 아시는 분 계신가요?",
        "client_msg_id": "5DBA8575-5A1E-40AC-AA27-877DE2797196",
        "ts": "1530532901.000294"
    },
    {
        "type": "message",
        "user": "UBF0XHZD5",
        "text": "x,y좌표를 어디로 설정",
        "client_msg_id": "d3df5cc9-45db-41e5-babb-f4a9a6af849f",
        "ts": "1530532921.000045"
    },
    {
        "type": "message",
        "user": "UBF0XHZD5",
        "text": "이걸로 하시면 될것같은데요..! 정확한 이름을 찾아올게요 잠시만요",
        "client_msg_id": "5cf925a4-5275-4de9-a980-08b040c2767d",
        "ts": "1530532931.000318",
        "reactions": [
            {
                "name": "+1",
                "users": [
                    "UBELL5EF5"
                ],
                "count": 1
            }
        ]
    },
    {
        "type": "message",
        "text": "",
        "files": [
            {
                "id": "FBGN9NUL8",
                "created": 1530533005,
                "timestamp": 1530533005,
                "name": "image.png",
                "title": "image.png",
                "mimetype": "image\/png",
                "filetype": "png",
                "pretty_type": "PNG",
                "user": "UBF0XHZD5",
                "editable": false,
                "size": 18822,
                "mode": "hosted",
                "is_external": false,
                "external_type": "",
                "is_public": true,
                "public_url_shared": false,
                "display_as_bot": false,
                "username": "",
                "url_private": "https:\/\/files.slack.com\/files-pri\/T9SHC5F9S-FBGN9NUL8\/image.png?t=xoxe-332590185332-430098056850-431139793783-a3ecafe0d0f66efa522a67af632228d7",
                "url_private_download": "https:\/\/files.slack.com\/files-pri\/T9SHC5F9S-FBGN9NUL8\/download\/image.png?t=xoxe-332590185332-430098056850-431139793783-a3ecafe0d0f66efa522a67af632228d7",
                "thumb_64": "https:\/\/files.slack.com\/files-tmb\/T9SHC5F9S-FBGN9NUL8-40067a918b\/image_64.png?t=xoxe-332590185332-430098056850-431139793783-a3ecafe0d0f66efa522a67af632228d7",
                "thumb_80": "https:\/\/files.slack.com\/files-tmb\/T9SHC5F9S-FBGN9NUL8-40067a918b\/image_80.png?t=xoxe-332590185332-430098056850-431139793783-a3ecafe0d0f66efa522a67af632228d7",
                "thumb_360": "https:\/\/files.slack.com\/files-tmb\/T9SHC5F9S-FBGN9NUL8-40067a918b\/image_360.png?t=xoxe-332590185332-430098056850-431139793783-a3ecafe0d0f66efa522a67af632228d7",
                "thumb_360_w": 360,
                "thumb_360_h": 226,
                "thumb_480": "https:\/\/files.slack.com\/files-tmb\/T9SHC5F9S-FBGN9NUL8-40067a918b\/image_480.png?t=xoxe-332590185332-430098056850-431139793783-a3ecafe0d0f66efa522a67af632228d7",
                "thumb_480_w": 480,
                "thumb_480_h": 302,
                "thumb_160": "https:\/\/files.slack.com\/files-tmb\/T9SHC5F9S-FBGN9NUL8-40067a918b\/image_160.png?t=xoxe-332590185332-430098056850-431139793783-a3ecafe0d0f66efa522a67af632228d7",
                "image_exif_rotation": 1,
                "original_w": 587,
                "original_h": 369,
                "permalink": "https:\/\/daitgirls.slack.com\/files\/UBF0XHZD5\/FBGN9NUL8\/image.png",
                "permalink_public": "https:\/\/slack-files.com\/T9SHC5F9S-FBGN9NUL8-37f23b74b6"
            }
        ],
        "upload": true,
        "user": "UBF0XHZD5",
        "display_as_bot": false,
        "ts": "1530533006.000205"
    },
    {
        "type": "message",
        "user": "UBF0XHZD5",
        "text": "밑에 친구요",
        "client_msg_id": "7ff36397-9c0a-4bea-9b56-6e1ae7db2768",
        "ts": "1530533021.000115"
    },
    {
        "type": "message",
        "user": "UBF1K97FH",
        "text": "아~ 네 감사합니다!!!",
        "client_msg_id": "C2BE708B-30D4-47A1-A6A1-4506E7F45A20",
        "ts": "1530533034.000305",
        "reactions": [
            {
                "name": "+1",
                "users": [
                    "UBELL5EF5"
                ],
                "count": 1
            }
        ]
    },
    {
        "type": "message",
        "text": "제가 마크다운으로 TIL 작성 하는 중에 우연히 이런 식으로 preview가 나왔는데요! 이렇게 결과가 나오는 건 어떤 문법을 사용한 경우인가요??ㅠㅠ",
        "files": [
            {
                "id": "FBHAPUBNF",
                "created": 1530534572,
                "timestamp": 1530534572,
                "name": "preview.JPG",
                "title": "preview.JPG",
                "mimetype": "image\/jpeg",
                "filetype": "jpg",
                "pretty_type": "JPEG",
                "user": "UBDN8UG4C",
                "editable": false,
                "size": 41058,
                "mode": "hosted",
                "is_external": false,
                "external_type": "",
                "is_public": true,
                "public_url_shared": false,
                "display_as_bot": false,
                "username": "",
                "url_private": "https:\/\/files.slack.com\/files-pri\/T9SHC5F9S-FBHAPUBNF\/preview.jpg?t=xoxe-332590185332-430098056850-431139793783-a3ecafe0d0f66efa522a67af632228d7",
                "url_private_download": "https:\/\/files.slack.com\/files-pri\/T9SHC5F9S-FBHAPUBNF\/download\/preview.jpg?t=xoxe-332590185332-430098056850-431139793783-a3ecafe0d0f66efa522a67af632228d7",
                "thumb_64": "https:\/\/files.slack.com\/files-tmb\/T9SHC5F9S-FBHAPUBNF-f504d2c70c\/preview_64.jpg?t=xoxe-332590185332-430098056850-431139793783-a3ecafe0d0f66efa522a67af632228d7",
                "thumb_80": "https:\/\/files.slack.com\/files-tmb\/T9SHC5F9S-FBHAPUBNF-f504d2c70c\/preview_80.jpg?t=xoxe-332590185332-430098056850-431139793783-a3ecafe0d0f66efa522a67af632228d7",
                "thumb_360": "https:\/\/files.slack.com\/files-tmb\/T9SHC5F9S-FBHAPUBNF-f504d2c70c\/preview_360.jpg?t=xoxe-332590185332-430098056850-431139793783-a3ecafe0d0f66efa522a67af632228d7",
                "thumb_360_w": 360,
                "thumb_360_h": 204,
                "thumb_480": "https:\/\/files.slack.com\/files-tmb\/T9SHC5F9S-FBHAPUBNF-f504d2c70c\/preview_480.jpg?t=xoxe-332590185332-430098056850-431139793783-a3ecafe0d0f66efa522a67af632228d7",
                "thumb_480_w": 480,
                "thumb_480_h": 272,
                "thumb_160": "https:\/\/files.slack.com\/files-tmb\/T9SHC5F9S-FBHAPUBNF-f504d2c70c\/preview_160.jpg?t=xoxe-332590185332-430098056850-431139793783-a3ecafe0d0f66efa522a67af632228d7",
                "image_exif_rotation": 1,
                "original_w": 717,
                "original_h": 406,
                "permalink": "https:\/\/daitgirls.slack.com\/files\/UBDN8UG4C\/FBHAPUBNF\/preview.jpg",
                "permalink_public": "https:\/\/slack-files.com\/T9SHC5F9S-FBHAPUBNF-b50e712bde"
            }
        ],
        "upload": true,
        "user": "UBDN8UG4C",
        "display_as_bot": false,
        "ts": "1530534574.000045"
    },
    {
        "type": "message",
        "user": "UBD8GLUEL",
        "text": "문장을 \n~~~\n안녕하세요\n~~~\n하는 식으로 감싸보세용",
        "client_msg_id": "7cf408b2-fc88-4a38-ba9e-14b751896b52",
        "thread_ts": "1530534640.000285",
        "reply_count": 3,
        "replies": [
            {
                "user": "UBDN8UG4C",
                "ts": "1530534888.000249"
            },
            {
                "user": "U9SN17L0M",
                "ts": "1530536214.000348"
            },
            {
                "user": "U9SN17L0M",
                "ts": "1530536267.000210"
            }
        ],
        "unread_count": 3,
        "ts": "1530534640.000285",
        "reactions": [
            {
                "name": "+1",
                "users": [
                    "UBDN8UG4C",
                    "UBF0XHZD5",
                    "UBDUVKQAE"
                ],
                "count": 3
            }
        ]
    },
    {
        "type": "message",
        "text": "근데 제가 작성할 때 ~~~ 를 쓰지 않고 캡쳐처럼 작성했는데 저렇게 결과가 나왔어요!!",
        "files": [
            {
                "id": "FBGNRCK96",
                "created": 1530534812,
                "timestamp": 1530534812,
                "name": "image.png",
                "title": "image.png",
                "mimetype": "image\/png",
                "filetype": "png",
                "pretty_type": "PNG",
                "user": "UBDN8UG4C",
                "editable": false,
                "size": 24576,
                "mode": "hosted",
                "is_external": false,
                "external_type": "",
                "is_public": true,
                "public_url_shared": false,
                "display_as_bot": false,
                "username": "",
                "url_private": "https:\/\/files.slack.com\/files-pri\/T9SHC5F9S-FBGNRCK96\/image.png?t=xoxe-332590185332-430098056850-431139793783-a3ecafe0d0f66efa522a67af632228d7",
                "url_private_download": "https:\/\/files.slack.com\/files-pri\/T9SHC5F9S-FBGNRCK96\/download\/image.png?t=xoxe-332590185332-430098056850-431139793783-a3ecafe0d0f66efa522a67af632228d7",
                "thumb_64": "https:\/\/files.slack.com\/files-tmb\/T9SHC5F9S-FBGNRCK96-0a3c39c828\/image_64.png?t=xoxe-332590185332-430098056850-431139793783-a3ecafe0d0f66efa522a67af632228d7",
                "thumb_80": "https:\/\/files.slack.com\/files-tmb\/T9SHC5F9S-FBGNRCK96-0a3c39c828\/image_80.png?t=xoxe-332590185332-430098056850-431139793783-a3ecafe0d0f66efa522a67af632228d7",
                "thumb_360": "https:\/\/files.slack.com\/files-tmb\/T9SHC5F9S-FBGNRCK96-0a3c39c828\/image_360.png?t=xoxe-332590185332-430098056850-431139793783-a3ecafe0d0f66efa522a67af632228d7",
                "thumb_360_w": 360,
                "thumb_360_h": 194,
                "thumb_480": "https:\/\/files.slack.com\/files-tmb\/T9SHC5F9S-FBGNRCK96-0a3c39c828\/image_480.png?t=xoxe-332590185332-430098056850-431139793783-a3ecafe0d0f66efa522a67af632228d7",
                "thumb_480_w": 480,
                "thumb_480_h": 258,
                "thumb_160": "https:\/\/files.slack.com\/files-tmb\/T9SHC5F9S-FBGNRCK96-0a3c39c828\/image_160.png?t=xoxe-332590185332-430098056850-431139793783-a3ecafe0d0f66efa522a67af632228d7",
                "image_exif_rotation": 1,
                "original_w": 556,
                "original_h": 299,
                "permalink": "https:\/\/daitgirls.slack.com\/files\/UBDN8UG4C\/FBGNRCK96\/image.png",
                "permalink_public": "https:\/\/slack-files.com\/T9SHC5F9S-FBGNRCK96-7730e75d6b"
            }
        ],
        "upload": true,
        "user": "UBDN8UG4C",
        "display_as_bot": false,
        "ts": "1530534814.000112"
    },
    {
        "type": "message",
        "user": "UBD8GLUEL",
        "text": "오옹 짱이에요 헤헿ㅎ",
        "client_msg_id": "d9ea394a-9ddd-4455-8e4a-fc0f6051874a",
        "ts": "1530534882.000138"
    },
    {
        "type": "message",
        "user": "UBDN8UG4C",
        "text": "오호라 이렇게 하는거군요~~~~ 감사합니당&gt;ㅁ&lt;",
        "client_msg_id": "eb85bb5a-a8f0-4a10-8ef4-4d13af114113",
        "thread_ts": "1530534640.000285",
        "parent_user_id": "UBD8GLUEL",
        "ts": "1530534888.000249",
        "reactions": [
            {
                "name": "laughing",
                "users": [
                    "UBD8GLUEL"
                ],
                "count": 1
            }
        ]
    },
    {
        "type": "message",
        "user": "UBDN8UG4C",
        "text": "마크다운이란 알 수 없네요.....ㅎㅎ..",
        "client_msg_id": "1d20d66e-5c84-451c-a156-49e34336dccf",
        "ts": "1530534927.000419",
        "reactions": [
            {
                "name": "thinking_face",
                "users": [
                    "UBD8GLUEL",
                    "UBF0XHZD5"
                ],
                "count": 2
            }
        ]
    },
    {
        "type": "message",
        "user": "UBDRVLD1R",
        "text": "글씨가 회색으로 변한 걸 보니 뭔가가 적용되긴 했나봐요..! 아무것도 없었다면 tab이 원인 아닐까요? ",
        "client_msg_id": "3FE3E43E-65A0-4F81-9ABD-87658633EEF3",
        "thread_ts": "1530535348.000051",
        "reply_count": 1,
        "replies": [
            {
                "user": "UBDN8UG4C",
                "ts": "1530541081.000076"
            }
        ],
        "unread_count": 1,
        "ts": "1530535348.000051"
    },
    {
        "type": "message",
        "user": "UBELL5EF5",
        "text": "마크다운 문법을 적고 “Preview”를 눌러서 확인하는 과정이 조금 번거롭다면, 실시간으로 미리보기를 보여주는 웹 사이트에서 연습을 해보셔도 좋아요. <https:\/\/dillinger.io> 에 접속하셔서 좌측에 마크다운을 적으면 우측에 실시간 미리보기가 나옵니다.",
        "client_msg_id": "3b95fcfb-855a-4a68-8b24-058eef51665a",
        "attachments": [
            {
                "title": "Online Markdown Editor - Dillinger, the Last Markdown Editor ever.",
                "title_link": "https:\/\/dillinger.io\/",
                "text": "Dillinger is an online cloud based HTML5 filled Markdown Editor. Sync with Dropbox, Github, Google Drive or OneDrive. Convert HTML to Markdown. 100% Open Source!",
                "fallback": "Online Markdown Editor - Dillinger, the Last Markdown Editor ever.",
                "from_url": "https:\/\/dillinger.io\/",
                "service_icon": "https:\/\/dillinger.io\/apple-touch-icon.png",
                "service_name": "dillinger.io",
                "id": 1,
                "original_url": "https:\/\/dillinger.io"
            }
        ],
        "ts": "1530535462.000104"
    },
    {
        "type": "message",
        "user": "UBELL5EF5",
        "text": "이런 방식이 마음에 드시면 마크다운 편집기 프로그램을 컴퓨터에 설치해서 쓰셔도 좋아요. 저는 <https:\/\/typora.io\/> 이 프로그램을 설치해서 메모장 대용으로 써요.",
        "client_msg_id": "d84e1afe-0735-45a3-aa6b-acf58062aaf1",
        "attachments": [
            {
                "title": "A new way to read &amp; write Markdown",
                "title_link": "https:\/\/typora.io\/",
                "text": "Typora is a cross-platform minimal markdown editor, providing seamless experience for both markdown readers and writers.",
                "fallback": "A new way to read &amp; write Markdown",
                "thumb_url": "http:\/\/typora.io\/img\/twitter-sum.png",
                "from_url": "https:\/\/typora.io\/",
                "thumb_width": 240,
                "thumb_height": 240,
                "service_name": "typora.io",
                "id": 1,
                "original_url": "https:\/\/typora.io\/"
            }
        ],
        "thread_ts": "1530535496.000258",
        "reply_count": 1,
        "replies": [
            {
                "user": "UBDN8UG4C",
                "ts": "1530540957.000146"
            }
        ],
        "unread_count": 1,
        "ts": "1530535496.000258",
        "reactions": [
            {
                "name": "blush",
                "users": [
                    "UBDN8UG4C",
                    "UBBH69509",
                    "UBDCWMFND",
                    "UBDUUV802",
                    "UBDRWK8SX"
                ],
                "count": 5
            },
            {
                "name": "+1",
                "users": [
                    "UBDN8UG4C",
                    "UBBH69509"
                ],
                "count": 2
            }
        ]
    },
    {
        "type": "message",
        "user": "U9SN17L0M",
        "text": "```\n이렇게 감싸도 되고\n```\n\n&lt;pre&gt; 태그를 사용해도 됩니다 :slightly_smiling_face:",
        "client_msg_id": "1c078ce4-c37b-4de5-abe1-f1d8e0ad2785",
        "thread_ts": "1530534640.000285",
        "parent_user_id": "UBD8GLUEL",
        "ts": "1530536214.000348",
        "reactions": [
            {
                "name": "+1",
                "users": [
                    "UBD8GMVNC",
                    "UBDN8UG4C"
                ],
                "count": 2
            }
        ]
    },
    {
        "type": "message",
        "user": "U9SN17L0M",
        "text": "` &lt;= 이 문자를 3번  \n붙여서 위 아래로 써주시면 위 처럼 됩니다.",
        "client_msg_id": "2d046e8c-7ab9-4b16-9d42-e3b00e7eb13f",
        "edited": {
            "user": "U9SN17L0M",
            "ts": "1530536308.000000"
        },
        "thread_ts": "1530534640.000285",
        "parent_user_id": "UBD8GLUEL",
        "ts": "1530536267.000210",
        "reactions": [
            {
                "name": "+1",
                "users": [
                    "UBD8GMVNC",
                    "UBDN8UG4C"
                ],
                "count": 2
            }
        ]
    },
    {
        "type": "message",
        "user": "UBDN8UG4C",
        "text": "감사합니다!",
        "client_msg_id": "414966cc-c787-469b-a070-2c7c6cd5cc30",
        "thread_ts": "1530535496.000258",
        "parent_user_id": "UBELL5EF5",
        "ts": "1530540957.000146"
    },
    {
        "type": "message",
        "user": "UBDN8UG4C",
        "text": "네! 그런데 똑같이 tab으로 쓴 다른 문장들에는 회색 칸이 안쳐져서요T^T...",
        "client_msg_id": "1cbdad9a-6d4e-4547-89fe-8485742fe8f0",
        "thread_ts": "1530535348.000051",
        "parent_user_id": "UBDRVLD1R",
        "ts": "1530541081.000076"
    },
    {
        "type": "message",
        "text": "스크래치 명령어 정리해놓은 파일입니다",
        "files": [
            {
                "id": "FBJ1KRG4V",
                "created": 1530580066,
                "timestamp": 1530580066,
                "name": "스크래치 명령어 이해하기.hwp",
                "title": "스크래치 명령어 이해하기.hwp",
                "mimetype": "application\/octet-stream",
                "filetype": "binary",
                "pretty_type": "Binary",
                "user": "UBDRWBNRZ",
                "editable": false,
                "size": 134656,
                "mode": "hosted",
                "is_external": false,
                "external_type": "",
                "is_public": true,
                "public_url_shared": false,
                "display_as_bot": false,
                "username": "",
                "url_private": "https:\/\/files.slack.com\/files-pri\/T9SHC5F9S-FBJ1KRG4V\/__________________________________________________________________________.hwp?t=xoxe-332590185332-430098056850-431139793783-a3ecafe0d0f66efa522a67af632228d7",
                "url_private_download": "https:\/\/files.slack.com\/files-pri\/T9SHC5F9S-FBJ1KRG4V\/download\/__________________________________________________________________________.hwp?t=xoxe-332590185332-430098056850-431139793783-a3ecafe0d0f66efa522a67af632228d7",
                "permalink": "https:\/\/daitgirls.slack.com\/files\/UBDRWBNRZ\/FBJ1KRG4V\/__________________________________________________________________________.hwp",
                "permalink_public": "https:\/\/slack-files.com\/T9SHC5F9S-FBJ1KRG4V-d1cc54e672",
                "reactions": [
                    {
                        "name": "+1",
                        "users": [
                            "UBELL5EF5",
                            "UBES4Q6LE",
                            "UBDN9579S",
                            "UBD8GLUEL",
                            "UBDUUV802",
                            "UBDUVKQAE",
                            "UBDRWU3GT",
                            "UBF0Y7GMD"
                        ],
                        "count": 8
                    },
                    {
                        "name": "heart",
                        "users": [
                            "UBF0Y7GMD"
                        ],
                        "count": 1
                    }
                ]
            }
        ],
        "upload": true,
        "user": "UBDRWBNRZ",
        "display_as_bot": false,
        "reactions": [
            {
                "name": "+1",
                "users": [
                    "UBELL5EF5",
                    "UBES4Q6LE",
                    "UBDN9579S",
                    "UBD8GLUEL",
                    "UBDUUV802",
                    "UBDUVKQAE",
                    "UBDRWU3GT",
                    "UBF0Y7GMD"
                ],
                "count": 8
            },
            {
                "name": "heart",
                "users": [
                    "UBF0Y7GMD"
                ],
                "count": 1
            }
        ],
        "ts": "1530580067.000090"
    },
    {
        "type": "message",
        "user": "UBDRWRE3D",
        "text": "<https:\/\/scratch.mit.edu\/projects\/235227758\/>",
        "client_msg_id": "ce3addba-4329-4b19-a1db-5b9ad5ea54eb",
        "attachments": [
            {
                "title": "Scratch - 같은 과일 맞추기",
                "title_link": "https:\/\/scratch.mit.edu\/projects\/235227758\/",
                "text": "Make games, stories and interactive art with Scratch. (<http:\/\/scratch.mit.edu|scratch.mit.edu>)",
                "fallback": "Scratch - 같은 과일 맞추기",
                "from_url": "https:\/\/scratch.mit.edu\/projects\/235227758\/",
                "service_icon": "https:\/\/scratch.mit.edu\/favicon.ico",
                "service_name": "scratch.mit.edu",
                "id": 1,
                "original_url": "https:\/\/scratch.mit.edu\/projects\/235227758\/"
            }
        ],
        "ts": "1530580715.000137"
    },
    {
        "type": "message",
        "user": "UBDUVKQAE",
        "text": "우왓 희영님 답변을 잊었네요! 너무 감사드립니다 ㅋㅋㅋ 뭔가 좀 그림이 그려진 것 같아요<@UBDRXTD8B>",
        "client_msg_id": "c409f3ce-081c-4ca8-81b3-503d8710919d",
        "thread_ts": "1530501341.000034",
        "parent_user_id": "UBDRXTD8B",
        "ts": "1530582837.000187"
    },
    {
        "type": "message",
        "user": "UBDUVKQAE",
        "text": "데이터 분석가라는 직무 자체에 대해 배로 선생님께 한번 더 여쭤보면서 희영님 답변 잘 생각해보겠습니다^^",
        "client_msg_id": "6cb1b07f-775e-4c1f-8f8d-9daf5cc00f37",
        "thread_ts": "1530501341.000034",
        "parent_user_id": "UBDRXTD8B",
        "ts": "1530583066.000048"
    },
    {
        "type": "message",
        "user": "UBDN8T42G",
        "text": "<https:\/\/gist.github.com\/ihoneymon\/652be052a0727ad59601>",
        "client_msg_id": "e4f90211-5e5f-49c8-b8da-0d0d0f2157e0",
        "thread_ts": "1530583264.000193",
        "reply_count": 1,
        "replies": [
            {
                "user": "UBDN8T42G",
                "ts": "1530583283.000026"
            }
        ],
        "unread_count": 1,
        "ts": "1530583264.000193",
        "reactions": [
            {
                "name": "+1",
                "users": [
                    "UBDUVKQAE",
                    "U9SN17L0M",
                    "UBDRWBNRZ",
                    "UBDRWADQB",
                    "UBELL5EF5"
                ],
                "count": 5
            }
        ]
    },
    {
        "type": "message",
        "user": "UBDN8T42G",
        "text": "마크다운 작성법이에요! 참고하시면 좋을 것 같아 올립니다.",
        "client_msg_id": "022c3ae3-06a9-4d95-9121-b25c02427511",
        "thread_ts": "1530583264.000193",
        "parent_user_id": "UBDN8T42G",
        "ts": "1530583283.000026"
    },
    {
        "type": "message",
        "user": "UBDN9579S",
        "text": "<https:\/\/docs.google.com\/forms\/d\/e\/1FAIpQLSf_EVApn-nChtj4PCMtHDygJb4kvvGljbj9Wl2k1P8rOj3vww\/viewform>",
        "client_msg_id": "be2bbef7-4166-4ce6-8ee0-5ec2323d6385",
        "ts": "1530589850.000023"
    },
    {
        "type": "message",
        "user": "UBF1K97FH",
        "text": "제가 진행하고 있는 인포메이션 디자인 수업 결과물을 모아놓은 텀블러 사이트 공유합니다. 혹시 인포메이션 디자인(인포그래픽) 관심 있으신 분들은 한번 둘러보세요! <https:\/\/curiosity-box-unboxing.tumblr.com\/>",
        "client_msg_id": "64e3bed7-a8dd-4456-aab3-316a8138957e",
        "edited": {
            "user": "UBF1K97FH",
            "ts": "1530590052.000000"
        },
        "ts": "1530590044.000108",
        "reactions": [
            {
                "name": "blue_heart",
                "users": [
                    "U9SN17L0M"
                ],
                "count": 1
            },
            {
                "name": "+1",
                "users": [
                    "UBDRWBNRZ",
                    "UBDCWMFND"
                ],
                "count": 2
            }
        ]
    },
    {
        "type": "message",
        "user": "UBELL5EF5",
        "text": "<!channel> 수업 피드백 꼭꼭 적어주세요!",
        "client_msg_id": "AFCC655B-F9DA-4E02-8E14-2EDD9DC861A0",
        "ts": "1530591951.000086"
    },
    {
        "type": "message",
        "text": "<@UA4NE8C74> 슬랙을 보시고 센스를 발휘한 스캇님이 더치 커피를 구매해두셨습니닷 오셔서 한 잔 하세요!",
        "files": [
            {
                "id": "FBHCBRZHP",
                "created": 1530592326,
                "timestamp": 1530592326,
                "name": "Image from iOS.jpg",
                "title": "‘센스캇’",
                "mimetype": "image\/jpeg",
                "filetype": "jpg",
                "pretty_type": "JPEG",
                "user": "UAMRJQYTE",
                "editable": false,
                "size": 4820449,
                "mode": "hosted",
                "is_external": false,
                "external_type": "",
                "is_public": true,
                "public_url_shared": false,
                "display_as_bot": false,
                "username": "",
                "url_private": "https:\/\/files.slack.com\/files-pri\/T9SHC5F9S-FBHCBRZHP\/image_from_ios.jpg?t=xoxe-332590185332-430098056850-431139793783-a3ecafe0d0f66efa522a67af632228d7",
                "url_private_download": "https:\/\/files.slack.com\/files-pri\/T9SHC5F9S-FBHCBRZHP\/download\/image_from_ios.jpg?t=xoxe-332590185332-430098056850-431139793783-a3ecafe0d0f66efa522a67af632228d7",
                "thumb_64": "https:\/\/files.slack.com\/files-tmb\/T9SHC5F9S-FBHCBRZHP-6ab74847e5\/image_from_ios_64.jpg?t=xoxe-332590185332-430098056850-431139793783-a3ecafe0d0f66efa522a67af632228d7",
                "thumb_80": "https:\/\/files.slack.com\/files-tmb\/T9SHC5F9S-FBHCBRZHP-6ab74847e5\/image_from_ios_80.jpg?t=xoxe-332590185332-430098056850-431139793783-a3ecafe0d0f66efa522a67af632228d7",
                "thumb_360": "https:\/\/files.slack.com\/files-tmb\/T9SHC5F9S-FBHCBRZHP-6ab74847e5\/image_from_ios_360.jpg?t=xoxe-332590185332-430098056850-431139793783-a3ecafe0d0f66efa522a67af632228d7",
                "thumb_360_w": 270,
                "thumb_360_h": 360,
                "thumb_480": "https:\/\/files.slack.com\/files-tmb\/T9SHC5F9S-FBHCBRZHP-6ab74847e5\/image_from_ios_480.jpg?t=xoxe-332590185332-430098056850-431139793783-a3ecafe0d0f66efa522a67af632228d7",
                "thumb_480_w": 360,
                "thumb_480_h": 480,
                "thumb_160": "https:\/\/files.slack.com\/files-tmb\/T9SHC5F9S-FBHCBRZHP-6ab74847e5\/image_from_ios_160.jpg?t=xoxe-332590185332-430098056850-431139793783-a3ecafe0d0f66efa522a67af632228d7",
                "thumb_720": "https:\/\/files.slack.com\/files-tmb\/T9SHC5F9S-FBHCBRZHP-6ab74847e5\/image_from_ios_720.jpg?t=xoxe-332590185332-430098056850-431139793783-a3ecafe0d0f66efa522a67af632228d7",
                "thumb_720_w": 540,
                "thumb_720_h": 720,
                "thumb_800": "https:\/\/files.slack.com\/files-tmb\/T9SHC5F9S-FBHCBRZHP-6ab74847e5\/image_from_ios_800.jpg?t=xoxe-332590185332-430098056850-431139793783-a3ecafe0d0f66efa522a67af632228d7",
                "thumb_800_w": 800,
                "thumb_800_h": 1067,
                "thumb_960": "https:\/\/files.slack.com\/files-tmb\/T9SHC5F9S-FBHCBRZHP-6ab74847e5\/image_from_ios_960.jpg?t=xoxe-332590185332-430098056850-431139793783-a3ecafe0d0f66efa522a67af632228d7",
                "thumb_960_w": 720,
                "thumb_960_h": 960,
                "thumb_1024": "https:\/\/files.slack.com\/files-tmb\/T9SHC5F9S-FBHCBRZHP-6ab74847e5\/image_from_ios_1024.jpg?t=xoxe-332590185332-430098056850-431139793783-a3ecafe0d0f66efa522a67af632228d7",
                "thumb_1024_w": 768,
                "thumb_1024_h": 1024,
                "image_exif_rotation": 1,
                "original_w": 2448,
                "original_h": 3264,
                "permalink": "https:\/\/daitgirls.slack.com\/files\/UAMRJQYTE\/FBHCBRZHP\/image_from_ios.jpg",
                "permalink_public": "https:\/\/slack-files.com\/T9SHC5F9S-FBHCBRZHP-180a32b26e",
                "reactions": [
                    {
                        "name": "blue_heart",
                        "users": [
                            "U9UFEBXGF",
                            "UBDN8UG4C",
                            "UBF0XHZD5",
                            "UBDN8T42G",
                            "UBD8GLUEL",
                            "U9TKQU99V"
                        ],
                        "count": 6
                    }
                ]
            }
        ],
        "upload": true,
        "user": "UAMRJQYTE",
        "display_as_bot": false,
        "reactions": [
            {
                "name": "blue_heart",
                "users": [
                    "U9UFEBXGF",
                    "UBDN8UG4C",
                    "UBF0XHZD5",
                    "UBDN8T42G",
                    "UBD8GLUEL",
                    "U9TKQU99V"
                ],
                "count": 6
            }
        ],
        "upload_reply_to": "B550F9EA-EFB6-438D-9D8A-79E64B488EE8",
        "ts": "1530592326.000141"
    },
    {
        "type": "message",
        "user": "UBELL5EF5",
        "text": "수업 피드백 적는 링크입니다 :slightly_smiling_face: <https:\/\/docs.google.com\/forms\/d\/e\/1FAIpQLSf_EVApn-nChtj4PCMtHDygJb4kvvGljbj9Wl2k1P8rOj3vww\/viewform>",
        "client_msg_id": "bb01453a-bfbc-4723-8510-577a4cc2a236",
        "ts": "1530592476.000080"
    },
    {
        "type": "message",
        "text": "예뻐용",
        "files": [
            {
                "id": "FBJ3WJJ0M",
                "created": 1530597768,
                "timestamp": 1530597768,
                "name": "Image from iOS.jpg",
                "title": "예쁘당",
                "mimetype": "image\/jpeg",
                "filetype": "jpg",
                "pretty_type": "JPEG",
                "user": "UBF0XKTP1",
                "editable": false,
                "size": 10079959,
                "mode": "hosted",
                "is_external": false,
                "external_type": "",
                "is_public": true,
                "public_url_shared": false,
                "display_as_bot": false,
                "username": "",
                "url_private": "https:\/\/files.slack.com\/files-pri\/T9SHC5F9S-FBJ3WJJ0M\/image_from_ios.jpg?t=xoxe-332590185332-430098056850-431139793783-a3ecafe0d0f66efa522a67af632228d7",
                "url_private_download": "https:\/\/files.slack.com\/files-pri\/T9SHC5F9S-FBJ3WJJ0M\/download\/image_from_ios.jpg?t=xoxe-332590185332-430098056850-431139793783-a3ecafe0d0f66efa522a67af632228d7",
                "thumb_64": "https:\/\/files.slack.com\/files-tmb\/T9SHC5F9S-FBJ3WJJ0M-f218b41203\/image_from_ios_64.jpg?t=xoxe-332590185332-430098056850-431139793783-a3ecafe0d0f66efa522a67af632228d7",
                "thumb_80": "https:\/\/files.slack.com\/files-tmb\/T9SHC5F9S-FBJ3WJJ0M-f218b41203\/image_from_ios_80.jpg?t=xoxe-332590185332-430098056850-431139793783-a3ecafe0d0f66efa522a67af632228d7",
                "thumb_360": "https:\/\/files.slack.com\/files-tmb\/T9SHC5F9S-FBJ3WJJ0M-f218b41203\/image_from_ios_360.jpg?t=xoxe-332590185332-430098056850-431139793783-a3ecafe0d0f66efa522a67af632228d7",
                "thumb_360_w": 360,
                "thumb_360_h": 270,
                "thumb_480": "https:\/\/files.slack.com\/files-tmb\/T9SHC5F9S-FBJ3WJJ0M-f218b41203\/image_from_ios_480.jpg?t=xoxe-332590185332-430098056850-431139793783-a3ecafe0d0f66efa522a67af632228d7",
                "thumb_480_w": 480,
                "thumb_480_h": 360,
                "thumb_160": "https:\/\/files.slack.com\/files-tmb\/T9SHC5F9S-FBJ3WJJ0M-f218b41203\/image_from_ios_160.jpg?t=xoxe-332590185332-430098056850-431139793783-a3ecafe0d0f66efa522a67af632228d7",
                "thumb_720": "https:\/\/files.slack.com\/files-tmb\/T9SHC5F9S-FBJ3WJJ0M-f218b41203\/image_from_ios_720.jpg?t=xoxe-332590185332-430098056850-431139793783-a3ecafe0d0f66efa522a67af632228d7",
                "thumb_720_w": 720,
                "thumb_720_h": 540,
                "thumb_800": "https:\/\/files.slack.com\/files-tmb\/T9SHC5F9S-FBJ3WJJ0M-f218b41203\/image_from_ios_800.jpg?t=xoxe-332590185332-430098056850-431139793783-a3ecafe0d0f66efa522a67af632228d7",
                "thumb_800_w": 800,
                "thumb_800_h": 600,
                "thumb_960": "https:\/\/files.slack.com\/files-tmb\/T9SHC5F9S-FBJ3WJJ0M-f218b41203\/image_from_ios_960.jpg?t=xoxe-332590185332-430098056850-431139793783-a3ecafe0d0f66efa522a67af632228d7",
                "thumb_960_w": 960,
                "thumb_960_h": 720,
                "thumb_1024": "https:\/\/files.slack.com\/files-tmb\/T9SHC5F9S-FBJ3WJJ0M-f218b41203\/image_from_ios_1024.jpg?t=xoxe-332590185332-430098056850-431139793783-a3ecafe0d0f66efa522a67af632228d7",
                "thumb_1024_w": 1024,
                "thumb_1024_h": 768,
                "image_exif_rotation": 1,
                "original_w": 4032,
                "original_h": 3024,
                "permalink": "https:\/\/daitgirls.slack.com\/files\/UBF0XKTP1\/FBJ3WJJ0M\/image_from_ios.jpg",
                "permalink_public": "https:\/\/slack-files.com\/T9SHC5F9S-FBJ3WJJ0M-2accd94f14",
                "reactions": [
                    {
                        "name": "+1",
                        "users": [
                            "UA4EGE85S",
                            "UBELL5EF5",
                            "UBDN8T42G",
                            "UBE3NCBKP",
                            "UBDUU7X7U"
                        ],
                        "count": 5
                    },
                    {
                        "name": "heart",
                        "users": [
                            "UBD8GLUEL",
                            "U9UFEBXGF"
                        ],
                        "count": 2
                    },
                    {
                        "name": "birthday",
                        "users": [
                            "UBF0Y7GMD"
                        ],
                        "count": 1
                    }
                ]
            }
        ],
        "upload": true,
        "user": "UBF0XKTP1",
        "display_as_bot": false,
        "reactions": [
            {
                "name": "+1",
                "users": [
                    "UA4EGE85S",
                    "UBELL5EF5",
                    "UBDN8T42G",
                    "UBE3NCBKP",
                    "UBDUU7X7U"
                ],
                "count": 5
            },
            {
                "name": "heart",
                "users": [
                    "UBD8GLUEL",
                    "U9UFEBXGF"
                ],
                "count": 2
            },
            {
                "name": "birthday",
                "users": [
                    "UBF0Y7GMD"
                ],
                "count": 1
            }
        ],
        "upload_reply_to": "BA0EF50A-4A68-4BEB-9CD8-7A34A57B62C7",
        "ts": "1530597777.000083"
    },
    {
        "type": "message",
        "user": "UBDRXTD8B",
        "text": "<http:\/\/itempage3.auction.co.kr\/DetailView.aspx?ItemNo=B421321488&amp;frm3=V2>",
        "client_msg_id": "045aa16f-f7a2-433f-ba54-69d672c4fddf",
        "attachments": [
            {
                "service_name": "eBay Auction",
                "title": "NEXSTAND",
                "title_link": "http:\/\/itempage3.auction.co.kr\/DetailView.aspx?ItemNo=B421321488&frm3=V2",
                "fallback": "eBay Auction: NEXSTAND",
                "image_url": "http:\/\/image.auction.co.kr\/itemimage\/11\/8b\/57\/118b5754d6.jpg",
                "from_url": "http:\/\/itempage3.auction.co.kr\/DetailView.aspx?ItemNo=B421321488&frm3=V2",
                "image_width": 250,
                "image_height": 250,
                "image_bytes": 71617,
                "service_icon": "http:\/\/itempage3.auction.co.kr\/favicon.ico",
                "id": 1,
                "original_url": "http:\/\/itempage3.auction.co.kr\/DetailView.aspx?ItemNo=B421321488&amp;frm3=V2"
            }
        ],
        "ts": "1530597916.000021"
    },
    {
        "type": "message",
        "user": "UBE3NCBKP",
        "text": "노트북 거치대 돈이 부담되시는 분들은 다이소 부직포가방 조립 가능한 거 추천드려욬ㅋㅋㅋㅋ전 그걸로 버텼습니다!",
        "client_msg_id": "e2d656c9-bf93-4591-bbf6-90e2c84890ac",
        "ts": "1530597939.000205",
        "reactions": [
            {
                "name": "blush",
                "users": [
                    "UBF0Y7GMD"
                ],
                "count": 1
            }
        ]
    },
    {
        "type": "message",
        "user": "UBE3NCBKP",
        "text": "대신 기울기 조절 불가능....",
        "client_msg_id": "8655f67d-3486-40d5-a924-2a8913577d04",
        "ts": "1530597956.000097"
    },
    {
        "type": "message",
        "subtype": "file_comment",
        "text": "<@UBD8GLUEL> commented on <@UBF0XKTP1>’s file <https:\/\/daitgirls.slack.com\/files\/UBF0XKTP1\/FBJ3WJJ0M\/image_from_ios.jpg|예쁘당>: ㄷ ㅐ ㅂ ㅏ \n          ㄱ",
        "file": {
            "id": "FBJ3WJJ0M",
            "created": 1530597768,
            "timestamp": 1530597768,
            "name": "Image from iOS.jpg",
            "title": "예쁘당",
            "mimetype": "image\/jpeg",
            "filetype": "jpg",
            "pretty_type": "JPEG",
            "user": "UBF0XKTP1",
            "editable": false,
            "size": 10079959,
            "mode": "hosted",
            "is_external": false,
            "external_type": "",
            "is_public": true,
            "public_url_shared": false,
            "display_as_bot": false,
            "username": "",
            "url_private": "https:\/\/files.slack.com\/files-pri\/T9SHC5F9S-FBJ3WJJ0M\/image_from_ios.jpg?t=xoxe-332590185332-430098056850-431139793783-a3ecafe0d0f66efa522a67af632228d7",
            "url_private_download": "https:\/\/files.slack.com\/files-pri\/T9SHC5F9S-FBJ3WJJ0M\/download\/image_from_ios.jpg?t=xoxe-332590185332-430098056850-431139793783-a3ecafe0d0f66efa522a67af632228d7",
            "thumb_64": "https:\/\/files.slack.com\/files-tmb\/T9SHC5F9S-FBJ3WJJ0M-f218b41203\/image_from_ios_64.jpg?t=xoxe-332590185332-430098056850-431139793783-a3ecafe0d0f66efa522a67af632228d7",
            "thumb_80": "https:\/\/files.slack.com\/files-tmb\/T9SHC5F9S-FBJ3WJJ0M-f218b41203\/image_from_ios_80.jpg?t=xoxe-332590185332-430098056850-431139793783-a3ecafe0d0f66efa522a67af632228d7",
            "thumb_360": "https:\/\/files.slack.com\/files-tmb\/T9SHC5F9S-FBJ3WJJ0M-f218b41203\/image_from_ios_360.jpg?t=xoxe-332590185332-430098056850-431139793783-a3ecafe0d0f66efa522a67af632228d7",
            "thumb_360_w": 360,
            "thumb_360_h": 270,
            "thumb_480": "https:\/\/files.slack.com\/files-tmb\/T9SHC5F9S-FBJ3WJJ0M-f218b41203\/image_from_ios_480.jpg?t=xoxe-332590185332-430098056850-431139793783-a3ecafe0d0f66efa522a67af632228d7",
            "thumb_480_w": 480,
            "thumb_480_h": 360,
            "thumb_160": "https:\/\/files.slack.com\/files-tmb\/T9SHC5F9S-FBJ3WJJ0M-f218b41203\/image_from_ios_160.jpg?t=xoxe-332590185332-430098056850-431139793783-a3ecafe0d0f66efa522a67af632228d7",
            "thumb_720": "https:\/\/files.slack.com\/files-tmb\/T9SHC5F9S-FBJ3WJJ0M-f218b41203\/image_from_ios_720.jpg?t=xoxe-332590185332-430098056850-431139793783-a3ecafe0d0f66efa522a67af632228d7",
            "thumb_720_w": 720,
            "thumb_720_h": 540,
            "thumb_800": "https:\/\/files.slack.com\/files-tmb\/T9SHC5F9S-FBJ3WJJ0M-f218b41203\/image_from_ios_800.jpg?t=xoxe-332590185332-430098056850-431139793783-a3ecafe0d0f66efa522a67af632228d7",
            "thumb_800_w": 800,
            "thumb_800_h": 600,
            "thumb_960": "https:\/\/files.slack.com\/files-tmb\/T9SHC5F9S-FBJ3WJJ0M-f218b41203\/image_from_ios_960.jpg?t=xoxe-332590185332-430098056850-431139793783-a3ecafe0d0f66efa522a67af632228d7",
            "thumb_960_w": 960,
            "thumb_960_h": 720,
            "thumb_1024": "https:\/\/files.slack.com\/files-tmb\/T9SHC5F9S-FBJ3WJJ0M-f218b41203\/image_from_ios_1024.jpg?t=xoxe-332590185332-430098056850-431139793783-a3ecafe0d0f66efa522a67af632228d7",
            "thumb_1024_w": 1024,
            "thumb_1024_h": 768,
            "image_exif_rotation": 1,
            "original_w": 4032,
            "original_h": 3024,
            "permalink": "https:\/\/daitgirls.slack.com\/files\/UBF0XKTP1\/FBJ3WJJ0M\/image_from_ios.jpg",
            "permalink_public": "https:\/\/slack-files.com\/T9SHC5F9S-FBJ3WJJ0M-2accd94f14"
        },
        "files": [
            {
                "id": "FBJ3WJJ0M",
                "created": 1530597768,
                "timestamp": 1530597768,
                "name": "Image from iOS.jpg",
                "title": "예쁘당",
                "mimetype": "image\/jpeg",
                "filetype": "jpg",
                "pretty_type": "JPEG",
                "user": "UBF0XKTP1",
                "editable": false,
                "size": 10079959,
                "mode": "hosted",
                "is_external": false,
                "external_type": "",
                "is_public": true,
                "public_url_shared": false,
                "display_as_bot": false,
                "username": "",
                "url_private": "https:\/\/files.slack.com\/files-pri\/T9SHC5F9S-FBJ3WJJ0M\/image_from_ios.jpg?t=xoxe-332590185332-430098056850-431139793783-a3ecafe0d0f66efa522a67af632228d7",
                "url_private_download": "https:\/\/files.slack.com\/files-pri\/T9SHC5F9S-FBJ3WJJ0M\/download\/image_from_ios.jpg?t=xoxe-332590185332-430098056850-431139793783-a3ecafe0d0f66efa522a67af632228d7",
                "thumb_64": "https:\/\/files.slack.com\/files-tmb\/T9SHC5F9S-FBJ3WJJ0M-f218b41203\/image_from_ios_64.jpg?t=xoxe-332590185332-430098056850-431139793783-a3ecafe0d0f66efa522a67af632228d7",
                "thumb_80": "https:\/\/files.slack.com\/files-tmb\/T9SHC5F9S-FBJ3WJJ0M-f218b41203\/image_from_ios_80.jpg?t=xoxe-332590185332-430098056850-431139793783-a3ecafe0d0f66efa522a67af632228d7",
                "thumb_360": "https:\/\/files.slack.com\/files-tmb\/T9SHC5F9S-FBJ3WJJ0M-f218b41203\/image_from_ios_360.jpg?t=xoxe-332590185332-430098056850-431139793783-a3ecafe0d0f66efa522a67af632228d7",
                "thumb_360_w": 360,
                "thumb_360_h": 270,
                "thumb_480": "https:\/\/files.slack.com\/files-tmb\/T9SHC5F9S-FBJ3WJJ0M-f218b41203\/image_from_ios_480.jpg?t=xoxe-332590185332-430098056850-431139793783-a3ecafe0d0f66efa522a67af632228d7",
                "thumb_480_w": 480,
                "thumb_480_h": 360,
                "thumb_160": "https:\/\/files.slack.com\/files-tmb\/T9SHC5F9S-FBJ3WJJ0M-f218b41203\/image_from_ios_160.jpg?t=xoxe-332590185332-430098056850-431139793783-a3ecafe0d0f66efa522a67af632228d7",
                "thumb_720": "https:\/\/files.slack.com\/files-tmb\/T9SHC5F9S-FBJ3WJJ0M-f218b41203\/image_from_ios_720.jpg?t=xoxe-332590185332-430098056850-431139793783-a3ecafe0d0f66efa522a67af632228d7",
                "thumb_720_w": 720,
                "thumb_720_h": 540,
                "thumb_800": "https:\/\/files.slack.com\/files-tmb\/T9SHC5F9S-FBJ3WJJ0M-f218b41203\/image_from_ios_800.jpg?t=xoxe-332590185332-430098056850-431139793783-a3ecafe0d0f66efa522a67af632228d7",
                "thumb_800_w": 800,
                "thumb_800_h": 600,
                "thumb_960": "https:\/\/files.slack.com\/files-tmb\/T9SHC5F9S-FBJ3WJJ0M-f218b41203\/image_from_ios_960.jpg?t=xoxe-332590185332-430098056850-431139793783-a3ecafe0d0f66efa522a67af632228d7",
                "thumb_960_w": 960,
                "thumb_960_h": 720,
                "thumb_1024": "https:\/\/files.slack.com\/files-tmb\/T9SHC5F9S-FBJ3WJJ0M-f218b41203\/image_from_ios_1024.jpg?t=xoxe-332590185332-430098056850-431139793783-a3ecafe0d0f66efa522a67af632228d7",
                "thumb_1024_w": 1024,
                "thumb_1024_h": 768,
                "image_exif_rotation": 1,
                "original_w": 4032,
                "original_h": 3024,
                "permalink": "https:\/\/daitgirls.slack.com\/files\/UBF0XKTP1\/FBJ3WJJ0M\/image_from_ios.jpg",
                "permalink_public": "https:\/\/slack-files.com\/T9SHC5F9S-FBJ3WJJ0M-2accd94f14"
            }
        ],
        "comment": {
            "id": "FcBHNEFGGL",
            "created": 1530597975,
            "timestamp": 1530597975,
            "user": "UBD8GLUEL",
            "is_intro": false,
            "comment": "ㄷ ㅐ ㅂ ㅏ \n          ㄱ",
            "reactions": [
                {
                    "name": "hugging_face",
                    "users": [
                        "UBF0Y7GMD"
                    ],
                    "count": 1
                }
            ]
        },
        "is_intro": false,
        "ts": "1530597975.000102"
    },
    {
        "type": "message",
        "user": "UBBH69509",
        "text": "<@UBE3NCBKP> 소현님 사진부탁드립니다아아",
        "client_msg_id": "ddbd4b85-2086-44b9-851c-c911eee55944",
        "ts": "1530597995.000026"
    },
    {
        "type": "message",
        "text": "",
        "files": [
            {
                "id": "FBH8KDGCQ",
                "created": 1530598023,
                "timestamp": 1530598023,
                "name": "image.png",
                "title": "image.png",
                "mimetype": "image\/png",
                "filetype": "png",
                "pretty_type": "PNG",
                "user": "UBE3NCBKP",
                "editable": false,
                "size": 1996717,
                "mode": "hosted",
                "is_external": false,
                "external_type": "",
                "is_public": true,
                "public_url_shared": false,
                "display_as_bot": false,
                "username": "",
                "url_private": "https:\/\/files.slack.com\/files-pri\/T9SHC5F9S-FBH8KDGCQ\/image.png?t=xoxe-332590185332-430098056850-431139793783-a3ecafe0d0f66efa522a67af632228d7",
                "url_private_download": "https:\/\/files.slack.com\/files-pri\/T9SHC5F9S-FBH8KDGCQ\/download\/image.png?t=xoxe-332590185332-430098056850-431139793783-a3ecafe0d0f66efa522a67af632228d7",
                "thumb_64": "https:\/\/files.slack.com\/files-tmb\/T9SHC5F9S-FBH8KDGCQ-a8ac031d25\/image_64.png?t=xoxe-332590185332-430098056850-431139793783-a3ecafe0d0f66efa522a67af632228d7",
                "thumb_80": "https:\/\/files.slack.com\/files-tmb\/T9SHC5F9S-FBH8KDGCQ-a8ac031d25\/image_80.png?t=xoxe-332590185332-430098056850-431139793783-a3ecafe0d0f66efa522a67af632228d7",
                "thumb_360": "https:\/\/files.slack.com\/files-tmb\/T9SHC5F9S-FBH8KDGCQ-a8ac031d25\/image_360.png?t=xoxe-332590185332-430098056850-431139793783-a3ecafe0d0f66efa522a67af632228d7",
                "thumb_360_w": 360,
                "thumb_360_h": 360,
                "thumb_480": "https:\/\/files.slack.com\/files-tmb\/T9SHC5F9S-FBH8KDGCQ-a8ac031d25\/image_480.png?t=xoxe-332590185332-430098056850-431139793783-a3ecafe0d0f66efa522a67af632228d7",
                "thumb_480_w": 480,
                "thumb_480_h": 480,
                "thumb_160": "https:\/\/files.slack.com\/files-tmb\/T9SHC5F9S-FBH8KDGCQ-a8ac031d25\/image_160.png?t=xoxe-332590185332-430098056850-431139793783-a3ecafe0d0f66efa522a67af632228d7",
                "thumb_720": "https:\/\/files.slack.com\/files-tmb\/T9SHC5F9S-FBH8KDGCQ-a8ac031d25\/image_720.png?t=xoxe-332590185332-430098056850-431139793783-a3ecafe0d0f66efa522a67af632228d7",
                "thumb_720_w": 720,
                "thumb_720_h": 720,
                "thumb_800": "https:\/\/files.slack.com\/files-tmb\/T9SHC5F9S-FBH8KDGCQ-a8ac031d25\/image_800.png?t=xoxe-332590185332-430098056850-431139793783-a3ecafe0d0f66efa522a67af632228d7",
                "thumb_800_w": 800,
                "thumb_800_h": 800,
                "thumb_960": "https:\/\/files.slack.com\/files-tmb\/T9SHC5F9S-FBH8KDGCQ-a8ac031d25\/image_960.png?t=xoxe-332590185332-430098056850-431139793783-a3ecafe0d0f66efa522a67af632228d7",
                "thumb_960_w": 960,
                "thumb_960_h": 960,
                "thumb_1024": "https:\/\/files.slack.com\/files-tmb\/T9SHC5F9S-FBH8KDGCQ-a8ac031d25\/image_1024.png?t=xoxe-332590185332-430098056850-431139793783-a3ecafe0d0f66efa522a67af632228d7",
                "thumb_1024_w": 1024,
                "thumb_1024_h": 1024,
                "image_exif_rotation": 1,
                "original_w": 1280,
                "original_h": 1280,
                "permalink": "https:\/\/daitgirls.slack.com\/files\/UBE3NCBKP\/FBH8KDGCQ\/image.png",
                "permalink_public": "https:\/\/slack-files.com\/T9SHC5F9S-FBH8KDGCQ-29442ed256"
            }
        ],
        "upload": true,
        "user": "UBE3NCBKP",
        "display_as_bot": false,
        "ts": "1530598029.000028"
    },
    {
        "type": "message",
        "user": "UBE3NCBKP",
        "text": "이런 종류에욬ㅋㅋㅋㅋㅋㅋ",
        "client_msg_id": "5d4814a8-922c-480d-8b5a-6f1569d1c57a",
        "ts": "1530598032.000177"
    },
    {
        "type": "message",
        "user": "UBE3NCBKP",
        "text": "수납합 형태요!",
        "client_msg_id": "e5ef636d-119d-49f4-b80f-3ea7b72c4123",
        "ts": "1530598038.000166"
    },
    {
        "type": "message",
        "user": "UBE3NCBKP",
        "text": "저거 접어서 편편하게 보관할 수도 있어서 전 기숙사에서 저걸로 거북목 방지....",
        "client_msg_id": "c12080ed-d4e8-4467-952f-6d228e6499a6",
        "ts": "1530598053.000067"
    },
    {
        "type": "message",
        "user": "UBE3NCBKP",
        "text": "저는 키보드를 별도로 연결해서 쓰기도 했어요!",
        "client_msg_id": "e3f98ebd-f611-49a6-9f1d-c318ac2e0a82",
        "ts": "1530598066.000045"
    },
    {
        "type": "message",
        "user": "UBE3NCBKP",
        "text": "뚜껑 있는 거 쓰시면 노트북 무게 잘 견뎌요!",
        "client_msg_id": "c4064806-eb2e-4a19-b048-45f365e8a025",
        "thread_ts": "1530598081.000146",
        "reply_count": 2,
        "replies": [
            {
                "user": "UBDRWK8SX",
                "ts": "1530598142.000031"
            },
            {
                "user": "UBE3NCBKP",
                "ts": "1530598199.000104"
            }
        ],
        "unread_count": 2,
        "ts": "1530598081.000146"
    },
    {
        "type": "message",
        "user": "UBDRWK8SX",
        "text": "ㅋㅋㅋㅋ신박하네요!!",
        "client_msg_id": "752687e7-6e35-4b39-90d3-a70438550153",
        "thread_ts": "1530598081.000146",
        "parent_user_id": "UBE3NCBKP",
        "ts": "1530598142.000031"
    },
    {
        "type": "message",
        "user": "UBBH69509",
        "text": "<@UBE3NCBKP> 오오오오오오옹옹 감사합니다아아^^ㅋㅋㅋㅋ",
        "client_msg_id": "d35190c7-6209-4ee9-822d-2eb6770192a9",
        "ts": "1530598145.000163"
    },
    {
        "type": "message",
        "user": "UBE3NCBKP",
        "text": "저렴이저렴이 모드...",
        "client_msg_id": "fffe5b8e-e4d6-440e-9a2b-075d4e80aca8",
        "thread_ts": "1530598081.000146",
        "parent_user_id": "UBE3NCBKP",
        "ts": "1530598199.000104"
    },
    {
        "type": "message",
        "user": "UBD8GMVNC",
        "text": "궁금해서 찾아봤습니다, 미상과 불상의 차이..\n\n- 미상 : 확실하거나 분명하지 않음 (Ex. 연대 미상)\n- 불상 \n     1. 자세하지 않음 (Ex. 주소 불상)\n     2. [법조계] 수사\/공판 당사자의 신원을 모름 (Ex. 주민등록번호 불상)",
        "client_msg_id": "e0c2bdc2-438d-401e-b638-2d545be58707",
        "ts": "1530599327.000181",
        "reactions": [
            {
                "name": "+1",
                "users": [
                    "UBDUVKQAE",
                    "UBELL5EF5",
                    "UBDRWK8SX",
                    "UBDRVLD1R",
                    "UBDN9579S",
                    "UBDUU7X7U"
                ],
                "count": 6
            }
        ]
    }
]