[
    {
        "type": "message",
        "user": "U9SN17L0M",
        "text": "<https:\/\/drive.google.com\/drive\/u\/0\/folders\/1A7uUvZL6_HVdbhl7Y1vEgqi0eVdBIKFO> \n내일 수업내용 입니다.\n오전에는 국민청원 카테고리를 예측해 보는 실습을 해보고 오후에는 캐글에 있는 IMDB 데이터로 자연어처리 실습을 해볼 계획입니다.",
        "client_msg_id": "78dc86c1-6867-40cf-bf97-829ef52aa6bb",
        "ts": "1532866484.000037",
        "reactions": [
            {
                "name": "+1",
                "users": [
                    "UBELL5EF5",
                    "U9TKQU99V",
                    "UBDRWK8SX",
                    "UBDRWBNRZ",
                    "UBD8GMVNC",
                    "UBDN8T42G"
                ],
                "count": 6
            }
        ]
    },
    {
        "type": "message",
        "user": "UBDN8UG4C",
        "text": "예인님",
        "client_msg_id": "7c6d3579-e878-4ce7-ac99-8fc20611a4c0",
        "ts": "1532912670.000022",
        "reactions": [
            {
                "name": "sob",
                "users": [
                    "UBE3NCBKP",
                    "UBDUVKQAE"
                ],
                "count": 2
            },
            {
                "name": "woman-raising-hand",
                "users": [
                    "UBES4Q6LE"
                ],
                "count": 1
            },
            {
                "name": "+1",
                "users": [
                    "UBE3NCBKP"
                ],
                "count": 1
            }
        ]
    },
    {
        "type": "message",
        "user": "UBDRWADQB",
        "text": "주피터로 하시는 분은\n<https:\/\/s3.ap-northeast-2.amazonaws.com\/data10902\/petition\/petition.csv> \n여기서 csv 파일 다운받은 후에 로컬에 저장하고",
        "client_msg_id": "da6181b0-4738-4ac6-a286-81d7115656cd",
        "ts": "1532914442.000022",
        "reactions": [
            {
                "name": "blue_heart",
                "users": [
                    "UBDN8T42G",
                    "UBDRWK8SX",
                    "UBF0XHZD5",
                    "UBE3NMLCD",
                    "UBELL5EF5",
                    "UBDRWBNRZ"
                ],
                "count": 6
            }
        ]
    },
    {
        "type": "message",
        "user": "UBDRWADQB",
        "text": "petitions = pd.read_csv('C:\\dateGirls\\TWL\\jy617lee\\petition.csv', parse_dates=['start', 'end'])\n\n여기서 경로를 실제 petition.csv 파일 경로로 바꿔주시면 됩니다!",
        "client_msg_id": "d99f01eb-6921-4108-83c4-c4cefb49896e",
        "ts": "1532914469.000090"
    },
    {
        "type": "message",
        "user": "UBD8GHGBA",
        "text": "맥의 경우 경로는 terminal에서 petition.csv있는 폴더를 찾아서 'pwd' command를 이용해서 찾으시면 됩니다",
        "client_msg_id": "566d4c8f-d0a1-4850-b45e-a3b29a9de5b3",
        "edited": {
            "user": "UBD8GHGBA",
            "ts": "1532914761.000000"
        },
        "ts": "1532914753.000076",
        "reactions": [
            {
                "name": "blue_heart",
                "users": [
                    "UBF0XHZD5",
                    "UBELL5EF5",
                    "UBDRWBNRZ"
                ],
                "count": 3
            }
        ]
    },
    {
        "type": "message",
        "text": "",
        "files": [
            {
                "id": "FBY9DF82U",
                "created": 1532914791,
                "timestamp": 1532914791,
                "name": "-.sh",
                "title": "Untitled",
                "mimetype": "text\/plain",
                "filetype": "shell",
                "pretty_type": "Shell",
                "user": "UBD8GHGBA",
                "editable": true,
                "size": 76,
                "mode": "snippet",
                "is_external": false,
                "external_type": "",
                "is_public": true,
                "public_url_shared": false,
                "display_as_bot": false,
                "username": "",
                "url_private": "https:\/\/files.slack.com\/files-pri\/T9SHC5F9S-FBY9DF82U\/-.sh?t=xoxe-332590185332-430098056850-431139793783-a3ecafe0d0f66efa522a67af632228d7",
                "url_private_download": "https:\/\/files.slack.com\/files-pri\/T9SHC5F9S-FBY9DF82U\/download\/-.sh?t=xoxe-332590185332-430098056850-431139793783-a3ecafe0d0f66efa522a67af632228d7",
                "permalink": "https:\/\/daitgirls.slack.com\/files\/UBD8GHGBA\/FBY9DF82U\/-.sh",
                "permalink_public": "https:\/\/slack-files.com\/T9SHC5F9S-FBY9DF82U-e58f8a17fd",
                "edit_link": "https:\/\/daitgirls.slack.com\/files\/UBD8GHGBA\/FBY9DF82U\/-.sh\/edit",
                "preview": "Jinyoungs-MacBook-Air:Desktop jinyoungpark$ pwd\r\n\/Users\/jinyoungpark\/Desktop",
                "preview_highlight": "<div class=\"CodeMirror cm-s-default CodeMirrorServer\" oncopy=\"if(event.clipboardData){event.clipboardData.setData('text\/plain',window.getSelection().toString().replace(\/\\u200b\/g,''));event.preventDefault();event.stopPropagation();}\">\n<div class=\"CodeMirror-code\">\n<div><pre>Jinyoungs-MacBook-Air:Desktop jinyoungpark<span class=\"cm-def\">$ pwd<\/span><\/pre><\/div>\n<div><pre>\/Users\/jinyoungpark\/Desktop<\/pre><\/div>\n<\/div>\n<\/div>\n",
                "lines": 2,
                "lines_more": 0,
                "preview_is_truncated": false
            }
        ],
        "upload": true,
        "user": "UBD8GHGBA",
        "display_as_bot": false,
        "ts": "1532914792.000098"
    },
    {
        "type": "message",
        "text": "",
        "files": [
            {
                "id": "FBZ1XNAH0",
                "created": 1532922610,
                "timestamp": 1532922610,
                "name": "스크린샷 2018-07-30 오후 12.49.29.png",
                "title": "스크린샷 2018-07-30 오후 12.49.29.png",
                "mimetype": "image\/png",
                "filetype": "png",
                "pretty_type": "PNG",
                "user": "UBDRVLD1R",
                "editable": false,
                "size": 21000,
                "mode": "hosted",
                "is_external": false,
                "external_type": "",
                "is_public": true,
                "public_url_shared": false,
                "display_as_bot": false,
                "username": "",
                "url_private": "https:\/\/files.slack.com\/files-pri\/T9SHC5F9S-FBZ1XNAH0\/_______________________________2018-07-30______________12.49.29.png?t=xoxe-332590185332-430098056850-431139793783-a3ecafe0d0f66efa522a67af632228d7",
                "url_private_download": "https:\/\/files.slack.com\/files-pri\/T9SHC5F9S-FBZ1XNAH0\/download\/_______________________________2018-07-30______________12.49.29.png?t=xoxe-332590185332-430098056850-431139793783-a3ecafe0d0f66efa522a67af632228d7",
                "thumb_64": "https:\/\/files.slack.com\/files-tmb\/T9SHC5F9S-FBZ1XNAH0-4d3dc59790\/_______________________________2018-07-30______________12.49.29_64.png?t=xoxe-332590185332-430098056850-431139793783-a3ecafe0d0f66efa522a67af632228d7",
                "thumb_80": "https:\/\/files.slack.com\/files-tmb\/T9SHC5F9S-FBZ1XNAH0-4d3dc59790\/_______________________________2018-07-30______________12.49.29_80.png?t=xoxe-332590185332-430098056850-431139793783-a3ecafe0d0f66efa522a67af632228d7",
                "thumb_360": "https:\/\/files.slack.com\/files-tmb\/T9SHC5F9S-FBZ1XNAH0-4d3dc59790\/_______________________________2018-07-30______________12.49.29_360.png?t=xoxe-332590185332-430098056850-431139793783-a3ecafe0d0f66efa522a67af632228d7",
                "thumb_360_w": 360,
                "thumb_360_h": 31,
                "thumb_480": "https:\/\/files.slack.com\/files-tmb\/T9SHC5F9S-FBZ1XNAH0-4d3dc59790\/_______________________________2018-07-30______________12.49.29_480.png?t=xoxe-332590185332-430098056850-431139793783-a3ecafe0d0f66efa522a67af632228d7",
                "thumb_480_w": 480,
                "thumb_480_h": 41,
                "thumb_160": "https:\/\/files.slack.com\/files-tmb\/T9SHC5F9S-FBZ1XNAH0-4d3dc59790\/_______________________________2018-07-30______________12.49.29_160.png?t=xoxe-332590185332-430098056850-431139793783-a3ecafe0d0f66efa522a67af632228d7",
                "thumb_720": "https:\/\/files.slack.com\/files-tmb\/T9SHC5F9S-FBZ1XNAH0-4d3dc59790\/_______________________________2018-07-30______________12.49.29_720.png?t=xoxe-332590185332-430098056850-431139793783-a3ecafe0d0f66efa522a67af632228d7",
                "thumb_720_w": 720,
                "thumb_720_h": 62,
                "thumb_800": "https:\/\/files.slack.com\/files-tmb\/T9SHC5F9S-FBZ1XNAH0-4d3dc59790\/_______________________________2018-07-30______________12.49.29_800.png?t=xoxe-332590185332-430098056850-431139793783-a3ecafe0d0f66efa522a67af632228d7",
                "thumb_800_w": 800,
                "thumb_800_h": 69,
                "thumb_960": "https:\/\/files.slack.com\/files-tmb\/T9SHC5F9S-FBZ1XNAH0-4d3dc59790\/_______________________________2018-07-30______________12.49.29_960.png?t=xoxe-332590185332-430098056850-431139793783-a3ecafe0d0f66efa522a67af632228d7",
                "thumb_960_w": 960,
                "thumb_960_h": 83,
                "thumb_1024": "https:\/\/files.slack.com\/files-tmb\/T9SHC5F9S-FBZ1XNAH0-4d3dc59790\/_______________________________2018-07-30______________12.49.29_1024.png?t=xoxe-332590185332-430098056850-431139793783-a3ecafe0d0f66efa522a67af632228d7",
                "thumb_1024_w": 1024,
                "thumb_1024_h": 88,
                "image_exif_rotation": 1,
                "original_w": 1650,
                "original_h": 142,
                "permalink": "https:\/\/daitgirls.slack.com\/files\/UBDRVLD1R\/FBZ1XNAH0\/_______________________________2018-07-30______________12.49.29.png",
                "permalink_public": "https:\/\/slack-files.com\/T9SHC5F9S-FBZ1XNAH0-165a007fcf"
            }
        ],
        "upload": true,
        "user": "UBDRVLD1R",
        "display_as_bot": false,
        "ts": "1532922614.000003"
    },
    {
        "type": "message",
        "user": "UBDRVLD1R",
        "text": "E조 결과공유합닏!",
        "client_msg_id": "2a5bb2ce-8526-4633-95a6-b151e87d335c",
        "ts": "1532922626.000092"
    },
    {
        "type": "message",
        "user": "UBDRVLD1R",
        "text": "잘못보냈네여..",
        "client_msg_id": "7c290685-8f13-4a7e-b344-967caee3c6b5",
        "ts": "1532922656.000052",
        "reactions": [
            {
                "name": "joy",
                "users": [
                    "UBDUUV802",
                    "UBE3NCBKP",
                    "U9SN17L0M"
                ],
                "count": 3
            }
        ]
    },
    {
        "type": "message",
        "user": "UBE3NCBKP",
        "text": "ㅠㅠㅠㅠㅠㅠㅠㅠㅠㅠ",
        "client_msg_id": "c8d917f4-99e6-49d0-b02a-0329b24d3a46",
        "ts": "1532922659.000020"
    },
    {
        "type": "message",
        "user": "UBE3NCBKP",
        "text": "예측비율....ㅠㅠㅠㅠㅠ",
        "client_msg_id": "91ce6999-2371-411c-902f-3732cbb4bd05",
        "ts": "1532922661.000126"
    },
    {
        "type": "message",
        "text": "",
        "files": [
            {
                "id": "FBZ1Y0XA6",
                "created": 1532922681,
                "timestamp": 1532922681,
                "name": "스크린샷 2018-07-30 오후 12.51.03.png",
                "title": "스크린샷 2018-07-30 오후 12.51.03.png",
                "mimetype": "image\/png",
                "filetype": "png",
                "pretty_type": "PNG",
                "user": "UBD8HB9C0",
                "editable": false,
                "size": 36656,
                "mode": "hosted",
                "is_external": false,
                "external_type": "",
                "is_public": true,
                "public_url_shared": false,
                "display_as_bot": false,
                "username": "",
                "url_private": "https:\/\/files.slack.com\/files-pri\/T9SHC5F9S-FBZ1Y0XA6\/_______________________________2018-07-30______________12.51.03.png?t=xoxe-332590185332-430098056850-431139793783-a3ecafe0d0f66efa522a67af632228d7",
                "url_private_download": "https:\/\/files.slack.com\/files-pri\/T9SHC5F9S-FBZ1Y0XA6\/download\/_______________________________2018-07-30______________12.51.03.png?t=xoxe-332590185332-430098056850-431139793783-a3ecafe0d0f66efa522a67af632228d7",
                "thumb_64": "https:\/\/files.slack.com\/files-tmb\/T9SHC5F9S-FBZ1Y0XA6-aae1d81623\/_______________________________2018-07-30______________12.51.03_64.png?t=xoxe-332590185332-430098056850-431139793783-a3ecafe0d0f66efa522a67af632228d7",
                "thumb_80": "https:\/\/files.slack.com\/files-tmb\/T9SHC5F9S-FBZ1Y0XA6-aae1d81623\/_______________________________2018-07-30______________12.51.03_80.png?t=xoxe-332590185332-430098056850-431139793783-a3ecafe0d0f66efa522a67af632228d7",
                "thumb_360": "https:\/\/files.slack.com\/files-tmb\/T9SHC5F9S-FBZ1Y0XA6-aae1d81623\/_______________________________2018-07-30______________12.51.03_360.png?t=xoxe-332590185332-430098056850-431139793783-a3ecafe0d0f66efa522a67af632228d7",
                "thumb_360_w": 360,
                "thumb_360_h": 57,
                "thumb_480": "https:\/\/files.slack.com\/files-tmb\/T9SHC5F9S-FBZ1Y0XA6-aae1d81623\/_______________________________2018-07-30______________12.51.03_480.png?t=xoxe-332590185332-430098056850-431139793783-a3ecafe0d0f66efa522a67af632228d7",
                "thumb_480_w": 480,
                "thumb_480_h": 76,
                "thumb_160": "https:\/\/files.slack.com\/files-tmb\/T9SHC5F9S-FBZ1Y0XA6-aae1d81623\/_______________________________2018-07-30______________12.51.03_160.png?t=xoxe-332590185332-430098056850-431139793783-a3ecafe0d0f66efa522a67af632228d7",
                "thumb_720": "https:\/\/files.slack.com\/files-tmb\/T9SHC5F9S-FBZ1Y0XA6-aae1d81623\/_______________________________2018-07-30______________12.51.03_720.png?t=xoxe-332590185332-430098056850-431139793783-a3ecafe0d0f66efa522a67af632228d7",
                "thumb_720_w": 720,
                "thumb_720_h": 114,
                "thumb_800": "https:\/\/files.slack.com\/files-tmb\/T9SHC5F9S-FBZ1Y0XA6-aae1d81623\/_______________________________2018-07-30______________12.51.03_800.png?t=xoxe-332590185332-430098056850-431139793783-a3ecafe0d0f66efa522a67af632228d7",
                "thumb_800_w": 800,
                "thumb_800_h": 127,
                "image_exif_rotation": 1,
                "original_w": 958,
                "original_h": 152,
                "permalink": "https:\/\/daitgirls.slack.com\/files\/UBD8HB9C0\/FBZ1Y0XA6\/_______________________________2018-07-30______________12.51.03.png",
                "permalink_public": "https:\/\/slack-files.com\/T9SHC5F9S-FBZ1Y0XA6-15d17550ee"
            }
        ],
        "upload": true,
        "user": "UBD8HB9C0",
        "display_as_bot": false,
        "ts": "1532922683.000084",
        "reactions": [
            {
                "name": "+1",
                "users": [
                    "UBE3NCBKP",
                    "U9SN17L0M",
                    "UBDRVLD1R",
                    "UBDRWRE3D"
                ],
                "count": 4
            },
            {
                "name": "clap",
                "users": [
                    "UBDUVKQAE",
                    "U9SN17L0M",
                    "UBDRVLD1R",
                    "UBDRWK8SX"
                ],
                "count": 4
            },
            {
                "name": "heart_eyes",
                "users": [
                    "UBDUUV802",
                    "U9SN17L0M",
                    "UBDRVLD1R"
                ],
                "count": 3
            },
            {
                "name": "scream_cat",
                "users": [
                    "UBDRWU3GT",
                    "U9SN17L0M",
                    "UBDRVLD1R",
                    "UBF0XFP7Z"
                ],
                "count": 4
            }
        ]
    },
    {
        "type": "message",
        "user": "UBD8HB9C0",
        "text": "ㅋㅋㅋㅋ저희이거예욬ㅋㅋㅋㅋㅋㅋㅋ",
        "client_msg_id": "9470cd07-6bfa-4f60-acb5-3946f5410e4d",
        "ts": "1532922687.000035"
    },
    {
        "type": "message",
        "user": "UBD8HB9C0",
        "text": "ㅋㅋㅋㅋㅋㅋㅋㅋㅋㅋㅋㅋㅋ",
        "client_msg_id": "c1fd71cf-b807-4c7f-afe5-d990ae67df0d",
        "ts": "1532922689.000080"
    },
    {
        "type": "message",
        "text": "",
        "files": [
            {
                "id": "FC03N61RD",
                "created": 1532928376,
                "timestamp": 1532928376,
                "name": "image.png",
                "title": "Pasted image at 2018-07-30, 2:26 PM",
                "mimetype": "image\/png",
                "filetype": "png",
                "pretty_type": "PNG",
                "user": "UBDUVKQAE",
                "editable": false,
                "size": 102930,
                "mode": "hosted",
                "is_external": false,
                "external_type": "",
                "is_public": true,
                "public_url_shared": false,
                "display_as_bot": false,
                "username": "",
                "url_private": "https:\/\/files.slack.com\/files-pri\/T9SHC5F9S-FC03N61RD\/image.png?t=xoxe-332590185332-430098056850-431139793783-a3ecafe0d0f66efa522a67af632228d7",
                "url_private_download": "https:\/\/files.slack.com\/files-pri\/T9SHC5F9S-FC03N61RD\/download\/image.png?t=xoxe-332590185332-430098056850-431139793783-a3ecafe0d0f66efa522a67af632228d7",
                "thumb_64": "https:\/\/files.slack.com\/files-tmb\/T9SHC5F9S-FC03N61RD-52d6473975\/image_64.png?t=xoxe-332590185332-430098056850-431139793783-a3ecafe0d0f66efa522a67af632228d7",
                "thumb_80": "https:\/\/files.slack.com\/files-tmb\/T9SHC5F9S-FC03N61RD-52d6473975\/image_80.png?t=xoxe-332590185332-430098056850-431139793783-a3ecafe0d0f66efa522a67af632228d7",
                "thumb_360": "https:\/\/files.slack.com\/files-tmb\/T9SHC5F9S-FC03N61RD-52d6473975\/image_360.png?t=xoxe-332590185332-430098056850-431139793783-a3ecafe0d0f66efa522a67af632228d7",
                "thumb_360_w": 360,
                "thumb_360_h": 260,
                "thumb_480": "https:\/\/files.slack.com\/files-tmb\/T9SHC5F9S-FC03N61RD-52d6473975\/image_480.png?t=xoxe-332590185332-430098056850-431139793783-a3ecafe0d0f66efa522a67af632228d7",
                "thumb_480_w": 480,
                "thumb_480_h": 346,
                "thumb_160": "https:\/\/files.slack.com\/files-tmb\/T9SHC5F9S-FC03N61RD-52d6473975\/image_160.png?t=xoxe-332590185332-430098056850-431139793783-a3ecafe0d0f66efa522a67af632228d7",
                "image_exif_rotation": 1,
                "original_w": 639,
                "original_h": 461,
                "permalink": "https:\/\/daitgirls.slack.com\/files\/UBDUVKQAE\/FC03N61RD\/image.png",
                "permalink_public": "https:\/\/slack-files.com\/T9SHC5F9S-FC03N61RD-8672b9301c"
            }
        ],
        "upload": true,
        "user": "UBDUVKQAE",
        "display_as_bot": false,
        "ts": "1532928378.000050",
        "reactions": [
            {
                "name": "+1",
                "users": [
                    "UBDUUV802",
                    "UBDRWBNRZ",
                    "UBF0XFP7Z",
                    "U9SN17L0M",
                    "UA4EGE85S",
                    "UBELL5EF5"
                ],
                "count": 6
            }
        ]
    },
    {
        "type": "message",
        "user": "UBDN8UG4C",
        "text": "<http:\/\/newsight.tistory.com\/53>",
        "client_msg_id": "e8988437-d613-439a-a6db-f3577d3278db",
        "attachments": [
            {
                "service_name": "New Sight",
                "title": "Roc curve, AUR(AUCOC), 민감도, 특이도",
                "title_link": "http:\/\/newsight.tistory.com\/53",
                "text": "ROC curve (Receiver Operating Characteristic curve) : FPR과 TPR을 각각 x,y축으로 놓은 그래프 TPR : True Positive Rate (=민감도, true accept rate) 1인 케이스에 대해 1로 예측한 비율.(암환자를 진찰해..",
                "fallback": "New Sight: Roc curve, AUR(AUCOC), 민감도, 특이도",
                "image_url": "http:\/\/cfile28.uf.tistory.com\/image\/262E8E3F544837AD274972",
                "ts": 1402471873,
                "from_url": "http:\/\/newsight.tistory.com\/53",
                "image_width": 312,
                "image_height": 230,
                "image_bytes": 17660,
                "service_icon": "http:\/\/i1.daumcdn.net\/thumb\/C180x180\/?fname=http%3A%2F%2Fcfile24.uf.tistory.com%2Fimage%2F21370A3B5819A4DD280FE3",
                "id": 1,
                "original_url": "http:\/\/newsight.tistory.com\/53"
            }
        ],
        "ts": "1532929005.000021",
        "reactions": [
            {
                "name": "heart_eyes",
                "users": [
                    "UBDUUV802",
                    "UBDRWBNRZ",
                    "UBF0XFP7Z",
                    "UBF0XHZD5",
                    "UBDUVKQAE",
                    "U9SN17L0M",
                    "UBELL5EF5"
                ],
                "count": 7
            }
        ]
    },
    {
        "type": "message",
        "text": "1종 오류랑 2종 오류를 어떻게 컨트롤? 하는지에 대한 설명이에요!",
        "files": [
            {
                "id": "FBYU4P57V",
                "created": 1532929201,
                "timestamp": 1532929201,
                "name": "image.png",
                "title": "Pasted image at 2018-07-30, 2:39 PM",
                "mimetype": "image\/png",
                "filetype": "png",
                "pretty_type": "PNG",
                "user": "UBE3NMLCD",
                "editable": false,
                "size": 106020,
                "mode": "hosted",
                "is_external": false,
                "external_type": "",
                "is_public": true,
                "public_url_shared": false,
                "display_as_bot": false,
                "username": "",
                "url_private": "https:\/\/files.slack.com\/files-pri\/T9SHC5F9S-FBYU4P57V\/image.png?t=xoxe-332590185332-430098056850-431139793783-a3ecafe0d0f66efa522a67af632228d7",
                "url_private_download": "https:\/\/files.slack.com\/files-pri\/T9SHC5F9S-FBYU4P57V\/download\/image.png?t=xoxe-332590185332-430098056850-431139793783-a3ecafe0d0f66efa522a67af632228d7",
                "thumb_64": "https:\/\/files.slack.com\/files-tmb\/T9SHC5F9S-FBYU4P57V-4ac08cd715\/image_64.png?t=xoxe-332590185332-430098056850-431139793783-a3ecafe0d0f66efa522a67af632228d7",
                "thumb_80": "https:\/\/files.slack.com\/files-tmb\/T9SHC5F9S-FBYU4P57V-4ac08cd715\/image_80.png?t=xoxe-332590185332-430098056850-431139793783-a3ecafe0d0f66efa522a67af632228d7",
                "thumb_360": "https:\/\/files.slack.com\/files-tmb\/T9SHC5F9S-FBYU4P57V-4ac08cd715\/image_360.png?t=xoxe-332590185332-430098056850-431139793783-a3ecafe0d0f66efa522a67af632228d7",
                "thumb_360_w": 360,
                "thumb_360_h": 190,
                "thumb_480": "https:\/\/files.slack.com\/files-tmb\/T9SHC5F9S-FBYU4P57V-4ac08cd715\/image_480.png?t=xoxe-332590185332-430098056850-431139793783-a3ecafe0d0f66efa522a67af632228d7",
                "thumb_480_w": 480,
                "thumb_480_h": 253,
                "thumb_160": "https:\/\/files.slack.com\/files-tmb\/T9SHC5F9S-FBYU4P57V-4ac08cd715\/image_160.png?t=xoxe-332590185332-430098056850-431139793783-a3ecafe0d0f66efa522a67af632228d7",
                "thumb_720": "https:\/\/files.slack.com\/files-tmb\/T9SHC5F9S-FBYU4P57V-4ac08cd715\/image_720.png?t=xoxe-332590185332-430098056850-431139793783-a3ecafe0d0f66efa522a67af632228d7",
                "thumb_720_w": 720,
                "thumb_720_h": 379,
                "thumb_800": "https:\/\/files.slack.com\/files-tmb\/T9SHC5F9S-FBYU4P57V-4ac08cd715\/image_800.png?t=xoxe-332590185332-430098056850-431139793783-a3ecafe0d0f66efa522a67af632228d7",
                "thumb_800_w": 800,
                "thumb_800_h": 421,
                "thumb_960": "https:\/\/files.slack.com\/files-tmb\/T9SHC5F9S-FBYU4P57V-4ac08cd715\/image_960.png?t=xoxe-332590185332-430098056850-431139793783-a3ecafe0d0f66efa522a67af632228d7",
                "thumb_960_w": 960,
                "thumb_960_h": 506,
                "thumb_1024": "https:\/\/files.slack.com\/files-tmb\/T9SHC5F9S-FBYU4P57V-4ac08cd715\/image_1024.png?t=xoxe-332590185332-430098056850-431139793783-a3ecafe0d0f66efa522a67af632228d7",
                "thumb_1024_w": 1024,
                "thumb_1024_h": 540,
                "image_exif_rotation": 1,
                "original_w": 1340,
                "original_h": 706,
                "permalink": "https:\/\/daitgirls.slack.com\/files\/UBE3NMLCD\/FBYU4P57V\/image.png",
                "permalink_public": "https:\/\/slack-files.com\/T9SHC5F9S-FBYU4P57V-d138cd11a3"
            }
        ],
        "upload": true,
        "user": "UBE3NMLCD",
        "display_as_bot": false,
        "ts": "1532929204.000180",
        "reactions": [
            {
                "name": "heart_eyes",
                "users": [
                    "UBDUUV802",
                    "UBD8GLUEL",
                    "UBDRWBNRZ",
                    "UBELL5EF5"
                ],
                "count": 4
            },
            {
                "name": "us",
                "users": [
                    "UBF0XKTP1",
                    "UBDN8UG4C",
                    "UBDRWK8SX",
                    "UBDRWADQB",
                    "UBD8GLUEL",
                    "UBDN9579S",
                    "UBDRWBNRZ"
                ],
                "count": 7
            }
        ]
    },
    {
        "type": "message",
        "text": "ROC chart에 대해서 이해하시기 전에 이 표를 참고하시면 좋을 것 같아요!",
        "files": [
            {
                "id": "FBYB5DS1E",
                "created": 1532930134,
                "timestamp": 1532930134,
                "name": "스크린샷 2018-07-30 오후 2.52.53.png",
                "title": "스크린샷 2018-07-30 오후 2.52.53.png",
                "mimetype": "image\/png",
                "filetype": "png",
                "pretty_type": "PNG",
                "user": "UBD8HB9C0",
                "editable": false,
                "size": 339181,
                "mode": "hosted",
                "is_external": false,
                "external_type": "",
                "is_public": true,
                "public_url_shared": false,
                "display_as_bot": false,
                "username": "",
                "url_private": "https:\/\/files.slack.com\/files-pri\/T9SHC5F9S-FBYB5DS1E\/_______________________________2018-07-30______________2.52.53.png?t=xoxe-332590185332-430098056850-431139793783-a3ecafe0d0f66efa522a67af632228d7",
                "url_private_download": "https:\/\/files.slack.com\/files-pri\/T9SHC5F9S-FBYB5DS1E\/download\/_______________________________2018-07-30______________2.52.53.png?t=xoxe-332590185332-430098056850-431139793783-a3ecafe0d0f66efa522a67af632228d7",
                "thumb_64": "https:\/\/files.slack.com\/files-tmb\/T9SHC5F9S-FBYB5DS1E-23973089e3\/_______________________________2018-07-30______________2.52.53_64.png?t=xoxe-332590185332-430098056850-431139793783-a3ecafe0d0f66efa522a67af632228d7",
                "thumb_80": "https:\/\/files.slack.com\/files-tmb\/T9SHC5F9S-FBYB5DS1E-23973089e3\/_______________________________2018-07-30______________2.52.53_80.png?t=xoxe-332590185332-430098056850-431139793783-a3ecafe0d0f66efa522a67af632228d7",
                "thumb_360": "https:\/\/files.slack.com\/files-tmb\/T9SHC5F9S-FBYB5DS1E-23973089e3\/_______________________________2018-07-30______________2.52.53_360.png?t=xoxe-332590185332-430098056850-431139793783-a3ecafe0d0f66efa522a67af632228d7",
                "thumb_360_w": 360,
                "thumb_360_h": 249,
                "thumb_480": "https:\/\/files.slack.com\/files-tmb\/T9SHC5F9S-FBYB5DS1E-23973089e3\/_______________________________2018-07-30______________2.52.53_480.png?t=xoxe-332590185332-430098056850-431139793783-a3ecafe0d0f66efa522a67af632228d7",
                "thumb_480_w": 480,
                "thumb_480_h": 332,
                "thumb_160": "https:\/\/files.slack.com\/files-tmb\/T9SHC5F9S-FBYB5DS1E-23973089e3\/_______________________________2018-07-30______________2.52.53_160.png?t=xoxe-332590185332-430098056850-431139793783-a3ecafe0d0f66efa522a67af632228d7",
                "thumb_720": "https:\/\/files.slack.com\/files-tmb\/T9SHC5F9S-FBYB5DS1E-23973089e3\/_______________________________2018-07-30______________2.52.53_720.png?t=xoxe-332590185332-430098056850-431139793783-a3ecafe0d0f66efa522a67af632228d7",
                "thumb_720_w": 720,
                "thumb_720_h": 497,
                "thumb_800": "https:\/\/files.slack.com\/files-tmb\/T9SHC5F9S-FBYB5DS1E-23973089e3\/_______________________________2018-07-30______________2.52.53_800.png?t=xoxe-332590185332-430098056850-431139793783-a3ecafe0d0f66efa522a67af632228d7",
                "thumb_800_w": 800,
                "thumb_800_h": 553,
                "thumb_960": "https:\/\/files.slack.com\/files-tmb\/T9SHC5F9S-FBYB5DS1E-23973089e3\/_______________________________2018-07-30______________2.52.53_960.png?t=xoxe-332590185332-430098056850-431139793783-a3ecafe0d0f66efa522a67af632228d7",
                "thumb_960_w": 960,
                "thumb_960_h": 663,
                "thumb_1024": "https:\/\/files.slack.com\/files-tmb\/T9SHC5F9S-FBYB5DS1E-23973089e3\/_______________________________2018-07-30______________2.52.53_1024.png?t=xoxe-332590185332-430098056850-431139793783-a3ecafe0d0f66efa522a67af632228d7",
                "thumb_1024_w": 1024,
                "thumb_1024_h": 707,
                "image_exif_rotation": 1,
                "original_w": 1552,
                "original_h": 1072,
                "permalink": "https:\/\/daitgirls.slack.com\/files\/UBD8HB9C0\/FBYB5DS1E\/_______________________________2018-07-30______________2.52.53.png",
                "permalink_public": "https:\/\/slack-files.com\/T9SHC5F9S-FBYB5DS1E-08a26a99c1"
            }
        ],
        "upload": true,
        "user": "UBD8HB9C0",
        "display_as_bot": false,
        "ts": "1532930137.000134",
        "reactions": [
            {
                "name": "heart_eyes",
                "users": [
                    "UBD8GLUEL",
                    "UBDUUV802",
                    "UBE3NMLCD",
                    "UBDUVKQAE",
                    "UA4EGE85S",
                    "U9SN17L0M",
                    "UBDRWBNRZ",
                    "UAMSPH7KM",
                    "UBELL5EF5"
                ],
                "count": 9
            },
            {
                "name": "+1",
                "users": [
                    "UBD8GLUEL",
                    "UBDUVKQAE",
                    "U9SN17L0M",
                    "UBDRWBNRZ"
                ],
                "count": 4
            }
        ]
    },
    {
        "type": "message",
        "user": "UBD8HB9C0",
        "text": "학교 강의록이라 좀..지저분한데 이해 안가시는 부분은 저한테 질문해주셔도 됩니당\nROC 의 x축은 1-Specificity로 잘못된 것을 잘못되었다고 판단하지 않을 확률이고, y축은 Sensitivity로 맞는 것을 맞다고 판단할 확률입니당.",
        "client_msg_id": "aef75309-2e74-49aa-a141-e559026c743d",
        "ts": "1532930380.000004"
    }
]