[
    {
        "type": "message",
        "user": "U9UFEBXGF",
        "text": ":city_sunset:오늘의 마무으리 공지 | 9월 4일 화요일\n\n1. 9월은 주중 전체(월화수목금) 공식 일정입니다. 강의실은 세미나실 1입니다!!!!!!!!!!!!!!!!!!!!!!!!!!!!!!\n(세미나실 5 아니에용~ 내일은 <@UBBH69509> CM님이 출석부릅니당 :cm_forever:)\n- 9\/5(수), 9\/12(수), 9\/19(수)\n- 시간 : 10:00-19:00\n- 내일 궁금한 점 있으면 TC님께 많이 물어봐주세용~\n\n2. 내일 데바시 (2:00-3:00)\n  1) 채용 뚫기 - 이력서 작성부터 면접 준비까지  (연사: <@UBD5C2LH5>)\n  2) 뎃터뷰1 후기 공유 - 前 에어비앤비 데이터분석가 이지혜님 인터뷰\n\n<!channel> 파이널 프로젝트도 기대됩니당! 오늘도 넘 수고많으셨어용:blue_heart:",
        "client_msg_id": "7b179826-50fb-4180-95cc-1df71d4d4dd3",
        "edited": {
            "user": "U9UFEBXGF",
            "ts": "1536047704.000000"
        },
        "ts": "1536047539.000100",
        "reactions": [
            {
                "name": "+1",
                "users": [
                    "UBDN8UG4C",
                    "U9TKQU99V",
                    "UBDRWU3GT"
                ],
                "count": 3
            }
        ]
    },
    {
        "type": "message",
        "user": "UBELL5EF5",
        "text": "<https:\/\/goo.gl\/forms\/791qKEIT8SZRK1aC2>",
        "client_msg_id": "2e0e1525-1e0f-45e3-99ea-9cc15920ed33",
        "attachments": [
            {
                "service_name": "Google Docs",
                "title": "수업 평가",
                "title_link": "https:\/\/goo.gl\/forms\/791qKEIT8SZRK1aC2",
                "text": "수업 평가는 익명으로 수집되며, 강의를 개선하기 위한 목적 이외의 어떠한 용도로도 사용하지 않습니다.",
                "fallback": "Google Docs: 수업 평가",
                "image_url": "https:\/\/lh6.googleusercontent.com\/MmUMZHRjw22SaTkCqs48B_8MyqWeFOG4eF2q_bD1HQiQLp5nDewpEmcV3WiS1Si_D0s",
                "image_width": 333,
                "image_height": 250,
                "from_url": "https:\/\/goo.gl\/forms\/791qKEIT8SZRK1aC2",
                "image_bytes": 46236,
                "service_icon": "http:\/\/ssl.gstatic.com\/docs\/forms\/device_home\/ios_120.png",
                "id": 1,
                "original_url": "https:\/\/goo.gl\/forms\/791qKEIT8SZRK1aC2"
            }
        ],
        "ts": "1536048163.000100"
    },
    {
        "type": "message",
        "user": "UBDRWK8SX",
        "text": "애란쌤의 잔소리(걱정의 말씀)  ~ (아래 내용에 버그가 있으면 리플달아주세요)\n\n1) 제일 중요하게 생각해야 하는것은 이 프로젝트를 하면서 얼마나 자신이 성장할 수 있는가입니다. 이것을 고민하면서 해보세요.\n\n2) 무엇을 할 지는 정해졌지만 어떻게 할 지는 정해진게 없으므로 그 안에서 자신이 움직일 수 있는 부분을 찾으시고 결과보다는 얼마나 본인이 성장할 수 있는가를 항상 판단의 기준으로 삼아주세요.\n\n3) 마지막 프로젝트라 리허설도 해야하고 시간이 매우 촉박합니다. 3~4일 안에 낼 수 있는 ‘작은 가치‘가 무엇인지를 꼭 생각해보시고 그렇게 결과를 내보세요. 그 상태로 조금씩 조금씩 나아간다고 생각하셔야 합니다.\n\n4) 3~4일 이후에는 ‘매일 매일’ 조금씩 좋아지게끔 결과를 내야 한다고 생각하셔야 합니다.\n\n5) 이 프로젝트는 절대평가도 상대평가도 아닙니다. 서로서로 도와서 성장할 수 있으면 가장 좋습니다.\n\n6) 최종적으로 발표하는 자리는 중요하지 않습니다. 본인이 이 과정에서 충분히 성장만 했다면, 그리고 좋은 결과물을 만든다면 추후에도 알려질 기회는 충분히 많습니다.\n\n7) 성장하는 것 보다 더 중요한 것이 좋은 팀워크를 유지하는 것 이라고 생각합니다. 스스로가 다른 이에게 좋은 동료가 되도록 노력 해주셨으면 좋겠습니다.",
        "client_msg_id": "29d9584b-22e0-42c3-a86c-d60db8728547",
        "edited": {
            "user": "UBDRWK8SX",
            "ts": "1536048925.000000"
        },
        "thread_ts": "1536048380.000100",
        "reply_count": 2,
        "replies": [
            {
                "user": "UBDN8T42G",
                "ts": "1536048643.000100"
            },
            {
                "user": "UBDUUHX4J",
                "ts": "1536057155.000100"
            }
        ],
        "unread_count": 2,
        "ts": "1536048380.000100",
        "reactions": [
            {
                "name": "thumbsup_all",
                "users": [
                    "UA4EGE85S",
                    "UBE3NMLCD",
                    "UBDN9579S",
                    "U9UFEBXGF",
                    "UBDRWBNRZ",
                    "UBDN8T42G",
                    "UBELL5EF5",
                    "UBDRWU3GT",
                    "UBDRXTD8B",
                    "UBDUVKQAE",
                    "UBDUUV802",
                    "U9TKQU99V",
                    "UBES4Q6LE",
                    "UBDRWADQB",
                    "UBF0XHZD5",
                    "UBD8GMVNC",
                    "UBF0XFP7Z",
                    "UBF1K97FH"
                ],
                "count": 18
            },
            {
                "name": "blue_heart",
                "users": [
                    "UA4EGE85S",
                    "UBE3NMLCD",
                    "U9UFEBXGF",
                    "UBDRWBNRZ",
                    "UBELL5EF5",
                    "UBDRWU3GT",
                    "UBDUUV802",
                    "UBF0XHZD5",
                    "UBF0XFP7Z"
                ],
                "count": 9
            },
            {
                "name": "the_love",
                "users": [
                    "U9UFEBXGF",
                    "UBDRWBNRZ",
                    "UBELL5EF5",
                    "UBDUUV802",
                    "UBF0XHZD5",
                    "UBF0XFP7Z"
                ],
                "count": 6
            }
        ]
    },
    {
        "type": "message",
        "user": "UBDN8T42G",
        "text": "대박 완전 감사합니다",
        "client_msg_id": "2fb4c54b-6671-44d9-9fca-fc2381c48c8d",
        "thread_ts": "1536048380.000100",
        "parent_user_id": "UBDRWK8SX",
        "ts": "1536048643.000100"
    },
    {
        "type": "message",
        "user": "UBDUVKQAE",
        "text": "<https:\/\/www.opentutorials.org\/course\/1>",
        "client_msg_id": "1476cd2c-19a4-492c-b88e-b9a3b8761eb5",
        "thread_ts": "1536048693.000100",
        "reply_count": 1,
        "replies": [
            {
                "user": "UBDUVKQAE",
                "ts": "1536048727.000100"
            }
        ],
        "unread_count": 1,
        "ts": "1536048693.000100",
        "reactions": [
            {
                "name": "+1",
                "users": [
                    "UBE3NCBKP",
                    "UBF0XKTP1",
                    "UBDN9579S",
                    "UBDRWBNRZ",
                    "UBELL5EF5"
                ],
                "count": 5
            }
        ]
    },
    {
        "type": "message",
        "user": "UBDUVKQAE",
        "text": "생활코딩입니다! 여기서 HTML, CSS, JAVASCRIPT 들으시면 됩니당",
        "client_msg_id": "4595e71a-a70f-4a12-a07f-f049eacd4d00",
        "thread_ts": "1536048693.000100",
        "parent_user_id": "UBDUVKQAE",
        "ts": "1536048727.000100"
    },
    {
        "type": "message",
        "user": "UBD8GMVNC",
        "text": "<#C9SFFV9QT|general> [배로 선생님 공지]\n1. Javascript\/Django 소학교 멤버 대상 : 생활코딩 WEB HTML + CSS + Javascript 수강 → HTML 문서 하나 만들기 (또는 HTML Boilerplate 검색하여 샘플 페이지 제작) → GitHub 업로드 → 실습 채널에 인증\n2. 전원 대상 : 데잇걸즈 수강 후기 2~3줄로 정리해서 올려주세요. (<#CBJC3LFNG|career> 채널로 업로드)",
        "client_msg_id": "b3dbdd2d-4b3f-417d-9cc2-e03ba0409e64",
        "ts": "1536048795.000100",
        "reactions": [
            {
                "name": "+1",
                "users": [
                    "UBDRVLD1R",
                    "UBDN9579S",
                    "UBDRWK8SX",
                    "UBDRWBNRZ",
                    "U9SN17L0M",
                    "UBELL5EF5",
                    "UBDRWU3GT"
                ],
                "count": 7
            },
            {
                "name": "blue_heart",
                "users": [
                    "U9SN17L0M",
                    "UBF0XKTP1",
                    "UBELL5EF5",
                    "UBDUU48UA"
                ],
                "count": 4
            }
        ]
    },
    {
        "type": "message",
        "user": "UBD8GMVNC",
        "text": "생활코딩 WEB1 HTML 수강하실 분들을 위한 필기노트 마크다운 파일 주소 공유 드립니다.\n<https:\/\/github.com\/YoungestSalon\/Outputs\/blob\/master\/Online%20Course\/Youtube_LifeCoding_WEB1_HTML\/Web1_Youtube_LifeCoding_v1.md>",
        "client_msg_id": "2088d28f-89a5-4780-a9ab-41e421827f9f",
        "attachments": [
            {
                "fallback": "[YoungestSalon\/Outputs] Online Course\/Youtube_LifeCoding_WEB1_HTML\/Web1_Youtube_LifeCoding_v1.md",
                "text": "```\n#### [생활코딩 WEB1](<https:\/\/opentutorials.org\/course\/3084\/18438>) 요약 \n\n\n\n&gt; 어떤 문제가 우리 삶에서 중요하고 심각할수록 \n&gt; 그 문제를 해결해주는 공부는 문제로부터 우리를 해방시켜줄 것입니다.\n&gt; 반대로 그 문제가 우리 삶과 동떨어져 있고, 사소할수록\n&gt; 공부 자체가 삶의 문제가 되어서 우리를 해방시키기는 커녕 억압할 것입니다.\n&gt;\n&gt; &lt; 생활코딩 WEB1 1강 중 &gt;\n\n\n\n- 원인과 결과\n  - 사람이 하는 일(원인) : Code, Source, 컴퓨터 언어\n  - 기계가 하는 일(결과) : Application, App, Program, 응용 프로그램, Webpage, Website\n\n\n\n- HTML은 왜 중요할까?\n\n  - 쉽다. (= 문법을 완전히 다 배우는데 10분도 걸리지 않음)\n\n  - 중요하다. (= 인류가 생산하는 거의 모든 디지털 정보가 담기는 그릇)\n\n  - 퍼블릭 도메인(Public Domain)이다. (= 라이센스 비용이 없다.)\n\n    ~~~\n    빨리 가려면 혼자 가고, 오래 가려면 같이 가라.\n    ~~~\n\n  - 비즈니스적 관점 : 어떻게 하면 검색엔진에 의해 잘 검색되게 할 수 있는가?\n\n    ~~~\n    ※ 검색엔진 : 절대 다수의 사이트를 수집하여 HTML 코드를 분석\n       → HTML 문법에 따라 작성된, '정보 전달'에 충실한 사이트를 검색 결과 상단에 출력\n       → 노출 효과 : '정보 전달'에 충실한 사이트 &gt; 시각적으로만 화려한 사이트\n    ※ 본문 없이 포토샵으로만 만든 사이트 : 검색엔진이 인식\/해석하지 않음 \n    ~~~\n\n  - 접근성 \/ 개방성 : '신체적인 장애가 있는 사람도 정보로부터 소외되면 안된다'는 철학\n\n    ~~~\n    ※ 본문 없이 포토샵으로만 만든 사이트 : 장애인을 위한 보조도구도 해석하지 못함\n    ~~~\n\n    \n\n- 실습 환경\n\n  - Browser : Microsoft Edge가 아닌 무언가. (Ex. Google Chrome)\n\n  - Editor : Atom\n\n    \n\n- 효율적 공부를 위한 Tip\n\n  ![The average web page 1.JPG](<https:\/\/github.com\/YoungestSalon\/TIL\/blob\/master\/The%20average%20web%20page%201.JPG?raw=true>) \n\n  - 전체 Tag는 150개쯤 되지만, 상당수 사이트는 25개 내외의 Tag만 사용한다.\n    [The average web page](<https:\/\/www.advancedwebranking.com\/html\/>)를 참조하여 통계에 기반한 효율적인 공부를 지향하자!\n\n    \n\n- 기본 문법 (TAG)\n\n  ![The average web page 2.JPG](<https:\/\/github.com\/YoungestSalon\/TIL\/blob\/master\/The%20average%20web%20page%202.JPG?raw=true>) \n\n  - 굵게 : \\&lt;strong&gt; Text \\&lt;\/strong&gt;\n\n  - 밑줄 : \\&lt;u&gt; Text \\&lt;\/u&gt;\n\n  - 줄 바꿈 : \\&lt;br&gt;   (특징 : 닫는 Tag가 없음. 특정 위치에 여러 번 반복 사용이 가능.)\n\n  - 단락 : \\&lt;p&gt; Paragraph \\&lt;\/p&gt;   (특징 : CSS를 활용하면 문단 간격 조절 가능)\n\n    ~~~\n    # &lt;p&gt; Tag에 CSS를 적용한 사례\n    &lt;p style = \"margin-top:40px;\"&gt; Paragraph &lt;\/p&gt; : 문단 상단이 40으로 설정됨 \n    ~~~\n\n  - 제목 : \\&lt;h1&gt; Text &lt;\\h1&gt;   (특징 : 1~6까지 존재. 글씨크기 ↑ + bold체 + 자동 줄바꿈)\n\n  - 이미지 삽입 : \\&lt;img src = \"주소\"&gt;\n\n  - HyperText(링크) 삽입 : \\&lt;a href=\"링크 주소\"&gt; Text \\&lt;\/a&gt;\n\n    ~~~\n    # a : anchor (정보의 바다에 닻을 내린다는 시적 표현)\n    # href : Hypertext REFerence (닻을 내릴 위치를 지정해줌)\n    # target=\"_blank\" (링크가 새로운 탭에서 열리게 하는 옵션)\n    # title=\"주소 설명\" (Tooltip으로 링크에 대한 설명이 나오도록 하는 옵션)\n    \n    → 결과 : &lt;a href=\"링크 주소\" target=\"_blank\" title=\"주소 설명\"&gt; Text &lt;\/a&gt;\n    ~~~\n\n\n\n- 속성 (Attribute)\n\n  - Tag의 심화된 문법 : Tag의 이름만으로는 정보가 부족할 때 사용\n\n  - 속성 간의 위치(순서)는 상관이 없음\n\n    ~~~\n    # 둘 중 어떻게 써도 상관없음\n    &lt;img src=\"coding.jpg\" width=\"30%\"&gt;\n    &lt;img width=\"30%\" src=\"coding.jpg\"&gt;\n    ~~~\n\n\n\n- 부모\/자식 관계\n\n  - 부모 : Tag의 계층 구조에서 상위의 Tag\n\n  - 자식 : Tag의 계층 구조에서 하위의 Tag\n\n    ~~~\n    &lt;parent&gt;   # 부모 Tag\n       &lt;child&gt;&lt;\/child&gt;   # 자식 Tag\n    &lt;\/parent&gt;\n    ~~~\n\n  - 일부 Tag의 경우, 부모-자식이 꼭 함께 붙어다님\n\n    - 리스트 (2대) : 시작\/끝(\\&lt;ul&gt;, \\&lt;\/ul&gt; 또는 \\&lt;ol&gt;, \\&lt;\/ol&gt;) + 항목 (\\&lt;li&gt;, \\&lt;\/li&gt;)\n\n      ~~~\n      &lt;ul&gt;   # 부모 : Unordered List (= 넘버링 X)\n        &lt;li&gt;&lt;\/li&gt;   # 자식\n        &lt;li&gt;&lt;\/li&gt;\n      &lt;\/ul&gt;\n      \n      &lt;ol&gt;   # 부모 : Ordered List (= 넘버링 O)\n        &lt;li&gt;&lt;\/li&gt;   # 자식\n        &lt;li&gt;&lt;\/li&gt;\n      &lt;\/ol&gt;\n      ~~~\n\n    - 표 (3대) : 시작\/끝(\\&lt;table&gt;, \\&lt;\/table&gt;), 행 생성(\\&lt;tr&gt;, \\&lt;\/tr&gt;), 데이터 입력(\\&lt;td&gt;, \\&lt;\/td&gt;)\n\n      ~~~\n      &lt;table&gt;\n         &lt;tr&gt;\n            &lt;td&gt;1번 후보&lt;\/td&gt;\n            &lt;td&gt;10%&lt;\/td&gt;\n         &lt;\/tr&gt;\n         &lt;tr&gt;\n            &lt;td&gt;2번 후보&lt;\/td&gt;\n            &lt;td&gt;70%&lt;\/td&gt;\n         &lt;\/tr&gt;\n         &lt;tr&gt;\n            &lt;td&gt;3번 후보&lt;\/td&gt;\n            &lt;td&gt;20%&lt;\/td&gt;\n         &lt;\/tr&gt;\n      &lt;\/table&gt;\n      ~~~\n\n    \n\n- 문서 구조\n\n  - 웹페이지의 제목 : \\&lt;title&gt;, \\&lt;\/title&gt;\n\n  - 웹페이지의 인코딩 형식을 지정 : \\&lt;meta charset = \"인코딩 형식\"&gt;\n\n  - 웹페이지의 정보(제목\/인코딩 형식\/만든 사람 등)를 전달 : \\&lt;head&gt;, \\&lt;\/head&gt;\n\n  - 웹페이지의 본문을 전달 : \\&lt;body&gt;, \\&lt;\/body&gt;\n\n  - 웹페이지의 시작\/끝을 알림 : \\&lt;html&gt;, \\&lt;\/html&gt;\n\n    ~~~\n    <!doctype html>\n    &lt;html&gt;\n      &lt;head&gt;\n        &lt;title&gt;웹 페이지의 제목&lt;\/title&gt;\n        &lt;meta charset=\"utf-8\"&gt;\n      &lt;\/head&gt;\n      \n      &lt;body&gt;\n        웹 페이지의 본문\n      &lt;\/body&gt;\n    &lt;\/html&gt;\n    ~~~\n\n\n\n- HTML의 역사\n  - Internet의 개발 : 미국 국방\/통신 목적 (1960년대)\n  - Web의 개발 : 스위스에 위치한 CERN에서 개발. [최초의 웹사이트](<http:\/\/info.cern.ch\/>) 참조 (1990년대)\n  - 기존에는 기업\/연구소 위주로 사용되던 인터넷이 Web의 개발로 인해 대중화됨 \n\n\n\n- 인터넷을 여는 열쇠 : 서버\/클라이언트\n\n  - 서버 (Web Server) : 정보를 제공하는 컴퓨터 (= Server Computer)\n    - Web Server : 자신의 컴퓨터에 서버를 직접 설치하는 방법. 어려움 &amp; 공부가 됨.\n    - Web Hosting : 서버 설치를 전문 업체에 대행하는 방법. 쉬움 &amp; 공부가 덜 됨.\n  - 클라이언트(Web Browser) : 정보를 요청하는 컴퓨터 (= Client Computer)\n\n  ![server_client.JPG](<https:\/\/github.com\/YoungestSalon\/TIL\/blob\/master\/server_client.JPG?raw=true>) \n\n\n\n- [선택지 1] Web Hosting : GitHub\n  - Host : Web Server를 운영하기 위한 컴퓨터\n  - Web Hosting 업체 : Host(= Web Server)를 빌려주는 업체\n  - 작업 순서\n    - [GitHub](<https:\/\/github.com\/>) 회원 가입\n    - New Repository : Public 옵션, Initialize README 체크\n    - Upload files : 지금까지 작업한 코드를 업로드\n    - Commit 메시지 작성 → Commit changes\n    - Repository → Settings → GitHub Pages → Source → master branch 선택\n    - 새롭게 부여받은 .io 주소로 페이지 접속\n  - Static web hosting : HTML 파일만을 Web hosting 하는 경우 \n    - Dynamic web hosting : HTML + Python. Ruby. PHP 등\n  - Web hosting 업체 선정\n    - 'Free static web hosting'으로 검색\n    - 추천 업체 : [Bitballoon](<https:\/\/www.bitballoon.com\/>), [Neocities](<http:\/\/neocities.org\/>), Amazon S3, Google Cloud Storage, Azure Blob\n\n\n\n- [선택지 2] Web Server 직접 운영\n  - 준비물 \n    - 항상 켜져 있는 컴퓨터\n    - Web Server 프로그램 설치\/학습 : Apache, IIS, Nginx 등\n    - 집 밖에서 인터넷을 통해 Web Server에 접속할 수 있게 하는 여러가지 설정들\n  - 꽤 많은 지식이 필요, 어려움, 실패 가능성이 높음 but 인터넷 동작 원리를 학습 가능\n  - Apache \n    - 언제나 1등인, open source, 무료 Web Server 프로그램\n    - 설치 방법 검색 : 'How to install apache http server windows(=OS명) 2018(=년도)'\n    - Windows 컴퓨터에 apache 설치 : 'How to easy install apache on windows' 검색\n  - Bitnami WAMP Stack\n    - WAMP : Windows Apache MySQL PHP의 앞 글자를 모은 축약어\n    - 작업 순서\n      1. Install : 설치 경로 확인, MySQL 비밀번호 기억하기, Cloud 옵션은 해제\n      2. 설치 후 Windows Firewall block 경고 메시지 뜨면 'Allow access' 선택\n      3. manager-windows.exe 실행 → Go to Application → WELCOME 페이지 뜨는지 확인\n      4. manager-windows.exe → Manage Servers 탭 → Apache Web Server를 Start (= 서버 구동)\n      5. <http:\/\/127.0.0.1\/index.html> 로 접속 → WELCOME 페이지 뜨는지 확인\n      6. Bitnami WAMP Stack 설치 폴더 → Apache → htdocs : 기존에 작업한 코드를 덮어씌우기\n      7. <http:\/\/127.0.0.1\/index.html> 을 다시 읽어오기\n  - HTTP의 IP 주소 로딩(<http:\/\/127.0.0.1\/index.html>) vs. 브라우저에서 코드 파일 로딩\n    1. IP 주소 로딩(http:\/\/ ~) : 1대의 컴퓨터 안에서 Web Server - Web Browser 간 통신이 발생\n       - HTTP : Hyper Text Transfer Protocol의 약자. Web Server\/Browser 간의 통신 규약.\n    2. 브라우저에서 코드 파일 로딩(file:\/\/ ~) : Web Server 통신 없음. Only Web browser만 작동\n  - Windows에서 Server 컴퓨터의 IP 주소를 확인하는 방법\n    1. 네트워크 및 공유 센터 열기\n    2. 연결(Connection)  항목의 현재 연결된 인터넷 연결 이름을 클릭 (Ex. 무선 네트워크 연결 등)\n    3. 자세히 → IPv4 주소 확인 (Ex. 192.168.43.173)\n  - Server 컴퓨터의 IP 주소 vs. 127.0.0.1\n    - Server 컴퓨터의 IP 주소 (Ex. 192.168.43.173) : 해당 컴퓨터만의 고유한 주소\n    - 127.0.0.1 : 전 세계가 공통으로 사용. Web Browser가 설치된 컴퓨터의 주소 (= 자기 자신)\n  - Web Server와 Web Browser의 통신 연결하기\n    - 조건 : 두 대의 컴퓨터(또는 스마트폰)는 동일한 무선 네트워크, 혹은 동일한 공유기에 연결되어야 함\n    - 연결 방법 : Web Browser에서 Web Server의 IP 주소를 입력\n\n\n\n- 수업을 마치며\n  - 나는 누구, 여기는 어디?\n    - 교양 vs. 직업\n    - 배운 지식을 활용해보기 : 어려운 문제가 주는 좌절감이 충분히 성숙했을 때 다시 공부하기\n    - 지식을 공고히 하는 방법 : 프로젝트 진행, 콘텐츠 제작\n  - 향후 수업 계획 : WEB2\n    - 좀 더 예쁜 홈페이지 만들기 : CSS\n    - 사용자와 상호 작용하는 인터렉티브 홈페이지 만들기 : Javascript\n    - 생산성\/효율성을 위한 back-end technology : PHP, Node.js, JSP\n    - 광고수입 창출하기 : Advertisement\n\n\n\n- 코드의 힘\n  - 동영상 삽입\n    - Tag : \\&lt;iframe src=\"링크 주소\"&gt; \\&lt;\/iframe&gt;\n    - Youtube 영상 → 공유 → 퍼가기 → Source code 복사 → HTML 파일에 붙여넣기 \n  - 댓글 기능 추가\n    - Back-end 기술(PHP. Django. Python. JSP 등) &amp; Database가 필요\n    - 기계가 남기는 스팸 댓글을 차단할 수 있는 기능(스팸 여부 판단 기능) 필요\n    - 사용자 UX 관점 : 이미지 업로드 기능, SNS 연동 기능 등이 필요\n    - 대안 : DISQUS \/ LiveR…",
                "title": "Online Course\/Youtube_LifeCoding_WEB1_HTML\/Web1_Youtube_LifeCoding_v1.md",
                "footer": "<https:\/\/github.com\/YoungestSalon\/Outputs|YoungestSalon\/Outputs>",
                "id": 1,
                "title_link": "https:\/\/github.com\/YoungestSalon\/Outputs\/blob\/master\/Online%20Course\/Youtube_LifeCoding_WEB1_HTML\/Web1_Youtube_LifeCoding_v1.md",
                "footer_icon": "https:\/\/assets-cdn.github.com\/favicon.ico",
                "color": "24292f",
                "mrkdwn_in": [
                    "text"
                ],
                "bot_id": "BBNDHKJQ3",
                "app_unfurl_url": "https:\/\/github.com\/YoungestSalon\/Outputs\/blob\/master\/Online%20Course\/Youtube_LifeCoding_WEB1_HTML\/Web1_Youtube_LifeCoding_v1.md",
                "is_app_unfurl": true
            }
        ],
        "ts": "1536048871.000100"
    },
    {
        "type": "message",
        "text": "이렇게 생긴 삼성 케이스 보신 분 계시나요? 안에 자소서 첨삭받은 종이 있는데 보신 분 있으시면 연락주세요...!",
        "files": [
            {
                "id": "FCMTQUG4W",
                "created": 1536053171,
                "timestamp": 1536053171,
                "name": "Image from iOS.jpg",
                "title": "Image from iOS",
                "mimetype": "image\/jpeg",
                "filetype": "jpg",
                "pretty_type": "JPEG",
                "user": "UBDN9579S",
                "editable": false,
                "size": 3765325,
                "mode": "hosted",
                "is_external": false,
                "external_type": "",
                "is_public": true,
                "public_url_shared": false,
                "display_as_bot": false,
                "username": "",
                "url_private": "https:\/\/files.slack.com\/files-pri\/T9SHC5F9S-FCMTQUG4W\/image_from_ios.jpg?t=xoxe-332590185332-430098056850-431139793783-a3ecafe0d0f66efa522a67af632228d7",
                "url_private_download": "https:\/\/files.slack.com\/files-pri\/T9SHC5F9S-FCMTQUG4W\/download\/image_from_ios.jpg?t=xoxe-332590185332-430098056850-431139793783-a3ecafe0d0f66efa522a67af632228d7",
                "thumb_64": "https:\/\/files.slack.com\/files-tmb\/T9SHC5F9S-FCMTQUG4W-da45819d0f\/image_from_ios_64.jpg?t=xoxe-332590185332-430098056850-431139793783-a3ecafe0d0f66efa522a67af632228d7",
                "thumb_80": "https:\/\/files.slack.com\/files-tmb\/T9SHC5F9S-FCMTQUG4W-da45819d0f\/image_from_ios_80.jpg?t=xoxe-332590185332-430098056850-431139793783-a3ecafe0d0f66efa522a67af632228d7",
                "thumb_360": "https:\/\/files.slack.com\/files-tmb\/T9SHC5F9S-FCMTQUG4W-da45819d0f\/image_from_ios_360.jpg?t=xoxe-332590185332-430098056850-431139793783-a3ecafe0d0f66efa522a67af632228d7",
                "thumb_360_w": 360,
                "thumb_360_h": 360,
                "thumb_480": "https:\/\/files.slack.com\/files-tmb\/T9SHC5F9S-FCMTQUG4W-da45819d0f\/image_from_ios_480.jpg?t=xoxe-332590185332-430098056850-431139793783-a3ecafe0d0f66efa522a67af632228d7",
                "thumb_480_w": 480,
                "thumb_480_h": 480,
                "thumb_160": "https:\/\/files.slack.com\/files-tmb\/T9SHC5F9S-FCMTQUG4W-da45819d0f\/image_from_ios_160.jpg?t=xoxe-332590185332-430098056850-431139793783-a3ecafe0d0f66efa522a67af632228d7",
                "thumb_720": "https:\/\/files.slack.com\/files-tmb\/T9SHC5F9S-FCMTQUG4W-da45819d0f\/image_from_ios_720.jpg?t=xoxe-332590185332-430098056850-431139793783-a3ecafe0d0f66efa522a67af632228d7",
                "thumb_720_w": 720,
                "thumb_720_h": 720,
                "thumb_800": "https:\/\/files.slack.com\/files-tmb\/T9SHC5F9S-FCMTQUG4W-da45819d0f\/image_from_ios_800.jpg?t=xoxe-332590185332-430098056850-431139793783-a3ecafe0d0f66efa522a67af632228d7",
                "thumb_800_w": 800,
                "thumb_800_h": 800,
                "thumb_960": "https:\/\/files.slack.com\/files-tmb\/T9SHC5F9S-FCMTQUG4W-da45819d0f\/image_from_ios_960.jpg?t=xoxe-332590185332-430098056850-431139793783-a3ecafe0d0f66efa522a67af632228d7",
                "thumb_960_w": 960,
                "thumb_960_h": 960,
                "thumb_1024": "https:\/\/files.slack.com\/files-tmb\/T9SHC5F9S-FCMTQUG4W-da45819d0f\/image_from_ios_1024.jpg?t=xoxe-332590185332-430098056850-431139793783-a3ecafe0d0f66efa522a67af632228d7",
                "thumb_1024_w": 1024,
                "thumb_1024_h": 1024,
                "image_exif_rotation": 1,
                "original_w": 3024,
                "original_h": 3024,
                "permalink": "https:\/\/daitgirls.slack.com\/files\/UBDN9579S\/FCMTQUG4W\/image_from_ios.jpg",
                "permalink_public": "https:\/\/slack-files.com\/T9SHC5F9S-FCMTQUG4W-7471b0835f"
            }
        ],
        "upload": true,
        "user": "UBDN9579S",
        "display_as_bot": false,
        "upload_reply_to": "0D0ED5EF-ED5E-4D43-800F-D4751D37B41F",
        "thread_ts": "1536053171.000100",
        "reply_count": 1,
        "replies": [
            {
                "user": "UBDRWADQB",
                "ts": "1536055055.000100"
            }
        ],
        "unread_count": 1,
        "ts": "1536053171.000100",
        "reactions": [
            {
                "name": "scream",
                "users": [
                    "UBELL5EF5",
                    "U9UFEBXGF",
                    "UBF0Y7GMD"
                ],
                "count": 3
            }
        ]
    },
    {
        "type": "message",
        "user": "UBELL5EF5",
        "text": "오늘 팀 구성입니다. <https:\/\/docs.google.com\/spreadsheets\/d\/1iTDflduxbTmccdFdB_d0Q40Cr0yZgtfwPmjxFMMhipU\/edit#gid=1468139812>",
        "client_msg_id": "455e01ab-a205-4a53-9f39-628a3fc4fbc9",
        "ts": "1536053456.000100",
        "reactions": [
            {
                "name": "blue_heart",
                "users": [
                    "U9SN17L0M",
                    "U9UFEBXGF",
                    "UBF1K97FH",
                    "UBF0XKTP1"
                ],
                "count": 4
            },
            {
                "name": "100",
                "users": [
                    "U9SN17L0M",
                    "U9UFEBXGF",
                    "UBD8GMVNC"
                ],
                "count": 3
            }
        ]
    },
    {
        "type": "message",
        "text": "",
        "files": [
            {
                "id": "FCLE542DR",
                "created": 1536053474,
                "timestamp": 1536053474,
                "name": "image.png",
                "title": "Pasted image at 2018-09-04, 6:31 PM",
                "mimetype": "image\/png",
                "filetype": "png",
                "pretty_type": "PNG",
                "user": "UBELL5EF5",
                "editable": false,
                "size": 72066,
                "mode": "hosted",
                "is_external": false,
                "external_type": "",
                "is_public": true,
                "public_url_shared": false,
                "display_as_bot": false,
                "username": "",
                "url_private": "https:\/\/files.slack.com\/files-pri\/T9SHC5F9S-FCLE542DR\/image.png?t=xoxe-332590185332-430098056850-431139793783-a3ecafe0d0f66efa522a67af632228d7",
                "url_private_download": "https:\/\/files.slack.com\/files-pri\/T9SHC5F9S-FCLE542DR\/download\/image.png?t=xoxe-332590185332-430098056850-431139793783-a3ecafe0d0f66efa522a67af632228d7",
                "thumb_64": "https:\/\/files.slack.com\/files-tmb\/T9SHC5F9S-FCLE542DR-adc6005c0d\/image_64.png?t=xoxe-332590185332-430098056850-431139793783-a3ecafe0d0f66efa522a67af632228d7",
                "thumb_80": "https:\/\/files.slack.com\/files-tmb\/T9SHC5F9S-FCLE542DR-adc6005c0d\/image_80.png?t=xoxe-332590185332-430098056850-431139793783-a3ecafe0d0f66efa522a67af632228d7",
                "thumb_360": "https:\/\/files.slack.com\/files-tmb\/T9SHC5F9S-FCLE542DR-adc6005c0d\/image_360.png?t=xoxe-332590185332-430098056850-431139793783-a3ecafe0d0f66efa522a67af632228d7",
                "thumb_360_w": 360,
                "thumb_360_h": 124,
                "thumb_480": "https:\/\/files.slack.com\/files-tmb\/T9SHC5F9S-FCLE542DR-adc6005c0d\/image_480.png?t=xoxe-332590185332-430098056850-431139793783-a3ecafe0d0f66efa522a67af632228d7",
                "thumb_480_w": 480,
                "thumb_480_h": 165,
                "thumb_160": "https:\/\/files.slack.com\/files-tmb\/T9SHC5F9S-FCLE542DR-adc6005c0d\/image_160.png?t=xoxe-332590185332-430098056850-431139793783-a3ecafe0d0f66efa522a67af632228d7",
                "thumb_720": "https:\/\/files.slack.com\/files-tmb\/T9SHC5F9S-FCLE542DR-adc6005c0d\/image_720.png?t=xoxe-332590185332-430098056850-431139793783-a3ecafe0d0f66efa522a67af632228d7",
                "thumb_720_w": 720,
                "thumb_720_h": 248,
                "thumb_800": "https:\/\/files.slack.com\/files-tmb\/T9SHC5F9S-FCLE542DR-adc6005c0d\/image_800.png?t=xoxe-332590185332-430098056850-431139793783-a3ecafe0d0f66efa522a67af632228d7",
                "thumb_800_w": 800,
                "thumb_800_h": 276,
                "thumb_960": "https:\/\/files.slack.com\/files-tmb\/T9SHC5F9S-FCLE542DR-adc6005c0d\/image_960.png?t=xoxe-332590185332-430098056850-431139793783-a3ecafe0d0f66efa522a67af632228d7",
                "thumb_960_w": 960,
                "thumb_960_h": 331,
                "image_exif_rotation": 1,
                "original_w": 1016,
                "original_h": 350,
                "permalink": "https:\/\/daitgirls.slack.com\/files\/UBELL5EF5\/FCLE542DR\/image.png",
                "permalink_public": "https:\/\/slack-files.com\/T9SHC5F9S-FCLE542DR-b259b45da7"
            }
        ],
        "upload": true,
        "user": "UBELL5EF5",
        "display_as_bot": false,
        "ts": "1536053477.000100"
    },
    {
        "type": "message",
        "user": "UBDRWU3GT",
        "text": "저도욤:raised_hands:",
        "thread_ts": "1535969411.000100",
        "parent_user_id": "UBELL5EF5",
        "ts": "1536054960.000100",
        "reactions": [
            {
                "name": "+1",
                "users": [
                    "UBELL5EF5"
                ],
                "count": 1
            }
        ]
    },
    {
        "type": "message",
        "user": "UBDRWADQB",
        "text": "헉 <@UBDN9579S> 님 제가 제껀줄 알고 가져왔어요 ㅜㅜ 저 1층인데 ㅜㅜ 혹시 제 케이스 보신분은 안계실까요 ???",
        "client_msg_id": "5152d298-7b80-479d-a485-591f78049768",
        "thread_ts": "1536053171.000100",
        "parent_user_id": "UBDN9579S",
        "ts": "1536055055.000100"
    },
    {
        "type": "message",
        "user": "UBDRWRE3D",
        "text": "저두요!",
        "client_msg_id": "9357fb83-ecaa-4165-9940-5a312b58a507",
        "thread_ts": "1535969411.000100",
        "parent_user_id": "UBELL5EF5",
        "ts": "1536055149.000100",
        "reactions": [
            {
                "name": "+1",
                "users": [
                    "UBELL5EF5"
                ],
                "count": 1
            }
        ]
    },
    {
        "type": "message",
        "user": "U9SN17L0M",
        "text": "지금 데잇걸즈 분들께 GA 권한을 드렸습니다. gmail로 권한을 드렸는데 혹시 수신하지 못하신 분은 이 스레드에 댓글을 달아주세요.",
        "client_msg_id": "01417cf7-1817-4d3f-b1b5-da360ad637b9",
        "ts": "1536055669.000100",
        "reactions": [
            {
                "name": "+1",
                "users": [
                    "UBELL5EF5",
                    "UBDN8T42G",
                    "UBDUUHX4J",
                    "UBD8GMVNC"
                ],
                "count": 4
            }
        ]
    },
    {
        "type": "message",
        "user": "UBELL5EF5",
        "text": "<!channel> 안녕하세요, 소학교 운영에 대해 안내를 드립니다.\n\n원래는 소수의 인원이 참여한다는 가정 하에 소소하게 진행해보려는 생각이었는데 전체 수강생의 70% 가량 신청을 해주시는 바람에 계획을 조금 수정하였습니다. (너무나 열정적이세요! 감동입니다 ㅜㅜ)\n\n1. HTML과 HTTP를 이해하고 SQL을 활용하는 능력은 공통적으로 필요하다고 판단하여, HTML\/CSS 및 Django 기초는 소학교를 신청하신 분이나 안하신 분 모두가 함께 배웁니다.\n\n2. 이후에는 1) Django\/SQL을 다루는 웹 서버 프로그래밍 심화, 2) 캐글 문제 풀이를 함께 하는 기계학습, 3) 자바스크립트 및 D3를 다루는 웹 데이터시각화 등 세 개 소학교로 나누어 진행합니다. D3나 장고 소학교를 신청하지 않은 분들은 기계학습 분반에 속하게 되며, 캐글 풀이(공모전을 하시는 분들은 공모전 준비) 위주로 학습합니다.\n\n3. 소학교는 기존 강의 시간 중 일부를 할애하여 진행하며 저와 배로쌤이 함께 나와서 반을 나누어 동시에 수업합니다. *기존에 여러 소학교를 동시에 신청해주신 분들은 하나를 선택해주셔야 합니다. 소학교를 신청하지 않으신 분은 기계학습 소학교에 속하게 됩니다. 이 공지를 읽고나서 기존 신청 여부와 무관하게 다시 신청해주세요.*\n\n4. d3는 배워야할 내용이 많기 때문에 추가적인 자습이 필요합니다. 이에 대해서는 따로 안내를 하도록 하겠습니다.\n\n번거로우시더라도 이 글에 댓글로 다시 신청을 해주시기 바랍니다. 하나의 소학교를 골라주세요. 고맙습니다.",
        "client_msg_id": "f3807dcb-67a5-4c7a-b1b4-225adbe3b298",
        "thread_ts": "1536056335.000100",
        "reply_count": 19,
        "replies": [
            {
                "user": "UBF1K97FH",
                "ts": "1536056874.000100"
            },
            {
                "user": "UBD8GMVNC",
                "ts": "1536057398.000100"
            },
            {
                "user": "UBD8GMVNC",
                "ts": "1536057906.000100"
            },
            {
                "user": "UBELL5EF5",
                "ts": "1536058392.000100"
            },
            {
                "user": "UBDRXTD8B",
                "ts": "1536058545.000100"
            },
            {
                "user": "UBE3NMLCD",
                "ts": "1536058909.000100"
            },
            {
                "user": "UBDRWRE3D",
                "ts": "1536058926.000100"
            },
            {
                "user": "UBDRWU3GT",
                "ts": "1536059340.000100"
            },
            {
                "user": "UBDRWBNRZ",
                "ts": "1536060291.000100"
            },
            {
                "user": "UBDRVLD1R",
                "ts": "1536062253.000100"
            },
            {
                "user": "UBDN9579S",
                "ts": "1536066459.000100"
            },
            {
                "user": "UBD8GHGBA",
                "ts": "1536067721.000100"
            },
            {
                "user": "UBELL5EF5",
                "ts": "1536069360.000100"
            },
            {
                "user": "UBDUU7X7U",
                "ts": "1536075355.000100"
            },
            {
                "user": "UBDRWK8SX",
                "ts": "1536075465.000100"
            },
            {
                "user": "UBD8GLUEL",
                "ts": "1536107740.000100"
            },
            {
                "user": "UBD8GHGBA",
                "ts": "1536110170.000100"
            },
            {
                "user": "UBF0XKTP1",
                "ts": "1536163225.000100"
            },
            {
                "user": "UBDCWMFND",
                "ts": "1536167381.000100"
            }
        ],
        "unread_count": 19,
        "ts": "1536056335.000100",
        "reactions": [
            {
                "name": "+1",
                "users": [
                    "U9SN17L0M",
                    "UBDRWU3GT",
                    "U9UFEBXGF",
                    "U9TKQU99V",
                    "UA4EGE85S"
                ],
                "count": 5
            },
            {
                "name": "thumbsup_all",
                "users": [
                    "U9SN17L0M",
                    "UBDCWPPNV",
                    "U9UFEBXGF",
                    "UBF0XKTP1",
                    "UBD8GMVNC",
                    "UA4EGE85S"
                ],
                "count": 6
            },
            {
                "name": "school",
                "users": [
                    "UBDRXTD8B",
                    "UA4EGE85S",
                    "UBDUU48UA"
                ],
                "count": 3
            }
        ]
    },
    {
        "type": "message",
        "user": "U9SN17L0M",
        "text": "<https:\/\/goo.gl\/forms\/Z4fK38WjGlE5lN2k2> 일정 시트를 확인하시고 설문을 부탁드립니다. 일정시트 링크는 설문폼에도 있습니다 :slightly_smiling_face:",
        "client_msg_id": "332f08ca-2b88-4161-8a79-a208880cd0bc",
        "attachments": [
            {
                "service_name": "Google Docs",
                "title": "최종 프로젝트까지 수업에서 다루었으면 하는 내용",
                "title_link": "https:\/\/goo.gl\/forms\/Z4fK38WjGlE5lN2k2",
                "text": "데잇걸즈 일정 : <https:\/\/docs.google.com\/spreadsheets\/d\/1Iy78a0eSwP3EZaQj229Tor8lFS_TN9eJiYtrKiGRAY0>",
                "fallback": "Google Docs: 최종 프로젝트까지 수업에서 다루었으면 하는 내용",
                "image_url": "https:\/\/lh3.googleusercontent.com\/bk2XbApp87rfsZk2NR7OoB8gimJpl1gz5HOm3F-Mw7x0glPjSCzJTHTcwsE0vJ-Te2I",
                "image_width": 333,
                "image_height": 250,
                "from_url": "https:\/\/goo.gl\/forms\/Z4fK38WjGlE5lN2k2",
                "image_bytes": 96861,
                "service_icon": "http:\/\/ssl.gstatic.com\/docs\/forms\/device_home\/ios_120.png",
                "id": 1,
                "original_url": "https:\/\/goo.gl\/forms\/Z4fK38WjGlE5lN2k2"
            }
        ],
        "ts": "1536056428.000100",
        "reactions": [
            {
                "name": "+1",
                "users": [
                    "UBELL5EF5",
                    "U9UFEBXGF",
                    "UBD8GMVNC",
                    "UBDRWBNRZ"
                ],
                "count": 4
            }
        ]
    },
    {
        "type": "message",
        "user": "UBELL5EF5",
        "text": "오늘 하루 종일 토론하시느라 고생하셨어요. 1) 팀 배정에 대해서는 여러분들께서 상의하여 변경할 수 있는 부분은 자유롭게 정하여 말씀해주셔도 됩니다. 2) 상의하기 어렵거나 미묘한 문제에 대해서는 DM으로 의견을 주시면 조율을 해보도록 하겠습니다.",
        "client_msg_id": "7bcf289a-3d00-4874-a5c1-51bb5c4e1df5",
        "ts": "1536056637.000100",
        "reactions": [
            {
                "name": "thumbsup_all",
                "users": [
                    "UBF0XFP7Z",
                    "UBF0XHZD5",
                    "UBDN9579S",
                    "UBDUU7X7U",
                    "UBDRWK8SX",
                    "UBDN90RJQ"
                ],
                "count": 6
            },
            {
                "name": "i_love_you_hand_sign",
                "users": [
                    "UBF0XFP7Z",
                    "UBF0XHZD5",
                    "UBDRWK8SX",
                    "UBDN90RJQ"
                ],
                "count": 4
            },
            {
                "name": "heavy_heart_exclamation_mark_ornament",
                "users": [
                    "UBF0XFP7Z",
                    "UBF0XHZD5",
                    "UBDN90RJQ"
                ],
                "count": 3
            }
        ]
    },
    {
        "type": "message",
        "user": "UBF1K97FH",
        "text": "D3찜!",
        "client_msg_id": "204E6626-57E3-405A-A27E-B912856798EA",
        "thread_ts": "1536056335.000100",
        "parent_user_id": "UBELL5EF5",
        "ts": "1536056874.000100",
        "reactions": [
            {
                "name": "+1",
                "users": [
                    "UBELL5EF5"
                ],
                "count": 1
            }
        ]
    },
    {
        "type": "message",
        "user": "UBDUUHX4J",
        "text": "쩐당66",
        "client_msg_id": "2EE5E65A-A594-40C0-A571-29D34AD99715",
        "thread_ts": "1536048380.000100",
        "parent_user_id": "UBDRWK8SX",
        "ts": "1536057155.000100"
    },
    {
        "type": "message",
        "user": "UBD8GMVNC",
        "text": "저도 웹 데이터시각화 신청합니다! (셋 다 해보고 싶지만.. D3는 다른데 가서 배울수 있을까 싶어서요ㅎㅎ)",
        "client_msg_id": "6eec7302-d39e-47b6-be3c-0c004a714768",
        "thread_ts": "1536056335.000100",
        "parent_user_id": "UBELL5EF5",
        "ts": "1536057398.000100",
        "reactions": [
            {
                "name": "+1",
                "users": [
                    "UBELL5EF5"
                ],
                "count": 1
            }
        ]
    },
    {
        "type": "message",
        "user": "UBD8GMVNC",
        "text": "<@UBELL5EF5> 선생님, 오늘 배로 선생님께서 공지해주신 소학교 수강생 대상 과제는 내용\/기한\/숙제 대상(소학교 수강생)에 변동이 있을까요?",
        "client_msg_id": "9343a02a-3ec9-4fca-97ba-aeecea6aaef2",
        "thread_ts": "1536056335.000100",
        "parent_user_id": "UBELL5EF5",
        "ts": "1536057906.000100",
        "reactions": [
            {
                "name": "+1",
                "users": [
                    "UBELL5EF5"
                ],
                "count": 1
            }
        ]
    },
    {
        "type": "message",
        "user": "UBELL5EF5",
        "text": "<@UBD8GMVNC> HTML\/CSS는 수업에서 공통으로 다루는 방향으로 수정되었으니 되도록 모든 분들이 생활코딩의 해당 온라인 강의를 들으시길 권합니다.",
        "client_msg_id": "62F12445-EEDC-488A-B32E-2BF15CE67BF3",
        "thread_ts": "1536056335.000100",
        "parent_user_id": "UBELL5EF5",
        "ts": "1536058392.000100"
    },
    {
        "type": "message",
        "user": "UBDRXTD8B",
        "text": "D3 입학 신청합니다 :woman-raising-hand:",
        "client_msg_id": "8e0a4bc6-8b83-4cfb-a565-1be6bc134d6d",
        "thread_ts": "1536056335.000100",
        "parent_user_id": "UBELL5EF5",
        "ts": "1536058545.000100",
        "reactions": [
            {
                "name": "+1",
                "users": [
                    "UBELL5EF5"
                ],
                "count": 1
            }
        ]
    },
    {
        "type": "message",
        "user": "UBE3NMLCD",
        "text": "저는 기계학습이요~!",
        "client_msg_id": "b6929e7f-90c6-4eec-a38e-0234f8b24599",
        "thread_ts": "1536056335.000100",
        "parent_user_id": "UBELL5EF5",
        "ts": "1536058909.000100",
        "reactions": [
            {
                "name": "+1",
                "users": [
                    "UBELL5EF5"
                ],
                "count": 1
            }
        ]
    },
    {
        "type": "message",
        "user": "UBDRWRE3D",
        "text": "저는 웹데이터 시각화요!",
        "client_msg_id": "ac1fdfb2-3bd7-42a6-ac41-27081b0ce408",
        "thread_ts": "1536056335.000100",
        "parent_user_id": "UBELL5EF5",
        "ts": "1536058926.000100",
        "reactions": [
            {
                "name": "+1",
                "users": [
                    "UBELL5EF5"
                ],
                "count": 1
            }
        ]
    },
    {
        "type": "message",
        "user": "UBDRWU3GT",
        "text": "웹데이터시각화 신청합니닷:raised_hand_with_fingers_splayed:",
        "thread_ts": "1536056335.000100",
        "parent_user_id": "UBELL5EF5",
        "ts": "1536059340.000100",
        "reactions": [
            {
                "name": "+1",
                "users": [
                    "UBELL5EF5"
                ],
                "count": 1
            }
        ]
    },
    {
        "type": "message",
        "user": "UBDRWBNRZ",
        "text": "D3 신청합니다.",
        "client_msg_id": "2d715d0b-74fa-44b7-a106-b67c3fe9cb68",
        "thread_ts": "1536056335.000100",
        "parent_user_id": "UBELL5EF5",
        "ts": "1536060291.000100",
        "reactions": [
            {
                "name": "+1",
                "users": [
                    "UBELL5EF5"
                ],
                "count": 1
            }
        ]
    },
    {
        "type": "message",
        "text": "혹시 오늘 오후에 1층이나 9층에서 이렇게 생긴 지갑 보신분 있으신가요?ㅠㅠ.... 잃어버렸어요:nauseated_face:",
        "files": [
            {
                "id": "FCLDJM804",
                "created": 1536061611,
                "timestamp": 1536061611,
                "name": "Image from iOS.jpg",
                "title": "Image from iOS",
                "mimetype": "image\/jpeg",
                "filetype": "jpg",
                "pretty_type": "JPEG",
                "user": "UBF0Y7GMD",
                "editable": false,
                "size": 127795,
                "mode": "hosted",
                "is_external": false,
                "external_type": "",
                "is_public": true,
                "public_url_shared": false,
                "display_as_bot": false,
                "username": "",
                "url_private": "https:\/\/files.slack.com\/files-pri\/T9SHC5F9S-FCLDJM804\/image_from_ios.jpg?t=xoxe-332590185332-430098056850-431139793783-a3ecafe0d0f66efa522a67af632228d7",
                "url_private_download": "https:\/\/files.slack.com\/files-pri\/T9SHC5F9S-FCLDJM804\/download\/image_from_ios.jpg?t=xoxe-332590185332-430098056850-431139793783-a3ecafe0d0f66efa522a67af632228d7",
                "thumb_64": "https:\/\/files.slack.com\/files-tmb\/T9SHC5F9S-FCLDJM804-b4821bd560\/image_from_ios_64.jpg?t=xoxe-332590185332-430098056850-431139793783-a3ecafe0d0f66efa522a67af632228d7",
                "thumb_80": "https:\/\/files.slack.com\/files-tmb\/T9SHC5F9S-FCLDJM804-b4821bd560\/image_from_ios_80.jpg?t=xoxe-332590185332-430098056850-431139793783-a3ecafe0d0f66efa522a67af632228d7",
                "thumb_360": "https:\/\/files.slack.com\/files-tmb\/T9SHC5F9S-FCLDJM804-b4821bd560\/image_from_ios_360.jpg?t=xoxe-332590185332-430098056850-431139793783-a3ecafe0d0f66efa522a67af632228d7",
                "thumb_360_w": 360,
                "thumb_360_h": 240,
                "thumb_480": "https:\/\/files.slack.com\/files-tmb\/T9SHC5F9S-FCLDJM804-b4821bd560\/image_from_ios_480.jpg?t=xoxe-332590185332-430098056850-431139793783-a3ecafe0d0f66efa522a67af632228d7",
                "thumb_480_w": 480,
                "thumb_480_h": 320,
                "thumb_160": "https:\/\/files.slack.com\/files-tmb\/T9SHC5F9S-FCLDJM804-b4821bd560\/image_from_ios_160.jpg?t=xoxe-332590185332-430098056850-431139793783-a3ecafe0d0f66efa522a67af632228d7",
                "thumb_720": "https:\/\/files.slack.com\/files-tmb\/T9SHC5F9S-FCLDJM804-b4821bd560\/image_from_ios_720.jpg?t=xoxe-332590185332-430098056850-431139793783-a3ecafe0d0f66efa522a67af632228d7",
                "thumb_720_w": 720,
                "thumb_720_h": 480,
                "thumb_800": "https:\/\/files.slack.com\/files-tmb\/T9SHC5F9S-FCLDJM804-b4821bd560\/image_from_ios_800.jpg?t=xoxe-332590185332-430098056850-431139793783-a3ecafe0d0f66efa522a67af632228d7",
                "thumb_800_w": 800,
                "thumb_800_h": 533,
                "image_exif_rotation": 1,
                "original_w": 800,
                "original_h": 533,
                "permalink": "https:\/\/daitgirls.slack.com\/files\/UBF0Y7GMD\/FCLDJM804\/image_from_ios.jpg",
                "permalink_public": "https:\/\/slack-files.com\/T9SHC5F9S-FCLDJM804-c775757172"
            }
        ],
        "upload": true,
        "user": "UBF0Y7GMD",
        "display_as_bot": false,
        "upload_reply_to": "8A291B80-E430-4803-88C0-1FAD139FF9C0",
        "ts": "1536061611.000100",
        "reactions": [
            {
                "name": "sob",
                "users": [
                    "UBDUUV802",
                    "UBELL5EF5",
                    "U9SN17L0M",
                    "UBF0XFP7Z",
                    "UBDN8T42G",
                    "UBDN9579S",
                    "UBDRWRE3D",
                    "UBDCWMFND",
                    "UBDN90RJQ",
                    "UBDCWPPNV",
                    "UBDUVKQAE"
                ],
                "count": 11
            },
            {
                "name": "cry",
                "users": [
                    "UBF0Y7GMD",
                    "UBELL5EF5",
                    "U9SN17L0M",
                    "UBF0XFP7Z",
                    "UBDN90RJQ"
                ],
                "count": 5
            },
            {
                "name": "weary",
                "users": [
                    "UBF0Y7GMD",
                    "UBELL5EF5",
                    "U9SN17L0M",
                    "UBF0XFP7Z",
                    "UBDN90RJQ"
                ],
                "count": 5
            },
            {
                "name": "cold_sweat",
                "users": [
                    "UBF0Y7GMD",
                    "UBELL5EF5",
                    "U9SN17L0M",
                    "UBF0XFP7Z",
                    "UBDN90RJQ"
                ],
                "count": 5
            },
            {
                "name": "pray",
                "users": [
                    "UBF0Y7GMD",
                    "UBELL5EF5",
                    "U9SN17L0M",
                    "UBF0XFP7Z",
                    "UBDN90RJQ"
                ],
                "count": 5
            }
        ]
    },
    {
        "type": "message",
        "user": "UBDRVLD1R",
        "text": "d3 신청합니다 :slightly_smiling_face:",
        "client_msg_id": "0ef7d7ac-0450-4fbe-8446-ded4293ed1c7",
        "thread_ts": "1536056335.000100",
        "parent_user_id": "UBELL5EF5",
        "ts": "1536062253.000100",
        "reactions": [
            {
                "name": "+1",
                "users": [
                    "UBELL5EF5"
                ],
                "count": 1
            }
        ]
    },
    {
        "type": "message",
        "user": "UBDN9579S",
        "text": "기계학습 신청합니다!",
        "client_msg_id": "a9e9971f-40e7-44cc-b6d1-ac870564372d",
        "thread_ts": "1536056335.000100",
        "parent_user_id": "UBELL5EF5",
        "ts": "1536066459.000100",
        "reactions": [
            {
                "name": "+1",
                "users": [
                    "UBELL5EF5"
                ],
                "count": 1
            }
        ]
    },
    {
        "type": "message",
        "user": "UBD8GHGBA",
        "text": "웹 서버 프로그래밍은 어떤 것을 다루는 건가요? 이해가 안돼어서 물어봅니다 :slightly_smiling_face:",
        "client_msg_id": "b44c5bda-367d-4d97-9c02-355ed7281956",
        "thread_ts": "1536056335.000100",
        "parent_user_id": "UBELL5EF5",
        "ts": "1536067721.000100",
        "reactions": [
            {
                "name": "+1",
                "users": [
                    "UBELL5EF5"
                ],
                "count": 1
            }
        ]
    },
    {
        "type": "message",
        "user": "UBELL5EF5",
        "text": "<@UBD8GHGBA>님, Jekyll과 GitHub Pages를 이용하면 홈페이지를 만들 수 있습니다. 하지만 Jekyll은 “정적(static)” 웹사이트 생성 프로그램이기 때문에 우리가 소스코드를 수정하여 다시 commit을 하지 않으면 웹 사이트의 내용이 바뀌지 않습니다. 반면, 웹 서버 프로그램을 만들면 서버의 데이터베이스(여러분이 배우셨던 SQLite 등)와 연동하여 동적으로 내용이 바뀌는 웹 사이트를 만들 수 있습니다. 매일매일의 주가 정보를 자동으로 저장해뒀다가 방문자들에게 보여주거나, 사용자가 댓글을 달면 데이터베이스에 댓글이 저장되게 만들거나, 청와대 국민청원 사이트와 비슷한 서비스를 직접 개발할 수도 있습니다. Django는 웹 사이트를 쉽게 만들 수 있도록 도와주는 파이썬 프레임워크입니다. 프레임워크는 라이브러리랑 비슷한 개념으로 생각하시면 됩니다.",
        "client_msg_id": "ca279d56-de10-4f0e-868c-070a8d7037ac",
        "thread_ts": "1536056335.000100",
        "parent_user_id": "UBELL5EF5",
        "ts": "1536069360.000100",
        "reactions": [
            {
                "name": "thumbsup_all",
                "users": [
                    "UBD8GHGBA"
                ],
                "count": 1
            }
        ]
    },
    {
        "type": "message",
        "user": "UBDUU7X7U",
        "text": "D3 신청합니당!",
        "client_msg_id": "b48ccb2d-6ec4-45a4-988a-c2ac57a0eacf",
        "thread_ts": "1536056335.000100",
        "parent_user_id": "UBELL5EF5",
        "ts": "1536075355.000100",
        "reactions": [
            {
                "name": "+1",
                "users": [
                    "UBELL5EF5"
                ],
                "count": 1
            }
        ]
    },
    {
        "type": "message",
        "user": "UBDRWK8SX",
        "text": "D3 신청합니다.",
        "client_msg_id": "bc16f04f-83c3-492f-a996-f9b38ebc819d",
        "thread_ts": "1536056335.000100",
        "parent_user_id": "UBELL5EF5",
        "ts": "1536075465.000100",
        "reactions": [
            {
                "name": "+1",
                "users": [
                    "UBELL5EF5"
                ],
                "count": 1
            }
        ]
    },
    {
        "type": "message",
        "user": "UBD8GLUEL",
        "text": "저 웹서버프로그래밍이용!",
        "client_msg_id": "8F6494E0-39AA-4C85-BB00-028DB55D8D19",
        "thread_ts": "1536056335.000100",
        "parent_user_id": "UBELL5EF5",
        "ts": "1536107740.000100",
        "reactions": [
            {
                "name": "+1",
                "users": [
                    "UBELL5EF5"
                ],
                "count": 1
            }
        ]
    },
    {
        "type": "message",
        "user": "UBD8GHGBA",
        "text": "@애란쌤, 설명 감사드려요. 웹서버프로그래밍으로 신청할께요. ",
        "client_msg_id": "a654ab1f-aa93-4f0e-8873-6a5f6b97095c",
        "thread_ts": "1536056335.000100",
        "parent_user_id": "UBELL5EF5",
        "ts": "1536110170.000100",
        "reactions": [
            {
                "name": "+1",
                "users": [
                    "UBELL5EF5"
                ],
                "count": 1
            }
        ]
    },
    {
        "type": "message",
        "user": "UBBH69509",
        "text": "오늘 세미나실 1 프로젝트 회의 진행합니다. 얼른 얼른 오세요용",
        "client_msg_id": "8347c3e0-a434-4dea-ac21-21e09e7e4781",
        "edited": {
            "user": "UBBH69509",
            "ts": "1536110431.000000"
        },
        "ts": "1536110424.000100",
        "reactions": [
            {
                "name": "woman-running",
                "users": [
                    "U9UFEBXGF",
                    "UBDN8T42G",
                    "U9SN17L0M",
                    "UBF1K97FH",
                    "UBELL5EF5"
                ],
                "count": 5
            }
        ]
    },
    {
        "type": "message",
        "text": "영웅님 감사합니다:blue_heart: #홍루이젠 #JMTGR",
        "files": [
            {
                "id": "FCNAAP8TH",
                "created": 1536128626,
                "timestamp": 1536128626,
                "name": "Image from iOS.jpg",
                "title": "Image from iOS",
                "mimetype": "image\/jpeg",
                "filetype": "jpg",
                "pretty_type": "JPEG",
                "user": "U9UFEBXGF",
                "editable": false,
                "size": 5587917,
                "mode": "hosted",
                "is_external": false,
                "external_type": "",
                "is_public": true,
                "public_url_shared": false,
                "display_as_bot": false,
                "username": "",
                "url_private": "https:\/\/files.slack.com\/files-pri\/T9SHC5F9S-FCNAAP8TH\/image_from_ios.jpg?t=xoxe-332590185332-430098056850-431139793783-a3ecafe0d0f66efa522a67af632228d7",
                "url_private_download": "https:\/\/files.slack.com\/files-pri\/T9SHC5F9S-FCNAAP8TH\/download\/image_from_ios.jpg?t=xoxe-332590185332-430098056850-431139793783-a3ecafe0d0f66efa522a67af632228d7",
                "thumb_64": "https:\/\/files.slack.com\/files-tmb\/T9SHC5F9S-FCNAAP8TH-5a89b4a0f4\/image_from_ios_64.jpg?t=xoxe-332590185332-430098056850-431139793783-a3ecafe0d0f66efa522a67af632228d7",
                "thumb_80": "https:\/\/files.slack.com\/files-tmb\/T9SHC5F9S-FCNAAP8TH-5a89b4a0f4\/image_from_ios_80.jpg?t=xoxe-332590185332-430098056850-431139793783-a3ecafe0d0f66efa522a67af632228d7",
                "thumb_360": "https:\/\/files.slack.com\/files-tmb\/T9SHC5F9S-FCNAAP8TH-5a89b4a0f4\/image_from_ios_360.jpg?t=xoxe-332590185332-430098056850-431139793783-a3ecafe0d0f66efa522a67af632228d7",
                "thumb_360_w": 360,
                "thumb_360_h": 270,
                "thumb_480": "https:\/\/files.slack.com\/files-tmb\/T9SHC5F9S-FCNAAP8TH-5a89b4a0f4\/image_from_ios_480.jpg?t=xoxe-332590185332-430098056850-431139793783-a3ecafe0d0f66efa522a67af632228d7",
                "thumb_480_w": 480,
                "thumb_480_h": 360,
                "thumb_160": "https:\/\/files.slack.com\/files-tmb\/T9SHC5F9S-FCNAAP8TH-5a89b4a0f4\/image_from_ios_160.jpg?t=xoxe-332590185332-430098056850-431139793783-a3ecafe0d0f66efa522a67af632228d7",
                "thumb_720": "https:\/\/files.slack.com\/files-tmb\/T9SHC5F9S-FCNAAP8TH-5a89b4a0f4\/image_from_ios_720.jpg?t=xoxe-332590185332-430098056850-431139793783-a3ecafe0d0f66efa522a67af632228d7",
                "thumb_720_w": 720,
                "thumb_720_h": 540,
                "thumb_800": "https:\/\/files.slack.com\/files-tmb\/T9SHC5F9S-FCNAAP8TH-5a89b4a0f4\/image_from_ios_800.jpg?t=xoxe-332590185332-430098056850-431139793783-a3ecafe0d0f66efa522a67af632228d7",
                "thumb_800_w": 800,
                "thumb_800_h": 600,
                "thumb_960": "https:\/\/files.slack.com\/files-tmb\/T9SHC5F9S-FCNAAP8TH-5a89b4a0f4\/image_from_ios_960.jpg?t=xoxe-332590185332-430098056850-431139793783-a3ecafe0d0f66efa522a67af632228d7",
                "thumb_960_w": 960,
                "thumb_960_h": 720,
                "thumb_1024": "https:\/\/files.slack.com\/files-tmb\/T9SHC5F9S-FCNAAP8TH-5a89b4a0f4\/image_from_ios_1024.jpg?t=xoxe-332590185332-430098056850-431139793783-a3ecafe0d0f66efa522a67af632228d7",
                "thumb_1024_w": 1024,
                "thumb_1024_h": 768,
                "image_exif_rotation": 1,
                "original_w": 2576,
                "original_h": 1931,
                "permalink": "https:\/\/daitgirls.slack.com\/files\/U9UFEBXGF\/FCNAAP8TH\/image_from_ios.jpg",
                "permalink_public": "https:\/\/slack-files.com\/T9SHC5F9S-FCNAAP8TH-bd7002355c"
            }
        ],
        "upload": true,
        "user": "U9UFEBXGF",
        "display_as_bot": false,
        "upload_reply_to": "8B889848-E1CF-49FD-A94F-690FAE515ECA",
        "thread_ts": "1536128626.000100",
        "reply_count": 2,
        "replies": [
            {
                "user": "UBDUUHX4J",
                "ts": "1536130420.000100"
            },
            {
                "user": "UBDRVLD1R",
                "ts": "1536135837.000100"
            }
        ],
        "unread_count": 2,
        "ts": "1536128626.000100",
        "reactions": [
            {
                "name": "sandwich",
                "users": [
                    "UBDN8UG4C",
                    "UBDRXTD8B",
                    "UBF0XFP7Z",
                    "UBE3NMLCD",
                    "UBDUUHX4J",
                    "UBELL5EF5",
                    "UBDN9579S",
                    "UBF1K97FH",
                    "U9SN17L0M"
                ],
                "count": 9
            },
            {
                "name": "pig",
                "users": [
                    "UBF0XFP7Z",
                    "UBE3NMLCD",
                    "UBELL5EF5",
                    "UBDN9579S",
                    "U9SN17L0M"
                ],
                "count": 5
            }
        ]
    },
    {
        "type": "message",
        "user": "UBDUUHX4J",
        "text": "오 사람이 세배가되었네요",
        "client_msg_id": "6A06A863-A23A-4EFC-8561-4CC8AEA07A17",
        "thread_ts": "1536128626.000100",
        "parent_user_id": "U9UFEBXGF",
        "ts": "1536130420.000100"
    }
]