[
    {
        "type": "message",
        "user": "UBDCWMFND",
        "text": "순현금흐름부터 챙기는 은지님 역시 사업가 기질 다분하십니다ㅋㅋㅋㅋ 저도 진짜 오랜만이네요 선수금 회계처리도 가물가물ㅋㅋㅋ 실무에선 돈내면 다 해주시니...ㅋㅋ IT 쭈구리가 간만에 답변이란 걸 달 수 있어서 재밌었습니다!",
        "client_msg_id": "b1a6ccd4-4f0e-4c8c-84c4-8fbc15c326d5",
        "thread_ts": "1532420326.000262",
        "parent_user_id": "UBD8GMVNC",
        "ts": "1532507088.000013"
    },
    {
        "type": "message",
        "user": "UBDRWBNRZ",
        "text": "<https:\/\/novoresume.com\/career-blog\/data-analyst-resume>\n영문 데이터 애널리스트 레쥬메 가이드&amp;예시입니다.\n수업시간에 배운 부분도 있네요 구체적인 숫자 언급이라던지!\n혹시 도움 될까 해서 올려봅니다.",
        "client_msg_id": "d22a6be2-b391-47f6-8914-c28059281ff6",
        "attachments": [
            {
                "service_name": "Novorésumé",
                "title": "Data Analyst Resume [2018] - Guide &amp; Examples",
                "title_link": "https:\/\/novoresume.com\/career-blog\/data-analyst-resume",
                "text": "A professional data analyst resume developed together with recruiters. Follow this example and increase your chances of getting an interview.",
                "fallback": "Novorésumé: Data Analyst Resume [2018] - Guide &amp; Examples",
                "image_url": "https:\/\/d.novoresume.com\/images\/blogs\/ac8c93c0-5759-11e8-9417-7d5200ef4edd\/bg-cover-article.jpeg",
                "image_width": 478,
                "image_height": 250,
                "from_url": "https:\/\/novoresume.com\/career-blog\/data-analyst-resume",
                "image_bytes": 363163,
                "service_icon": "https:\/\/novoresume.com\/images\/favi.png",
                "id": 1,
                "original_url": "https:\/\/novoresume.com\/career-blog\/data-analyst-resume"
            }
        ],
        "ts": "1532508641.000211",
        "reactions": [
            {
                "name": "blue_heart",
                "users": [
                    "U9UFEBXGF",
                    "UBDRWK8SX",
                    "UBELL5EF5",
                    "UA4EGE85S",
                    "UBDRWADQB",
                    "UBDRXTD8B",
                    "UBDUVKQAE",
                    "U9SN17L0M"
                ],
                "count": 8
            },
            {
                "name": "ddongule2",
                "users": [
                    "UBD8GMVNC",
                    "UBDRVLD1R",
                    "U9SN17L0M"
                ],
                "count": 3
            }
        ]
    },
    {
        "type": "message",
        "user": "UBELL5EF5",
        "text": "내일은 데이터 분석에 적합한 형태(tidydata)의 데이터는 어떻게 생겨야 하는지 공부하고, 판다스 DataFrame의 각종 함수와 정규표현식 등 그동안 배운 내용을 활용하여 지저분하거나 데이터 분석에 적합하지 않은 형태의 데이터를 깔끔하게 다듬는 실습을 해보고자 합니다. 강의 자료를 미리 공유하지 못해서 죄송합니다. 수업 전 예습을 하시려면 전에 공유했던 “지저분한 데이터 깔끔하게 다듬기” 노트북(<https:\/\/colab.research.google.com\/drive\/1audCFFMVF1Gms-xzIS6882G4vlRRqx5T> )을 참고하시기 바랍니다.",
        "client_msg_id": "efd86f6c-3f90-4bb1-b643-12672d4da88a",
        "attachments": [
            {
                "title": "Google Colaboratory",
                "title_link": "https:\/\/colab.research.google.com\/drive\/1audCFFMVF1Gms-xzIS6882G4vlRRqx5T",
                "fallback": "Google Colaboratory",
                "image_url": "https:\/\/colab.research.google.com\/img\/colab_favicon_256px.png",
                "from_url": "https:\/\/colab.research.google.com\/drive\/1audCFFMVF1Gms-xzIS6882G4vlRRqx5T",
                "image_width": 250,
                "image_height": 250,
                "image_bytes": 5500,
                "service_icon": "https:\/\/colab.research.google.com\/img\/colab_favicon.ico?vrz=colab_20180723_085316-RC00_205668664",
                "service_name": "colab.research.google.com",
                "id": 1,
                "original_url": "https:\/\/colab.research.google.com\/drive\/1audCFFMVF1Gms-xzIS6882G4vlRRqx5T"
            }
        ],
        "ts": "1532509788.000107",
        "reactions": [
            {
                "name": "grinning",
                "users": [
                    "U9UFEBXGF",
                    "UBD8GLUEL",
                    "UBDN8T42G",
                    "UBDRXTD8B",
                    "UBF0XHZD5",
                    "UBDUUV802",
                    "UBDRWK8SX",
                    "UA4EGE85S"
                ],
                "count": 8
            },
            {
                "name": "hugging_face",
                "users": [
                    "UBDCWMFND",
                    "UBF0XHZD5",
                    "UBDUUV802"
                ],
                "count": 3
            }
        ]
    },
    {
        "type": "message",
        "user": "UBD8GMVNC",
        "text": "<@UA4EGE85S> 선생님, 구글 드라이브 7월 20일 과제 제출 폴더에 파일 업로드 하려고 했더니 권한이 없다고 뜨는 상태입니다. 확인해주실 수 있을까요? ㅠㅠ",
        "client_msg_id": "e4956572-f08b-40b8-9711-08aaf41c5f9b",
        "ts": "1532524762.000356",
        "reactions": [
            {
                "name": "+1",
                "users": [
                    "UBDUUV802",
                    "UBELL5EF5",
                    "UA4EGE85S"
                ],
                "count": 3
            }
        ]
    },
    {
        "type": "message",
        "user": "UA4EGE85S",
        "text": "<@UBD8GMVNC> 지금확인했네요 ㅠㅠ 죄송해요. 권한 드렸어요! 한번 확인해보시길 바랄게요!",
        "client_msg_id": "fe34554e-0e21-4d61-bbab-cd8635a6bf1c",
        "ts": "1532529854.000454",
        "reactions": [
            {
                "name": "+1",
                "users": [
                    "UBELL5EF5"
                ],
                "count": 1
            }
        ]
    },
    {
        "type": "message",
        "user": "UBELL5EF5",
        "text": "강의 자료입니다. 늦어서 죄송해요 ㅜㅜ <https:\/\/docs.google.com\/document\/d\/19YkD8Kk8lOp41mhrGHypt5dq8w7C2pLt-wNBcHNtQP8\/edit>\n다음은 내일 실습 때 사용할 노트북입니다. <https:\/\/colab.research.google.com\/drive\/1oKWJ1bpL5jeKF4oEwcwQwQdm3UWpLphE>\n\n그럼 잠시 후에 뵙겠습니다 :slightly_smiling_face:",
        "client_msg_id": "6c731d88-1335-467d-8984-7d869f3b8685",
        "attachments": [
            {
                "title": "Google Colaboratory",
                "title_link": "https:\/\/colab.research.google.com\/drive\/1oKWJ1bpL5jeKF4oEwcwQwQdm3UWpLphE",
                "fallback": "Google Colaboratory",
                "image_url": "https:\/\/colab.research.google.com\/img\/colab_favicon_256px.png",
                "from_url": "https:\/\/colab.research.google.com\/drive\/1oKWJ1bpL5jeKF4oEwcwQwQdm3UWpLphE",
                "image_width": 250,
                "image_height": 250,
                "image_bytes": 5500,
                "service_icon": "https:\/\/colab.research.google.com\/img\/colab_favicon.ico?vrz=colab_20180723_085316-RC00_205668664",
                "service_name": "colab.research.google.com",
                "id": 1,
                "original_url": "https:\/\/colab.research.google.com\/drive\/1oKWJ1bpL5jeKF4oEwcwQwQdm3UWpLphE"
            }
        ],
        "ts": "1532534127.000226",
        "reactions": [
            {
                "name": "+1",
                "users": [
                    "UA4EGE85S",
                    "UBDUUV802",
                    "UBF0XHZD5",
                    "UBDN9579S",
                    "UBDRWK8SX"
                ],
                "count": 5
            }
        ]
    },
    {
        "type": "message",
        "user": "UBDRWADQB",
        "text": "저는 이렇게 했어요\n```df['도서관명'].str.extract(r'\\((\\w+[도|시])\\)', expand=False).value_counts()```",
        "client_msg_id": "2aba3e25-4164-4b8d-a3ff-7c376d973234",
        "ts": "1532569675.000055",
        "reactions": [
            {
                "name": "+1",
                "users": [
                    "UBELL5EF5"
                ],
                "count": 1
            }
        ]
    },
    {
        "type": "message",
        "user": "UBELL5EF5",
        "text": "```result = df['도서관명'].str.extract(r'\\(([^)]+)\\)$', expand=False).value_counts()\nresult.plot.barh(color='steelblue')```",
        "client_msg_id": "3ab2fafb-1835-4522-ad44-3cdfc47701f2",
        "edited": {
            "user": "UBELL5EF5",
            "ts": "1532569731.000000"
        },
        "ts": "1532569723.000102",
        "reactions": [
            {
                "name": "exploding_head",
                "users": [
                    "UBE3NCBKP"
                ],
                "count": 1
            },
            {
                "name": "clap",
                "users": [
                    "UBDN8T42G"
                ],
                "count": 1
            }
        ]
    },
    {
        "type": "message",
        "user": "UBELL5EF5",
        "text": "웹 색상 이름들: <https:\/\/htmlcolorcodes.com\/color-names\/>",
        "client_msg_id": "5a43b301-aac7-4315-83e7-69ff4543d74e",
        "attachments": [
            {
                "service_name": "HTML Color Codes",
                "title": "Color Names — HTML Color Codes",
                "title_link": "https:\/\/htmlcolorcodes.com\/color-names\/",
                "text": "HTML color names rule. Modern browsers support 140 HTML color names which we've listed here along with their Hex color codes and RGB values.",
                "fallback": "HTML Color Codes: Color Names — HTML Color Codes",
                "image_url": "https:\/\/htmlcolorcodes.com\/assets\/images\/html-color-codes-picker-charts-names-tutorials-resources-afc56fd3.jpg",
                "from_url": "https:\/\/htmlcolorcodes.com\/color-names\/",
                "image_width": 480,
                "image_height": 250,
                "image_bytes": 116830,
                "service_icon": "https:\/\/htmlcolorcodes.com\/assets\/images\/icons\/apple-touch-icon-180x180-precomposed.png",
                "id": 1,
                "original_url": "https:\/\/htmlcolorcodes.com\/color-names\/"
            }
        ],
        "ts": "1532569759.000015"
    },
    {
        "type": "message",
        "user": "UBF0XFP7Z",
        "text": "dataset = list(zip(df['도서관명'], df['휴관일']))\n\nfor i in range(len(dataset)):\n  if ('일요일' or '주말') in dataset[i][1]:\n    print(dataset[i][0])",
        "client_msg_id": "de534ef8-8043-4823-96bf-af1427cf82d7",
        "edited": {
            "user": "UBF0XFP7Z",
            "ts": "1532571049.000000"
        },
        "ts": "1532571001.000005",
        "reactions": [
            {
                "name": "+1",
                "users": [
                    "UBELL5EF5"
                ],
                "count": 1
            }
        ]
    },
    {
        "type": "message",
        "user": "UBDRWADQB",
        "text": "저는 이렇게 했어요\n```df[df['휴관일'].str.contains('일요일')].head()```",
        "client_msg_id": "bfc80b78-abfd-4108-b907-0e64eaf5e183",
        "ts": "1532571013.000090",
        "reactions": [
            {
                "name": "+1",
                "users": [
                    "UBELL5EF5"
                ],
                "count": 1
            }
        ]
    },
    {
        "type": "message",
        "text": "",
        "files": [
            {
                "id": "FBWKCFN2D",
                "created": 1532571119,
                "timestamp": 1532571119,
                "name": "___________________.py",
                "title": "저는 요렇게요",
                "mimetype": "text\/plain",
                "filetype": "python",
                "pretty_type": "Python",
                "user": "UBDUU48UA",
                "editable": true,
                "size": 130,
                "mode": "snippet",
                "is_external": false,
                "external_type": "",
                "is_public": true,
                "public_url_shared": false,
                "display_as_bot": false,
                "username": "",
                "url_private": "https:\/\/files.slack.com\/files-pri\/T9SHC5F9S-FBWKCFN2D\/___________________.py?t=xoxe-332590185332-430098056850-431139793783-a3ecafe0d0f66efa522a67af632228d7",
                "url_private_download": "https:\/\/files.slack.com\/files-pri\/T9SHC5F9S-FBWKCFN2D\/download\/___________________.py?t=xoxe-332590185332-430098056850-431139793783-a3ecafe0d0f66efa522a67af632228d7",
                "permalink": "https:\/\/daitgirls.slack.com\/files\/UBDUU48UA\/FBWKCFN2D\/___________________.py",
                "permalink_public": "https:\/\/slack-files.com\/T9SHC5F9S-FBWKCFN2D-0aad80f523",
                "edit_link": "https:\/\/daitgirls.slack.com\/files\/UBDUU48UA\/FBWKCFN2D\/___________________.py\/edit",
                "preview": "df['sundayclosing']= df['closingdays'].str.contains(r\"(^일[가-힣]{0,2})|[^가-힣](일[가-힣]{0,2})|주말\")\r\ndf[['sundayclosing', 'closingdays']]",
                "preview_highlight": "<div class=\"CodeMirror cm-s-default CodeMirrorServer\" oncopy=\"if(event.clipboardData){event.clipboardData.setData('text\/plain',window.getSelection().toString().replace(\/\\u200b\/g,''));event.preventDefault();event.stopPropagation();}\">\n<div class=\"CodeMirror-code\">\n<div><pre><span class=\"cm-variable\">df<\/span>[<span class=\"cm-string\">'sundayclosing'<\/span>]= <span class=\"cm-variable\">df<\/span>[<span class=\"cm-string\">'closingdays'<\/span>].<span class=\"cm-property\">str<\/span>.<span class=\"cm-property\">contains<\/span>(<span class=\"cm-string\">r&quot;(^일[가-힣]{0,2})|[^가-힣](일[가-힣]{0,2})|주말&quot;<\/span>)<\/pre><\/div>\n<div><pre><span class=\"cm-variable\">df<\/span>[[<span class=\"cm-string\">'sundayclosing'<\/span>, <span class=\"cm-string\">'closingdays'<\/span>]]<\/pre><\/div>\n<\/div>\n<\/div>\n",
                "lines": 2,
                "lines_more": 0,
                "preview_is_truncated": false
            }
        ],
        "upload": true,
        "user": "UBDUU48UA",
        "display_as_bot": false,
        "ts": "1532571119.000175",
        "reactions": [
            {
                "name": "+1",
                "users": [
                    "UBELL5EF5"
                ],
                "count": 1
            }
        ]
    },
    {
        "type": "message",
        "text": "",
        "files": [
            {
                "id": "FBX6KPAQ2",
                "created": 1532573070,
                "timestamp": 1532573070,
                "name": "-.py",
                "title": "Untitled",
                "mimetype": "text\/plain",
                "filetype": "python",
                "pretty_type": "Python",
                "user": "UBDN8T42G",
                "editable": true,
                "size": 102,
                "mode": "snippet",
                "is_external": false,
                "external_type": "",
                "is_public": true,
                "public_url_shared": false,
                "display_as_bot": false,
                "username": "",
                "url_private": "https:\/\/files.slack.com\/files-pri\/T9SHC5F9S-FBX6KPAQ2\/-.py?t=xoxe-332590185332-430098056850-431139793783-a3ecafe0d0f66efa522a67af632228d7",
                "url_private_download": "https:\/\/files.slack.com\/files-pri\/T9SHC5F9S-FBX6KPAQ2\/download\/-.py?t=xoxe-332590185332-430098056850-431139793783-a3ecafe0d0f66efa522a67af632228d7",
                "permalink": "https:\/\/daitgirls.slack.com\/files\/UBDN8T42G\/FBX6KPAQ2\/-.py",
                "permalink_public": "https:\/\/slack-files.com\/T9SHC5F9S-FBX6KPAQ2-d667e9686a",
                "edit_link": "https:\/\/daitgirls.slack.com\/files\/UBDN8T42G\/FBX6KPAQ2\/-.py\/edit",
                "preview": "result = pd.DataFrame(df['위경도'].str.split(',',1).tolist(),columns = ['위도','경도'])\r\nresult",
                "preview_highlight": "<div class=\"CodeMirror cm-s-default CodeMirrorServer\" oncopy=\"if(event.clipboardData){event.clipboardData.setData('text\/plain',window.getSelection().toString().replace(\/\\u200b\/g,''));event.preventDefault();event.stopPropagation();}\">\n<div class=\"CodeMirror-code\">\n<div><pre><span class=\"cm-variable\">result<\/span> = <span class=\"cm-variable\">pd<\/span>.<span class=\"cm-property\">DataFrame<\/span>(<span class=\"cm-variable\">df<\/span>[<span class=\"cm-string\">'위경도'<\/span>].<span class=\"cm-property\">str<\/span>.<span class=\"cm-property\">split<\/span>(<span class=\"cm-string\">','<\/span>,<span class=\"cm-number\">1<\/span>).<span class=\"cm-property\">tolist<\/span>(),<span class=\"cm-variable\">columns<\/span> = [<span class=\"cm-string\">'위도'<\/span>,<span class=\"cm-string\">'경도'<\/span>])<\/pre><\/div>\n<div><pre><span class=\"cm-variable\">result<\/span><\/pre><\/div>\n<\/div>\n<\/div>\n",
                "lines": 2,
                "lines_more": 0,
                "preview_is_truncated": false
            }
        ],
        "upload": true,
        "user": "UBDN8T42G",
        "display_as_bot": false,
        "ts": "1532573071.000073",
        "reactions": [
            {
                "name": "+1",
                "users": [
                    "UBELL5EF5"
                ],
                "count": 1
            }
        ]
    },
    {
        "type": "message",
        "text": "지그재그에서 받은 스티커인데 쓰실 분들 사용하세욥. 뒷자리에 둘게요!",
        "files": [
            {
                "id": "FBWL98CEM",
                "created": 1532577939,
                "timestamp": 1532577939,
                "name": "Image from iOS.jpg",
                "title": "Image from iOS",
                "mimetype": "image\/jpeg",
                "filetype": "jpg",
                "pretty_type": "JPEG",
                "user": "UBD5C2LH5",
                "editable": false,
                "size": 3745953,
                "mode": "hosted",
                "is_external": false,
                "external_type": "",
                "is_public": true,
                "public_url_shared": false,
                "display_as_bot": false,
                "username": "",
                "url_private": "https:\/\/files.slack.com\/files-pri\/T9SHC5F9S-FBWL98CEM\/image_from_ios.jpg?t=xoxe-332590185332-430098056850-431139793783-a3ecafe0d0f66efa522a67af632228d7",
                "url_private_download": "https:\/\/files.slack.com\/files-pri\/T9SHC5F9S-FBWL98CEM\/download\/image_from_ios.jpg?t=xoxe-332590185332-430098056850-431139793783-a3ecafe0d0f66efa522a67af632228d7",
                "thumb_64": "https:\/\/files.slack.com\/files-tmb\/T9SHC5F9S-FBWL98CEM-94ca286588\/image_from_ios_64.jpg?t=xoxe-332590185332-430098056850-431139793783-a3ecafe0d0f66efa522a67af632228d7",
                "thumb_80": "https:\/\/files.slack.com\/files-tmb\/T9SHC5F9S-FBWL98CEM-94ca286588\/image_from_ios_80.jpg?t=xoxe-332590185332-430098056850-431139793783-a3ecafe0d0f66efa522a67af632228d7",
                "thumb_360": "https:\/\/files.slack.com\/files-tmb\/T9SHC5F9S-FBWL98CEM-94ca286588\/image_from_ios_360.jpg?t=xoxe-332590185332-430098056850-431139793783-a3ecafe0d0f66efa522a67af632228d7",
                "thumb_360_w": 360,
                "thumb_360_h": 360,
                "thumb_480": "https:\/\/files.slack.com\/files-tmb\/T9SHC5F9S-FBWL98CEM-94ca286588\/image_from_ios_480.jpg?t=xoxe-332590185332-430098056850-431139793783-a3ecafe0d0f66efa522a67af632228d7",
                "thumb_480_w": 480,
                "thumb_480_h": 480,
                "thumb_160": "https:\/\/files.slack.com\/files-tmb\/T9SHC5F9S-FBWL98CEM-94ca286588\/image_from_ios_160.jpg?t=xoxe-332590185332-430098056850-431139793783-a3ecafe0d0f66efa522a67af632228d7",
                "thumb_720": "https:\/\/files.slack.com\/files-tmb\/T9SHC5F9S-FBWL98CEM-94ca286588\/image_from_ios_720.jpg?t=xoxe-332590185332-430098056850-431139793783-a3ecafe0d0f66efa522a67af632228d7",
                "thumb_720_w": 720,
                "thumb_720_h": 720,
                "thumb_800": "https:\/\/files.slack.com\/files-tmb\/T9SHC5F9S-FBWL98CEM-94ca286588\/image_from_ios_800.jpg?t=xoxe-332590185332-430098056850-431139793783-a3ecafe0d0f66efa522a67af632228d7",
                "thumb_800_w": 800,
                "thumb_800_h": 800,
                "thumb_960": "https:\/\/files.slack.com\/files-tmb\/T9SHC5F9S-FBWL98CEM-94ca286588\/image_from_ios_960.jpg?t=xoxe-332590185332-430098056850-431139793783-a3ecafe0d0f66efa522a67af632228d7",
                "thumb_960_w": 960,
                "thumb_960_h": 960,
                "thumb_1024": "https:\/\/files.slack.com\/files-tmb\/T9SHC5F9S-FBWL98CEM-94ca286588\/image_from_ios_1024.jpg?t=xoxe-332590185332-430098056850-431139793783-a3ecafe0d0f66efa522a67af632228d7",
                "thumb_1024_w": 1024,
                "thumb_1024_h": 1024,
                "image_exif_rotation": 1,
                "original_w": 3024,
                "original_h": 3024,
                "permalink": "https:\/\/daitgirls.slack.com\/files\/UBD5C2LH5\/FBWL98CEM\/image_from_ios.jpg",
                "permalink_public": "https:\/\/slack-files.com\/T9SHC5F9S-FBWL98CEM-413efb47b1"
            }
        ],
        "upload": true,
        "user": "UBD5C2LH5",
        "display_as_bot": false,
        "upload_reply_to": "F58E3873-D8EB-41C3-AF0B-FD4E42557682",
        "thread_ts": "1532577939.000090",
        "reply_count": 1,
        "replies": [
            {
                "user": "UBD8GMVNC",
                "ts": "1532583059.000147"
            }
        ],
        "unread_count": 1,
        "ts": "1532577939.000090",
        "reactions": [
            {
                "name": "+1",
                "users": [
                    "UBELL5EF5",
                    "UBF0XHZD5",
                    "UBDUUV802",
                    "UBD8GMVNC"
                ],
                "count": 4
            },
            {
                "name": "face_with_hand_over_mouth",
                "users": [
                    "UBDUU48UA",
                    "UBDUUV802",
                    "UBDN8T42G"
                ],
                "count": 3
            }
        ]
    },
    {
        "type": "message",
        "user": "UBELL5EF5",
        "text": "오늘도 수고하셨습니다:+1: 오후 특강 끝나면 꼭 회고도 해주세요!",
        "client_msg_id": "98F7AD9B-EF26-4560-8EF9-F6EE52030A8A",
        "ts": "1532579381.000090",
        "reactions": [
            {
                "name": "+1",
                "users": [
                    "UBDN9579S",
                    "UBDN8UG4C",
                    "UBD5C2LH5",
                    "UBDUUV802",
                    "UBDN90RJQ",
                    "UBF1K97FH",
                    "UBF0XHZD5"
                ],
                "count": 7
            }
        ]
    },
    {
        "type": "message",
        "user": "U9TKQU99V",
        "text": "오늘 특강 연사는 네이버 클로바팀에 있는 '배순민 박사님' 입니다. 오후 시작시간은 2시10분이에요. 그때까지만 자리에 앉아주세요 :slightly_smiling_face:",
        "client_msg_id": "ce1c0319-fa2b-48ae-b265-8277b11d7197",
        "ts": "1532581054.000097",
        "reactions": [
            {
                "name": "+1",
                "users": [
                    "UBELL5EF5",
                    "UBDCWMFND",
                    "UBDUUV802",
                    "UBDUVKQAE",
                    "UBDN90RJQ",
                    "UBF0XHZD5"
                ],
                "count": 6
            }
        ]
    },
    {
        "type": "message",
        "user": "UBD8GMVNC",
        "text": "<#C9SFFV9QT|general> \n1. 오늘 Learn, Share, and Grow Together 숙제 시트 업데이트 없습니다! (Hooraaaaay!)\n2. [숙제알림봇] 통계 이론 과제 오늘 마감입니다 : 구글 드라이브 내일 수업자료 폴더에 과제 제출 폴더 있습니다. ㅠㅠ",
        "client_msg_id": "1a4d0a50-650a-4b4b-94f1-bf2cc36a4370",
        "ts": "1532581626.000171",
        "reactions": [
            {
                "name": "heart_eyes",
                "users": [
                    "UBDUUV802",
                    "UBDRWK8SX",
                    "UBDN8T42G",
                    "UA4EGE85S",
                    "UBDN90RJQ",
                    "UBELL5EF5",
                    "U9UFEBXGF",
                    "UBDCWMFND"
                ],
                "count": 8
            }
        ]
    },
    {
        "type": "message",
        "user": "UA4EGE85S",
        "text": "숙제 알림해주셔서 너무 감사해요~! 통계 이론 과제는 내일 (7월 27일 금요일 11시 59분) 까지 입니다~\n시간이 아직 남아있으니 조금 더 고민해보고 제출하셔도 될것 같아요! :blush:",
        "client_msg_id": "79f706c0-850c-42e9-9930-8b4685eeac6c",
        "ts": "1532582269.000124",
        "reactions": [
            {
                "name": "+1",
                "users": [
                    "UBELL5EF5",
                    "U9UFEBXGF",
                    "UBDRWBNRZ",
                    "UBDN8T42G",
                    "UBF0XHZD5"
                ],
                "count": 5
            }
        ]
    },
    {
        "type": "message",
        "user": "UBE3NCBKP",
        "text": "<https:\/\/audioclip.naver.com\/channels\/489>",
        "client_msg_id": "b5b82dd7-b9fb-4aa5-9d33-09a05f511a30",
        "attachments": [
            {
                "title": "유인나 오디오북 첫사랑 (by 네이버)",
                "title_link": "https:\/\/audioclip.naver.com\/channels\/489",
                "fallback": "유인나 오디오북 첫사랑 (by 네이버)",
                "image_url": "https:\/\/ssl.phinf.net\/audio\/20180130_78\/1517288850382AweRb_PNG\/%C5%B8%C0%CC%C6%B2%C5%A9%B1%E2%C1%B6%C1%A4_%C3%B9%BB%E7%B6%FB_%C3%A4%B3%CE%BD%E6%B3%D7%C0%CF.png?type=a280",
                "from_url": "https:\/\/audioclip.naver.com\/channels\/489",
                "image_width": 250,
                "image_height": 250,
                "image_bytes": 140566,
                "service_icon": "https:\/\/s.pstatic.net\/static\/audio\/img\/icon\/android-icon-72x72.png",
                "service_name": "audioclip.naver.com",
                "id": 1,
                "original_url": "https:\/\/audioclip.naver.com\/channels\/489"
            }
        ],
        "ts": "1532582733.000160"
    },
    {
        "type": "message",
        "user": "UBD8GMVNC",
        "text": "감사합니다, 잘쓰겠습니다 :slightly_smiling_face:",
        "client_msg_id": "13e870fa-507a-4035-8e27-41c3f5b23cd5",
        "thread_ts": "1532577939.000090",
        "parent_user_id": "UBD5C2LH5",
        "ts": "1532583059.000147",
        "reactions": [
            {
                "name": "grinning",
                "users": [
                    "UBD5C2LH5"
                ],
                "count": 1
            }
        ]
    },
    {
        "type": "message",
        "text": "오....",
        "files": [
            {
                "id": "FBYHA2XJA",
                "created": 1532583393,
                "timestamp": 1532583393,
                "name": "image.png",
                "title": "Pasted image at 2018-07-26, 2:36 PM",
                "mimetype": "image\/png",
                "filetype": "png",
                "pretty_type": "PNG",
                "user": "UBDN8UG4C",
                "editable": false,
                "size": 47084,
                "mode": "hosted",
                "is_external": false,
                "external_type": "",
                "is_public": true,
                "public_url_shared": false,
                "display_as_bot": false,
                "username": "",
                "url_private": "https:\/\/files.slack.com\/files-pri\/T9SHC5F9S-FBYHA2XJA\/image.png?t=xoxe-332590185332-430098056850-431139793783-a3ecafe0d0f66efa522a67af632228d7",
                "url_private_download": "https:\/\/files.slack.com\/files-pri\/T9SHC5F9S-FBYHA2XJA\/download\/image.png?t=xoxe-332590185332-430098056850-431139793783-a3ecafe0d0f66efa522a67af632228d7",
                "thumb_64": "https:\/\/files.slack.com\/files-tmb\/T9SHC5F9S-FBYHA2XJA-243aab1760\/image_64.png?t=xoxe-332590185332-430098056850-431139793783-a3ecafe0d0f66efa522a67af632228d7",
                "thumb_80": "https:\/\/files.slack.com\/files-tmb\/T9SHC5F9S-FBYHA2XJA-243aab1760\/image_80.png?t=xoxe-332590185332-430098056850-431139793783-a3ecafe0d0f66efa522a67af632228d7",
                "thumb_360": "https:\/\/files.slack.com\/files-tmb\/T9SHC5F9S-FBYHA2XJA-243aab1760\/image_360.png?t=xoxe-332590185332-430098056850-431139793783-a3ecafe0d0f66efa522a67af632228d7",
                "thumb_360_w": 360,
                "thumb_360_h": 207,
                "thumb_480": "https:\/\/files.slack.com\/files-tmb\/T9SHC5F9S-FBYHA2XJA-243aab1760\/image_480.png?t=xoxe-332590185332-430098056850-431139793783-a3ecafe0d0f66efa522a67af632228d7",
                "thumb_480_w": 480,
                "thumb_480_h": 276,
                "thumb_160": "https:\/\/files.slack.com\/files-tmb\/T9SHC5F9S-FBYHA2XJA-243aab1760\/image_160.png?t=xoxe-332590185332-430098056850-431139793783-a3ecafe0d0f66efa522a67af632228d7",
                "image_exif_rotation": 1,
                "original_w": 713,
                "original_h": 410,
                "permalink": "https:\/\/daitgirls.slack.com\/files\/UBDN8UG4C\/FBYHA2XJA\/image.png",
                "permalink_public": "https:\/\/slack-files.com\/T9SHC5F9S-FBYHA2XJA-2cf6165821"
            }
        ],
        "upload": true,
        "user": "UBDN8UG4C",
        "display_as_bot": false,
        "thread_ts": "1532583394.000125",
        "reply_count": 0,
        "replies": [],
        "ts": "1532583394.000125",
        "reactions": [
            {
                "name": "clap",
                "users": [
                    "UBF0XFP7Z",
                    "UBF0XHZD5",
                    "UBDUUV802",
                    "UBELL5EF5"
                ],
                "count": 4
            }
        ]
    },
    {
        "type": "message",
        "user": "UBDN8T42G",
        "text": "오..",
        "client_msg_id": "2e01ca55-189f-468c-aaf8-62f78491642f",
        "ts": "1532583418.000060"
    },
    {
        "type": "message",
        "user": "UBDN8UG4C",
        "text": "넷플릭스에두 다큐 있대요!!",
        "client_msg_id": "4276bf86-e5b2-46df-a18b-f4cd3a029c01",
        "ts": "1532583429.000125",
        "reactions": [
            {
                "name": "+1",
                "users": [
                    "U9UFEBXGF",
                    "UBDCWMFND",
                    "UBF0XHZD5"
                ],
                "count": 3
            }
        ]
    },
    {
        "type": "message",
        "user": "UBE3NCBKP",
        "text": "소오름",
        "client_msg_id": "9061021d-fba4-465d-8ad9-78d964746037",
        "ts": "1532583444.000189"
    },
    {
        "type": "message",
        "user": "UBDCWPPNV",
        "text": "오...",
        "client_msg_id": "1f2797e3-30a3-41ff-9481-3ad3093ed0c7",
        "ts": "1532584233.000160"
    }
]