[
    {
        "type": "message",
        "user": "UBD8GMVNC",
        "text": "PyCon Korea 2018 세션 몇 개를 들으면서 열심히 필기를 했는데...\n저작권(?)에 안 걸리는지 여부를 정확히 모르겠어서 GitHub에는 못 올리겠어서 슬랙에만 (소심히) 남깁니다ㅠㅠ\n아래 세션 중에서 궁금하신 세션 있으신 분은 저에게 개인적으로 질문 주세요ㅎㅎ\n\n- 생활탐사: 파이썬으로 일상에 도움 되는 뉴스 만들기\n- 진실은 언제나 하나! : Python으로 만나보는 Digital Forensic\n- 인생은 짧아요, 엑셀 대신 파이썬\n- 땀내를 줄이는 Data와 Feature 다루기 : 인기라는게 폭발했던 배로쌤의 세션입니다 :slightly_smiling_face:\n- Ready, Get Set, Go!\n- 그렇게 커미터가 된다: Python을 통해 오픈소스 생태계 가르치기",
        "client_msg_id": "93a598d8-5507-4e81-80b0-0bf7067085c2",
        "thread_ts": "1534664315.000100",
        "reply_count": 2,
        "replies": [
            {
                "user": "UBF1K97FH",
                "ts": "1534666387.000100"
            },
            {
                "user": "UBD8GMVNC",
                "ts": "1534666836.000100"
            }
        ],
        "unread_count": 2,
        "ts": "1534664315.000100",
        "reactions": [
            {
                "name": "+1",
                "users": [
                    "UBE3NCBKP",
                    "UBELL5EF5",
                    "U9UFEBXGF",
                    "U9TKQU99V",
                    "UA4EGE85S",
                    "UBD8GHGBA",
                    "UBDRWK8SX",
                    "UBDN90RJQ",
                    "UBF0XFP7Z"
                ],
                "count": 9
            },
            {
                "name": "hahahaha",
                "users": [
                    "UBF1K97FH",
                    "UBF0XKTP1",
                    "UA4EGE85S",
                    "UBDN8UG4C",
                    "UBDRWK8SX",
                    "UBDN90RJQ",
                    "UBF0XFP7Z"
                ],
                "count": 7
            }
        ]
    },
    {
        "type": "message",
        "user": "UBELL5EF5",
        "text": "안녕하세요 여러분 :slightly_smiling_face: 내일 수업 안내입니다.\n\n- 오전에는 객체지향 프로그래밍 개념을 복습하고, 자판기를 계속 이어서 개발합니다. 여러 종류의 음료가 나오게 만들고, 잔액을 반환하는 기능 등을 넣을 예정입니다. 깃에서 브랜치 쓰는 방법도 차근차근 복습을 해보겠습니다.\n- 오후에는 그동안 팀 프로젝트를 진행하며 막히거나 궁금했던 프로그래밍 문제를 함께 살펴보는 시간을 가져보고자 합니다. 어떻게 하는지 몰라서 포기했던거, 되긴 되는데 왜 되는지 모르겠는거, 되긴 됐는데 더 잘 할 방법이 있지 않을지 궁금했던거 등 무엇이든 이 글에 댓글로 남겨주시거나 DM으로 문의해주세요. 내일 오후에 함까 살펴볼 수 있도록 준비를 하겠습니다.\n\n(이터레이션 계획 회의는 화요일 오전에 해요)",
        "client_msg_id": "e9dfdc3e-109f-46b4-a49f-68215488b67e",
        "thread_ts": "1534666384.000100",
        "reply_count": 4,
        "replies": [
            {
                "user": "UBF1K97FH",
                "ts": "1534674148.000100"
            },
            {
                "user": "UBELL5EF5",
                "ts": "1534696012.000100"
            },
            {
                "user": "UBELL5EF5",
                "ts": "1534696067.000100"
            },
            {
                "user": "UBF1K97FH",
                "ts": "1534724307.000100"
            }
        ],
        "unread_count": 4,
        "ts": "1534666384.000100",
        "reactions": [
            {
                "name": "hero",
                "users": [
                    "U9TKQU99V",
                    "U9SN17L0M",
                    "UA4EGE85S",
                    "UBDUU7X7U",
                    "UBDRWK8SX",
                    "U9UFEBXGF"
                ],
                "count": 6
            },
            {
                "name": "thumbsup_all",
                "users": [
                    "U9SN17L0M",
                    "UBF1K97FH",
                    "UA4EGE85S",
                    "UBDRWADQB",
                    "UBD8GHGBA",
                    "UBDRWK8SX",
                    "U9UFEBXGF"
                ],
                "count": 7
            },
            {
                "name": "blue_heart",
                "users": [
                    "U9SN17L0M",
                    "UA4EGE85S",
                    "UBDCWMFND",
                    "UBDRWK8SX",
                    "U9UFEBXGF",
                    "UBDN8T42G"
                ],
                "count": 6
            },
            {
                "name": "clap",
                "users": [
                    "UBDN8UG4C",
                    "UBDCWMFND",
                    "UBDRWK8SX",
                    "U9UFEBXGF"
                ],
                "count": 4
            }
        ]
    },
    {
        "type": "message",
        "user": "UBF1K97FH",
        "text": "배로쌤 걱정하셨었는데 300석 다 채우신듯! 인기폭발~~~ !!!",
        "client_msg_id": "1ED13CB5-DB2A-48BC-AE8D-9C749F0D1B61",
        "thread_ts": "1534664315.000100",
        "parent_user_id": "UBD8GMVNC",
        "ts": "1534666387.000100"
    },
    {
        "type": "message",
        "user": "UBD8GMVNC",
        "text": "104호 배로쌤 인기가... 이번 파이콘에서 세션 9개 들었는데 배로쌤 세션이 제일 청중 많았던것 같아요. 1타 선생님 배로쌤의 위력... :hahahaha: ",
        "client_msg_id": "85b77265-7fb5-494f-a0f2-cbf66160dfd2",
        "thread_ts": "1534664315.000100",
        "parent_user_id": "UBD8GMVNC",
        "ts": "1534666836.000100",
        "reactions": [
            {
                "name": "i_love_you_hand_sign",
                "users": [
                    "UBF1K97FH",
                    "UA4EGE85S",
                    "UBDCWMFND",
                    "UAMSPH7KM",
                    "UBDRWBNRZ",
                    "UBF0XFP7Z"
                ],
                "count": 6
            }
        ]
    },
    {
        "type": "message",
        "user": "UBF1K97FH",
        "text": "쌤, 매출에 따라 면적이 달라지는 cartogram을 그리고 싶은데, 검색해도 어디서부터 시작해야 할 지 모르겠어요:cry:",
        "client_msg_id": "e7714e36-cd2c-4ef7-9b7f-3747f8a3b12d",
        "thread_ts": "1534666384.000100",
        "parent_user_id": "UBELL5EF5",
        "ts": "1534674148.000100",
        "reactions": [
            {
                "name": "+1",
                "users": [
                    "UBELL5EF5",
                    "UA4EGE85S"
                ],
                "count": 2
            }
        ]
    },
    {
        "type": "message",
        "text": "파이콘에서 획득(?)한 아이템 중에서 제가 쓸거 빼고 남은거 내일 나눔합니다ㅎㅎ",
        "files": [
            {
                "id": "FCAEXA0Q0",
                "created": 1534683692,
                "timestamp": 1534683692,
                "name": "20180819_220020.jpg",
                "title": "20180819_220020.jpg",
                "mimetype": "image\/jpeg",
                "filetype": "jpg",
                "pretty_type": "JPEG",
                "user": "UBD8GMVNC",
                "editable": false,
                "size": 3515270,
                "mode": "hosted",
                "is_external": false,
                "external_type": "",
                "is_public": true,
                "public_url_shared": false,
                "display_as_bot": false,
                "username": "",
                "url_private": "https:\/\/files.slack.com\/files-pri\/T9SHC5F9S-FCAEXA0Q0\/20180819_220020.jpg?t=xoxe-332590185332-430098056850-431139793783-a3ecafe0d0f66efa522a67af632228d7",
                "url_private_download": "https:\/\/files.slack.com\/files-pri\/T9SHC5F9S-FCAEXA0Q0\/download\/20180819_220020.jpg?t=xoxe-332590185332-430098056850-431139793783-a3ecafe0d0f66efa522a67af632228d7",
                "thumb_64": "https:\/\/files.slack.com\/files-tmb\/T9SHC5F9S-FCAEXA0Q0-0c4fab2b42\/20180819_220020_64.jpg?t=xoxe-332590185332-430098056850-431139793783-a3ecafe0d0f66efa522a67af632228d7",
                "thumb_80": "https:\/\/files.slack.com\/files-tmb\/T9SHC5F9S-FCAEXA0Q0-0c4fab2b42\/20180819_220020_80.jpg?t=xoxe-332590185332-430098056850-431139793783-a3ecafe0d0f66efa522a67af632228d7",
                "thumb_360": "https:\/\/files.slack.com\/files-tmb\/T9SHC5F9S-FCAEXA0Q0-0c4fab2b42\/20180819_220020_360.jpg?t=xoxe-332590185332-430098056850-431139793783-a3ecafe0d0f66efa522a67af632228d7",
                "thumb_360_w": 360,
                "thumb_360_h": 180,
                "thumb_480": "https:\/\/files.slack.com\/files-tmb\/T9SHC5F9S-FCAEXA0Q0-0c4fab2b42\/20180819_220020_480.jpg?t=xoxe-332590185332-430098056850-431139793783-a3ecafe0d0f66efa522a67af632228d7",
                "thumb_480_w": 480,
                "thumb_480_h": 240,
                "thumb_160": "https:\/\/files.slack.com\/files-tmb\/T9SHC5F9S-FCAEXA0Q0-0c4fab2b42\/20180819_220020_160.jpg?t=xoxe-332590185332-430098056850-431139793783-a3ecafe0d0f66efa522a67af632228d7",
                "thumb_720": "https:\/\/files.slack.com\/files-tmb\/T9SHC5F9S-FCAEXA0Q0-0c4fab2b42\/20180819_220020_720.jpg?t=xoxe-332590185332-430098056850-431139793783-a3ecafe0d0f66efa522a67af632228d7",
                "thumb_720_w": 720,
                "thumb_720_h": 360,
                "thumb_800": "https:\/\/files.slack.com\/files-tmb\/T9SHC5F9S-FCAEXA0Q0-0c4fab2b42\/20180819_220020_800.jpg?t=xoxe-332590185332-430098056850-431139793783-a3ecafe0d0f66efa522a67af632228d7",
                "thumb_800_w": 800,
                "thumb_800_h": 400,
                "thumb_960": "https:\/\/files.slack.com\/files-tmb\/T9SHC5F9S-FCAEXA0Q0-0c4fab2b42\/20180819_220020_960.jpg?t=xoxe-332590185332-430098056850-431139793783-a3ecafe0d0f66efa522a67af632228d7",
                "thumb_960_w": 960,
                "thumb_960_h": 480,
                "thumb_1024": "https:\/\/files.slack.com\/files-tmb\/T9SHC5F9S-FCAEXA0Q0-0c4fab2b42\/20180819_220020_1024.jpg?t=xoxe-332590185332-430098056850-431139793783-a3ecafe0d0f66efa522a67af632228d7",
                "thumb_1024_w": 1024,
                "thumb_1024_h": 512,
                "image_exif_rotation": 1,
                "original_w": 4160,
                "original_h": 2080,
                "permalink": "https:\/\/daitgirls.slack.com\/files\/UBD8GMVNC\/FCAEXA0Q0\/20180819_220020.jpg",
                "permalink_public": "https:\/\/slack-files.com\/T9SHC5F9S-FCAEXA0Q0-5cfbfb42d3"
            }
        ],
        "upload": true,
        "user": "UBD8GMVNC",
        "display_as_bot": false,
        "client_msg_id": "0cdf8775-28da-48d7-80b6-1f08b92c88f1",
        "ts": "1534683696.000100",
        "reactions": [
            {
                "name": "hahahaha",
                "users": [
                    "UBDUUV802",
                    "UBELL5EF5",
                    "UBDCWMFND",
                    "UA4EGE85S",
                    "UBDN8UG4C",
                    "U9UFEBXGF",
                    "UBD8HB9C0",
                    "UBF0XFP7Z",
                    "UBF1K97FH",
                    "UBE3NCBKP"
                ],
                "count": 10
            }
        ]
    },
    {
        "type": "message",
        "user": "UBD8GMVNC",
        "text": "내일 가서 강의장 뒤쪽 어딘가에(책상 위? 창틀?) 올려놓을게요! 취향대로 가져가주세요ㅋㅋㅋㅋ",
        "client_msg_id": "65c523c3-9f81-4f73-a6f0-e9e76d55cd63",
        "thread_ts": "1534683775.000100",
        "reply_count": 1,
        "replies": [
            {
                "user": "UBD8GHGBA",
                "ts": "1534686339.000100"
            }
        ],
        "unread_count": 1,
        "ts": "1534683775.000100"
    },
    {
        "type": "message",
        "user": "UBD8GHGBA",
        "text": "코인원 스티커가 센스있네요 ㅎㅎ",
        "client_msg_id": "656089a4-4d84-4dc4-a8ee-01d6124ed66e",
        "thread_ts": "1534683775.000100",
        "parent_user_id": "UBD8GMVNC",
        "ts": "1534686339.000100"
    },
    {
        "type": "message",
        "text": "임의의 데이터로 dorling cartogram 비슷하게 그리는걸 해봤습니다. 1) 원래의 위치를 되도록 유지하려고 노력하지만, 2) 면적은 데이터에 따라 왜곡되며, 3) 두 조건이 충돌하면 위치를 최소한으로 옮겨서 서로 겹치지 않도록 했어요. 내일 짧게 설명을 드려보겠습니다.",
        "files": [
            {
                "id": "FCCHFD4UE",
                "created": 1534696009,
                "timestamp": 1534696009,
                "name": "image.png",
                "title": "Pasted image at 2018-08-20, 1:26 AM",
                "mimetype": "image\/png",
                "filetype": "png",
                "pretty_type": "PNG",
                "user": "UBELL5EF5",
                "editable": false,
                "size": 103147,
                "mode": "hosted",
                "is_external": false,
                "external_type": "",
                "is_public": true,
                "public_url_shared": false,
                "display_as_bot": false,
                "username": "",
                "url_private": "https:\/\/files.slack.com\/files-pri\/T9SHC5F9S-FCCHFD4UE\/image.png?t=xoxe-332590185332-430098056850-431139793783-a3ecafe0d0f66efa522a67af632228d7",
                "url_private_download": "https:\/\/files.slack.com\/files-pri\/T9SHC5F9S-FCCHFD4UE\/download\/image.png?t=xoxe-332590185332-430098056850-431139793783-a3ecafe0d0f66efa522a67af632228d7",
                "thumb_64": "https:\/\/files.slack.com\/files-tmb\/T9SHC5F9S-FCCHFD4UE-0dc473a49e\/image_64.png?t=xoxe-332590185332-430098056850-431139793783-a3ecafe0d0f66efa522a67af632228d7",
                "thumb_80": "https:\/\/files.slack.com\/files-tmb\/T9SHC5F9S-FCCHFD4UE-0dc473a49e\/image_80.png?t=xoxe-332590185332-430098056850-431139793783-a3ecafe0d0f66efa522a67af632228d7",
                "thumb_360": "https:\/\/files.slack.com\/files-tmb\/T9SHC5F9S-FCCHFD4UE-0dc473a49e\/image_360.png?t=xoxe-332590185332-430098056850-431139793783-a3ecafe0d0f66efa522a67af632228d7",
                "thumb_360_w": 278,
                "thumb_360_h": 360,
                "thumb_480": "https:\/\/files.slack.com\/files-tmb\/T9SHC5F9S-FCCHFD4UE-0dc473a49e\/image_480.png?t=xoxe-332590185332-430098056850-431139793783-a3ecafe0d0f66efa522a67af632228d7",
                "thumb_480_w": 371,
                "thumb_480_h": 480,
                "thumb_160": "https:\/\/files.slack.com\/files-tmb\/T9SHC5F9S-FCCHFD4UE-0dc473a49e\/image_160.png?t=xoxe-332590185332-430098056850-431139793783-a3ecafe0d0f66efa522a67af632228d7",
                "thumb_720": "https:\/\/files.slack.com\/files-tmb\/T9SHC5F9S-FCCHFD4UE-0dc473a49e\/image_720.png?t=xoxe-332590185332-430098056850-431139793783-a3ecafe0d0f66efa522a67af632228d7",
                "thumb_720_w": 556,
                "thumb_720_h": 720,
                "thumb_800": "https:\/\/files.slack.com\/files-tmb\/T9SHC5F9S-FCCHFD4UE-0dc473a49e\/image_800.png?t=xoxe-332590185332-430098056850-431139793783-a3ecafe0d0f66efa522a67af632228d7",
                "thumb_800_w": 618,
                "thumb_800_h": 800,
                "thumb_960": "https:\/\/files.slack.com\/files-tmb\/T9SHC5F9S-FCCHFD4UE-0dc473a49e\/image_960.png?t=xoxe-332590185332-430098056850-431139793783-a3ecafe0d0f66efa522a67af632228d7",
                "thumb_960_w": 742,
                "thumb_960_h": 960,
                "image_exif_rotation": 1,
                "original_w": 774,
                "original_h": 1002,
                "permalink": "https:\/\/daitgirls.slack.com\/files\/UBELL5EF5\/FCCHFD4UE\/image.png",
                "permalink_public": "https:\/\/slack-files.com\/T9SHC5F9S-FCCHFD4UE-734e8e796a"
            }
        ],
        "upload": true,
        "user": "UBELL5EF5",
        "display_as_bot": false,
        "thread_ts": "1534666384.000100",
        "parent_user_id": "UBELL5EF5",
        "ts": "1534696012.000100",
        "reactions": [
            {
                "name": "star-struck",
                "users": [
                    "UBF1K97FH"
                ],
                "count": 1
            }
        ]
    },
    {
        "type": "message",
        "text": "그냥 무작정 그리면 이렇게 됩니다.",
        "files": [
            {
                "id": "FCB3NDWKD",
                "created": 1534696065,
                "timestamp": 1534696065,
                "name": "image.png",
                "title": "Pasted image at 2018-08-20, 1:27 AM",
                "mimetype": "image\/png",
                "filetype": "png",
                "pretty_type": "PNG",
                "user": "UBELL5EF5",
                "editable": false,
                "size": 90426,
                "mode": "hosted",
                "is_external": false,
                "external_type": "",
                "is_public": true,
                "public_url_shared": false,
                "display_as_bot": false,
                "username": "",
                "url_private": "https:\/\/files.slack.com\/files-pri\/T9SHC5F9S-FCB3NDWKD\/image.png?t=xoxe-332590185332-430098056850-431139793783-a3ecafe0d0f66efa522a67af632228d7",
                "url_private_download": "https:\/\/files.slack.com\/files-pri\/T9SHC5F9S-FCB3NDWKD\/download\/image.png?t=xoxe-332590185332-430098056850-431139793783-a3ecafe0d0f66efa522a67af632228d7",
                "thumb_64": "https:\/\/files.slack.com\/files-tmb\/T9SHC5F9S-FCB3NDWKD-f95f774058\/image_64.png?t=xoxe-332590185332-430098056850-431139793783-a3ecafe0d0f66efa522a67af632228d7",
                "thumb_80": "https:\/\/files.slack.com\/files-tmb\/T9SHC5F9S-FCB3NDWKD-f95f774058\/image_80.png?t=xoxe-332590185332-430098056850-431139793783-a3ecafe0d0f66efa522a67af632228d7",
                "thumb_360": "https:\/\/files.slack.com\/files-tmb\/T9SHC5F9S-FCB3NDWKD-f95f774058\/image_360.png?t=xoxe-332590185332-430098056850-431139793783-a3ecafe0d0f66efa522a67af632228d7",
                "thumb_360_w": 311,
                "thumb_360_h": 360,
                "thumb_480": "https:\/\/files.slack.com\/files-tmb\/T9SHC5F9S-FCB3NDWKD-f95f774058\/image_480.png?t=xoxe-332590185332-430098056850-431139793783-a3ecafe0d0f66efa522a67af632228d7",
                "thumb_480_w": 414,
                "thumb_480_h": 480,
                "thumb_160": "https:\/\/files.slack.com\/files-tmb\/T9SHC5F9S-FCB3NDWKD-f95f774058\/image_160.png?t=xoxe-332590185332-430098056850-431139793783-a3ecafe0d0f66efa522a67af632228d7",
                "thumb_720": "https:\/\/files.slack.com\/files-tmb\/T9SHC5F9S-FCB3NDWKD-f95f774058\/image_720.png?t=xoxe-332590185332-430098056850-431139793783-a3ecafe0d0f66efa522a67af632228d7",
                "thumb_720_w": 621,
                "thumb_720_h": 720,
                "thumb_800": "https:\/\/files.slack.com\/files-tmb\/T9SHC5F9S-FCB3NDWKD-f95f774058\/image_800.png?t=xoxe-332590185332-430098056850-431139793783-a3ecafe0d0f66efa522a67af632228d7",
                "thumb_800_w": 800,
                "thumb_800_h": 927,
                "image_exif_rotation": 1,
                "original_w": 804,
                "original_h": 932,
                "permalink": "https:\/\/daitgirls.slack.com\/files\/UBELL5EF5\/FCB3NDWKD\/image.png",
                "permalink_public": "https:\/\/slack-files.com\/T9SHC5F9S-FCB3NDWKD-d10722471c"
            }
        ],
        "upload": true,
        "user": "UBELL5EF5",
        "display_as_bot": false,
        "thread_ts": "1534666384.000100",
        "parent_user_id": "UBELL5EF5",
        "ts": "1534696067.000100"
    },
    {
        "type": "message",
        "user": "UBF1K97FH",
        "text": "<https:\/\/worldmapper.org\/>",
        "client_msg_id": "d85361a2-5aed-4f5f-af2f-f871884bfefc",
        "attachments": [
            {
                "service_name": "Worldmapper",
                "title": "Worldmapper | rediscover the world as you've never seen it before",
                "title_link": "https:\/\/worldmapper.org\/",
                "text": "Mapping our place in the world: The atlas for the 21st century. Worldmapper is a collection of world maps where countries are resized according to a broad range of global issues. Our cartograms are unique visualisations that show the world as you've never seen it before. Explore them all!",
                "fallback": "Worldmapper: Worldmapper | rediscover the world as you've never seen it before",
                "image_url": "https:\/\/worldmapper.org\/wp-content\/uploads\/2018\/03\/WM-Red_1000x500.jpg",
                "image_width": 500,
                "image_height": 250,
                "from_url": "https:\/\/worldmapper.org\/",
                "image_bytes": 142429,
                "service_icon": "https:\/\/worldmapper.org\/wp-content\/themes\/worldmapper\/img\/icon\/apple-touch-icon.png",
                "id": 1,
                "original_url": "https:\/\/worldmapper.org\/"
            }
        ],
        "thread_ts": "1534666384.000100",
        "parent_user_id": "UBELL5EF5",
        "ts": "1534724307.000100",
        "reactions": [
            {
                "name": "+1",
                "users": [
                    "UBELL5EF5"
                ],
                "count": 1
            }
        ]
    },
    {
        "type": "message",
        "user": "UBELL5EF5",
        "text": "```\nclass Kindle:\n    def __init__(self):\n        self.power = False\n        self.page = 1\n\n    def toggle_power(self):\n        self.power = not self.power\n\n    def next_page(self):\n        self.page = self.page + 1\n\n    def prev_page(self):\n        if self.page &gt; 1:\n            self.page = self.page - 1\n```",
        "client_msg_id": "2868abb2-bab0-412f-9eec-c7e77cda8313",
        "ts": "1534729542.000100"
    },
    {
        "type": "message",
        "text": "데잇걸즈 클래스를 만들어봤어여",
        "files": [
            {
                "id": "FCB3J9RM2",
                "created": 1534730265,
                "timestamp": 1534730265,
                "name": "class_DataItGirls.png",
                "title": "class_DataItGirls.png",
                "mimetype": "image\/png",
                "filetype": "png",
                "pretty_type": "PNG",
                "user": "UBF0XFP7Z",
                "editable": false,
                "size": 294467,
                "mode": "hosted",
                "is_external": false,
                "external_type": "",
                "is_public": true,
                "public_url_shared": false,
                "display_as_bot": false,
                "username": "",
                "url_private": "https:\/\/files.slack.com\/files-pri\/T9SHC5F9S-FCB3J9RM2\/class_dataitgirls.png?t=xoxe-332590185332-430098056850-431139793783-a3ecafe0d0f66efa522a67af632228d7",
                "url_private_download": "https:\/\/files.slack.com\/files-pri\/T9SHC5F9S-FCB3J9RM2\/download\/class_dataitgirls.png?t=xoxe-332590185332-430098056850-431139793783-a3ecafe0d0f66efa522a67af632228d7",
                "thumb_64": "https:\/\/files.slack.com\/files-tmb\/T9SHC5F9S-FCB3J9RM2-1add18e70d\/class_dataitgirls_64.png?t=xoxe-332590185332-430098056850-431139793783-a3ecafe0d0f66efa522a67af632228d7",
                "thumb_80": "https:\/\/files.slack.com\/files-tmb\/T9SHC5F9S-FCB3J9RM2-1add18e70d\/class_dataitgirls_80.png?t=xoxe-332590185332-430098056850-431139793783-a3ecafe0d0f66efa522a67af632228d7",
                "thumb_360": "https:\/\/files.slack.com\/files-tmb\/T9SHC5F9S-FCB3J9RM2-1add18e70d\/class_dataitgirls_360.png?t=xoxe-332590185332-430098056850-431139793783-a3ecafe0d0f66efa522a67af632228d7",
                "thumb_360_w": 360,
                "thumb_360_h": 240,
                "thumb_480": "https:\/\/files.slack.com\/files-tmb\/T9SHC5F9S-FCB3J9RM2-1add18e70d\/class_dataitgirls_480.png?t=xoxe-332590185332-430098056850-431139793783-a3ecafe0d0f66efa522a67af632228d7",
                "thumb_480_w": 480,
                "thumb_480_h": 320,
                "thumb_160": "https:\/\/files.slack.com\/files-tmb\/T9SHC5F9S-FCB3J9RM2-1add18e70d\/class_dataitgirls_160.png?t=xoxe-332590185332-430098056850-431139793783-a3ecafe0d0f66efa522a67af632228d7",
                "thumb_720": "https:\/\/files.slack.com\/files-tmb\/T9SHC5F9S-FCB3J9RM2-1add18e70d\/class_dataitgirls_720.png?t=xoxe-332590185332-430098056850-431139793783-a3ecafe0d0f66efa522a67af632228d7",
                "thumb_720_w": 720,
                "thumb_720_h": 480,
                "thumb_800": "https:\/\/files.slack.com\/files-tmb\/T9SHC5F9S-FCB3J9RM2-1add18e70d\/class_dataitgirls_800.png?t=xoxe-332590185332-430098056850-431139793783-a3ecafe0d0f66efa522a67af632228d7",
                "thumb_800_w": 800,
                "thumb_800_h": 533,
                "thumb_960": "https:\/\/files.slack.com\/files-tmb\/T9SHC5F9S-FCB3J9RM2-1add18e70d\/class_dataitgirls_960.png?t=xoxe-332590185332-430098056850-431139793783-a3ecafe0d0f66efa522a67af632228d7",
                "thumb_960_w": 960,
                "thumb_960_h": 640,
                "thumb_1024": "https:\/\/files.slack.com\/files-tmb\/T9SHC5F9S-FCB3J9RM2-1add18e70d\/class_dataitgirls_1024.png?t=xoxe-332590185332-430098056850-431139793783-a3ecafe0d0f66efa522a67af632228d7",
                "thumb_1024_w": 1024,
                "thumb_1024_h": 683,
                "image_exif_rotation": 1,
                "original_w": 2736,
                "original_h": 1824,
                "permalink": "https:\/\/daitgirls.slack.com\/files\/UBF0XFP7Z\/FCB3J9RM2\/class_dataitgirls.png",
                "permalink_public": "https:\/\/slack-files.com\/T9SHC5F9S-FCB3J9RM2-ff4d00505a"
            }
        ],
        "upload": true,
        "user": "UBF0XFP7Z",
        "display_as_bot": false,
        "thread_ts": "1534730270.000100",
        "reply_count": 1,
        "replies": [
            {
                "user": "UBF1K97FH",
                "ts": "1534731138.000100"
            }
        ],
        "unread_count": 1,
        "ts": "1534730270.000100",
        "reactions": [
            {
                "name": "+1",
                "users": [
                    "UBDUVKQAE",
                    "UBDUUV802",
                    "U9SN17L0M",
                    "U9UFEBXGF",
                    "UBDRWBNRZ",
                    "UBDRXTD8B",
                    "UBF1K97FH",
                    "UBDRWK8SX",
                    "UBES4Q6LE",
                    "UA4EGE85S",
                    "UBELL5EF5"
                ],
                "count": 11
            },
            {
                "name": "laughing",
                "users": [
                    "UBDUUV802",
                    "U9SN17L0M",
                    "U9UFEBXGF",
                    "UBDRWBNRZ",
                    "UBDRWK8SX",
                    "UA4EGE85S"
                ],
                "count": 6
            }
        ]
    },
    {
        "type": "message",
        "user": "UBF1K97FH",
        "text": "우리 이제 살살 갈아넣어요",
        "client_msg_id": "d157e3d8-03d7-4d2d-9bdf-5917e8e3c7d2",
        "thread_ts": "1534730270.000100",
        "parent_user_id": "UBF0XFP7Z",
        "ts": "1534731138.000100",
        "reactions": [
            {
                "name": "hero",
                "users": [
                    "UBF0XFP7Z",
                    "UBELL5EF5"
                ],
                "count": 2
            }
        ]
    },
    {
        "type": "message",
        "text": "",
        "files": [
            {
                "id": "FCBAQHC3C",
                "created": 1534733029,
                "timestamp": 1534733029,
                "name": "test_vm_py.py",
                "title": "test_vm.py",
                "mimetype": "text\/plain",
                "filetype": "python",
                "pretty_type": "Python",
                "user": "UBDN8T42G",
                "editable": true,
                "size": 487,
                "mode": "snippet",
                "is_external": false,
                "external_type": "",
                "is_public": true,
                "public_url_shared": false,
                "display_as_bot": false,
                "username": "",
                "url_private": "https:\/\/files.slack.com\/files-pri\/T9SHC5F9S-FCBAQHC3C\/test_vm_py.py?t=xoxe-332590185332-430098056850-431139793783-a3ecafe0d0f66efa522a67af632228d7",
                "url_private_download": "https:\/\/files.slack.com\/files-pri\/T9SHC5F9S-FCBAQHC3C\/download\/test_vm_py.py?t=xoxe-332590185332-430098056850-431139793783-a3ecafe0d0f66efa522a67af632228d7",
                "permalink": "https:\/\/daitgirls.slack.com\/files\/UBDN8T42G\/FCBAQHC3C\/test_vm_py.py",
                "permalink_public": "https:\/\/slack-files.com\/T9SHC5F9S-FCBAQHC3C-effadcd01d",
                "edit_link": "https:\/\/daitgirls.slack.com\/files\/UBDN8T42G\/FCBAQHC3C\/test_vm_py.py\/edit",
                "preview": "def test_short():\r\n    m = VendingMachine()\r\n    m.run(\"동전 100\")\r\n    assert \"잔액이 부족합니다.\" == m.run(\"음료 커피\")\r\n\r",
                "preview_highlight": "<div class=\"CodeMirror cm-s-default CodeMirrorServer\" oncopy=\"if(event.clipboardData){event.clipboardData.setData('text\/plain',window.getSelection().toString().replace(\/\\u200b\/g,''));event.preventDefault();event.stopPropagation();}\">\n<div class=\"CodeMirror-code\">\n<div><pre><span class=\"cm-keyword\">def<\/span> <span class=\"cm-def\">test_short<\/span>():<\/pre><\/div>\n<div><pre>    <span class=\"cm-variable\">m<\/span> = <span class=\"cm-variable\">VendingMachine<\/span>()<\/pre><\/div>\n<div><pre>    <span class=\"cm-variable\">m<\/span>.<span class=\"cm-property\">run<\/span>(<span class=\"cm-string\">&quot;동전 100&quot;<\/span>)<\/pre><\/div>\n<div><pre>    <span class=\"cm-keyword\">assert<\/span> <span class=\"cm-string\">&quot;잔액이 부족합니다.&quot;<\/span> == <span class=\"cm-variable\">m<\/span>.<span class=\"cm-property\">run<\/span>(<span class=\"cm-string\">&quot;음료 커피&quot;<\/span>)<\/pre><\/div>\n<div><pre>&#8203;<\/pre><\/div>\n<\/div>\n<\/div>\n",
                "lines": 16,
                "lines_more": 11,
                "preview_is_truncated": false
            }
        ],
        "upload": true,
        "user": "UBDN8T42G",
        "display_as_bot": false,
        "ts": "1534733030.000100",
        "reactions": [
            {
                "name": "+1",
                "users": [
                    "UBDRWBNRZ",
                    "UBDRWRE3D",
                    "UBE3NMLCD",
                    "UBF0XFP7Z",
                    "UBELL5EF5"
                ],
                "count": 5
            },
            {
                "name": "blue_heart",
                "users": [
                    "UBDRWBNRZ",
                    "UBDRWRE3D",
                    "UBF0XFP7Z"
                ],
                "count": 3
            },
            {
                "name": "clap",
                "users": [
                    "UBDRWBNRZ",
                    "UBDRWRE3D",
                    "UBF0XFP7Z"
                ],
                "count": 3
            }
        ]
    },
    {
        "type": "message",
        "text": "",
        "files": [
            {
                "id": "FCAK0TX88",
                "created": 1534733048,
                "timestamp": 1534733048,
                "name": "vm_py.py",
                "title": "vm.py",
                "mimetype": "text\/plain",
                "filetype": "python",
                "pretty_type": "Python",
                "user": "UBDN8T42G",
                "editable": true,
                "size": 510,
                "mode": "snippet",
                "is_external": false,
                "external_type": "",
                "is_public": true,
                "public_url_shared": false,
                "display_as_bot": false,
                "username": "",
                "url_private": "https:\/\/files.slack.com\/files-pri\/T9SHC5F9S-FCAK0TX88\/vm_py.py?t=xoxe-332590185332-430098056850-431139793783-a3ecafe0d0f66efa522a67af632228d7",
                "url_private_download": "https:\/\/files.slack.com\/files-pri\/T9SHC5F9S-FCAK0TX88\/download\/vm_py.py?t=xoxe-332590185332-430098056850-431139793783-a3ecafe0d0f66efa522a67af632228d7",
                "permalink": "https:\/\/daitgirls.slack.com\/files\/UBDN8T42G\/FCAK0TX88\/vm_py.py",
                "permalink_public": "https:\/\/slack-files.com\/T9SHC5F9S-FCAK0TX88-ee3ecd39d9",
                "edit_link": "https:\/\/daitgirls.slack.com\/files\/UBDN8T42G\/FCAK0TX88\/vm_py.py\/edit",
                "preview": "        elif cmd == \"음료\":\r\n            drink = params[0]\r\n            if drink != \"커피\":\r\n                return \"알 수 없는 음료입니다.\"\r\n            else:\r",
                "preview_highlight": "<div class=\"CodeMirror cm-s-default CodeMirrorServer\" oncopy=\"if(event.clipboardData){event.clipboardData.setData('text\/plain',window.getSelection().toString().replace(\/\\u200b\/g,''));event.preventDefault();event.stopPropagation();}\">\n<div class=\"CodeMirror-code\">\n<div><pre>        <span class=\"cm-keyword\">elif<\/span> <span class=\"cm-variable\">cmd<\/span> == <span class=\"cm-string\">&quot;음료&quot;<\/span>:<\/pre><\/div>\n<div><pre>            <span class=\"cm-variable\">drink<\/span> = <span class=\"cm-variable\">params<\/span>[<span class=\"cm-number\">0<\/span>]<\/pre><\/div>\n<div><pre>            <span class=\"cm-keyword\">if<\/span> <span class=\"cm-variable\">drink<\/span> <span class=\"cm-operator\">!<\/span>= <span class=\"cm-string\">&quot;커피&quot;<\/span>:<\/pre><\/div>\n<div><pre>                <span class=\"cm-keyword\">return<\/span> <span class=\"cm-string\">&quot;알 수 없는 음료입니다.&quot;<\/span><\/pre><\/div>\n<div><pre>            <span class=\"cm-keyword\">else<\/span>:<\/pre><\/div>\n<\/div>\n<\/div>\n",
                "lines": 13,
                "lines_more": 8,
                "preview_is_truncated": false
            }
        ],
        "upload": true,
        "user": "UBDN8T42G",
        "display_as_bot": false,
        "ts": "1534733049.000200",
        "reactions": [
            {
                "name": "+1",
                "users": [
                    "UBDRWBNRZ",
                    "UBDRWRE3D",
                    "UBE3NMLCD",
                    "UBF0XFP7Z",
                    "UBELL5EF5"
                ],
                "count": 5
            },
            {
                "name": "blue_heart",
                "users": [
                    "UBDRWBNRZ",
                    "UBDRWRE3D",
                    "UBF0XFP7Z"
                ],
                "count": 3
            },
            {
                "name": "i_love_you_hand_sign",
                "users": [
                    "UBDRWBNRZ",
                    "UBDRWRE3D",
                    "UBF0XFP7Z"
                ],
                "count": 3
            }
        ]
    },
    {
        "type": "message",
        "user": "UBELL5EF5",
        "text": "<https:\/\/github.com\/aeranghang\/vendingmachine>",
        "client_msg_id": "9d41482c-a048-4593-aa0e-19881242ae22",
        "attachments": [
            {
                "fallback": "aeranghang\/vendingmachine",
                "text": "A vending machine",
                "title": "aeranghang\/vendingmachine",
                "footer": "<https:\/\/github.com\/aeranghang\/vendingmachine|aeranghang\/vendingmachine>",
                "id": 1,
                "footer_icon": "https:\/\/assets-cdn.github.com\/favicon.ico",
                "ts": 1534233461,
                "color": "24292f",
                "fields": [
                    {
                        "title": "Language",
                        "value": "Python",
                        "short": true
                    },
                    {
                        "title": "Last updated",
                        "value": "a minute ago",
                        "short": true
                    }
                ],
                "mrkdwn_in": [
                    "text",
                    "fields"
                ],
                "bot_id": "BBNDHKJQ3",
                "app_unfurl_url": "https:\/\/github.com\/aeranghang\/vendingmachine",
                "is_app_unfurl": true
            }
        ],
        "ts": "1534734411.000100"
    },
    {
        "type": "message",
        "user": "UBELL5EF5",
        "text": "<https:\/\/explainshell.com\/>",
        "client_msg_id": "bda32ba1-fafa-493b-b922-d8259e4aacd4",
        "attachments": [
            {
                "title": "explainshell.com - match command-line arguments to their help text",
                "title_link": "https:\/\/explainshell.com\/",
                "text": "match command-line arguments to their help text",
                "fallback": "explainshell.com - match command-line arguments to their help text",
                "from_url": "https:\/\/explainshell.com\/",
                "service_icon": "https:\/\/explainshell.com\/favicon.ico",
                "service_name": "explainshell.com",
                "id": 1,
                "original_url": "https:\/\/explainshell.com\/"
            }
        ],
        "ts": "1534734998.000100"
    },
    {
        "type": "message",
        "user": "UBELL5EF5",
        "text": "<https:\/\/goo.gl\/forms\/791qKEIT8SZRK1aC2>",
        "client_msg_id": "2c7ede6a-ad5c-46ae-ac27-3126652c915e",
        "attachments": [
            {
                "service_name": "Google Docs",
                "title": "수업 평가",
                "title_link": "https:\/\/goo.gl\/forms\/791qKEIT8SZRK1aC2",
                "text": "수업 평가는 익명으로 수집되며, 강의를 개선하기 위한 목적 이외의 어떠한 용도로도 사용하지 않습니다.",
                "fallback": "Google Docs: 수업 평가",
                "image_url": "https:\/\/lh6.googleusercontent.com\/MmUMZHRjw22SaTkCqs48B_8MyqWeFOG4eF2q_bD1HQiQLp5nDewpEmcV3WiS1Si_D0s",
                "image_width": 333,
                "image_height": 250,
                "from_url": "https:\/\/goo.gl\/forms\/791qKEIT8SZRK1aC2",
                "image_bytes": 46236,
                "service_icon": "http:\/\/ssl.gstatic.com\/docs\/forms\/device_home\/ios_120.png",
                "id": 1,
                "original_url": "https:\/\/goo.gl\/forms\/791qKEIT8SZRK1aC2"
            }
        ],
        "ts": "1534737245.000100"
    },
    {
        "type": "message",
        "user": "UBF1K97FH",
        "text": "<https:\/\/informationisbeautiful.net\/>",
        "client_msg_id": "86647d5a-8203-4f88-ba44-92f0cefb3316",
        "attachments": [
            {
                "title": "Information is Beautiful",
                "title_link": "https:\/\/informationisbeautiful.net\/",
                "text": "Distilling the world's data, information &amp; knowledge into beautiful infographics &amp; visualizations",
                "fallback": "Information is Beautiful",
                "image_url": "https:\/\/infobeautiful4.s3.amazonaws.com\/2017\/12\/fb-image-new.png",
                "from_url": "https:\/\/informationisbeautiful.net\/",
                "image_width": 476,
                "image_height": 250,
                "image_bytes": 755236,
                "service_icon": "https:\/\/informationisbeautiful.net\/apple-touch-icon.png",
                "service_name": "informationisbeautiful.net",
                "id": 1,
                "original_url": "https:\/\/informationisbeautiful.net\/"
            }
        ],
        "ts": "1534743945.000100",
        "reactions": [
            {
                "name": "+1",
                "users": [
                    "UBELL5EF5"
                ],
                "count": 1
            }
        ]
    },
    {
        "type": "message",
        "user": "UBD8GHGBA",
        "text": "<https:\/\/www.reddit.com\/r\/dataisbeautiful\/>",
        "client_msg_id": "51992e17-b491-44fa-9dcc-bb2c29d57513",
        "attachments": [
            {
                "service_name": "reddit",
                "title": "r\/dataisbeautiful",
                "title_link": "https:\/\/www.reddit.com\/r\/dataisbeautiful\/",
                "text": "r\/dataisbeautiful: A place for visual representations of data: Graphs, charts, maps, etc. DataIsBeautiful is for visualizations that effectively convey information. **Aesthetics are an important part of information visualization, but pretty pictures are not the aim of this subreddit.**",
                "fallback": "reddit: r\/dataisbeautiful",
                "thumb_url": "https:\/\/styles.redditmedia.com\/t5_2tk95\/styles\/communityIcon_pjpi212bmop01.png",
                "from_url": "https:\/\/www.reddit.com\/r\/dataisbeautiful\/",
                "thumb_width": 185,
                "thumb_height": 86,
                "service_icon": "https:\/\/www.redditstatic.com\/desktop2x\/img\/favicon\/apple-icon-57x57.png",
                "id": 1,
                "original_url": "https:\/\/www.reddit.com\/r\/dataisbeautiful\/"
            }
        ],
        "ts": "1534746475.000100",
        "reactions": [
            {
                "name": "+1",
                "users": [
                    "UBELL5EF5",
                    "UBDRXTD8B"
                ],
                "count": 2
            }
        ]
    },
    {
        "type": "message",
        "user": "UBDRWBNRZ",
        "text": "<https:\/\/www.gapminder.org\/tools\/#$chart-type=bubbles>",
        "client_msg_id": "a4b48380-b9ed-4c08-897f-1cfdca73532b",
        "attachments": [
            {
                "title": "Gapminder Tools",
                "title_link": "https:\/\/www.gapminder.org\/tools\/#$chart-type=bubbles",
                "text": "Animated global statistics that everyone can understand",
                "fallback": "Gapminder Tools",
                "image_url": "http:\/\/www.gapminder.org\/tools\/assets\/images\/social-share.png",
                "from_url": "https:\/\/www.gapminder.org\/tools\/#$chart-type=bubbles",
                "image_width": 500,
                "image_height": 250,
                "image_bytes": 378402,
                "service_name": "gapminder.org",
                "id": 1,
                "original_url": "https:\/\/www.gapminder.org\/tools\/#$chart-type=bubbles"
            }
        ],
        "ts": "1534746707.000100"
    },
    {
        "type": "message",
        "user": "UBDRWBNRZ",
        "text": "<http:\/\/www.juiceanalytics.com\/writing\/better-know-visualization-small-multiples>",
        "client_msg_id": "a2263633-5de1-45bc-a9e2-37b5c200cc6f",
        "attachments": [
            {
                "service_name": "Juice Analytics",
                "title": "Better Know a Visualization: Small Multiples",
                "title_link": "http:\/\/www.juiceanalytics.com\/writing\/better-know-visualization-small-multiples",
                "text": "(With enough visualization methods to warrant a periodic table , it can be confusing to know what to use and when—and which visualizations are even worth considering at all. This series of posts is intended to introduce you to the visualization approaches that we find most useful, practical, and au",
                "fallback": "Juice Analytics: Better Know a Visualization: Small Multiples",
                "thumb_url": "http:\/\/static1.squarespace.com\/static\/52f42657e4b0b3416ff6b831\/t\/5865a170ebbd1a07b0cf5b7e\/1483055474954\/JuiceBox_icon_orange_CMYK.png?format=1000w",
                "from_url": "http:\/\/www.juiceanalytics.com\/writing\/better-know-visualization-small-multiples",
                "thumb_width": 1000,
                "thumb_height": 887,
                "service_icon": "https:\/\/static1.squarespace.com\/static\/52f42657e4b0b3416ff6b831\/t\/55c1149de4b05f04b6ea1007\/favicon.ico",
                "id": 1,
                "original_url": "http:\/\/www.juiceanalytics.com\/writing\/better-know-visualization-small-multiples"
            }
        ],
        "ts": "1534746772.000100",
        "reactions": [
            {
                "name": "+1",
                "users": [
                    "UBE3NCBKP",
                    "UBF0XKTP1",
                    "UBELL5EF5",
                    "UBDRXTD8B"
                ],
                "count": 4
            }
        ]
    }
]