[
    {
        "type": "message",
        "user": "UBD8GMVNC",
        "text": "@general Learn, Share, and Grow together 숙제 시트 업데이트 됐습니다 :: 플롯나인\/워드크라우드 설치 &amp; 이번주 10mins to pandas 가드닝 &amp; 이번주 튜토리얼 일정 관련",
        "client_msg_id": "ef9f70b3-7f2e-4ff3-9a8c-d2fdb946d473",
        "ts": "1531815067.000298"
    },
    {
        "type": "message",
        "user": "UBD8GMVNC",
        "text": "[숙제 알림봇] 목요일까지 <@UBELL5EF5> 선생님 크롤링 과제 있습니다. (수요일 달려요~ㅠㅠ)",
        "client_msg_id": "fc9f0af2-12a7-4e22-9a32-c2c3f458c155",
        "thread_ts": "1531815126.000098",
        "reply_count": 3,
        "replies": [
            {
                "user": "UBDN8T42G",
                "ts": "1531815163.000156"
            },
            {
                "user": "UBF0XKTP1",
                "ts": "1531815184.000172"
            },
            {
                "user": "UBF0XHZD5",
                "ts": "1531815252.000099"
            }
        ],
        "unread_count": 3,
        "ts": "1531815126.000098",
        "reactions": [
            {
                "name": "+1",
                "users": [
                    "UBDN8T42G",
                    "UBDRWK8SX",
                    "UBDRWADQB",
                    "U9UFEBXGF",
                    "UBELL5EF5",
                    "UBDRWRE3D",
                    "UBDN90RJQ",
                    "U9SN17L0M"
                ],
                "count": 8
            },
            {
                "name": "clap",
                "users": [
                    "UBDN8UG4C",
                    "U9UFEBXGF",
                    "U9SN17L0M"
                ],
                "count": 3
            },
            {
                "name": "smiling_imp",
                "users": [
                    "UBELL5EF5",
                    "U9SN17L0M"
                ],
                "count": 2
            },
            {
                "name": "blue_heart",
                "users": [
                    "U9SN17L0M",
                    "UBDN9579S"
                ],
                "count": 2
            }
        ]
    },
    {
        "type": "message",
        "user": "UBDN8T42G",
        "text": "감사합니다 은디님..ㅠㅠ",
        "client_msg_id": "ab49839e-43ca-4e5d-b53b-87d74e28d9bf",
        "thread_ts": "1531815126.000098",
        "parent_user_id": "UBD8GMVNC",
        "ts": "1531815163.000156"
    },
    {
        "type": "message",
        "user": "UBF0XKTP1",
        "text": "(--) (__) 꾸벅",
        "client_msg_id": "79d5f5ce-ac17-401c-95da-3375265c5bc0",
        "thread_ts": "1531815126.000098",
        "parent_user_id": "UBD8GMVNC",
        "ts": "1531815184.000172"
    },
    {
        "type": "message",
        "user": "UBF0XHZD5",
        "text": "(--)(__)",
        "client_msg_id": "9b52445d-a48a-4dc9-9ee6-a05199094c7b",
        "thread_ts": "1531815126.000098",
        "parent_user_id": "UBD8GMVNC",
        "ts": "1531815252.000099"
    },
    {
        "type": "message",
        "user": "UBELL5EF5",
        "text": "안녕하세요 여러분, 목요일 오전 수업 자료를 공유합니다. HTML에서 원하는 정보를 더 간편하게 뽑아낼 수 있는 방법을 배워보고 뽑아낸 데이터를 판다스 DataFrame에 담는 실습을 할 계획입니다.\n\n<https:\/\/docs.google.com\/document\/d\/1Df7Sn51clS2lXoopleNwfomeMVH01ZuRKCF7_YjHZ-4\/edit#>",
        "client_msg_id": "7229b366-75e0-4621-8090-9fc103ac3e4d",
        "ts": "1531840611.000381",
        "reactions": [
            {
                "name": "grinning",
                "users": [
                    "UBDUUV802",
                    "U9SN17L0M",
                    "UBF1K97FH",
                    "UBDRWK8SX",
                    "UBD8GMVNC",
                    "UBDCWMFND",
                    "UBDUU7X7U",
                    "UBDCWPPNV",
                    "UBDRWADQB",
                    "UBDN90RJQ"
                ],
                "count": 10
            },
            {
                "name": "+1::skin-tone-3",
                "users": [
                    "UBF0XHZD5",
                    "U9SN17L0M"
                ],
                "count": 2
            }
        ]
    },
    {
        "type": "message",
        "user": "U9SN17L0M",
        "text": "<@UBDUVKQAE> <@UBF1K97FH> <@UBDUUV802> <@UBDRVLD1R> \n<https:\/\/github.com\/dataitgirls2\/10minutes2pandas\/blob\/master\/index.ipynb>\n어제 C조에서 마지막으로 정리해주신 노트북 내용입니다. :blue_heart: 데잇걸즈의 `집단지성` 너무 멋져요 :heart_eyes:\n가드닝을 다음주까지 돌면 외부에 공개할만한 번역본이 될것 같아요. 함께 작업해 주신 분들 너무 감사해요!\n계속 잘 가꿔봐요!\n\n다음조(<@UBF0XHZD5><@UBES3FHT8><@UBDRWBNRZ><@UBDN8UG4C>)에서 정리하실 때는 저 파일을 받아서 로컬에서 작업하시고 다시 올릴 때는 풀리퀘로 보내지 마시고 upstream 으로 바로 push 해 주세요. 그래야지 컨플릭 지옥에서 벗어나실 수가 있어요. 내일 다시 알려드릴게요.",
        "client_msg_id": "9c40fea0-a292-492e-9432-d458e2848d4f",
        "attachments": [
            {
                "fallback": "[dataitgirls2\/10minutes2pandas] index.ipynb",
                "text": "```\n{\n \"cells\": [\n  {\n   \"cell_type\": \"markdown\",\n   \"metadata\": {\n    \"colab_type\": \"text\",\n    \"id\": \"_SA4MsmkCMEL\"\n   },\n   \"source\": [\n    \"# Pandas 10분 완성\"\n   ]\n  },\n  {\n   \"cell_type\": \"markdown\",\n   \"metadata\": {\n    \"colab_type\": \"text\",\n    \"id\": \"6vTEdOiaLNf5\"\n   },\n   \"source\": [\n    \"이 소개서는 주로 신규 사용자를 대상으로 한 판다스에 대한 간략한 소개입니다. 더 복잡한 방법은 [Cookbook](<https:\/\/pandas.pydata.org\/pandas-docs\/stable\/cookbook.html#cookbook>) 에서 볼 수 있습니다.\\n\",\n    \"\\n\",\n    \"\\n\",\n    \"일반적으로 다음과 같이 가져옵니다.\"\n   ]\n  },\n  {\n   \"cell_type\": \"code\",\n   \"execution_count\": 1,\n   \"metadata\": {\n    \"colab\": {\n     \"autoexec\": {\n      \"startup\": false,\n      \"wait_interval\": 0\n     }\n    },\n    \"colab_type\": \"code\",\n    \"id\": \"u8AvydKWLNf6\"\n   },\n   \"outputs\": [],\n   \"source\": [\n    \"import pandas as pd\"\n   ]\n  },\n  {\n   \"cell_type\": \"code\",\n   \"execution_count\": 2,\n   \"metadata\": {\n    \"colab\": {\n     \"autoexec\": {\n      \"startup\": false,\n      \"wait_interval\": 0\n     }\n    },\n    \"colab_type\": \"code\",\n    \"id\": \"gt_2tMD2LNf9\"\n   },\n   \"outputs\": [],\n   \"source\": [\n    \"import numpy as np\"\n   ]\n  },\n  {\n   \"cell_type\": \"code\",\n   \"execution_count\": 3,\n   \"metadata\": {\n    \"colab\": {\n     \"autoexec\": {\n      \"startup\": false,\n      \"wait_interval\": 0\n     }\n    },\n    \"colab_type\": \"code\",\n    \"id\": \"y6Eq4MTnLNf_\"\n   },\n   \"outputs\": [],\n   \"source\": [\n    \"import matplotlib.pyplot as plt\"\n   ]\n  },\n  {\n   \"cell_type\": \"markdown\",\n   \"metadata\": {\n    \"colab_type\": \"text\",\n    \"id\": \"X9rrAHzu2Vab\"\n   },\n   \"source\": [\n    \"# Object Creation (객체 생성)\"\n   ]\n  },\n  {\n   \"cell_type\": \"markdown\",\n   \"metadata\": {\n    \"colab_type\": \"text\",\n    \"id\": \"5hgd3fkZ3DKl\"\n   },\n   \"source\": [\n    \"[데이터 구조 소개 섹션](<https:\/\/pandas.pydata.org\/pandas-docs\/stable\/dsintro.html#dsintro>)을 참조하십시오.\\n\",\n    \"\\n\",\n    \"판다스는 값을 가지고 있는 리스트를 통해 [시리즈](<https:\/\/pandas.pydata.org\/pandas-docs\/stable\/generated\/pandas.Series.html#pandas.Series>)를 만들고, 인덱스를 기본값으로 불러올 것입니다.\"\n   ]\n  },\n  {\n   \"cell_type\": \"code\",\n   \"execution_count\": 4,\n   \"metadata\": {\n    \"colab\": {\n     \"autoexec\": {\n      \"startup\": false,\n      \"wait_interval\": 0\n     }\n    },\n    \"colab_type\": \"code\",\n    \"id\": \"qg9Rcvn83IIA\"\n   },\n   \"outputs\": [],\n   \"source\": [\n    \"s = pd.Series([1,3,5,np.nan,6,8])\"\n   ]\n  },\n  {\n   \"cell_type\": \"code\",\n   \"execution_count\": 5,\n   \"metadata\": {\n    \"colab\": {\n     \"autoexec\": {\n      \"startup\": false,\n      \"wait_interval\": 0\n     },\n     \"base_uri\": \"<https:\/\/localhost:8080\/>\",\n     \"height\": 139\n    },\n    \"colab_type\": \"code\",\n    \"executionInfo\": {\n     \"elapsed\": 1772,\n     \"status\": \"ok\",\n     \"timestamp\": 1531893254599,\n     \"user\": {\n      \"displayName\": \"Joeun Park\",\n      \"photoUrl\": \"\/\/lh6.googleusercontent.com\/-JYBWhNoobh0\/AAAAAAAAAAI\/AAAAAAAADIs\/8dW1MgKePR0\/s50-c-k-no\/photo.jpg\",\n      \"userId\": \"106458198567018177580\"\n     },\n     \"user_tz\": -540\n    },\n    \"id\": \"ulVQdi2w3J98\",\n    \"outputId\": \"332b143e-b5ae-432d-c52a-799932cf497f\"\n   },\n   \"outputs\": [\n    {\n     \"data\": {\n      \"text\/plain\": [\n       \"0    1.0\\n\",\n       \"1    3.0\\n\",\n       \"2    5.0\\n\",\n       \"3    NaN\\n\",\n       \"4    6.0\\n\",\n       \"5    8.0\\n\",\n       \"dtype: float64\"\n      ]\n     },\n     \"execution_count\": 5,\n     \"metadata\": {},\n     \"output_type\": \"execute_result\"\n    }\n   ],\n   \"source\": [\n    \"s\"\n   ]\n  },\n  {\n   \"cell_type\": \"markdown\",\n   \"metadata\": {\n    \"colab_type\": \"text\",\n    \"id\": \"lea8Y7Rq3tWL\"\n   },\n   \"source\": [\n    \"datetime 인덱스와 레이블이 있는 열이있는 NumPy 배열을 전달하여 데이터 프레임 만들기 :\"\n   ]\n  },\n  {\n   \"cell_type\": \"code\",\n   \"execution_count\": 6,\n   \"metadata\": {\n    \"colab\": {\n     \"autoexec\": {\n      \"startup\": false,\n      \"wait_interval\": 0\n     }\n    },\n    \"colab_type\": \"code\",\n    \"id\": \"Cj4sCmrH3R71\"\n   },\n   \"outputs\": [],\n   \"source\": [\n    \"dates = pd.date_range('20130101', periods=6)\"\n   ]\n  },\n  {\n   \"cell_type\": \"code\",\n   \"execution_count\": 7,\n   \"metadata\": {\n    \"colab\": {\n     \"autoexec\": {\n      \"startup\": false,\n      \"wait_interval\": 0\n     },\n     \"base_uri\": \"<https:\/\/localhost:8080\/>\",\n     \"height\": 69\n    },\n    \"colab_type\": \"code\",\n    \"executionInfo\": {\n     \"elapsed\": 1239,\n     \"status\": \"ok\",\n     \"timestamp\": 1531893262592,\n     \"user\": {\n      \"displayName\": \"Joeun Park\",\n      \"photoUrl\": \"\/\/lh6.googleusercontent.com\/-JYBWhNoobh0\/AAAAAAAAAAI\/AAAAAAAADIs\/8dW1MgKePR0\/s50-c-k-no\/photo.jpg\",\n      \"userId\": \"106458198567018177580\"\n     },\n     \"user_tz\": -540\n    },\n    \"id\": \"yM54opp63Sfg\",\n    \"outputId\": \"2bdc3403-6281-4d6c-bf81-b9f46b29793d\"\n   },\n   \"outputs\": [\n    {\n     \"data\": {\n      \"text\/plain\": [\n       \"DatetimeIndex(['2013-01-01', '2013-01-02', '2013-01-03', '2013-01-04',\\n\",\n       \"               '2013-01-05', '2013-01-06'],\\n\",\n       \"              dtype='datetime64[ns]', freq='D')\"\n      ]\n     },\n     \"execution_count\": 7,\n     \"metadata\": {},\n     \"output_type\": \"execute_result\"\n    }\n   ],\n   \"source\": [\n    \"dates\"\n   ]\n  },\n  {\n   \"cell_type\": \"code\",\n   \"execution_count\": 8,\n   \"metadata\": {\n    \"colab\": {\n     \"autoexec\": {\n      \"startup\": false,\n      \"wait_interval\": 0\n     }\n    },\n    \"colab_type\": \"code\",\n    \"id\": \"YQCGP5R43XVT\"\n   },\n   \"outputs\": [],\n   \"source\": [\n    \"df = pd.DataFrame(np.random.randn(6,4), index=dates, columns=list('ABCD'))\"\n   ]\n  },\n  {\n   \"cell_type\": \"code\",\n   \"execution_count\": 9,\n   \"metadata\": {\n    \"colab\": {\n     \"autoexec\": {\n      \"startup\": false,\n      \"wait_interval\": 0\n     },\n     \"base_uri\": \"<https:\/\/localhost:8080\/>\",\n     \"height\": 233\n    },\n    \"colab_type\": \"code\",\n    \"executionInfo\": {\n     \"elapsed\": 1128,\n     \"status\": \"ok\",\n     \"timestamp\": 1531893291571,\n     \"user\": {\n      \"displayName\": \"Joeun Park\",\n      \"photoUrl\": \"\/\/lh6.googleusercontent.com\/-JYBWhNoobh0\/AAAAAAAAAAI\/AAAAAAAADIs\/8dW1MgKePR0\/s50-c-k-no\/photo.jpg\",\n      \"userId\": \"106458198567018177580\"\n     },\n     \"user_tz\": -540\n    },\n    \"id\": \"fkU_8Hwg3ZTg\",\n    \"outputId\": \"1fbcbbc4-dae2-46db-fba8-4023dc733680\"\n   },\n   \"outputs\": [\n    {\n     \"data\": {\n      \"text\/html\": [\n       \"&lt;div&gt;\\n\",\n       \"&lt;style scoped&gt;\\n\",\n       \"    .dataframe tbody tr th:only-of-type {\\n\",\n       \"        vertical-align: middle;\\n\",\n       \"    }\\n\",\n       \"\\n\",\n       \"    .dataframe tbody tr th {\\n\",\n       \"        vertical-align: top;\\n\",\n       \"    }\\n\",\n       \"\\n\",\n       \"    .dataframe thead th {\\n\",\n       \"        text-align: right;\\n\",\n       \"    }\\n\",\n       \"&lt;\/style&gt;\\n\",\n       \"&lt;table border=\\\"1\\\" class=\\\"dataframe\\\"&gt;\\n\",\n       \"  &lt;thead&gt;\\n\",\n       \"    &lt;tr style=\\\"text-align: right;\\\"&gt;\\n\",\n       \"      &lt;th&gt;&lt;\/th&gt;\\n\",\n       \"      &lt;th&gt;A&lt;\/th&gt;\\n\",\n       \"      &lt;th&gt;B&lt;\/th&gt;\\n\",\n       \"      &lt;th&gt;C&lt;\/th&gt;\\n\",\n       \"      &lt;th&gt;D&lt;\/th&gt;\\n\",\n       \"    &lt;\/tr&gt;\\n\",\n       \"  &lt;\/thead&gt;\\n\",\n       \"  &lt;tbody&gt;\\n\",\n       \"    &lt;tr&gt;\\n\",\n       \"      &lt;th&gt;2013-01-01&lt;\/th&gt;\\n\",\n       \"      &lt;td&gt;-0.977069&lt;\/td&gt;\\n\",\n       \"      &lt;td&gt;0.024544&lt;\/td&gt;\\n\",\n       \"      &lt;td&gt;0.294390&lt;\/td&gt;\\n\",\n       \"      &lt;td&gt;-1.336758&lt;\/td&gt;\\n\",\n       \"    &lt;\/tr&gt;\\n\",\n       \"    &lt;tr&gt;\\n\",\n       \"      &lt;th&gt;2013-01-02&lt;\/th&gt;\\n\",\n       \"      &lt;td&gt;1.759066&lt;\/td&gt;\\n\",\n       \"      &lt;td&gt;0.758942&lt;\/td&gt;\\n\",\n       \"      &lt;td&gt;0.219154&lt;\/td&gt;\\n\",\n       \"      &lt;td&gt;-0.636768&lt;\/td&gt;\\n\",\n       \"    &lt;\/tr&gt;\\n\",\n       \"    &lt;tr&gt;\\n\",\n       \"      &lt;th&gt;2013-01-03&lt;\/th&gt;\\n\",\n       \"      &lt;td&gt;0.477230&lt;\/td&gt;\\n\",\n       \"      &lt;td&gt;0.297843&lt;\/td&gt;\\n\",\n       \"      &lt;td&gt;0.296030&lt;\/td&gt;\\n\",\n       \"      &lt;td&gt;-0.039864&lt;\/td&gt;\\n\",\n       \"    &lt;\/tr&gt;\\n\",\n       \"    &lt;tr&gt;\\n\",\n       \"      &lt;th&gt;2013-01-04&lt;\/th&gt;\\n\",\n       \"      &lt;td&gt;-0.040605&lt;\/td&gt;\\n\",\n       \"      &lt;td&gt;-0.038518&lt;\/td&gt;\\n\",\n       \"      &lt;td&gt;0.205950&lt;\/td&gt;\\n\",\n       \"      &lt;td&…",
                "title": "index.ipynb",
                "footer": "<https:\/\/github.com\/dataitgirls2\/10minutes2pandas|dataitgirls2\/10minutes2pandas>",
                "id": 1,
                "title_link": "https:\/\/github.com\/dataitgirls2\/10minutes2pandas\/blob\/master\/index.ipynb",
                "footer_icon": "https:\/\/assets-cdn.github.com\/favicon.ico",
                "color": "24292f",
                "mrkdwn_in": [
                    "text"
                ],
                "bot_id": "BBNDHKJQ3",
                "app_unfurl_url": "https:\/\/github.com\/dataitgirls2\/10minutes2pandas\/blob\/master\/index.ipynb",
                "is_app_unfurl": true
            }
        ],
        "thread_ts": "1531894498.000184",
        "reply_count": 2,
        "replies": [
            {
                "user": "UBF0XHZD5",
                "ts": "1531894580.000186"
            },
            {
                "user": "UBDN8UG4C",
                "ts": "1531904055.000104"
            }
        ],
        "unread_count": 2,
        "ts": "1531894498.000184",
        "reactions": [
            {
                "name": "clap",
                "users": [
                    "UBELL5EF5",
                    "UA4EGE85S",
                    "U9UFEBXGF",
                    "UBDUUV802",
                    "UBDRWBNRZ"
                ],
                "count": 5
            }
        ]
    },
    {
        "type": "message",
        "user": "UBF0XHZD5",
        "text": "컨플릭 지옥 ㅋㅋㅋ네네 :blue_heart:",
        "client_msg_id": "2c9baa9b-3710-42f1-86ba-06ea6dd87ac5",
        "thread_ts": "1531894498.000184",
        "parent_user_id": "U9SN17L0M",
        "ts": "1531894580.000186",
        "reactions": [
            {
                "name": "joy",
                "users": [
                    "U9SN17L0M",
                    "UBDRVLD1R",
                    "UBDN8UG4C"
                ],
                "count": 3
            }
        ]
    }
]