[
    {
        "type": "message",
        "user": "UBDN8T42G",
        "text": "!conda install -c conda-forge folium -y",
        "client_msg_id": "e7a78446-afae-4bbe-a1bd-01e605555dd3",
        "ts": "1533540048.000096"
    },
    {
        "type": "message",
        "user": "UBDN8T42G",
        "text": "processing [y]n 나오시면 이거 치면 물어보지 않고 바로 설치됩니다",
        "client_msg_id": "5ccc0bba-f29c-4f7c-8df0-b6a059eda1c8",
        "ts": "1533540071.000162"
    },
    {
        "type": "message",
        "user": "UBDN8UG4C",
        "text": "여러분 잠시만용",
        "client_msg_id": "70b5e1ac-ebc5-42d3-be1b-534ca4440f8d",
        "ts": "1533542571.000293"
    },
    {
        "type": "message",
        "user": "UBDN8UG4C",
        "text": "공시사항있어요!!!!",
        "client_msg_id": "1f7dbf82-70db-4229-beef-ba3efafefdc0",
        "ts": "1533542575.000196"
    },
    {
        "type": "message",
        "user": "UBDN8UG4C",
        "text": "으어어ㅓㅓ 가지마세요",
        "client_msg_id": "110d7017-e716-4855-9761-16ded39c0d1b",
        "ts": "1533542578.000189",
        "reactions": [
            {
                "name": "interrobang",
                "users": [
                    "UBF0XFP7Z",
                    "UBE3NCBKP",
                    "UBELL5EF5"
                ],
                "count": 3
            }
        ]
    },
    {
        "type": "message",
        "user": "UBF1K97FH",
        "text": ":dait_love:",
        "client_msg_id": "0a14c197-22a5-4e71-8fdc-df0bd9d71d69",
        "thread_ts": "1533544495.000222",
        "reply_count": 2,
        "replies": [
            {
                "user": "UBE3NCBKP",
                "ts": "1533544536.000147"
            },
            {
                "user": "UBDUVKQAE",
                "ts": "1533546812.000117"
            }
        ],
        "unread_count": 2,
        "ts": "1533544495.000222",
        "reactions": [
            {
                "name": "dait_happy",
                "users": [
                    "UBE3NCBKP",
                    "UBDRWK8SX",
                    "UBD8GMVNC",
                    "UBDCWMFND",
                    "U9TKQU99V",
                    "UBDN8T42G"
                ],
                "count": 6
            },
            {
                "name": "dait_love",
                "users": [
                    "UBF0XFP7Z",
                    "UBE3NCBKP",
                    "UBDRWK8SX",
                    "UBD8GMVNC",
                    "UBDCWMFND",
                    "UBDN8T42G",
                    "UBDRWRE3D"
                ],
                "count": 7
            }
        ]
    },
    {
        "type": "message",
        "user": "UBF1K97FH",
        "text": "데조의 사랑+자랑",
        "client_msg_id": "9d57a6a9-0c6b-49b7-b840-a8a3dea75c8b",
        "ts": "1533544501.000002"
    },
    {
        "type": "message",
        "user": "UBE3NCBKP",
        "text": "ㅋㅋㅋㅋㅋㅋㅋㅋㅋㅋㅋㅋㅋㅋㅋㅋㅋㅋㅋㅋㅋㅋㅋㅋㅋㅋ:+1:",
        "client_msg_id": "b8d28441-aa36-4cf4-be13-102edb7c7804",
        "thread_ts": "1533544495.000222",
        "parent_user_id": "UBF1K97FH",
        "ts": "1533544536.000147"
    },
    {
        "type": "message",
        "user": "UBF1K97FH",
        "text": ":dait: 이게 더 웃겨용",
        "client_msg_id": "7fa30eaf-18ad-407f-9007-2b004f625138",
        "ts": "1533544570.000188",
        "reactions": [
            {
                "name": "+1",
                "users": [
                    "UBE3NCBKP",
                    "UBF0XFP7Z",
                    "UBDN8T42G",
                    "UBELL5EF5"
                ],
                "count": 4
            }
        ]
    },
    {
        "type": "message",
        "user": "UBF0XFP7Z",
        "text": ":dait:",
        "client_msg_id": "4545428c-772d-4a01-aecf-459f071bc149",
        "ts": "1533544650.000039"
    },
    {
        "type": "message",
        "user": "UBF1K97FH",
        "text": ":hero:",
        "client_msg_id": "2d78a085-c1d7-42f4-acc5-506727b1d51f",
        "ts": "1533544797.000048",
        "reactions": [
            {
                "name": "hero",
                "users": [
                    "UBF0XFP7Z",
                    "UBD8GMVNC",
                    "U9TKQU99V",
                    "UBE3NCBKP",
                    "UBELL5EF5",
                    "UBDCWPPNV",
                    "UBDRWK8SX",
                    "UBDRWADQB",
                    "UBDUVKQAE",
                    "UBDRWRE3D",
                    "UBDUU48UA"
                ],
                "count": 11
            },
            {
                "name": "dait_love",
                "users": [
                    "UBF0XFP7Z",
                    "UBD8GMVNC",
                    "UBE3NCBKP",
                    "U9TKQU99V",
                    "UBDCWPPNV",
                    "UAMPGHJRJ",
                    "UBDCWMFND",
                    "UBDUU48UA"
                ],
                "count": 8
            },
            {
                "name": "dait",
                "users": [
                    "UBF0XFP7Z",
                    "UBD8GMVNC",
                    "UBE3NCBKP",
                    "U9TKQU99V",
                    "UBDCWPPNV",
                    "UAMPGHJRJ"
                ],
                "count": 6
            }
        ]
    },
    {
        "type": "message",
        "user": "UBF1K97FH",
        "text": "영웅님 저 비싼 뒤자이너예요",
        "client_msg_id": "b10f7bcd-7490-4817-b904-4ee0782a9203",
        "ts": "1533544810.000224"
    },
    {
        "type": "message",
        "user": "UBDN8T42G",
        "text": "앜ㅋㅋㅋㅋㅋㅋㅋㅋㅋㅋㅋㅋ",
        "client_msg_id": "6B386AC5-6E00-4A38-A3A9-D7BB1DB72CA2",
        "ts": "1533545279.000259"
    },
    {
        "type": "message",
        "user": "UBDN8T42G",
        "text": "이걸 이제보다니 :joy:",
        "client_msg_id": "17EF2A49-3930-4E01-9044-CD5E21C5BAA0",
        "ts": "1533545288.000375"
    },
    {
        "type": "message",
        "user": "U9TKQU99V",
        "text": "여러분~ 통계스터디 하실 분들 여기에 다시 댓글 달아주세요~ \n<@UAMSPH7KM> 님과 시간과 장소 맞춰볼게요 :slightly_smiling_face:",
        "client_msg_id": "d9968122-1d51-48ad-aa63-583d9ea66fae",
        "thread_ts": "1533545398.000125",
        "reply_count": 9,
        "replies": [
            {
                "user": "UBD8GHGBA",
                "ts": "1533545517.000095"
            },
            {
                "user": "UBDUVKQAE",
                "ts": "1533546838.000018"
            },
            {
                "user": "UBDCWPPNV",
                "ts": "1533547874.000238"
            },
            {
                "user": "UBDRWBNRZ",
                "ts": "1533550843.000116"
            },
            {
                "user": "UBDUU7X7U",
                "ts": "1533557972.000267"
            },
            {
                "user": "UBDUUHX4J",
                "ts": "1533566344.000090"
            },
            {
                "user": "UBDUUHX4J",
                "ts": "1533566357.000033"
            },
            {
                "user": "UBDUUV802",
                "ts": "1533567223.000167"
            },
            {
                "user": "UBDRVLD1R",
                "ts": "1533607206.000218"
            }
        ],
        "unread_count": 9,
        "ts": "1533545398.000125",
        "reactions": [
            {
                "name": "clap",
                "users": [
                    "UAMSPH7KM",
                    "UBELL5EF5",
                    "UBDUUV802"
                ],
                "count": 3
            }
        ]
    },
    {
        "type": "message",
        "user": "UBD8GHGBA",
        "text": ":woman-raising-hand::skin-tone-2:",
        "client_msg_id": "90dd0fe9-60bf-4422-b3ef-7d05f70aa2a7",
        "thread_ts": "1533545398.000125",
        "parent_user_id": "U9TKQU99V",
        "ts": "1533545517.000095"
    },
    {
        "type": "message",
        "user": "UBD8GMVNC",
        "text": "밖에 비와요ㅜㅜ",
        "client_msg_id": "e4dc20e5-1101-480c-b49d-18ef001046b2",
        "ts": "1533546018.000322",
        "reactions": [
            {
                "name": "umbrella_with_rain_drops",
                "users": [
                    "UBDUUV802",
                    "UBELL5EF5",
                    "UBE3NCBKP",
                    "UBF0XFP7Z"
                ],
                "count": 4
            }
        ]
    },
    {
        "type": "message",
        "user": "UBDUVKQAE",
        "text": "손으로 욕하는 줄 알았어요 ㅋㅋㅋㅋㅋㅋㅋ",
        "client_msg_id": "3df885cb-202a-4bb3-88ec-4a5bb34c11be",
        "thread_ts": "1533544495.000222",
        "parent_user_id": "UBF1K97FH",
        "ts": "1533546812.000117"
    },
    {
        "type": "message",
        "user": "UBDUVKQAE",
        "text": ":sunglasses:",
        "client_msg_id": "c6b667f2-f8d9-4b65-940b-6624fe4566b6",
        "thread_ts": "1533545398.000125",
        "parent_user_id": "U9TKQU99V",
        "ts": "1533546838.000018"
    },
    {
        "type": "message",
        "user": "U9SN17L0M",
        "text": "오늘 실습에서 다뤘던 상가(상권)정보에 프로젝트 M3에서 다루고자 하는 데이터가 대부분 들어가 있습니다. 따로 크롤링에 너무 많은 계획이나 시간을 쏟는 것보다 해당 데이터를 활용해 보시는 걸 권장합니다. <https:\/\/www.data.go.kr\/dataset\/15012005\/fileData.do>",
        "client_msg_id": "a3be8311-2708-4310-a4e9-7796574498d7",
        "attachments": [
            {
                "title": "공공데이터포털",
                "title_link": "https:\/\/www.data.go.kr\/dataset\/15012005\/fileData.do",
                "text": "국가에서 보유하고 있는 다양한 데이터를『공공데이터의 제공 및 이용 활성화에 관한 법률(제11956호)』에 따라 개방하여 국민들이 보다 쉽고 용이하게 공유•활용할 수 있도록 공공데이터(Dataset)와 Open API로 제공하는 사이트입니다.",
                "fallback": "공공데이터포털",
                "image_url": "https:\/\/www.data.go.kr\/assets\/imgs\/opengraph.png",
                "from_url": "https:\/\/www.data.go.kr\/dataset\/15012005\/fileData.do",
                "image_width": 476,
                "image_height": 250,
                "image_bytes": 176641,
                "service_icon": "https:\/\/www.data.go.kr\/assets\/favicons\/apple-icon-57x57.png",
                "service_name": "data.go.kr",
                "id": 1,
                "original_url": "https:\/\/www.data.go.kr\/dataset\/15012005\/fileData.do"
            }
        ],
        "ts": "1533547341.000188",
        "reactions": [
            {
                "name": "+1",
                "users": [
                    "UBELL5EF5",
                    "UA4EGE85S",
                    "UBDRWBNRZ",
                    "UBDN8T42G",
                    "UBF1K97FH",
                    "UBDRXTD8B"
                ],
                "count": 6
            },
            {
                "name": "clap",
                "users": [
                    "UBELL5EF5",
                    "UBDUVKQAE"
                ],
                "count": 2
            },
            {
                "name": "thumbsup_all",
                "users": [
                    "U9SN17L0M",
                    "UA4EGE85S",
                    "UBELL5EF5"
                ],
                "count": 3
            }
        ]
    },
    {
        "type": "message",
        "user": "UBDCWPPNV",
        "text": ":raised_hand_with_fingers_splayed:",
        "client_msg_id": "a5c1c6b2-bb62-4bcb-a885-22c33e8bb4cf",
        "thread_ts": "1533545398.000125",
        "parent_user_id": "U9TKQU99V",
        "ts": "1533547874.000238"
    },
    {
        "type": "message",
        "user": "UBF1K97FH",
        "text": "아름둥절:아름둥절:",
        "client_msg_id": "a2a5ee28-f81d-49b0-8e4b-1a59a24b3b7a",
        "ts": "1533548114.000168",
        "reactions": [
            {
                "name": "100",
                "users": [
                    "UBDCWMFND",
                    "UBDCWPPNV",
                    "UBDRWK8SX",
                    "U9SN17L0M",
                    "UBE3NCBKP",
                    "UA4EGE85S"
                ],
                "count": 6
            },
            {
                "name": "drooling_face",
                "users": [
                    "UBDCWMFND",
                    "U9SN17L0M"
                ],
                "count": 2
            },
            {
                "name": "hear_no_evil",
                "users": [
                    "UBDCWMFND"
                ],
                "count": 1
            }
        ]
    },
    {
        "type": "message",
        "user": "UBF1K97FH",
        "text": ":아름둥절_02:",
        "client_msg_id": "cdfca4b4-f97a-4e06-892f-68b021040db0",
        "ts": "1533548299.000011"
    },
    {
        "type": "message",
        "user": "UBF1K97FH",
        "text": "아름둥절2",
        "client_msg_id": "8247f327-16bf-4f0e-8fa6-c87e960a3dc5",
        "thread_ts": "1533549391.000276",
        "reply_count": 3,
        "replies": [
            {
                "user": "UBDRWADQB",
                "ts": "1533549856.000261"
            },
            {
                "user": "UBD8GMVNC",
                "ts": "1533550316.000027"
            },
            {
                "user": "UBDCWMFND",
                "ts": "1533550819.000029"
            }
        ],
        "unread_count": 3,
        "ts": "1533549391.000276"
    },
    {
        "type": "message",
        "user": "UBDRWADQB",
        "text": "ㅋㅋㅋㅋㅋㅋㅋㅋㅋㅋㅋㅋㅋㅋㅋㅋㅋㅋㅋㅋㅋㅋㅋㅋㅋㅋㅋㅋㅋㅋ진영님진짜최고 ㅋㅋㅋㅋㅋㅋㅋㅋㅋ",
        "client_msg_id": "b34f7a00-e1a2-4d91-8e76-5e949bb4b9ba",
        "thread_ts": "1533549391.000276",
        "parent_user_id": "UBF1K97FH",
        "ts": "1533549856.000261",
        "reactions": [
            {
                "name": "dait",
                "users": [
                    "UBF1K97FH",
                    "UBD8GMVNC"
                ],
                "count": 2
            },
            {
                "name": "아름둥절_02",
                "users": [
                    "UBDCWMFND",
                    "UBD8GMVNC",
                    "UBDCWPPNV"
                ],
                "count": 3
            }
        ]
    },
    {
        "type": "message",
        "user": "UBD8GMVNC",
        "text": "진영님 :+1:ㅋㅋㅋㅋㅋㅋㅋㅋ 진영님 카메라가 데걸에서 제일 무서워요 :scream: ",
        "client_msg_id": "77819abd-c496-491a-9271-1da5ca378769",
        "thread_ts": "1533549391.000276",
        "parent_user_id": "UBF1K97FH",
        "ts": "1533550316.000027",
        "reactions": [
            {
                "name": "hero",
                "users": [
                    "UBF1K97FH",
                    "U9TKQU99V",
                    "UBDUVKQAE"
                ],
                "count": 3
            },
            {
                "name": "dait_happy",
                "users": [
                    "UBDCWMFND",
                    "UBDUVKQAE"
                ],
                "count": 2
            }
        ]
    },
    {
        "type": "message",
        "user": "UBDCWMFND",
        "text": "ㅋㅋㅋㅋㅋㅋㅋㅋ",
        "client_msg_id": "47f1369d-f8d8-456d-acc0-ea2165be8f17",
        "thread_ts": "1533549391.000276",
        "parent_user_id": "UBF1K97FH",
        "ts": "1533550819.000029"
    },
    {
        "type": "message",
        "user": "UBDRWBNRZ",
        "text": ":i_love_you_hand_sign: ",
        "client_msg_id": "71552ab7-1122-45d8-aa73-5da444ead469",
        "thread_ts": "1533545398.000125",
        "parent_user_id": "U9TKQU99V",
        "ts": "1533550843.000116"
    },
    {
        "type": "message",
        "user": "UBDUU7X7U",
        "text": ":i_love_you_hand_sign:",
        "client_msg_id": "705ddd17-2c21-41ee-9aa1-e9dec51f6175",
        "thread_ts": "1533545398.000125",
        "parent_user_id": "U9TKQU99V",
        "ts": "1533557972.000267"
    },
    {
        "type": "message",
        "text": "업데이트 된 '데잇걸즈 일정'을 보니 17일에 마일스톤3이 끝나는데, 팀 프로젝트의 마감일이 이와 관련 있을까요? 혹시 팀플젝의 정확한 마감일을 알 수 있을런지요! :slightly_smiling_face:",
        "files": [
            {
                "id": "FC3AAQU1H",
                "created": 1533565457,
                "timestamp": 1533565457,
                "name": "image.png",
                "title": "Pasted image at 2018-08-06, 11:24 PM",
                "mimetype": "image\/png",
                "filetype": "png",
                "pretty_type": "PNG",
                "user": "UBDCWMFND",
                "editable": false,
                "size": 13542,
                "mode": "hosted",
                "is_external": false,
                "external_type": "",
                "is_public": true,
                "public_url_shared": false,
                "display_as_bot": false,
                "username": "",
                "url_private": "https:\/\/files.slack.com\/files-pri\/T9SHC5F9S-FC3AAQU1H\/image.png?t=xoxe-332590185332-430098056850-431139793783-a3ecafe0d0f66efa522a67af632228d7",
                "url_private_download": "https:\/\/files.slack.com\/files-pri\/T9SHC5F9S-FC3AAQU1H\/download\/image.png?t=xoxe-332590185332-430098056850-431139793783-a3ecafe0d0f66efa522a67af632228d7",
                "thumb_64": "https:\/\/files.slack.com\/files-tmb\/T9SHC5F9S-FC3AAQU1H-011341eb45\/image_64.png?t=xoxe-332590185332-430098056850-431139793783-a3ecafe0d0f66efa522a67af632228d7",
                "thumb_80": "https:\/\/files.slack.com\/files-tmb\/T9SHC5F9S-FC3AAQU1H-011341eb45\/image_80.png?t=xoxe-332590185332-430098056850-431139793783-a3ecafe0d0f66efa522a67af632228d7",
                "thumb_360": "https:\/\/files.slack.com\/files-tmb\/T9SHC5F9S-FC3AAQU1H-011341eb45\/image_360.png?t=xoxe-332590185332-430098056850-431139793783-a3ecafe0d0f66efa522a67af632228d7",
                "thumb_360_w": 360,
                "thumb_360_h": 38,
                "thumb_480": "https:\/\/files.slack.com\/files-tmb\/T9SHC5F9S-FC3AAQU1H-011341eb45\/image_480.png?t=xoxe-332590185332-430098056850-431139793783-a3ecafe0d0f66efa522a67af632228d7",
                "thumb_480_w": 480,
                "thumb_480_h": 51,
                "thumb_160": "https:\/\/files.slack.com\/files-tmb\/T9SHC5F9S-FC3AAQU1H-011341eb45\/image_160.png?t=xoxe-332590185332-430098056850-431139793783-a3ecafe0d0f66efa522a67af632228d7",
                "thumb_720": "https:\/\/files.slack.com\/files-tmb\/T9SHC5F9S-FC3AAQU1H-011341eb45\/image_720.png?t=xoxe-332590185332-430098056850-431139793783-a3ecafe0d0f66efa522a67af632228d7",
                "thumb_720_w": 720,
                "thumb_720_h": 77,
                "image_exif_rotation": 1,
                "original_w": 796,
                "original_h": 85,
                "permalink": "https:\/\/daitgirls.slack.com\/files\/UBDCWMFND\/FC3AAQU1H\/image.png",
                "permalink_public": "https:\/\/slack-files.com\/T9SHC5F9S-FC3AAQU1H-40c5f35c7b"
            }
        ],
        "upload": true,
        "user": "UBDCWMFND",
        "display_as_bot": false,
        "thread_ts": "1533565460.000017",
        "reply_count": 2,
        "replies": [
            {
                "user": "UBELL5EF5",
                "ts": "1533568101.000531"
            },
            {
                "user": "UBDCWMFND",
                "ts": "1533568190.000262"
            }
        ],
        "unread_count": 2,
        "ts": "1533565460.000017",
        "reactions": [
            {
                "name": "+1",
                "users": [
                    "UBELL5EF5",
                    "U9SN17L0M",
                    "U9TKQU99V",
                    "UBDUVKQAE"
                ],
                "count": 4
            }
        ]
    },
    {
        "type": "message",
        "user": "UBDUUHX4J",
        "text": "우왝 저요!!",
        "client_msg_id": "A8A2F759-B529-4F9B-8CB2-F33F397978C2",
        "thread_ts": "1533545398.000125",
        "parent_user_id": "U9TKQU99V",
        "ts": "1533566344.000090"
    },
    {
        "type": "message",
        "user": "UBDUUHX4J",
        "text": "<@UBDUUV802>  <@UBDUUV802>  <@UBDUUV802> ",
        "client_msg_id": "2D834AE8-A41A-43A8-B50B-43FBFCF05097",
        "thread_ts": "1533545398.000125",
        "parent_user_id": "U9TKQU99V",
        "ts": "1533566357.000033"
    },
    {
        "type": "message",
        "user": "UBDUUV802",
        "text": "<@UBDUUHX4J> 오오 감사합니다ㅎㅎㅎ\n:raised_hand_with_fingers_splayed: 저도요!!",
        "client_msg_id": "39dc889c-82dc-4fee-87e4-a95f4deffad4",
        "thread_ts": "1533545398.000125",
        "parent_user_id": "U9TKQU99V",
        "ts": "1533567223.000167"
    },
    {
        "type": "message",
        "user": "UBELL5EF5",
        "text": "<@UBDCWMFND> 팀프로젝트는 M4까지입니다 :slightly_smiling_face:",
        "client_msg_id": "0225d536-78f1-4cc2-82af-95e915ce6630",
        "thread_ts": "1533565460.000017",
        "parent_user_id": "UBDCWMFND",
        "ts": "1533568101.000531"
    },
    {
        "type": "message",
        "user": "UBDCWMFND",
        "text": "오잇! 그렇군요 감사합니다 ㅠㅠ",
        "client_msg_id": "9df81f33-d09c-42f0-bc17-71c36d649ea8",
        "thread_ts": "1533565460.000017",
        "parent_user_id": "UBDCWMFND",
        "ts": "1533568190.000262",
        "reactions": [
            {
                "name": "+1",
                "users": [
                    "UBELL5EF5",
                    "UBF0XHZD5",
                    "U9SN17L0M",
                    "UBDN8T42G",
                    "U9TKQU99V",
                    "UBDUVKQAE"
                ],
                "count": 6
            }
        ]
    },
    {
        "type": "message",
        "user": "UBELL5EF5",
        "text": "<!channel> 안녕하세요. 지금까지 다뤘던 내용들에 대한 이해도, 수강생분들이 생각하시는 주제별 중요성을 수집하여 이후 수업에 반영하기 위한 설문을 만들었습니다. (배로쌤께서 수고해주셨어요) <https:\/\/goo.gl\/forms\/UEzGxuCf6pJ3HL213>",
        "client_msg_id": "eef71a10-2aae-422b-b433-f6c4b2e1257d",
        "attachments": [
            {
                "service_name": "Google Docs",
                "title": "데잇걸즈2기 M2 수업 중간 피드백",
                "title_link": "https:\/\/goo.gl\/forms\/UEzGxuCf6pJ3HL213",
                "text": "데잇걸즈 2기 수업 피드백을 받습니다. 수업 개선 용도로만 사용합니다. 꼭 설문에 참여해 주세요.",
                "fallback": "Google Docs: 데잇걸즈2기 M2 수업 중간 피드백",
                "image_url": "https:\/\/lh6.googleusercontent.com\/sQb4HvJvkjaMQmRWBCyPpqN7AmWbkZbDcDevS7CutsW_2YWNDtjEm5-vbjtB5DuCV1o",
                "image_width": 333,
                "image_height": 250,
                "from_url": "https:\/\/goo.gl\/forms\/UEzGxuCf6pJ3HL213",
                "image_bytes": 47399,
                "service_icon": "http:\/\/ssl.gstatic.com\/docs\/forms\/device_home\/ios_120.png",
                "id": 1,
                "original_url": "https:\/\/goo.gl\/forms\/UEzGxuCf6pJ3HL213"
            }
        ],
        "ts": "1533603833.000161",
        "reactions": [
            {
                "name": "thumbsup_all",
                "users": [
                    "U9SN17L0M",
                    "UBDRXTD8B",
                    "UBF0XFP7Z",
                    "UBF0XHZD5",
                    "UBDRWBNRZ",
                    "UBDRWADQB",
                    "UBDRWK8SX",
                    "UBDUUV802",
                    "U9UFEBXGF",
                    "UA4EGE85S"
                ],
                "count": 10
            }
        ]
    },
    {
        "type": "message",
        "user": "U9SN17L0M",
        "text": "참고로 익명으로 수집합니다. 수업 개선을 위한 용도로만 사용되니 꼭 설문에 참여해 주세요.",
        "client_msg_id": "c8aad746-3ce1-4b7a-867d-2d8ded22ac59",
        "ts": "1533604145.000057",
        "reactions": [
            {
                "name": "+1",
                "users": [
                    "UBELL5EF5",
                    "UBF0XHZD5",
                    "UBDRWK8SX",
                    "UBF0XFP7Z",
                    "UBDUUV802",
                    "UBDN8T42G",
                    "UBDUUHX4J",
                    "UBDCWPPNV",
                    "UBDN9579S",
                    "U9UFEBXGF",
                    "UA4EGE85S",
                    "UBF1K97FH"
                ],
                "count": 12
            },
            {
                "name": "innocent",
                "users": [
                    "UBDN8UG4C"
                ],
                "count": 1
            },
            {
                "name": "heart",
                "users": [
                    "UBDRVLD1R"
                ],
                "count": 1
            }
        ]
    },
    {
        "type": "message",
        "user": "UBDRWADQB",
        "text": "<https:\/\/spoqa.github.io\/2017\/05\/22\/slackbot.html>\n\n도도포인트를 만드는 스포카에서 슬랙봇을 활용한 사례에요!",
        "client_msg_id": "f4d8bcc9-4b1b-41ee-98c5-58332b8c2b27",
        "attachments": [
            {
                "service_name": "Spoqa 기술 블로그",
                "title": "슬랙봇, 어디까지 만들어봤니?",
                "title_link": "https:\/\/spoqa.github.io\/2017\/05\/22\/slackbot.html",
                "text": "스포카의 슬랙봇 활용법 엿보기",
                "fallback": "Spoqa 기술 블로그: 슬랙봇, 어디까지 만들어봤니?",
                "from_url": "https:\/\/spoqa.github.io\/2017\/05\/22\/slackbot.html",
                "thumb_url": "https:\/\/spoqa.github.io\/images\/og-logo.png",
                "thumb_width": 200,
                "thumb_height": 200,
                "service_icon": "https:\/\/spoqa.github.io\/images\/favicon.ico",
                "id": 1,
                "original_url": "https:\/\/spoqa.github.io\/2017\/05\/22\/slackbot.html"
            }
        ],
        "ts": "1533606944.000041",
        "reactions": [
            {
                "name": "clap",
                "users": [
                    "UBDN8T42G",
                    "U9SN17L0M",
                    "U9UFEBXGF",
                    "UBDCWMFND",
                    "UAMSPH7KM",
                    "UBDRWBNRZ",
                    "UBD8GLUEL",
                    "UBELL5EF5"
                ],
                "count": 8
            }
        ]
    },
    {
        "type": "message",
        "user": "UBDRVLD1R",
        "text": ":i_love_you_hand_sign:",
        "client_msg_id": "c4e8e565-68a9-47ee-bde4-23b2a323143d",
        "thread_ts": "1533545398.000125",
        "parent_user_id": "U9TKQU99V",
        "ts": "1533607206.000218"
    },
    {
        "type": "message",
        "user": "UBDRWADQB",
        "text": "<https:\/\/github.com\/VikParuchuri\/apartment-finder>\n\n우와 아파트를 찾아주는 슬랙봇... 개발자가 보스톤이랑 샌프란시스코 있을 때 이걸로 아파트를 찾았대요 (정말..?)",
        "client_msg_id": "e84f8dab-e1e3-44ee-aeb7-263727752171",
        "attachments": [
            {
                "fallback": "VikParuchuri\/apartment-finder",
                "text": "A Slack bot that helps you find an apartment.",
                "title": "VikParuchuri\/apartment-finder",
                "footer": "<https:\/\/github.com\/VikParuchuri\/apartment-finder|VikParuchuri\/apartment-finder>",
                "id": 1,
                "footer_icon": "https:\/\/assets-cdn.github.com\/favicon.ico",
                "ts": 1458105825,
                "color": "24292f",
                "fields": [
                    {
                        "title": "Stars",
                        "value": "970",
                        "short": true
                    },
                    {
                        "title": "Language",
                        "value": "Python",
                        "short": true
                    }
                ],
                "mrkdwn_in": [
                    "text",
                    "fields"
                ],
                "bot_id": "BBNDHKJQ3",
                "app_unfurl_url": "https:\/\/github.com\/VikParuchuri\/apartment-finder",
                "is_app_unfurl": true
            }
        ],
        "ts": "1533607808.000050",
        "reactions": [
            {
                "name": "thumbsup_all",
                "users": [
                    "U9SN17L0M",
                    "UBDN90RJQ",
                    "UBDRXTD8B",
                    "UBDRWBNRZ",
                    "UBD8GLUEL",
                    "UBE3NMLCD",
                    "UBELL5EF5"
                ],
                "count": 7
            },
            {
                "name": "eyes",
                "users": [
                    "UBDN8T42G",
                    "UBD8GLUEL"
                ],
                "count": 2
            }
        ]
    },
    {
        "type": "message",
        "text": "\n",
        "files": [
            {
                "id": "FC3KL15C4",
                "created": 1533610649,
                "timestamp": 1533610649,
                "name": "Image from iOS.jpg",
                "title": "쪼끄매 귀여워:relaxed:",
                "mimetype": "image\/jpeg",
                "filetype": "jpg",
                "pretty_type": "JPEG",
                "user": "UBDRVLD1R",
                "editable": false,
                "size": 3734914,
                "mode": "hosted",
                "is_external": false,
                "external_type": "",
                "is_public": true,
                "public_url_shared": false,
                "display_as_bot": false,
                "username": "",
                "url_private": "https:\/\/files.slack.com\/files-pri\/T9SHC5F9S-FC3KL15C4\/image_from_ios.jpg?t=xoxe-332590185332-430098056850-431139793783-a3ecafe0d0f66efa522a67af632228d7",
                "url_private_download": "https:\/\/files.slack.com\/files-pri\/T9SHC5F9S-FC3KL15C4\/download\/image_from_ios.jpg?t=xoxe-332590185332-430098056850-431139793783-a3ecafe0d0f66efa522a67af632228d7",
                "thumb_64": "https:\/\/files.slack.com\/files-tmb\/T9SHC5F9S-FC3KL15C4-bc8e4f2986\/image_from_ios_64.jpg?t=xoxe-332590185332-430098056850-431139793783-a3ecafe0d0f66efa522a67af632228d7",
                "thumb_80": "https:\/\/files.slack.com\/files-tmb\/T9SHC5F9S-FC3KL15C4-bc8e4f2986\/image_from_ios_80.jpg?t=xoxe-332590185332-430098056850-431139793783-a3ecafe0d0f66efa522a67af632228d7",
                "thumb_360": "https:\/\/files.slack.com\/files-tmb\/T9SHC5F9S-FC3KL15C4-bc8e4f2986\/image_from_ios_360.jpg?t=xoxe-332590185332-430098056850-431139793783-a3ecafe0d0f66efa522a67af632228d7",
                "thumb_360_w": 270,
                "thumb_360_h": 360,
                "thumb_480": "https:\/\/files.slack.com\/files-tmb\/T9SHC5F9S-FC3KL15C4-bc8e4f2986\/image_from_ios_480.jpg?t=xoxe-332590185332-430098056850-431139793783-a3ecafe0d0f66efa522a67af632228d7",
                "thumb_480_w": 360,
                "thumb_480_h": 480,
                "thumb_160": "https:\/\/files.slack.com\/files-tmb\/T9SHC5F9S-FC3KL15C4-bc8e4f2986\/image_from_ios_160.jpg?t=xoxe-332590185332-430098056850-431139793783-a3ecafe0d0f66efa522a67af632228d7",
                "thumb_720": "https:\/\/files.slack.com\/files-tmb\/T9SHC5F9S-FC3KL15C4-bc8e4f2986\/image_from_ios_720.jpg?t=xoxe-332590185332-430098056850-431139793783-a3ecafe0d0f66efa522a67af632228d7",
                "thumb_720_w": 540,
                "thumb_720_h": 720,
                "thumb_800": "https:\/\/files.slack.com\/files-tmb\/T9SHC5F9S-FC3KL15C4-bc8e4f2986\/image_from_ios_800.jpg?t=xoxe-332590185332-430098056850-431139793783-a3ecafe0d0f66efa522a67af632228d7",
                "thumb_800_w": 800,
                "thumb_800_h": 1067,
                "thumb_960": "https:\/\/files.slack.com\/files-tmb\/T9SHC5F9S-FC3KL15C4-bc8e4f2986\/image_from_ios_960.jpg?t=xoxe-332590185332-430098056850-431139793783-a3ecafe0d0f66efa522a67af632228d7",
                "thumb_960_w": 720,
                "thumb_960_h": 960,
                "thumb_1024": "https:\/\/files.slack.com\/files-tmb\/T9SHC5F9S-FC3KL15C4-bc8e4f2986\/image_from_ios_1024.jpg?t=xoxe-332590185332-430098056850-431139793783-a3ecafe0d0f66efa522a67af632228d7",
                "thumb_1024_w": 768,
                "thumb_1024_h": 1024,
                "image_exif_rotation": 1,
                "original_w": 3024,
                "original_h": 4032,
                "permalink": "https:\/\/daitgirls.slack.com\/files\/UBDRVLD1R\/FC3KL15C4\/image_from_ios.jpg",
                "permalink_public": "https:\/\/slack-files.com\/T9SHC5F9S-FC3KL15C4-ba45d2b028"
            }
        ],
        "upload": true,
        "user": "UBDRVLD1R",
        "display_as_bot": false,
        "upload_reply_to": "192013CF-4632-4AE4-8834-B635B2C4BFBD",
        "ts": "1533610649.000146",
        "reactions": [
            {
                "name": "laughing",
                "users": [
                    "UBE3NCBKP",
                    "UBDUUV802",
                    "UBDN8T42G",
                    "UBF0XFP7Z",
                    "UBD8GLUEL",
                    "UBDRWRE3D",
                    "UBF0XHZD5",
                    "UBELL5EF5"
                ],
                "count": 8
            },
            {
                "name": "mag",
                "users": [
                    "UBDRXTD8B",
                    "UBD8GLUEL",
                    "UBF0XHZD5"
                ],
                "count": 3
            },
            {
                "name": "orange_heart",
                "users": [
                    "UBD8GLUEL",
                    "UBF0XHZD5"
                ],
                "count": 2
            }
        ]
    },
    {
        "type": "message",
        "text": "",
        "files": [
            {
                "id": "FC56TKU30",
                "created": 1533612129,
                "timestamp": 1533612129,
                "name": "20180807_122138.jpg",
                "title": "20180807_122138.jpg",
                "mimetype": "image\/jpeg",
                "filetype": "jpg",
                "pretty_type": "JPEG",
                "user": "UBDRWK8SX",
                "editable": false,
                "size": 2684493,
                "mode": "hosted",
                "is_external": false,
                "external_type": "",
                "is_public": true,
                "public_url_shared": false,
                "display_as_bot": false,
                "username": "",
                "url_private": "https:\/\/files.slack.com\/files-pri\/T9SHC5F9S-FC56TKU30\/20180807_122138.jpg?t=xoxe-332590185332-430098056850-431139793783-a3ecafe0d0f66efa522a67af632228d7",
                "url_private_download": "https:\/\/files.slack.com\/files-pri\/T9SHC5F9S-FC56TKU30\/download\/20180807_122138.jpg?t=xoxe-332590185332-430098056850-431139793783-a3ecafe0d0f66efa522a67af632228d7",
                "thumb_64": "https:\/\/files.slack.com\/files-tmb\/T9SHC5F9S-FC56TKU30-b002ed43a2\/20180807_122138_64.jpg?t=xoxe-332590185332-430098056850-431139793783-a3ecafe0d0f66efa522a67af632228d7",
                "thumb_80": "https:\/\/files.slack.com\/files-tmb\/T9SHC5F9S-FC56TKU30-b002ed43a2\/20180807_122138_80.jpg?t=xoxe-332590185332-430098056850-431139793783-a3ecafe0d0f66efa522a67af632228d7",
                "thumb_360": "https:\/\/files.slack.com\/files-tmb\/T9SHC5F9S-FC56TKU30-b002ed43a2\/20180807_122138_360.jpg?t=xoxe-332590185332-430098056850-431139793783-a3ecafe0d0f66efa522a67af632228d7",
                "thumb_360_w": 360,
                "thumb_360_h": 270,
                "thumb_480": "https:\/\/files.slack.com\/files-tmb\/T9SHC5F9S-FC56TKU30-b002ed43a2\/20180807_122138_480.jpg?t=xoxe-332590185332-430098056850-431139793783-a3ecafe0d0f66efa522a67af632228d7",
                "thumb_480_w": 480,
                "thumb_480_h": 360,
                "thumb_160": "https:\/\/files.slack.com\/files-tmb\/T9SHC5F9S-FC56TKU30-b002ed43a2\/20180807_122138_160.jpg?t=xoxe-332590185332-430098056850-431139793783-a3ecafe0d0f66efa522a67af632228d7",
                "thumb_720": "https:\/\/files.slack.com\/files-tmb\/T9SHC5F9S-FC56TKU30-b002ed43a2\/20180807_122138_720.jpg?t=xoxe-332590185332-430098056850-431139793783-a3ecafe0d0f66efa522a67af632228d7",
                "thumb_720_w": 720,
                "thumb_720_h": 540,
                "thumb_800": "https:\/\/files.slack.com\/files-tmb\/T9SHC5F9S-FC56TKU30-b002ed43a2\/20180807_122138_800.jpg?t=xoxe-332590185332-430098056850-431139793783-a3ecafe0d0f66efa522a67af632228d7",
                "thumb_800_w": 800,
                "thumb_800_h": 600,
                "thumb_960": "https:\/\/files.slack.com\/files-tmb\/T9SHC5F9S-FC56TKU30-b002ed43a2\/20180807_122138_960.jpg?t=xoxe-332590185332-430098056850-431139793783-a3ecafe0d0f66efa522a67af632228d7",
                "thumb_960_w": 960,
                "thumb_960_h": 720,
                "thumb_1024": "https:\/\/files.slack.com\/files-tmb\/T9SHC5F9S-FC56TKU30-b002ed43a2\/20180807_122138_1024.jpg?t=xoxe-332590185332-430098056850-431139793783-a3ecafe0d0f66efa522a67af632228d7",
                "thumb_1024_w": 1024,
                "thumb_1024_h": 768,
                "image_exif_rotation": 1,
                "original_w": 4032,
                "original_h": 3024,
                "permalink": "https:\/\/daitgirls.slack.com\/files\/UBDRWK8SX\/FC56TKU30\/20180807_122138.jpg",
                "permalink_public": "https:\/\/slack-files.com\/T9SHC5F9S-FC56TKU30-1cd22876e5"
            }
        ],
        "upload": true,
        "user": "UBDRWK8SX",
        "display_as_bot": false,
        "client_msg_id": "8cbc88ba-1283-420a-9f9b-278f52d4c571",
        "ts": "1533612135.000024",
        "reactions": [
            {
                "name": "i_love_you_hand_sign",
                "users": [
                    "UBE3NCBKP",
                    "UBDUUV802",
                    "UBDUU7X7U",
                    "UBELL5EF5"
                ],
                "count": 4
            }
        ]
    },
    {
        "type": "message",
        "user": "UBELL5EF5",
        "text": "<https:\/\/goo.gl\/forms\/791qKEIT8SZRK1aC2>",
        "client_msg_id": "37d8ab52-f63d-4d24-a65f-f7a7b29305e1",
        "attachments": [
            {
                "service_name": "Google Docs",
                "title": "수업 평가",
                "title_link": "https:\/\/goo.gl\/forms\/791qKEIT8SZRK1aC2",
                "text": "수업 평가는 익명으로 수집되며, 강의를 개선하기 위한 목적 이외의 어떠한 용도로도 사용하지 않습니다.",
                "fallback": "Google Docs: 수업 평가",
                "image_url": "https:\/\/lh6.googleusercontent.com\/MmUMZHRjw22SaTkCqs48B_8MyqWeFOG4eF2q_bD1HQiQLp5nDewpEmcV3WiS1Si_D0s",
                "image_width": 333,
                "image_height": 250,
                "from_url": "https:\/\/goo.gl\/forms\/791qKEIT8SZRK1aC2",
                "image_bytes": 46236,
                "service_icon": "http:\/\/ssl.gstatic.com\/docs\/forms\/device_home\/ios_120.png",
                "id": 1,
                "original_url": "https:\/\/goo.gl\/forms\/791qKEIT8SZRK1aC2"
            }
        ],
        "ts": "1533613666.000059"
    },
    {
        "type": "message",
        "text": "창업허브 1층에도 이런 지도가 있었네용ㅎㅎㅎ",
        "files": [
            {
                "id": "FC3PK88SX",
                "created": 1533616862,
                "timestamp": 1533616862,
                "name": "Image from iOS.jpg",
                "title": "Image from iOS",
                "mimetype": "image\/jpeg",
                "filetype": "jpg",
                "pretty_type": "JPEG",
                "user": "UBDN8UG4C",
                "editable": false,
                "size": 5554821,
                "mode": "hosted",
                "is_external": false,
                "external_type": "",
                "is_public": true,
                "public_url_shared": false,
                "display_as_bot": false,
                "username": "",
                "url_private": "https:\/\/files.slack.com\/files-pri\/T9SHC5F9S-FC3PK88SX\/image_from_ios.jpg?t=xoxe-332590185332-430098056850-431139793783-a3ecafe0d0f66efa522a67af632228d7",
                "url_private_download": "https:\/\/files.slack.com\/files-pri\/T9SHC5F9S-FC3PK88SX\/download\/image_from_ios.jpg?t=xoxe-332590185332-430098056850-431139793783-a3ecafe0d0f66efa522a67af632228d7",
                "thumb_64": "https:\/\/files.slack.com\/files-tmb\/T9SHC5F9S-FC3PK88SX-0229464ea3\/image_from_ios_64.jpg?t=xoxe-332590185332-430098056850-431139793783-a3ecafe0d0f66efa522a67af632228d7",
                "thumb_80": "https:\/\/files.slack.com\/files-tmb\/T9SHC5F9S-FC3PK88SX-0229464ea3\/image_from_ios_80.jpg?t=xoxe-332590185332-430098056850-431139793783-a3ecafe0d0f66efa522a67af632228d7",
                "thumb_360": "https:\/\/files.slack.com\/files-tmb\/T9SHC5F9S-FC3PK88SX-0229464ea3\/image_from_ios_360.jpg?t=xoxe-332590185332-430098056850-431139793783-a3ecafe0d0f66efa522a67af632228d7",
                "thumb_360_w": 360,
                "thumb_360_h": 270,
                "thumb_480": "https:\/\/files.slack.com\/files-tmb\/T9SHC5F9S-FC3PK88SX-0229464ea3\/image_from_ios_480.jpg?t=xoxe-332590185332-430098056850-431139793783-a3ecafe0d0f66efa522a67af632228d7",
                "thumb_480_w": 480,
                "thumb_480_h": 360,
                "thumb_160": "https:\/\/files.slack.com\/files-tmb\/T9SHC5F9S-FC3PK88SX-0229464ea3\/image_from_ios_160.jpg?t=xoxe-332590185332-430098056850-431139793783-a3ecafe0d0f66efa522a67af632228d7",
                "thumb_720": "https:\/\/files.slack.com\/files-tmb\/T9SHC5F9S-FC3PK88SX-0229464ea3\/image_from_ios_720.jpg?t=xoxe-332590185332-430098056850-431139793783-a3ecafe0d0f66efa522a67af632228d7",
                "thumb_720_w": 720,
                "thumb_720_h": 540,
                "thumb_800": "https:\/\/files.slack.com\/files-tmb\/T9SHC5F9S-FC3PK88SX-0229464ea3\/image_from_ios_800.jpg?t=xoxe-332590185332-430098056850-431139793783-a3ecafe0d0f66efa522a67af632228d7",
                "thumb_800_w": 800,
                "thumb_800_h": 600,
                "thumb_960": "https:\/\/files.slack.com\/files-tmb\/T9SHC5F9S-FC3PK88SX-0229464ea3\/image_from_ios_960.jpg?t=xoxe-332590185332-430098056850-431139793783-a3ecafe0d0f66efa522a67af632228d7",
                "thumb_960_w": 960,
                "thumb_960_h": 720,
                "thumb_1024": "https:\/\/files.slack.com\/files-tmb\/T9SHC5F9S-FC3PK88SX-0229464ea3\/image_from_ios_1024.jpg?t=xoxe-332590185332-430098056850-431139793783-a3ecafe0d0f66efa522a67af632228d7",
                "thumb_1024_w": 1024,
                "thumb_1024_h": 768,
                "image_exif_rotation": 1,
                "original_w": 4032,
                "original_h": 3024,
                "permalink": "https:\/\/daitgirls.slack.com\/files\/UBDN8UG4C\/FC3PK88SX\/image_from_ios.jpg",
                "permalink_public": "https:\/\/slack-files.com\/T9SHC5F9S-FC3PK88SX-7cb2921ea6"
            }
        ],
        "upload": true,
        "user": "UBDN8UG4C",
        "display_as_bot": false,
        "upload_reply_to": "5FA5BB66-4E0D-492F-A8CF-D041C4D3B5D0",
        "ts": "1533616871.000078",
        "reactions": [
            {
                "name": "+1",
                "users": [
                    "UA4EGE85S",
                    "UBDUUV802",
                    "UBDRWBNRZ",
                    "UBELL5EF5"
                ],
                "count": 4
            }
        ]
    },
    {
        "type": "message",
        "text": "뽀짝 동그라미...",
        "files": [
            {
                "id": "FC57NEM7Y",
                "created": 1533618544,
                "timestamp": 1533618544,
                "name": "20180807_140840.jpg",
                "title": "20180807_140840.jpg",
                "mimetype": "image\/jpeg",
                "filetype": "jpg",
                "pretty_type": "JPEG",
                "user": "UBF0XHZD5",
                "editable": false,
                "size": 1656983,
                "mode": "hosted",
                "is_external": false,
                "external_type": "",
                "is_public": true,
                "public_url_shared": false,
                "display_as_bot": false,
                "username": "",
                "url_private": "https:\/\/files.slack.com\/files-pri\/T9SHC5F9S-FC57NEM7Y\/20180807_140840.jpg?t=xoxe-332590185332-430098056850-431139793783-a3ecafe0d0f66efa522a67af632228d7",
                "url_private_download": "https:\/\/files.slack.com\/files-pri\/T9SHC5F9S-FC57NEM7Y\/download\/20180807_140840.jpg?t=xoxe-332590185332-430098056850-431139793783-a3ecafe0d0f66efa522a67af632228d7",
                "thumb_64": "https:\/\/files.slack.com\/files-tmb\/T9SHC5F9S-FC57NEM7Y-e77936b391\/20180807_140840_64.jpg?t=xoxe-332590185332-430098056850-431139793783-a3ecafe0d0f66efa522a67af632228d7",
                "thumb_80": "https:\/\/files.slack.com\/files-tmb\/T9SHC5F9S-FC57NEM7Y-e77936b391\/20180807_140840_80.jpg?t=xoxe-332590185332-430098056850-431139793783-a3ecafe0d0f66efa522a67af632228d7",
                "thumb_360": "https:\/\/files.slack.com\/files-tmb\/T9SHC5F9S-FC57NEM7Y-e77936b391\/20180807_140840_360.jpg?t=xoxe-332590185332-430098056850-431139793783-a3ecafe0d0f66efa522a67af632228d7",
                "thumb_360_w": 360,
                "thumb_360_h": 360,
                "thumb_480": "https:\/\/files.slack.com\/files-tmb\/T9SHC5F9S-FC57NEM7Y-e77936b391\/20180807_140840_480.jpg?t=xoxe-332590185332-430098056850-431139793783-a3ecafe0d0f66efa522a67af632228d7",
                "thumb_480_w": 480,
                "thumb_480_h": 480,
                "thumb_160": "https:\/\/files.slack.com\/files-tmb\/T9SHC5F9S-FC57NEM7Y-e77936b391\/20180807_140840_160.jpg?t=xoxe-332590185332-430098056850-431139793783-a3ecafe0d0f66efa522a67af632228d7",
                "thumb_720": "https:\/\/files.slack.com\/files-tmb\/T9SHC5F9S-FC57NEM7Y-e77936b391\/20180807_140840_720.jpg?t=xoxe-332590185332-430098056850-431139793783-a3ecafe0d0f66efa522a67af632228d7",
                "thumb_720_w": 720,
                "thumb_720_h": 720,
                "thumb_800": "https:\/\/files.slack.com\/files-tmb\/T9SHC5F9S-FC57NEM7Y-e77936b391\/20180807_140840_800.jpg?t=xoxe-332590185332-430098056850-431139793783-a3ecafe0d0f66efa522a67af632228d7",
                "thumb_800_w": 800,
                "thumb_800_h": 800,
                "thumb_960": "https:\/\/files.slack.com\/files-tmb\/T9SHC5F9S-FC57NEM7Y-e77936b391\/20180807_140840_960.jpg?t=xoxe-332590185332-430098056850-431139793783-a3ecafe0d0f66efa522a67af632228d7",
                "thumb_960_w": 960,
                "thumb_960_h": 960,
                "thumb_1024": "https:\/\/files.slack.com\/files-tmb\/T9SHC5F9S-FC57NEM7Y-e77936b391\/20180807_140840_1024.jpg?t=xoxe-332590185332-430098056850-431139793783-a3ecafe0d0f66efa522a67af632228d7",
                "thumb_1024_w": 1024,
                "thumb_1024_h": 1024,
                "image_exif_rotation": 1,
                "original_w": 3088,
                "original_h": 3088,
                "permalink": "https:\/\/daitgirls.slack.com\/files\/UBF0XHZD5\/FC57NEM7Y\/20180807_140840.jpg",
                "permalink_public": "https:\/\/slack-files.com\/T9SHC5F9S-FC57NEM7Y-5348b74b07"
            }
        ],
        "upload": true,
        "user": "UBF0XHZD5",
        "display_as_bot": false,
        "client_msg_id": "50606071-b92e-4219-afa0-51c274abe667",
        "ts": "1533618549.000108",
        "reactions": [
            {
                "name": "joy",
                "users": [
                    "UBE3NCBKP",
                    "UBDUUV802",
                    "UBDRWK8SX",
                    "UBELL5EF5"
                ],
                "count": 4
            },
            {
                "name": "smirk_cat",
                "users": [
                    "UBDUUHX4J",
                    "UBDRWK8SX",
                    "UBF0XFP7Z"
                ],
                "count": 3
            },
            {
                "name": "angel",
                "users": [
                    "UBDRVLD1R"
                ],
                "count": 1
            },
            {
                "name": "dait_happy",
                "users": [
                    "UBDN8UG4C"
                ],
                "count": 1
            }
        ]
    },
    {
        "type": "message",
        "user": "UBELL5EF5",
        "text": "<#CC2DJPQ01|playground> 로 오세요",
        "client_msg_id": "dd5f0138-d9e5-4d7e-9034-f4a28256b231",
        "ts": "1533621391.000205"
    },
    {
        "user": "UC4V5TYAK",
        "inviter": "UBDN8UG4C",
        "text": "<@UC4V5TYAK> has joined the channel",
        "type": "message",
        "subtype": "channel_join",
        "ts": "1533621533.000122"
    },
    {
        "type": "message",
        "user": "UBDN8UG4C",
        "text": "※★2차 파추위★모집※~!\n예상 파티 날짜: § ~ 8\/24(금) 17:00 이후◆!#\n:hotsprings:많은 지원♧부탁드립니다~~!:clubs:\n(+ C조 인원 :x:, ※자소서 :arrow_forward:\"헌신\":arrow_backward:항목:clubs:제공)",
        "client_msg_id": "831a5a16-60c5-4e40-9231-e9b4bb23bd5c",
        "ts": "1533621710.000062",
        "reactions": [
            {
                "name": "+1",
                "users": [
                    "UBES4Q6LE",
                    "UBE3NCBKP",
                    "UAMPGHJRJ",
                    "UBDN8T42G",
                    "UBDN9579S",
                    "U9SN17L0M",
                    "UBELL5EF5"
                ],
                "count": 7
            },
            {
                "name": "blue_heart",
                "users": [
                    "UBDN8T42G",
                    "U9SN17L0M",
                    "UBDN9579S"
                ],
                "count": 3
            },
            {
                "name": "thumbsup_all",
                "users": [
                    "U9SN17L0M",
                    "UBDN9579S"
                ],
                "count": 2
            },
            {
                "name": "dancer",
                "users": [
                    "U9SN17L0M",
                    "UBDN9579S"
                ],
                "count": 2
            }
        ]
    },
    {
        "type": "message",
        "user": "UBDN8T42G",
        "text": "ㅋㅋㅋㅋㅋㅋㅋㅋ",
        "client_msg_id": "c7038a19-cdf9-4ca9-a7bc-faeb902f1554",
        "ts": "1533621847.000011"
    },
    {
        "type": "message",
        "user": "UAMPGHJRJ",
        "text": "playground 채널에 초대부탁듧니당 ㅠㅠ",
        "client_msg_id": "0b3325d8-b796-4ebf-8de3-18b06faebc35",
        "thread_ts": "1533621985.000024",
        "reply_count": 1,
        "replies": [
            {
                "user": "UBDN8UG4C",
                "ts": "1533622034.000158"
            }
        ],
        "unread_count": 1,
        "ts": "1533621985.000024"
    },
    {
        "type": "message",
        "user": "UBDN8UG4C",
        "text": "띠용.. 어떻게 지우나요??ㅠㅠ",
        "client_msg_id": "25054375-654f-4589-a7c0-6f2fa6feecb7",
        "thread_ts": "1533621985.000024",
        "parent_user_id": "UAMPGHJRJ",
        "ts": "1533622034.000158"
    }
]