[
    {
        "type": "message",
        "user": "U9SN17L0M",
        "text": "<https:\/\/docs.google.com\/document\/d\/1sC7pj_I8JSswnmcMiDXVbO8FysV12woW6Uck5Uj32rU\/>\n어제 잘 귀가하셨나요? 오늘 오전 수업내용입니다. 내용이 좀 많은데 오늘 다 못 하면 월요일에 이어서 할 계획입니다. 지난 시간과 달리 미리 노트북을 공유해 놓았습니다. 데이터 전처리와 관련된 3가지 내용에 대해 노트북을 올려 놓았으며 오늘은 데이터 전처리 방법의 여러가지 접근법을 봅니다. 그리고 이 전처리 방법을 지난시간 실습했던 노트북에 각자 적용해 보는 실습을 할 예정입니다. 조심해서 오세요 :slightly_smiling_face:",
        "client_msg_id": "140f1d60-decf-4688-8e5b-d4d53d9f7fd4",
        "ts": "1535060313.000100",
        "reactions": [
            {
                "name": "thumbsup_all",
                "users": [
                    "UA4EGE85S",
                    "UBDRXTD8B",
                    "UBDRWBNRZ",
                    "UBF1K97FH",
                    "UBF0XFP7Z",
                    "UBELL5EF5",
                    "UBDRWADQB",
                    "U9TKQU99V",
                    "UBDRWK8SX",
                    "UBDN9579S"
                ],
                "count": 10
            },
            {
                "name": "fried_shrimp",
                "users": [
                    "UBDUUHX4J",
                    "UBDRWBNRZ",
                    "UBF0XFP7Z",
                    "UBELL5EF5",
                    "UBDRXTD8B",
                    "UBDRWK8SX"
                ],
                "count": 6
            }
        ]
    },
    {
        "type": "message",
        "text": "막내 안오시나요\n오늘 아침에 테이블 세팅하기로 했는데",
        "files": [
            {
                "id": "FCDR5NJ73",
                "created": 1535075504,
                "timestamp": 1535075504,
                "name": "Image from iOS.jpg",
                "title": "Image from iOS",
                "mimetype": "image\/jpeg",
                "filetype": "jpg",
                "pretty_type": "JPEG",
                "user": "UBF0XFP7Z",
                "editable": false,
                "size": 1375318,
                "mode": "hosted",
                "is_external": false,
                "external_type": "",
                "is_public": true,
                "public_url_shared": false,
                "display_as_bot": false,
                "username": "",
                "url_private": "https:\/\/files.slack.com\/files-pri\/T9SHC5F9S-FCDR5NJ73\/image_from_ios.jpg?t=xoxe-332590185332-430098056850-431139793783-a3ecafe0d0f66efa522a67af632228d7",
                "url_private_download": "https:\/\/files.slack.com\/files-pri\/T9SHC5F9S-FCDR5NJ73\/download\/image_from_ios.jpg?t=xoxe-332590185332-430098056850-431139793783-a3ecafe0d0f66efa522a67af632228d7",
                "thumb_64": "https:\/\/files.slack.com\/files-tmb\/T9SHC5F9S-FCDR5NJ73-f4c411c2de\/image_from_ios_64.jpg?t=xoxe-332590185332-430098056850-431139793783-a3ecafe0d0f66efa522a67af632228d7",
                "thumb_80": "https:\/\/files.slack.com\/files-tmb\/T9SHC5F9S-FCDR5NJ73-f4c411c2de\/image_from_ios_80.jpg?t=xoxe-332590185332-430098056850-431139793783-a3ecafe0d0f66efa522a67af632228d7",
                "thumb_360": "https:\/\/files.slack.com\/files-tmb\/T9SHC5F9S-FCDR5NJ73-f4c411c2de\/image_from_ios_360.jpg?t=xoxe-332590185332-430098056850-431139793783-a3ecafe0d0f66efa522a67af632228d7",
                "thumb_360_w": 270,
                "thumb_360_h": 360,
                "thumb_480": "https:\/\/files.slack.com\/files-tmb\/T9SHC5F9S-FCDR5NJ73-f4c411c2de\/image_from_ios_480.jpg?t=xoxe-332590185332-430098056850-431139793783-a3ecafe0d0f66efa522a67af632228d7",
                "thumb_480_w": 360,
                "thumb_480_h": 480,
                "thumb_160": "https:\/\/files.slack.com\/files-tmb\/T9SHC5F9S-FCDR5NJ73-f4c411c2de\/image_from_ios_160.jpg?t=xoxe-332590185332-430098056850-431139793783-a3ecafe0d0f66efa522a67af632228d7",
                "thumb_720": "https:\/\/files.slack.com\/files-tmb\/T9SHC5F9S-FCDR5NJ73-f4c411c2de\/image_from_ios_720.jpg?t=xoxe-332590185332-430098056850-431139793783-a3ecafe0d0f66efa522a67af632228d7",
                "thumb_720_w": 540,
                "thumb_720_h": 720,
                "thumb_800": "https:\/\/files.slack.com\/files-tmb\/T9SHC5F9S-FCDR5NJ73-f4c411c2de\/image_from_ios_800.jpg?t=xoxe-332590185332-430098056850-431139793783-a3ecafe0d0f66efa522a67af632228d7",
                "thumb_800_w": 800,
                "thumb_800_h": 1066,
                "thumb_960": "https:\/\/files.slack.com\/files-tmb\/T9SHC5F9S-FCDR5NJ73-f4c411c2de\/image_from_ios_960.jpg?t=xoxe-332590185332-430098056850-431139793783-a3ecafe0d0f66efa522a67af632228d7",
                "thumb_960_w": 720,
                "thumb_960_h": 960,
                "thumb_1024": "https:\/\/files.slack.com\/files-tmb\/T9SHC5F9S-FCDR5NJ73-f4c411c2de\/image_from_ios_1024.jpg?t=xoxe-332590185332-430098056850-431139793783-a3ecafe0d0f66efa522a67af632228d7",
                "thumb_1024_w": 768,
                "thumb_1024_h": 1024,
                "image_exif_rotation": 1,
                "original_w": 1334,
                "original_h": 1778,
                "permalink": "https:\/\/daitgirls.slack.com\/files\/UBF0XFP7Z\/FCDR5NJ73\/image_from_ios.jpg",
                "permalink_public": "https:\/\/slack-files.com\/T9SHC5F9S-FCDR5NJ73-ddffb72150"
            }
        ],
        "upload": true,
        "user": "UBF0XFP7Z",
        "display_as_bot": false,
        "upload_reply_to": "ACA7BB4E-6058-4E43-B13F-18FBB73AA6DF",
        "ts": "1535075504.000100",
        "reactions": [
            {
                "name": "joy",
                "users": [
                    "UBDUVKQAE",
                    "UBELL5EF5",
                    "UBDRWK8SX",
                    "UA4EGE85S",
                    "UBF1K97FH"
                ],
                "count": 5
            },
            {
                "name": "face_with_hand_over_mouth",
                "users": [
                    "UBELL5EF5",
                    "UBDRXTD8B",
                    "UBDUUUCMQ",
                    "UBDRWK8SX",
                    "UBDRWADQB",
                    "UA4EGE85S"
                ],
                "count": 6
            }
        ]
    },
    {
        "type": "message",
        "text": "<https:\/\/docs.google.com\/document\/d\/1SYaFiplz4ykIwHaSqrW_CQni5_odCOgwnTybrxw5KPY\/edit?usp=sharing>\n오늘 데바시에 할 이야기입니다! 제목은 \"아프리카 탄자니아에서 IT인으로 산다는 것\"이에요. 오후에 만나요~",
        "files": [
            {
                "id": "FCDR71J5P",
                "created": 1535075742,
                "timestamp": 1535075742,
                "name": "데바시_김지은",
                "title": "데바시_김지은",
                "mimetype": "application\/vnd.google-apps.document",
                "filetype": "gdoc",
                "pretty_type": "GDocs Document",
                "user": "UBDUVKQAE",
                "editable": false,
                "size": 2156,
                "mode": "external",
                "is_external": true,
                "external_type": "gdrive",
                "is_public": true,
                "public_url_shared": false,
                "display_as_bot": false,
                "username": "",
                "url_private": "https:\/\/docs.google.com\/document\/d\/1SYaFiplz4ykIwHaSqrW_CQni5_odCOgwnTybrxw5KPY\/edit?usp=sharing",
                "thumb_64": "https:\/\/files.slack.com\/files-tmb\/T9SHC5F9S-FCDR71J5P-5de68b7ba0\/____________________64.png?t=xoxe-332590185332-430098056850-431139793783-a3ecafe0d0f66efa522a67af632228d7",
                "thumb_80": "https:\/\/files.slack.com\/files-tmb\/T9SHC5F9S-FCDR71J5P-5de68b7ba0\/____________________80.png?t=xoxe-332590185332-430098056850-431139793783-a3ecafe0d0f66efa522a67af632228d7",
                "thumb_360": "https:\/\/files.slack.com\/files-tmb\/T9SHC5F9S-FCDR71J5P-5de68b7ba0\/____________________360.png?t=xoxe-332590185332-430098056850-431139793783-a3ecafe0d0f66efa522a67af632228d7",
                "thumb_360_w": 278,
                "thumb_360_h": 360,
                "thumb_480": "https:\/\/files.slack.com\/files-tmb\/T9SHC5F9S-FCDR71J5P-5de68b7ba0\/____________________480.png?t=xoxe-332590185332-430098056850-431139793783-a3ecafe0d0f66efa522a67af632228d7",
                "thumb_480_w": 371,
                "thumb_480_h": 480,
                "thumb_160": "https:\/\/files.slack.com\/files-tmb\/T9SHC5F9S-FCDR71J5P-5de68b7ba0\/____________________160.png?t=xoxe-332590185332-430098056850-431139793783-a3ecafe0d0f66efa522a67af632228d7",
                "thumb_720": "https:\/\/files.slack.com\/files-tmb\/T9SHC5F9S-FCDR71J5P-5de68b7ba0\/____________________720.png?t=xoxe-332590185332-430098056850-431139793783-a3ecafe0d0f66efa522a67af632228d7",
                "thumb_720_w": 557,
                "thumb_720_h": 720,
                "thumb_800": "https:\/\/files.slack.com\/files-tmb\/T9SHC5F9S-FCDR71J5P-5de68b7ba0\/____________________800.png?t=xoxe-332590185332-430098056850-431139793783-a3ecafe0d0f66efa522a67af632228d7",
                "thumb_800_w": 800,
                "thumb_800_h": 1035,
                "thumb_960": "https:\/\/files.slack.com\/files-tmb\/T9SHC5F9S-FCDR71J5P-5de68b7ba0\/____________________960.png?t=xoxe-332590185332-430098056850-431139793783-a3ecafe0d0f66efa522a67af632228d7",
                "thumb_960_w": 742,
                "thumb_960_h": 960,
                "thumb_1024": "https:\/\/files.slack.com\/files-tmb\/T9SHC5F9S-FCDR71J5P-5de68b7ba0\/____________________1024.png?t=xoxe-332590185332-430098056850-431139793783-a3ecafe0d0f66efa522a67af632228d7",
                "thumb_1024_w": 791,
                "thumb_1024_h": 1024,
                "image_exif_rotation": 1,
                "original_w": 800,
                "original_h": 1035,
                "permalink": "https:\/\/daitgirls.slack.com\/files\/UBDUVKQAE\/FCDR71J5P\/___________________",
                "has_rich_preview": true
            }
        ],
        "upload": false,
        "user": "UBDUVKQAE",
        "display_as_bot": false,
        "x_files": [
            "FCDR71J5P"
        ],
        "client_msg_id": "2545f643-63a8-456a-85cd-3848651e1fd4",
        "edited": {
            "user": "UBDUVKQAE",
            "ts": "1535075860.000000"
        },
        "ts": "1535075699.000100",
        "reactions": [
            {
                "name": "+1",
                "users": [
                    "UBE3NCBKP",
                    "UBELL5EF5",
                    "UBDN8UG4C",
                    "UBF0XFP7Z",
                    "UBDN9579S",
                    "UBDN8T42G",
                    "UBDRXTD8B",
                    "UBBH69509",
                    "UBDRWK8SX",
                    "U9UFEBXGF",
                    "UBDRWBNRZ",
                    "U9SN17L0M"
                ],
                "count": 12
            },
            {
                "name": "eyes",
                "users": [
                    "UBBH69509",
                    "U9UFEBXGF",
                    "UBDN9579S",
                    "UBF0XFP7Z",
                    "U9SN17L0M"
                ],
                "count": 5
            }
        ]
    },
    {
        "type": "message",
        "user": "UBF1K97FH",
        "text": "<https:\/\/sema.seoul.go.kr\/ee\/ctzAcadmy\/getDetail?acadmyEeNo=277937&amp;eeTimeType=soon>\n\n- 제가 참여하고 있는 서울미디어비엔날레 2018 전시의 아고라가 열렸습니다. 시간 되시면 1. 전시도 보고, 2. 황금손이 대체 뭐했는지 구경도 하고 3. 아고라도 참여하고 4. 오랫만에 돌담길도 걷고 많이 놀러오세요! 영어로 진행된다는 건 공공연한 비밀, 주제는 \"인공지능\"과 요새 핫한 \"diversity &amp; fairness\"입니다.\n\n- Gene Kogan (<https:\/\/vimeo.com\/232544884>) 의 tensorflow 워크샵이 있는데, 정원이 20명이예요 (토요일날 진행되는데 저 참가합니다. 하여 남은 자리는 단! 19자리!!!!)  경쟁률이 엄청 치열할 것으로 예상되는 이것은 다음주 월요일날 신청 오픈된다고 하니, 머신러닝 관심있으신 분은 :eyes: 함께 참여하시면 좋을 듯!  -&gt; 이 친구도 영어로 진행!",
        "client_msg_id": "4ddaec82-48e5-4271-8486-4bf2c7427212",
        "attachments": [
            {
                "title": "서울시립미술관",
                "title_link": "https:\/\/sema.seoul.go.kr\/ee\/ctzAcadmy\/getDetail?acadmyEeNo=277937&eeTimeType=soon",
                "text": "우리 삶을 바꾸는 마음을 가진 서울시립미술관 다양한 정보와 유용한 컨텐츠를 만나 보세요",
                "fallback": "서울시립미술관",
                "from_url": "https:\/\/sema.seoul.go.kr\/ee\/ctzAcadmy\/getDetail?acadmyEeNo=277937&eeTimeType=soon",
                "service_icon": "https:\/\/sema.seoul.go.kr\/resources\/images\/common\/bookmark.jpg",
                "service_name": "sema.seoul.go.kr",
                "id": 1,
                "original_url": "https:\/\/sema.seoul.go.kr\/ee\/ctzAcadmy\/getDetail?acadmyEeNo=277937&amp;eeTimeType=soon"
            },
            {
                "service_name": "Vimeo",
                "service_url": "https:\/\/vimeo.com\/",
                "title": "Eyeo 2017 - Gene Kogan",
                "title_link": "https:\/\/vimeo.com\/232544884",
                "author_name": "Eyeo Festival  \/\/  INSTINT",
                "author_link": "https:\/\/vimeo.com\/eyeofestival",
                "thumb_url": "https:\/\/i.vimeocdn.com\/video\/653818660_295x166.jpg",
                "thumb_width": 295,
                "thumb_height": 166,
                "text": "Gene Kogan at Eyeo 2017\n| Starving Computer Scientist |\nA tutorial on how to make no money from machine learning. Gene elaborates on the strategies one must master in order to acquire skills from the most lucrative subfield of computer science to emerge in recent years, and subsequently make the most financially suboptimal use of them possible. By concentrating your efforts on making free software for exploring applications of AI to visual art, then freely sharing your process with the public, you too can squander your earning potential in this booming field.\n\n\n@genekogan\n\n\n@eyeofestival",
                "fallback": "Vimeo Video: Eyeo 2017 - Gene Kogan",
                "video_html": "<iframe src=\"https:\/\/player.vimeo.com\/video\/232544884?autoplay=1&app_id=122963\" width=\"400\" height=\"225\" frameborder=\"0\" title=\"Eyeo 2017 - Gene Kogan\" webkitallowfullscreen mozallowfullscreen allowfullscreen><\/iframe>",
                "video_html_width": 400,
                "video_html_height": 225,
                "from_url": "https:\/\/vimeo.com\/232544884",
                "service_icon": "https:\/\/a.slack-edge.com\/bfaba\/img\/unfurl_icons\/vimeo.png",
                "id": 2,
                "original_url": "https:\/\/vimeo.com\/232544884"
            }
        ],
        "ts": "1535082496.000100",
        "reactions": [
            {
                "name": "heart_eyes",
                "users": [
                    "UBDRWADQB",
                    "UBDN8UG4C",
                    "UBDRXTD8B",
                    "UBF0XFP7Z",
                    "UBD8GHGBA",
                    "UBDRWBNRZ",
                    "UBDN9579S",
                    "UBELL5EF5",
                    "UBDUVKQAE",
                    "U9SN17L0M",
                    "UBDRWRE3D"
                ],
                "count": 11
            },
            {
                "name": "+1::skin-tone-2",
                "users": [
                    "UBDN8T42G",
                    "U9SN17L0M"
                ],
                "count": 2
            },
            {
                "name": "eyes",
                "users": [
                    "U9SN17L0M"
                ],
                "count": 1
            }
        ]
    },
    {
        "type": "message",
        "user": "U9SN17L0M",
        "text": "<https:\/\/goo.gl\/forms\/791qKEIT8SZRK1aC2> 수업피드백 부탁드려요~",
        "client_msg_id": "7d23ed23-bbc9-41e6-9771-c51b592be87c",
        "attachments": [
            {
                "service_name": "Google Docs",
                "title": "수업 평가",
                "title_link": "https:\/\/goo.gl\/forms\/791qKEIT8SZRK1aC2",
                "text": "수업 평가는 익명으로 수집되며, 강의를 개선하기 위한 목적 이외의 어떠한 용도로도 사용하지 않습니다.",
                "fallback": "Google Docs: 수업 평가",
                "image_url": "https:\/\/lh6.googleusercontent.com\/MmUMZHRjw22SaTkCqs48B_8MyqWeFOG4eF2q_bD1HQiQLp5nDewpEmcV3WiS1Si_D0s",
                "image_width": 333,
                "image_height": 250,
                "from_url": "https:\/\/goo.gl\/forms\/791qKEIT8SZRK1aC2",
                "image_bytes": 46236,
                "service_icon": "http:\/\/ssl.gstatic.com\/docs\/forms\/device_home\/ios_120.png",
                "id": 1,
                "original_url": "https:\/\/goo.gl\/forms\/791qKEIT8SZRK1aC2"
            }
        ],
        "ts": "1535082671.000100",
        "reactions": [
            {
                "name": "+1",
                "users": [
                    "UBELL5EF5",
                    "UBDUVKQAE"
                ],
                "count": 2
            }
        ]
    },
    {
        "type": "message",
        "user": "UBDUVKQAE",
        "text": "<http:\/\/www.wiset.or.kr\/main.jsp>\n위셋입니다",
        "client_msg_id": "a3d7967c-5990-4001-b9cf-3c69d251b3ee",
        "attachments": [
            {
                "title": "한국여성과학기술인지원센터 WISET",
                "title_link": "http:\/\/www.wiset.or.kr\/main.jsp",
                "text": "한국여성과학기술인지원센터 WISET 홈페이지",
                "fallback": "한국여성과학기술인지원센터 WISET",
                "from_url": "http:\/\/www.wiset.or.kr\/main.jsp",
                "service_icon": "http:\/\/www.wiset.or.kr\/favicon\/apple-icon-57x57.png",
                "service_name": "wiset.or.kr",
                "id": 1,
                "original_url": "http:\/\/www.wiset.or.kr\/main.jsp"
            }
        ],
        "ts": "1535088422.000100"
    },
    {
        "type": "message",
        "text": "다혜님 뒷모습 seems like 헤그리드",
        "files": [
            {
                "id": "FCFFZ14UF",
                "created": 1535092888,
                "timestamp": 1535092888,
                "name": "Image from iOS.jpg",
                "title": "Image from iOS",
                "mimetype": "image\/jpeg",
                "filetype": "jpg",
                "pretty_type": "JPEG",
                "user": "UBF0XFP7Z",
                "editable": false,
                "size": 4250036,
                "mode": "hosted",
                "is_external": false,
                "external_type": "",
                "is_public": true,
                "public_url_shared": false,
                "display_as_bot": false,
                "username": "",
                "url_private": "https:\/\/files.slack.com\/files-pri\/T9SHC5F9S-FCFFZ14UF\/image_from_ios.jpg?t=xoxe-332590185332-430098056850-431139793783-a3ecafe0d0f66efa522a67af632228d7",
                "url_private_download": "https:\/\/files.slack.com\/files-pri\/T9SHC5F9S-FCFFZ14UF\/download\/image_from_ios.jpg?t=xoxe-332590185332-430098056850-431139793783-a3ecafe0d0f66efa522a67af632228d7",
                "thumb_64": "https:\/\/files.slack.com\/files-tmb\/T9SHC5F9S-FCFFZ14UF-02fb9a9b14\/image_from_ios_64.jpg?t=xoxe-332590185332-430098056850-431139793783-a3ecafe0d0f66efa522a67af632228d7",
                "thumb_80": "https:\/\/files.slack.com\/files-tmb\/T9SHC5F9S-FCFFZ14UF-02fb9a9b14\/image_from_ios_80.jpg?t=xoxe-332590185332-430098056850-431139793783-a3ecafe0d0f66efa522a67af632228d7",
                "thumb_360": "https:\/\/files.slack.com\/files-tmb\/T9SHC5F9S-FCFFZ14UF-02fb9a9b14\/image_from_ios_360.jpg?t=xoxe-332590185332-430098056850-431139793783-a3ecafe0d0f66efa522a67af632228d7",
                "thumb_360_w": 360,
                "thumb_360_h": 360,
                "thumb_480": "https:\/\/files.slack.com\/files-tmb\/T9SHC5F9S-FCFFZ14UF-02fb9a9b14\/image_from_ios_480.jpg?t=xoxe-332590185332-430098056850-431139793783-a3ecafe0d0f66efa522a67af632228d7",
                "thumb_480_w": 480,
                "thumb_480_h": 480,
                "thumb_160": "https:\/\/files.slack.com\/files-tmb\/T9SHC5F9S-FCFFZ14UF-02fb9a9b14\/image_from_ios_160.jpg?t=xoxe-332590185332-430098056850-431139793783-a3ecafe0d0f66efa522a67af632228d7",
                "thumb_720": "https:\/\/files.slack.com\/files-tmb\/T9SHC5F9S-FCFFZ14UF-02fb9a9b14\/image_from_ios_720.jpg?t=xoxe-332590185332-430098056850-431139793783-a3ecafe0d0f66efa522a67af632228d7",
                "thumb_720_w": 720,
                "thumb_720_h": 720,
                "thumb_800": "https:\/\/files.slack.com\/files-tmb\/T9SHC5F9S-FCFFZ14UF-02fb9a9b14\/image_from_ios_800.jpg?t=xoxe-332590185332-430098056850-431139793783-a3ecafe0d0f66efa522a67af632228d7",
                "thumb_800_w": 800,
                "thumb_800_h": 800,
                "thumb_960": "https:\/\/files.slack.com\/files-tmb\/T9SHC5F9S-FCFFZ14UF-02fb9a9b14\/image_from_ios_960.jpg?t=xoxe-332590185332-430098056850-431139793783-a3ecafe0d0f66efa522a67af632228d7",
                "thumb_960_w": 960,
                "thumb_960_h": 960,
                "thumb_1024": "https:\/\/files.slack.com\/files-tmb\/T9SHC5F9S-FCFFZ14UF-02fb9a9b14\/image_from_ios_1024.jpg?t=xoxe-332590185332-430098056850-431139793783-a3ecafe0d0f66efa522a67af632228d7",
                "thumb_1024_w": 1024,
                "thumb_1024_h": 1024,
                "image_exif_rotation": 1,
                "original_w": 3024,
                "original_h": 3024,
                "permalink": "https:\/\/daitgirls.slack.com\/files\/UBF0XFP7Z\/FCFFZ14UF\/image_from_ios.jpg",
                "permalink_public": "https:\/\/slack-files.com\/T9SHC5F9S-FCFFZ14UF-5ff5c60331"
            }
        ],
        "upload": true,
        "user": "UBF0XFP7Z",
        "display_as_bot": false,
        "upload_reply_to": "B6651B92-A90D-43AE-BACE-97B839E2D141",
        "ts": "1535092888.000100",
        "reactions": [
            {
                "name": "+1",
                "users": [
                    "UBF1K97FH",
                    "UBDUVKQAE",
                    "UBELL5EF5",
                    "U9SN17L0M",
                    "UBDRWK8SX"
                ],
                "count": 5
            },
            {
                "name": "laughing",
                "users": [
                    "UBDN8T42G",
                    "UBELL5EF5",
                    "U9SN17L0M",
                    "UBDRWK8SX"
                ],
                "count": 4
            }
        ]
    },
    {
        "type": "message",
        "user": "UBDCWPPNV",
        "text": "ㅋㅋㅋㅋ",
        "client_msg_id": "4c7f1536-f9b3-4030-bb11-63b5e2251688",
        "ts": "1535093362.000100"
    },
    {
        "type": "message",
        "user": "UBDCWMFND",
        "text": "데바시 자료 다시 공유드립니다! 퍼스널브랜딩\n<http:\/\/www.evernote.com\/l\/AIqLpDypSP1FoZmJ6A0bfPpCKvUuUXTXits\/>",
        "client_msg_id": "d4379267-f892-4020-ac56-1a68e1637075",
        "attachments": [
            {
                "service_name": "Evernote",
                "title": "180803_데잇걸즈_진로탐색 사례공유 (조아름)",
                "title_link": "http:\/\/www.evernote.com\/l\/AIqLpDypSP1FoZmJ6A0bfPpCKvUuUXTXits\/",
                "text": "PBW 59호 조아름 (진로 공유) 자아 탐색 도구 - PB(personal branding)방법론 소개 사람의 지문이 모두 다르듯 진로 또한 정답은 없습니다. 소위, 성공한 사람들의 결과론적 이야기와 어설픈 덕담. 성공담에 마치 보편적 법칙이 담겨있다는 듯한 자기개발 콘텐츠에 피로감을 느낍니다. 제가 준비한 '이야기'는 적정한 답을 제시하는 것이 아닌 하...",
                "fallback": "Evernote: 180803_데잇걸즈_진로탐색 사례공유 (조아름)",
                "thumb_url": "https:\/\/cdn1.evernote.com\/evernote.com\/img\/social-meta\/shared-note-thumbnail.png",
                "from_url": "http:\/\/www.evernote.com\/l\/AIqLpDypSP1FoZmJ6A0bfPpCKvUuUXTXits\/",
                "thumb_width": 200,
                "thumb_height": 200,
                "service_icon": "https:\/\/www.evernote.com\/favicon.ico",
                "id": 1,
                "original_url": "http:\/\/www.evernote.com\/l\/AIqLpDypSP1FoZmJ6A0bfPpCKvUuUXTXits\/"
            }
        ],
        "ts": "1535093407.000100",
        "reactions": [
            {
                "name": "+1",
                "users": [
                    "UBDUVKQAE",
                    "UBDRVLD1R",
                    "UBELL5EF5",
                    "UBF0XFP7Z",
                    "U9UFEBXGF",
                    "UBDN9579S",
                    "UBDN8T42G",
                    "UBDRWK8SX"
                ],
                "count": 8
            },
            {
                "name": "thumbsup_all",
                "users": [
                    "UBDRVLD1R",
                    "UBELL5EF5",
                    "UBF1K97FH",
                    "UBF0XFP7Z",
                    "U9UFEBXGF",
                    "UBDN9579S",
                    "UBDN8T42G",
                    "UBDRWK8SX"
                ],
                "count": 8
            },
            {
                "name": "the_love",
                "users": [
                    "UBDRVLD1R",
                    "UBELL5EF5",
                    "UBDRXTD8B",
                    "UBF0XFP7Z",
                    "U9UFEBXGF",
                    "UBDN9579S",
                    "UBDN8T42G",
                    "UBDRWK8SX"
                ],
                "count": 8
            },
            {
                "name": "heart",
                "users": [
                    "UBDRWU3GT",
                    "UBF0XFP7Z",
                    "U9UFEBXGF",
                    "UBDN9579S",
                    "UBDN8T42G",
                    "UBDRWK8SX"
                ],
                "count": 6
            }
        ]
    },
    {
        "type": "message",
        "text": "뀨!",
        "files": [
            {
                "id": "FCEB8MLBV",
                "created": 1535093684,
                "timestamp": 1535093684,
                "name": "Image from iOS.jpg",
                "title": "Image from iOS",
                "mimetype": "image\/jpeg",
                "filetype": "jpg",
                "pretty_type": "JPEG",
                "user": "UBF0XFP7Z",
                "editable": false,
                "size": 1467027,
                "mode": "hosted",
                "is_external": false,
                "external_type": "",
                "is_public": true,
                "public_url_shared": false,
                "display_as_bot": false,
                "username": "",
                "url_private": "https:\/\/files.slack.com\/files-pri\/T9SHC5F9S-FCEB8MLBV\/image_from_ios.jpg?t=xoxe-332590185332-430098056850-431139793783-a3ecafe0d0f66efa522a67af632228d7",
                "url_private_download": "https:\/\/files.slack.com\/files-pri\/T9SHC5F9S-FCEB8MLBV\/download\/image_from_ios.jpg?t=xoxe-332590185332-430098056850-431139793783-a3ecafe0d0f66efa522a67af632228d7",
                "thumb_64": "https:\/\/files.slack.com\/files-tmb\/T9SHC5F9S-FCEB8MLBV-9643f76145\/image_from_ios_64.jpg?t=xoxe-332590185332-430098056850-431139793783-a3ecafe0d0f66efa522a67af632228d7",
                "thumb_80": "https:\/\/files.slack.com\/files-tmb\/T9SHC5F9S-FCEB8MLBV-9643f76145\/image_from_ios_80.jpg?t=xoxe-332590185332-430098056850-431139793783-a3ecafe0d0f66efa522a67af632228d7",
                "thumb_360": "https:\/\/files.slack.com\/files-tmb\/T9SHC5F9S-FCEB8MLBV-9643f76145\/image_from_ios_360.jpg?t=xoxe-332590185332-430098056850-431139793783-a3ecafe0d0f66efa522a67af632228d7",
                "thumb_360_w": 360,
                "thumb_360_h": 360,
                "thumb_480": "https:\/\/files.slack.com\/files-tmb\/T9SHC5F9S-FCEB8MLBV-9643f76145\/image_from_ios_480.jpg?t=xoxe-332590185332-430098056850-431139793783-a3ecafe0d0f66efa522a67af632228d7",
                "thumb_480_w": 480,
                "thumb_480_h": 480,
                "thumb_160": "https:\/\/files.slack.com\/files-tmb\/T9SHC5F9S-FCEB8MLBV-9643f76145\/image_from_ios_160.jpg?t=xoxe-332590185332-430098056850-431139793783-a3ecafe0d0f66efa522a67af632228d7",
                "thumb_720": "https:\/\/files.slack.com\/files-tmb\/T9SHC5F9S-FCEB8MLBV-9643f76145\/image_from_ios_720.jpg?t=xoxe-332590185332-430098056850-431139793783-a3ecafe0d0f66efa522a67af632228d7",
                "thumb_720_w": 720,
                "thumb_720_h": 720,
                "thumb_800": "https:\/\/files.slack.com\/files-tmb\/T9SHC5F9S-FCEB8MLBV-9643f76145\/image_from_ios_800.jpg?t=xoxe-332590185332-430098056850-431139793783-a3ecafe0d0f66efa522a67af632228d7",
                "thumb_800_w": 800,
                "thumb_800_h": 800,
                "thumb_960": "https:\/\/files.slack.com\/files-tmb\/T9SHC5F9S-FCEB8MLBV-9643f76145\/image_from_ios_960.jpg?t=xoxe-332590185332-430098056850-431139793783-a3ecafe0d0f66efa522a67af632228d7",
                "thumb_960_w": 960,
                "thumb_960_h": 960,
                "thumb_1024": "https:\/\/files.slack.com\/files-tmb\/T9SHC5F9S-FCEB8MLBV-9643f76145\/image_from_ios_1024.jpg?t=xoxe-332590185332-430098056850-431139793783-a3ecafe0d0f66efa522a67af632228d7",
                "thumb_1024_w": 1024,
                "thumb_1024_h": 1024,
                "image_exif_rotation": 1,
                "original_w": 1334,
                "original_h": 1334,
                "permalink": "https:\/\/daitgirls.slack.com\/files\/UBF0XFP7Z\/FCEB8MLBV\/image_from_ios.jpg",
                "permalink_public": "https:\/\/slack-files.com\/T9SHC5F9S-FCEB8MLBV-b9f217e080"
            }
        ],
        "upload": true,
        "user": "UBF0XFP7Z",
        "display_as_bot": false,
        "upload_reply_to": "FBB2AAB8-AF31-4154-BA61-2CCBE752E5A0",
        "ts": "1535093689.000100",
        "reactions": [
            {
                "name": "sunglasses",
                "users": [
                    "UBDUVKQAE",
                    "U9UFEBXGF",
                    "UBDN90RJQ",
                    "U9SN17L0M",
                    "UBDN8UG4C"
                ],
                "count": 5
            },
            {
                "name": "sob",
                "users": [
                    "UBELL5EF5",
                    "UBDN90RJQ"
                ],
                "count": 2
            },
            {
                "name": "먼산2",
                "users": [
                    "UBELL5EF5",
                    "UBDN8UG4C",
                    "UBDN90RJQ",
                    "U9SN17L0M"
                ],
                "count": 4
            },
            {
                "name": "eyes",
                "users": [
                    "UBF1K97FH",
                    "UBDN90RJQ"
                ],
                "count": 2
            }
        ]
    }
]