[
    {
        "type": "message",
        "user": "UBELL5EF5",
        "text": "<https:\/\/goo.gl\/forms\/791qKEIT8SZRK1aC2>",
        "client_msg_id": "08645985-5549-4761-a114-74583d04f584",
        "attachments": [
            {
                "service_name": "Google Docs",
                "title": "수업 평가",
                "title_link": "https:\/\/goo.gl\/forms\/791qKEIT8SZRK1aC2",
                "text": "수업 평가는 익명으로 수집되며, 강의를 개선하기 위한 목적 이외의 어떠한 용도로도 사용하지 않습니다.",
                "fallback": "Google Docs: 수업 평가",
                "image_url": "https:\/\/lh6.googleusercontent.com\/MmUMZHRjw22SaTkCqs48B_8MyqWeFOG4eF2q_bD1HQiQLp5nDewpEmcV3WiS1Si_D0s",
                "image_width": 333,
                "image_height": 250,
                "from_url": "https:\/\/goo.gl\/forms\/791qKEIT8SZRK1aC2",
                "image_bytes": 46236,
                "service_icon": "http:\/\/ssl.gstatic.com\/docs\/forms\/device_home\/ios_120.png",
                "id": 1,
                "original_url": "https:\/\/goo.gl\/forms\/791qKEIT8SZRK1aC2"
            }
        ],
        "ts": "1534751000.000100"
    },
    {
        "type": "message",
        "user": "UBELL5EF5",
        "text": "오늘도 모두들 수고하셨습니다 :)",
        "client_msg_id": "54BEE4EC-8951-46F0-8FEF-3D220761CC01",
        "thread_ts": "1534755226.000100",
        "reply_count": 4,
        "replies": [
            {
                "user": "UBDRXTD8B",
                "ts": "1534758259.000100"
            },
            {
                "user": "UBELL5EF5",
                "ts": "1534762069.000100"
            },
            {
                "user": "UBF0XFP7Z",
                "ts": "1534765255.000100"
            },
            {
                "user": "UBELL5EF5",
                "ts": "1534765947.000100"
            }
        ],
        "unread_count": 4,
        "ts": "1534755226.000100",
        "reactions": [
            {
                "name": "clap",
                "users": [
                    "UBDRVLD1R",
                    "UBDUUV802",
                    "UBDN8UG4C",
                    "UBDRWK8SX",
                    "UBE3NMLCD",
                    "UBDCWPPNV",
                    "U9SN17L0M",
                    "UBBH69509",
                    "UBDRXTD8B",
                    "UBE3NCBKP",
                    "UBDCWMFND",
                    "UBDRWU3GT",
                    "UBDRWRE3D",
                    "UBD8GHGBA",
                    "UBF0XFP7Z",
                    "UBDUU7X7U",
                    "UBDUVKQAE",
                    "UA4EGE85S",
                    "UBDRWADQB"
                ],
                "count": 19
            },
            {
                "name": "100",
                "users": [
                    "UBDRVLD1R",
                    "UBDN8UG4C",
                    "UBDRWK8SX",
                    "U9SN17L0M",
                    "UBBH69509",
                    "UBDCWMFND",
                    "UBF0XFP7Z",
                    "UA4EGE85S",
                    "UBDRWADQB"
                ],
                "count": 9
            },
            {
                "name": "star-struck",
                "users": [
                    "UBDRVLD1R",
                    "UBDN8UG4C",
                    "UBDRWK8SX",
                    "U9SN17L0M",
                    "UBBH69509",
                    "UBDCWMFND",
                    "UBF0XFP7Z",
                    "UA4EGE85S",
                    "UBDRWADQB"
                ],
                "count": 9
            }
        ]
    },
    {
        "type": "message",
        "user": "UBDRXTD8B",
        "text": "선생님 구로구 비와요:closed_umbrella:",
        "client_msg_id": "8AB18379-DCEB-4EA3-A0A7-CCA073B0B437",
        "thread_ts": "1534755226.000100",
        "parent_user_id": "UBELL5EF5",
        "ts": "1534758259.000100",
        "reactions": [
            {
                "name": "umbrella_with_rain_drops",
                "users": [
                    "UBELL5EF5"
                ],
                "count": 1
            }
        ]
    },
    {
        "type": "message",
        "user": "UBELL5EF5",
        "text": "잘 들어가셨어요? 저는 비 내리기 직전에 집에 도착했어요 :) ",
        "client_msg_id": "C301AE60-21B9-4126-A5E7-D92705332DB3",
        "thread_ts": "1534755226.000100",
        "parent_user_id": "UBELL5EF5",
        "ts": "1534762069.000100",
        "reactions": [
            {
                "name": "+1",
                "users": [
                    "UBDRXTD8B",
                    "UBF0XFP7Z"
                ],
                "count": 2
            }
        ]
    },
    {
        "type": "message",
        "user": "U9SN17L0M",
        "text": "내일 `오전 수업`에서는 이터레이션 회의와 팀프로젝트를 할 예정입니다.\n팀프로젝트 진행상황을 공유하고 수업시간에 팀별로 30분씩 조별로 자리를 옮겨다니며 어려운 점들을 도와드리려고 해요.\n\n`오후 수업`에서는 타이타닉으로 데이터를 전처리 해보고 머신러닝 기법을 사용해 생존자를 예측해 보도록 하겠습니다.\n\n수업계획안은 내일 수업 전에 공유해 드리겠습니다.\n내일은 아침에 오셔서 `프로젝트 조별 자리`에 앉아주세요.",
        "client_msg_id": "664e072a-8b81-46b2-b537-12664e4b26f8",
        "ts": "1534763263.000100",
        "reactions": [
            {
                "name": "blue_heart",
                "users": [
                    "U9TKQU99V",
                    "UBELL5EF5",
                    "U9UFEBXGF",
                    "UBDRXTD8B",
                    "UBDUUHX4J",
                    "UBE3NCBKP",
                    "UBDUVKQAE",
                    "UBF1K97FH",
                    "UBDRWK8SX",
                    "UA4EGE85S",
                    "UBDRWBNRZ",
                    "UBDN8T42G",
                    "UBDN9579S",
                    "UBDUUV802",
                    "UBDN8UG4C",
                    "UBDRWADQB"
                ],
                "count": 16
            },
            {
                "name": "heart",
                "users": [
                    "UBDRVLD1R",
                    "UBDUUV802",
                    "UBDRWADQB"
                ],
                "count": 3
            }
        ]
    },
    {
        "type": "message",
        "user": "UBF0XFP7Z",
        "text": "애란쌤 이제 가실때 인사는 비밀스럽게 하셔야할듯해요.. 다들 애란쌤께 질문하려고 대기타는 중",
        "client_msg_id": "8B34D3C6-CC61-4127-96E2-A0F3568D0BF6",
        "thread_ts": "1534755226.000100",
        "parent_user_id": "UBELL5EF5",
        "ts": "1534765255.000100",
        "reactions": [
            {
                "name": "grinning",
                "users": [
                    "UBELL5EF5",
                    "UBF1K97FH"
                ],
                "count": 2
            }
        ]
    },
    {
        "type": "message",
        "user": "UBELL5EF5",
        "text": "질문 많으면 신나고 좋아요 :)",
        "client_msg_id": "B9E125C7-4454-4C66-B76A-3E906245304A",
        "thread_ts": "1534755226.000100",
        "parent_user_id": "UBELL5EF5",
        "ts": "1534765947.000100",
        "reactions": [
            {
                "name": "white_check_mark",
                "users": [
                    "UBF0XFP7Z"
                ],
                "count": 1
            }
        ]
    },
    {
        "type": "message",
        "user": "UBF0XFP7Z",
        "text": "train['Age_mean'] = train['Age'].fillna(train['Age'].mean(), inplace=False)\n\n이렇게 써도 동일해요!",
        "client_msg_id": "3966f7fa-c08b-4d94-bdd8-59936f28b481",
        "ts": "1534817751.000100",
        "reactions": [
            {
                "name": "+1",
                "users": [
                    "UBES4Q6LE",
                    "UBDCWMFND",
                    "UBE3NMLCD",
                    "UBF1K97FH",
                    "UBDN8T42G",
                    "UBDUVKQAE",
                    "UBELL5EF5"
                ],
                "count": 7
            }
        ]
    },
    {
        "type": "message",
        "text": "케이터링 메뉴입니다!",
        "files": [
            {
                "id": "FCBDB0NMN",
                "created": 1534831255,
                "timestamp": 1534831255,
                "name": "image.png",
                "title": "Pasted image at 2018-08-21, 3:00 PM",
                "mimetype": "image\/png",
                "filetype": "png",
                "pretty_type": "PNG",
                "user": "UBDCWMFND",
                "editable": false,
                "size": 52541,
                "mode": "hosted",
                "is_external": false,
                "external_type": "",
                "is_public": true,
                "public_url_shared": false,
                "display_as_bot": false,
                "username": "",
                "url_private": "https:\/\/files.slack.com\/files-pri\/T9SHC5F9S-FCBDB0NMN\/image.png?t=xoxe-332590185332-430098056850-431139793783-a3ecafe0d0f66efa522a67af632228d7",
                "url_private_download": "https:\/\/files.slack.com\/files-pri\/T9SHC5F9S-FCBDB0NMN\/download\/image.png?t=xoxe-332590185332-430098056850-431139793783-a3ecafe0d0f66efa522a67af632228d7",
                "thumb_64": "https:\/\/files.slack.com\/files-tmb\/T9SHC5F9S-FCBDB0NMN-5527158e9d\/image_64.png?t=xoxe-332590185332-430098056850-431139793783-a3ecafe0d0f66efa522a67af632228d7",
                "thumb_80": "https:\/\/files.slack.com\/files-tmb\/T9SHC5F9S-FCBDB0NMN-5527158e9d\/image_80.png?t=xoxe-332590185332-430098056850-431139793783-a3ecafe0d0f66efa522a67af632228d7",
                "thumb_360": "https:\/\/files.slack.com\/files-tmb\/T9SHC5F9S-FCBDB0NMN-5527158e9d\/image_360.png?t=xoxe-332590185332-430098056850-431139793783-a3ecafe0d0f66efa522a67af632228d7",
                "thumb_360_w": 360,
                "thumb_360_h": 184,
                "thumb_480": "https:\/\/files.slack.com\/files-tmb\/T9SHC5F9S-FCBDB0NMN-5527158e9d\/image_480.png?t=xoxe-332590185332-430098056850-431139793783-a3ecafe0d0f66efa522a67af632228d7",
                "thumb_480_w": 480,
                "thumb_480_h": 245,
                "thumb_160": "https:\/\/files.slack.com\/files-tmb\/T9SHC5F9S-FCBDB0NMN-5527158e9d\/image_160.png?t=xoxe-332590185332-430098056850-431139793783-a3ecafe0d0f66efa522a67af632228d7",
                "thumb_720": "https:\/\/files.slack.com\/files-tmb\/T9SHC5F9S-FCBDB0NMN-5527158e9d\/image_720.png?t=xoxe-332590185332-430098056850-431139793783-a3ecafe0d0f66efa522a67af632228d7",
                "thumb_720_w": 720,
                "thumb_720_h": 367,
                "thumb_800": "https:\/\/files.slack.com\/files-tmb\/T9SHC5F9S-FCBDB0NMN-5527158e9d\/image_800.png?t=xoxe-332590185332-430098056850-431139793783-a3ecafe0d0f66efa522a67af632228d7",
                "thumb_800_w": 800,
                "thumb_800_h": 408,
                "image_exif_rotation": 1,
                "original_w": 896,
                "original_h": 457,
                "permalink": "https:\/\/daitgirls.slack.com\/files\/UBDCWMFND\/FCBDB0NMN\/image.png",
                "permalink_public": "https:\/\/slack-files.com\/T9SHC5F9S-FCBDB0NMN-0d7d480703"
            }
        ],
        "upload": true,
        "user": "UBDCWMFND",
        "display_as_bot": false,
        "thread_ts": "1534831258.000100",
        "reply_count": 3,
        "replies": [
            {
                "user": "UBF1K97FH",
                "ts": "1534831406.000100"
            },
            {
                "user": "UBDN8T42G",
                "ts": "1534832251.000100"
            },
            {
                "user": "UBDUVKQAE",
                "ts": "1534833291.000100"
            }
        ],
        "unread_count": 3,
        "ts": "1534831258.000100",
        "reactions": [
            {
                "name": "heart_eyes",
                "users": [
                    "UBDN8UG4C",
                    "UBF0XFP7Z",
                    "UBE3NMLCD",
                    "UBF0XHZD5",
                    "UBDUVKQAE",
                    "UBDRWADQB",
                    "UBDUU7X7U",
                    "UA4EGE85S",
                    "U9SN17L0M",
                    "UBDRWK8SX",
                    "UBBH69509",
                    "UBELL5EF5"
                ],
                "count": 12
            },
            {
                "name": "drooling_face",
                "users": [
                    "UBDRWU3GT",
                    "UBE3NMLCD",
                    "UBDUVKQAE",
                    "UA4EGE85S",
                    "U9SN17L0M",
                    "UBDCWPPNV",
                    "UBDRWK8SX",
                    "UBBH69509",
                    "UBD8GHGBA",
                    "UBELL5EF5"
                ],
                "count": 10
            },
            {
                "name": "아름님",
                "users": [
                    "U9TKQU99V",
                    "UBF0XHZD5",
                    "UBDRXTD8B",
                    "UBDUVKQAE",
                    "UA4EGE85S",
                    "U9SN17L0M",
                    "UBDRWK8SX",
                    "UBDCWPPNV",
                    "UBBH69509",
                    "UBELL5EF5"
                ],
                "count": 10
            },
            {
                "name": "shallow_pan_of_food",
                "users": [
                    "UBDUUUCMQ",
                    "UA4EGE85S",
                    "U9SN17L0M",
                    "UBDRWK8SX",
                    "UBBH69509",
                    "UBELL5EF5"
                ],
                "count": 6
            },
            {
                "name": "green_salad",
                "users": [
                    "UBDUUUCMQ",
                    "UA4EGE85S",
                    "U9SN17L0M",
                    "UBDRWK8SX",
                    "UBBH69509",
                    "UBELL5EF5"
                ],
                "count": 6
            },
            {
                "name": "pancakes",
                "users": [
                    "UBDUUUCMQ",
                    "UA4EGE85S",
                    "U9SN17L0M",
                    "UBBH69509",
                    "UBELL5EF5"
                ],
                "count": 5
            }
        ]
    },
    {
        "type": "message",
        "user": "UBF1K97FH",
        "text": "다이어트는 금요일부터:piggy:",
        "client_msg_id": "1c5e4fe5-4aa4-47c2-a534-afc19334e22b",
        "thread_ts": "1534831258.000100",
        "parent_user_id": "UBDCWMFND",
        "ts": "1534831406.000100",
        "reactions": [
            {
                "name": "thinking_face",
                "users": [
                    "UBF0XFP7Z"
                ],
                "count": 1
            }
        ]
    },
    {
        "type": "message",
        "user": "UBDN8T42G",
        "text": ":drooling_face:",
        "client_msg_id": "873c920b-7f55-4eb7-b8cd-21ecefbe1dee",
        "thread_ts": "1534831258.000100",
        "parent_user_id": "UBDCWMFND",
        "ts": "1534832251.000100"
    },
    {
        "type": "message",
        "user": "UBDUVKQAE",
        "text": "먹다 죽을듯 ㅜㅜㅜㅜ",
        "client_msg_id": "d16e0cef-9c81-40e8-b3a1-d7c0dfb3e2dc",
        "thread_ts": "1534831258.000100",
        "parent_user_id": "UBDCWMFND",
        "ts": "1534833291.000100"
    }
]