[
    {
        "type": "message",
        "user": "UBD8GMVNC",
        "text": "<#C9SFFV9QT|general>\n1. 내일 데바시 제 세션 자료 주소입니다 : <https:\/\/github.com\/YoungestSalon\/TIL\/blob\/master\/20180803_SIOS.md>\n2. 내일 데바시를 진행하면서 간단한 자소서 구성 실습(?!)을 해보려고 합니다.\n이번 하반기 공채 준비하시는 동기님들께서는 세션 자료를 참조하셔서 지원하고자 하는 기업의 자소서 질문과 인재상을 확인해오시면 실습을 함께 해보실 수 있을 것 같습니다. (일반적으로 자소서 기출 질문은 인터넷 검색하면 나오고, 인재상은 해당 기업 홈페이지에 가면 나옵니다. ㅎㅎ)",
        "client_msg_id": "5fa7b6e3-91a7-4fad-81a6-84a88bb215e8",
        "attachments": [
            {
                "fallback": "[YoungestSalon\/TIL] 20180803_SIOS.md",
                "text": "```\n#### IT회사에서 데이터 분석가로 일하는 것은 정말 즐겁고, 행복할까?\n\n\n\n&gt; - When : 2018.08.03.\n&gt; - Where : 서울창업허브 9층 세미나실5, 데잇걸즈2 교육장\n\n\n\n1. ##### IT 회사의 재분류\n\n- B2C (Business to Consumer)\n  - 포털 : 네이버, 카카오 등\n  - 게임 : 넥슨, NC soft 등\n  - 기타\n- B2B (Business to Business)\n  - 하드웨어 \/ 솔루션 : SAP, Oracle 등\n  - SI\/OS : 삼성SDS, SK C&amp;C, LG CNS 등\n  - 기타\n\n\n\n2. ##### SI\/OS?\n\n- SI : System Integration (발주사에 맞게 Customize된 전산 시스템을 구축하는 사업)\n\n- OS : Operating System (SI를 통해 개발된 전산 시스템을 운영, 유지\/보수하는 사업)\n\n  \n\n3. ##### SI\/OS Big 3의 어제와 오늘\n\n- 어제 (계열사 SI\/OS, 공공 &amp; 금융 SI 위주 운영)\n  - 삼성SDS : 전자정부 시스템 구축\n  - SK C&amp;C : 경기도 버스 도착 알림 시스템, 도로명주소 정보 시스템 구축\n  - LG CNS : 서울특별시 버스 도착 알림 시스템\n- 공공SI 사업의 변곡점 : 2012년 하반기 이후 공공 SI\/OS 사업 신규 수주 금지 → 신사업 진출 필요\n- 오늘 (계열사 주력 사업에 맞춰 신사업 진출 시도)\n  - 삼성SDS (삼성전자) : 스마트 팩토리(공장 자동화), 인공지능(AI) 및 블록체인 기술을 적용한 스마트 물류\n  - SK C&amp;C (SKT, SK Planet) : 클라우드 컴퓨팅, 인공지능(AI) 플랫폼\n  - LG CNS (LG전자 가전사업) : 사물 인터넷(IoT), 스마트 시티\n\n\n\n4. ##### 눈 뜨고 보니 정자동이었던 사연\n\n- KICPA(한국 공인회계사 자격) 준비와 실패 = 취업이 필요해짐\n\n- 경력 정리 : 주로 유통, IT, 컨설팅 위주 → 해당 업계 위주로 지원\n\n  ~~~\n  - 유통: 연세대학교 유통전략학회 학술부장, 아름다운가게 매장 운영 장기 봉사 등\n  - IT : 위메프 영업 인턴, 넥슨 게임기획 인턴 등\n  - 컨설팅 : 전공 수업, 컨설팅 회사 PPT 아르바이트 1회, RA 인턴 1회, 이랜드 전략기획본부 인턴 등 \n  ~~~\n\n- 서류 전형\n\n  - 경험 : SK(그룹), C&amp;C(계열사), IT컨설팅(직무)에 적합한 경험은 무엇인가?\n  - SK Values : Integrity(정직성), Accountability(책임), Challenge(도전), Innovation(혁신), Passion(열정), Love(사랑)\n\n  ~~~\n  1. 자신에게 주어졌던 일 중 가장 어려웠던 경험은 무엇이었습니까? 그 일을 하게 된 이유와 그때 느꼈던 감정, 진행하면서 가장 어려웠던 점과 그것을 극복하기 위해 했던 행동과 생각, 결과에 대해 최대한 구체적으로 작성해 주십시오. (1000 자 10 단락 이내)\n  → SK Values : Passion, Integrity\n  → 경험 : 컨설팅(직무)\n  → 컨설팅 관련 경험 중 열정\/정직성을 보여주는 사례 \n  \n  2. 이제까지 가장 강하게 소속감을 느꼈던 조직은 무엇이었으며, 그 조직의 발전을 위해 헌신적으로 노력했던 것 중 가장 기억에 남는 경험은 무엇입니까? 개인적으로 더 많은 노력을 기울였던 일과 그 때 했던 행동과 생각, 결과에 대해 최대한 구체적으로 작성해 주십시오. (1000 자 10 단락 이내)\n  → SK Values : Love\n  → 경험 : SK(그룹)\n  → SK그룹 관련 경험 중 사랑(따뜻한 마음)을 보여주는 사례\n  \n  3. 자신에게 요구된 것보다 더 높은 목표를 스스로 세워 시도했던 경험 중 가장 기억에 남는 것은 무엇입니까? 목표 달성 과정에서 아쉬웠던 점이나 그 때 느꼈던 자신의 한계는 무엇이고, 이를 극복하기 위해 했던 행동과 생각, 결과에 대해 최대한 구체적으로 작성해 주십시오. (1000 자 10 단락 이내)\n  → SK Values : Challenge, Accountability\n  → 도전 정신, 책임감을 보여줄 수 있는 사례\n  \n  4. 기존과는 다른 방식을 시도하여 이전에 비해 조금이라도 개선했던 경험 중, 가장 효과적이었던 것은 무엇입니까? 그 방식을 시도했던 이유, 기존 방식과의 차이점, 진행 과정에서 했던 행동과 생각, 결과에 대해 최대한 구체적으로 작성해 주십시오. (1000 자 10 단락 이내)\n  → SK Values : Innovation\n  → 혁신을 시도해서 성공적 결과를 이끌어 낸 사례\n  \n  5. SK 입사 후 어떤 일을 하고 싶으며, 이를 위해 본인이 무엇을 어떻게 준비해 왔는지 구체적으로 기술하십시오.\n  → 경험 : IT컨설팅(직무)\n  → IT 분야에 대한 관심\/지식 + 컨설팅 분야에 대한 경험을 어필 \n  ~~~\n\n- 인적성 고사\n\n  - 인성 \n    - 솔직히, 꾸밈없이 : 꾸며내려고 하는 순간 함정에 빠진다!\n    - 각자 맞는 회사가 따로 있다 : CJ그룹 인적성에서만 3회 탈락(...)\n  - 적성\n    - 각자 맞는 회사가 따로 있다(2) : 물통 돌리는 두산은 2회 탈락(...)\n\n- 면접 전형\n\n  - 인성 면접\n    - 당황하지 말자 : 일부러 공격적인 질문을 하는 경우가 있음\n    - 왜 SK(그룹), C&amp;C(계열사), IT컨설팅(직무)인지 명확한 답을 어필\n  - 기술 면접\n    - Harvard Business Review : 컨설팅 케이스로 문제 출제\n    - 전지에 Hand-writing으로 솔루션 기재 후 면접관에게 설명  \n\n\n\n5. ##### 이제는 말할 수 있는 현실\n\n- 현업 부서 vs. 스탭 부서\n  - 현업 부서 : \"다소 Risk taking을 해서라도 우리 사업의 이익을 극대화하겠다!\"\n  - 스탭(경영지원) 부서 : \"어떠한 형태의 Risk도 용납할 수 없다!\"\n- 사규라는 이름의 덫\n  - 사규는 스탭 부서의 관리 상 편의 목적에 주로 맞춰져 있음 \n  - 사규는 주로 기존 Cash cow 사업의 원활한 진행에 초점이 맞춰져 있음\n- 신사업 부서는 힘이 없다\n  - 스탭 부서(인사\/기획\/재무) &gt; 스탭 부서(그 외) &gt; Cash Cow &gt; 신사업\n\n\n\n6. ##### 안녕, 나의 첫 번째 직장\n\n- 언젠가부터, 마음에 병이 들었다 : 고과평가, 인사 보복 의혹, 법무 업무.\n- 히말라야의 선물 : 생각하는 대로 살지 않으면 사는 대로 생각하게 된다.\n```",
                "title": "20180803_SIOS.md",
                "footer": "<https:\/\/github.com\/YoungestSalon\/TIL|YoungestSalon\/TIL>",
                "id": 1,
                "title_link": "https:\/\/github.com\/YoungestSalon\/TIL\/blob\/master\/20180803_SIOS.md",
                "footer_icon": "https:\/\/assets-cdn.github.com\/favicon.ico",
                "color": "24292f",
                "mrkdwn_in": [
                    "text"
                ],
                "bot_id": "BBNDHKJQ3",
                "app_unfurl_url": "https:\/\/github.com\/YoungestSalon\/TIL\/blob\/master\/20180803_SIOS.md",
                "is_app_unfurl": true
            }
        ],
        "ts": "1533194902.000100",
        "reactions": [
            {
                "name": "+1",
                "users": [
                    "U9TKQU99V",
                    "UBDUUV802",
                    "UBDRXTD8B",
                    "UBDRWBNRZ",
                    "UBDCWMFND",
                    "U9UFEBXGF"
                ],
                "count": 6
            }
        ]
    },
    {
        "type": "message",
        "user": "UBF0XFP7Z",
        "text": "저번에 다같이 술마시다가, 애란쌤 인사하시는 모습을 함수로 만들수도 있겠다는 말이 나와서...ㅎ 쓸데없는 짓을 한 번 해보았오요,,\n파이썬에서 객체를 새로 만들 수 있는데, 'Alan'이라는 이름의 객체를 만들어서 애란쌤의 특징을 넣어봤어요 :slightly_smiling_face:\n데잇걸즈 전체의 속성을 담은 클래스도 만들어보려 했지만 Fail..!\nAtom에서 아래 코드 복사하고, 실행하시면 되어요 총총,,\n<@UBELL5EF5>\n\nclass Alan:\n    def __init__(self, name, face_expression='일단 웃는다. :slightly_smiling_face:', speaking=':slightly_smiling_face:', humor='Engineer Gag', motto = '갈아넣자'):\n        self.name = name\n        self.face_expression = face_expression\n        self.speaking = speaking\n        self.humor = humor\n        self.motto = motto\n\n    def greeting(self, situation='class', street=True):\n        if situation == 'class':\n            self.speaking = '여러분..!\\n설문에 n분이나 참여해주셨어요..!\\n주말을 갈아넣으시면 됩니다. 흐흐'\n        elif situation == 'greet':\n            if street == True:\n                self.speaking = '(아주 빠른 속도로 걸어간다.)'\n            else:\n                self.speaking = '(아주 격한 꾸벅)'\n        else:\n            self.speaking = '새로운 상황과 반응을 알려주세요! :-)'\n    \n    def humor_mode(self):\n        self.humor = '컴퓨터는 할로윈과 크리스마스를 구분할 수 없대요 :-)'\n\nclass Dataitgirls:\n    def __init__(self, name, face_expression='T.T'):\n        self.name = name\n        pass\n\nalan = Alan('Alan')\nalan.greeting()\nalan.humor_mode()\n\nprint('이름: ', alan.name,'\\n')\nprint('-수업시작-\\n')\nprint(alan.face_expression, '\\n')\nprint('\\\"', alan.speaking, '\\\"\\n')\nprint('개그: ', alan.humor)\n\n&lt;실행결과&gt;\n이름:  Alan \n\n-수업시작-\n\n일단 웃는다. :slightly_smiling_face: \n\n\" 여러분..!\n설문에 n분이나 참여해주셨어요..!\n주말을 갈아넣으시면 됩니다. 흐흐 \"\n\n개그:  컴퓨터는 할로윈과 크리스마스를 구분할 수 없대요 :slightly_smiling_face:",
        "client_msg_id": "39ebf65c-7f28-43b5-acf7-ea1a8f81dbb2",
        "edited": {
            "user": "UBF0XFP7Z",
            "ts": "1533195376.000000"
        },
        "thread_ts": "1533195317.000207",
        "reply_count": 4,
        "replies": [
            {
                "user": "UBD8GMVNC",
                "ts": "1533195560.000262"
            },
            {
                "user": "UBD8GMVNC",
                "ts": "1533195582.000220"
            },
            {
                "user": "UBF0XFP7Z",
                "ts": "1533195651.000154"
            },
            {
                "user": "U9TKQU99V",
                "ts": "1533196131.000069"
            }
        ],
        "unread_count": 4,
        "ts": "1533195317.000207",
        "reactions": [
            {
                "name": "laughing",
                "users": [
                    "UBDUUV802",
                    "UBDUUHX4J",
                    "UBD8GMVNC",
                    "UBD8HB9C0",
                    "UBDRWU3GT",
                    "UBDCWPPNV",
                    "UA4EGE85S",
                    "UBDRXTD8B",
                    "UBDCWMFND",
                    "UBD8GHGBA",
                    "UBDRWK8SX",
                    "UBE3NCBKP",
                    "U9SN17L0M",
                    "UBELL5EF5",
                    "U9UFEBXGF",
                    "UBF0XHZD5",
                    "UBDN8T42G",
                    "UBDRWRE3D"
                ],
                "count": 18
            },
            {
                "name": "heart_eyes",
                "users": [
                    "UBDUUV802",
                    "UBD8HB9C0",
                    "UBDRWU3GT",
                    "UBD8GMVNC",
                    "UBDCWPPNV",
                    "UA4EGE85S",
                    "UBDCWMFND",
                    "UBDRWK8SX",
                    "U9SN17L0M",
                    "UBELL5EF5",
                    "U9UFEBXGF",
                    "UBDN90RJQ",
                    "UBDRWRE3D"
                ],
                "count": 13
            },
            {
                "name": "+1",
                "users": [
                    "UBDUUV802",
                    "UBDRWU3GT",
                    "UBD8GMVNC",
                    "UBDCWPPNV",
                    "UA4EGE85S",
                    "UBDCWMFND",
                    "UBDRWK8SX",
                    "U9SN17L0M",
                    "UBELL5EF5",
                    "U9UFEBXGF",
                    "UBDRWRE3D"
                ],
                "count": 11
            },
            {
                "name": "rolling_on_the_floor_laughing",
                "users": [
                    "UBDRWU3GT",
                    "UBD8GMVNC",
                    "UBDCWPPNV",
                    "UA4EGE85S",
                    "UBDCWMFND",
                    "U9SN17L0M",
                    "UBELL5EF5",
                    "U9UFEBXGF",
                    "UBDN9579S",
                    "UBDN8T42G",
                    "UBDRWRE3D"
                ],
                "count": 11
            },
            {
                "name": "scream_cat",
                "users": [
                    "UBF1K97FH",
                    "UBELL5EF5",
                    "UBD8GMVNC",
                    "U9UFEBXGF"
                ],
                "count": 4
            }
        ]
    },
    {
        "type": "message",
        "user": "UBD8GMVNC",
        "text": "대박.... 눈앞에 애란쌤이 그려져요ㅋㅋㅋㅋㅋㅋㅋㅋ",
        "client_msg_id": "ac76c9a1-d1dc-402b-ac95-228a53560590",
        "thread_ts": "1533195317.000207",
        "parent_user_id": "UBF0XFP7Z",
        "ts": "1533195560.000262"
    },
    {
        "type": "message",
        "user": "UBD8GMVNC",
        "text": "혹시 배로쌤 버전은 개발계획 없으신가요ㅋㅋㅋㅋㅋㅋㅋㅋ",
        "client_msg_id": "7d127767-979f-4136-b2f8-c65ba13e82ad",
        "thread_ts": "1533195317.000207",
        "parent_user_id": "UBF0XFP7Z",
        "ts": "1533195582.000220"
    },
    {
        "type": "message",
        "user": "UBF0XFP7Z",
        "text": "하다가 fail...ㅠ 특징을 많이 많이 알려주시면 좋을 것 같아여!! 저는 잘...",
        "client_msg_id": "0cbf082b-6671-4c61-9bd7-618f8de869b1",
        "thread_ts": "1533195317.000207",
        "parent_user_id": "UBF0XFP7Z",
        "ts": "1533195651.000154"
    },
    {
        "type": "message",
        "user": "U9TKQU99V",
        "text": "'여러분 이제 시작해볼게요'\n'이건, 지현샘 수업에서 설명해주실거에요'\n'여러분 내일 저도 올거에요 ㅎㅎ'\n'T~WL도 각자 가드닝을 해주시면 좋을 것 같애요'",
        "client_msg_id": "167459fc-2330-402f-9f22-8a075c829abb",
        "thread_ts": "1533195317.000207",
        "parent_user_id": "UBF0XFP7Z",
        "ts": "1533196131.000069",
        "reactions": [
            {
                "name": "rolling_on_the_floor_laughing",
                "users": [
                    "UBDUUV802",
                    "UBDUVKQAE",
                    "UBF0XFP7Z",
                    "UBDRWK8SX",
                    "UBDRXTD8B",
                    "UBE3NCBKP",
                    "UBD8GMVNC",
                    "U9SN17L0M",
                    "UBDN9579S",
                    "UBELL5EF5",
                    "UBF1K97FH",
                    "UBF0XHZD5",
                    "UA4EGE85S",
                    "UBDCWPPNV",
                    "UBDN90RJQ",
                    "UBDRWRE3D"
                ],
                "count": 16
            },
            {
                "name": "+1",
                "users": [
                    "UBF0XFP7Z",
                    "UBDRWK8SX",
                    "UBDRWU3GT",
                    "UBDRXTD8B",
                    "UBD8GMVNC",
                    "U9SN17L0M",
                    "UBDN9579S",
                    "UBELL5EF5",
                    "UBF0XHZD5"
                ],
                "count": 9
            }
        ]
    },
    {
        "type": "message",
        "user": "UBD8HB9C0",
        "text": "<@UBDRWADQB> 지윤님 어디계세요 혹시?!?",
        "client_msg_id": "BF09A868-4986-4855-B70B-8E1A207283E7",
        "ts": "1533199535.000190"
    },
    {
        "type": "message",
        "user": "UBDCWMFND",
        "text": "내일 '퍼스널 브랜딩(personal branding)' 시간에 공유할 수업 구성안입니다. 더 자세한 워크샵 자료는 오늘 밤 중에 공유 드릴게요.  (md 파일로는 강의 후에 정리하겠습니다!ㅋㅋ) **혹시 링크 연결에 문제가 있다면 댓글 부탁드려요!\n\n<http:\/\/www.evernote.com\/l\/AIqLpDypSP1FoZmJ6A0bfPpCKvUuUXTXits\/>",
        "client_msg_id": "abb446a2-927f-4a5a-8892-cecf6ea81a34",
        "attachments": [
            {
                "service_name": "Evernote",
                "title": "180803_데잇걸즈_진로탐색 사례공유 (조아름)",
                "title_link": "http:\/\/www.evernote.com\/l\/AIqLpDypSP1FoZmJ6A0bfPpCKvUuUXTXits\/",
                "text": "PBW 59호 조아름 (진로 공유) 자아 탐색 도구 - PB(personal branding)방법론 소개 사람의 지문이 모두 다르듯 진로 또한 정답은 없습니다. 소위, 성공한 사람들의 결과론적 이야기와 어설픈 덕담. 성공담에 마치 보편적 법칙이 담겨있다는 듯한 자기개발 콘텐츠에 피로감을 느낍니다. 제가 준비한 '이야기'는 적정한 답을 제시하는 것이 아닌 하...",
                "fallback": "Evernote: 180803_데잇걸즈_진로탐색 사례공유 (조아름)",
                "thumb_url": "https:\/\/cdn1.evernote.com\/evernote.com\/img\/social-meta\/shared-note-thumbnail.png",
                "from_url": "http:\/\/www.evernote.com\/l\/AIqLpDypSP1FoZmJ6A0bfPpCKvUuUXTXits\/",
                "thumb_width": 200,
                "thumb_height": 200,
                "service_icon": "https:\/\/www.evernote.com\/favicon.ico",
                "id": 1,
                "original_url": "http:\/\/www.evernote.com\/l\/AIqLpDypSP1FoZmJ6A0bfPpCKvUuUXTXits\/"
            }
        ],
        "ts": "1533199538.000127",
        "reactions": [
            {
                "name": "heart_eyes",
                "users": [
                    "UBDUUV802",
                    "UBELL5EF5",
                    "UBDRWU3GT",
                    "U9TKQU99V",
                    "U9SN17L0M",
                    "UBDN9579S",
                    "UBDRWBNRZ",
                    "UBE3NCBKP",
                    "U9UFEBXGF",
                    "UBDRWRE3D"
                ],
                "count": 10
            },
            {
                "name": "+1",
                "users": [
                    "UBDN8T42G",
                    "U9SN17L0M",
                    "UBDN9579S",
                    "UBDCWPPNV",
                    "UBDRWRE3D"
                ],
                "count": 5
            },
            {
                "name": "100",
                "users": [
                    "U9SN17L0M",
                    "UBDN9579S"
                ],
                "count": 2
            }
        ]
    },
    {
        "type": "message",
        "user": "UBDCWMFND",
        "text": "에버노트 설치 안하셔도 틀어져요!",
        "client_msg_id": "2c5c414c-9be4-465b-9de9-2420f20ed808",
        "ts": "1533199568.000223"
    },
    {
        "type": "message",
        "user": "UBDN8T42G",
        "text": "오와 대박",
        "client_msg_id": "add2be3b-08ec-4f53-81da-2c652f07a3c3",
        "ts": "1533199708.000174",
        "reactions": [
            {
                "name": "i_love_you_hand_sign",
                "users": [
                    "UBDCWMFND",
                    "UBE3NCBKP"
                ],
                "count": 2
            }
        ]
    },
    {
        "type": "message",
        "user": "U9SN17L0M",
        "text": "오와 대박(2)",
        "client_msg_id": "ec6409ae-c900-4ad3-9dd4-fe92c27d523e",
        "ts": "1533199846.000190",
        "reactions": [
            {
                "name": "joy",
                "users": [
                    "UBDN8T42G",
                    "UBELL5EF5",
                    "UBDCWMFND",
                    "UBE3NCBKP",
                    "UBDN90RJQ"
                ],
                "count": 5
            }
        ]
    },
    {
        "type": "message",
        "user": "U9UFEBXGF",
        "text": "오와 대박(3)",
        "client_msg_id": "e8c99e9b-1ecc-40aa-99cf-0feec15c74c1",
        "ts": "1533199859.000156",
        "reactions": [
            {
                "name": "joy",
                "users": [
                    "UBDN8T42G",
                    "UBELL5EF5",
                    "UBDCWMFND",
                    "UBE3NCBKP"
                ],
                "count": 4
            }
        ]
    },
    {
        "type": "message",
        "user": "UBF0XFP7Z",
        "text": "오와 대박(4)",
        "client_msg_id": "9c75bda3-0492-4010-86be-0a41ba1f7882",
        "ts": "1533199986.000285",
        "reactions": [
            {
                "name": "joy",
                "users": [
                    "UBDUUV802",
                    "UBELL5EF5",
                    "UBDCWMFND",
                    "UBE3NCBKP"
                ],
                "count": 4
            }
        ]
    },
    {
        "type": "message",
        "user": "UBD8GMVNC",
        "text": "오와 대박(5)... <@UBDCWMFND> 님 이러시면 제가 너무 없어보이잖아요ㅋㅋㅋㅋㅋㅋㅋ",
        "client_msg_id": "2ca226db-952a-4fc6-8768-ebc2dbd24ba4",
        "thread_ts": "1533202177.000358",
        "reply_count": 3,
        "replies": [
            {
                "user": "UBDCWMFND",
                "ts": "1533206158.000009"
            },
            {
                "user": "UBD8GMVNC",
                "ts": "1533208139.000133"
            },
            {
                "user": "UBDN8T42G",
                "ts": "1533219236.000285"
            }
        ],
        "unread_count": 3,
        "ts": "1533202177.000358",
        "reactions": [
            {
                "name": "joy",
                "users": [
                    "UBDUUV802",
                    "UBDCWMFND",
                    "UBE3NCBKP"
                ],
                "count": 3
            },
            {
                "name": "woman-shrugging",
                "users": [
                    "UBDN8UG4C"
                ],
                "count": 1
            }
        ]
    },
    {
        "type": "message",
        "user": "UBDCWMFND",
        "text": "은지님...  ... .. 무슨소리세요......... ",
        "client_msg_id": "ff965dcc-281c-473d-87ce-257a89cae241",
        "thread_ts": "1533202177.000358",
        "parent_user_id": "UBD8GMVNC",
        "ts": "1533206158.000009"
    },
    {
        "type": "message",
        "user": "UBD8GMVNC",
        "text": "저는 그저 Typora로 몇 줄 끄적인거 가지고 나눌건데... 에버노트.... 겁나 멋져요 :ddongule2:",
        "client_msg_id": "f7fab223-741c-4053-8d1e-5e891f44e248",
        "edited": {
            "user": "UBD8GMVNC",
            "ts": "1533208145.000000"
        },
        "thread_ts": "1533202177.000358",
        "parent_user_id": "UBD8GMVNC",
        "ts": "1533208139.000133"
    },
    {
        "type": "message",
        "user": "UA4EGE85S",
        "text": "내일 오후 통계수업 강의자료를 공유합니다. 내일뵙겠습니다 :blush:\n<https:\/\/drive.google.com\/drive\/folders\/1lhiHjE9yq3d5H34Liipj2vVuU5yiEFfX>",
        "client_msg_id": "01414129-05c0-495a-ac22-e67a9831552e",
        "ts": "1533213494.000090",
        "reactions": [
            {
                "name": "+1",
                "users": [
                    "UBELL5EF5",
                    "U9UFEBXGF",
                    "UBDRWBNRZ",
                    "UBD8GMVNC",
                    "UBDRXTD8B",
                    "UBDN8UG4C",
                    "UBDRWADQB",
                    "UBDN90RJQ",
                    "UBF0XHZD5",
                    "UBF1K97FH",
                    "U9SN17L0M",
                    "UBF0XFP7Z",
                    "U9TKQU99V"
                ],
                "count": 13
            }
        ]
    },
    {
        "type": "message",
        "user": "UBDN8T42G",
        "text": "은지님 무슨 소리세요…… (2).. 은지님도 겁나 멋진데..",
        "client_msg_id": "8e788457-7bbe-4b66-9e64-bccc1b91cadd",
        "thread_ts": "1533202177.000358",
        "parent_user_id": "UBD8GMVNC",
        "ts": "1533219236.000285"
    },
    {
        "type": "message",
        "text": "여러분 안녕하세요 :slightly_smiling_face:",
        "files": [
            {
                "id": "FC1FZ4DB3",
                "created": 1533263734,
                "timestamp": 1533263734,
                "name": "497A3134.JPG",
                "title": "497A3134.JPG",
                "mimetype": "image\/jpeg",
                "filetype": "jpg",
                "pretty_type": "JPEG",
                "user": "U9TKQU99V",
                "editable": false,
                "size": 8045400,
                "mode": "hosted",
                "is_external": false,
                "external_type": "",
                "is_public": true,
                "public_url_shared": false,
                "display_as_bot": false,
                "username": "",
                "url_private": "https:\/\/files.slack.com\/files-pri\/T9SHC5F9S-FC1FZ4DB3\/497a3134.jpg?t=xoxe-332590185332-430098056850-431139793783-a3ecafe0d0f66efa522a67af632228d7",
                "url_private_download": "https:\/\/files.slack.com\/files-pri\/T9SHC5F9S-FC1FZ4DB3\/download\/497a3134.jpg?t=xoxe-332590185332-430098056850-431139793783-a3ecafe0d0f66efa522a67af632228d7",
                "thumb_64": "https:\/\/files.slack.com\/files-tmb\/T9SHC5F9S-FC1FZ4DB3-f4690916f7\/497a3134_64.jpg?t=xoxe-332590185332-430098056850-431139793783-a3ecafe0d0f66efa522a67af632228d7",
                "thumb_80": "https:\/\/files.slack.com\/files-tmb\/T9SHC5F9S-FC1FZ4DB3-f4690916f7\/497a3134_80.jpg?t=xoxe-332590185332-430098056850-431139793783-a3ecafe0d0f66efa522a67af632228d7",
                "thumb_360": "https:\/\/files.slack.com\/files-tmb\/T9SHC5F9S-FC1FZ4DB3-f4690916f7\/497a3134_360.jpg?t=xoxe-332590185332-430098056850-431139793783-a3ecafe0d0f66efa522a67af632228d7",
                "thumb_360_w": 360,
                "thumb_360_h": 240,
                "thumb_480": "https:\/\/files.slack.com\/files-tmb\/T9SHC5F9S-FC1FZ4DB3-f4690916f7\/497a3134_480.jpg?t=xoxe-332590185332-430098056850-431139793783-a3ecafe0d0f66efa522a67af632228d7",
                "thumb_480_w": 480,
                "thumb_480_h": 320,
                "thumb_160": "https:\/\/files.slack.com\/files-tmb\/T9SHC5F9S-FC1FZ4DB3-f4690916f7\/497a3134_160.jpg?t=xoxe-332590185332-430098056850-431139793783-a3ecafe0d0f66efa522a67af632228d7",
                "thumb_720": "https:\/\/files.slack.com\/files-tmb\/T9SHC5F9S-FC1FZ4DB3-f4690916f7\/497a3134_720.jpg?t=xoxe-332590185332-430098056850-431139793783-a3ecafe0d0f66efa522a67af632228d7",
                "thumb_720_w": 720,
                "thumb_720_h": 480,
                "thumb_800": "https:\/\/files.slack.com\/files-tmb\/T9SHC5F9S-FC1FZ4DB3-f4690916f7\/497a3134_800.jpg?t=xoxe-332590185332-430098056850-431139793783-a3ecafe0d0f66efa522a67af632228d7",
                "thumb_800_w": 800,
                "thumb_800_h": 533,
                "thumb_960": "https:\/\/files.slack.com\/files-tmb\/T9SHC5F9S-FC1FZ4DB3-f4690916f7\/497a3134_960.jpg?t=xoxe-332590185332-430098056850-431139793783-a3ecafe0d0f66efa522a67af632228d7",
                "thumb_960_w": 960,
                "thumb_960_h": 640,
                "thumb_1024": "https:\/\/files.slack.com\/files-tmb\/T9SHC5F9S-FC1FZ4DB3-f4690916f7\/497a3134_1024.jpg?t=xoxe-332590185332-430098056850-431139793783-a3ecafe0d0f66efa522a67af632228d7",
                "thumb_1024_w": 1024,
                "thumb_1024_h": 683,
                "image_exif_rotation": 1,
                "original_w": 6720,
                "original_h": 4480,
                "permalink": "https:\/\/daitgirls.slack.com\/files\/U9TKQU99V\/FC1FZ4DB3\/497a3134.jpg",
                "permalink_public": "https:\/\/slack-files.com\/T9SHC5F9S-FC1FZ4DB3-e695abce72"
            }
        ],
        "upload": true,
        "user": "U9TKQU99V",
        "display_as_bot": false,
        "ts": "1533263743.000114",
        "reactions": [
            {
                "name": "heart_eyes",
                "users": [
                    "UBDUUV802",
                    "UBF0XHZD5",
                    "UBDRWU3GT",
                    "UBDUVKQAE",
                    "UA4EGE85S",
                    "UBDRWK8SX",
                    "U9SN17L0M"
                ],
                "count": 7
            },
            {
                "name": "dancer",
                "users": [
                    "UBDN8UG4C",
                    "UBDRWK8SX",
                    "U9SN17L0M",
                    "UBELL5EF5"
                ],
                "count": 4
            },
            {
                "name": "blue_heart",
                "users": [
                    "U9SN17L0M"
                ],
                "count": 1
            }
        ]
    },
    {
        "type": "message",
        "user": "UBF1K97FH",
        "text": "<@U9TKQU99V> 카메라를 닫는 쉬크한 손. 센스 최고였어요!",
        "client_msg_id": "510529a7-85d5-461d-9019-2ac7f612b1ee",
        "thread_ts": "1533266158.000068",
        "reply_count": 3,
        "replies": [
            {
                "user": "UBD8GMVNC",
                "ts": "1533273204.000101"
            },
            {
                "user": "U9TKQU99V",
                "ts": "1533273338.000007"
            },
            {
                "user": "UBD8GMVNC",
                "ts": "1533273383.000141"
            }
        ],
        "unread_count": 3,
        "ts": "1533266158.000068",
        "reactions": [
            {
                "name": "rolling_on_the_floor_laughing",
                "users": [
                    "U9UFEBXGF",
                    "UBDRWK8SX",
                    "UBD8HB9C0",
                    "UBDUU7X7U",
                    "UBDRWU3GT",
                    "UBELL5EF5",
                    "UBD8GMVNC"
                ],
                "count": 7
            }
        ]
    },
    {
        "type": "message",
        "user": "UBDUVKQAE",
        "text": "은지님과 술 드실 파티 모집합니다",
        "client_msg_id": "970a8bd5-3448-4ade-9185-95d861652738",
        "thread_ts": "1533266184.000146",
        "reply_count": 15,
        "replies": [
            {
                "user": "UBDUUHX4J",
                "ts": "1533266201.000060"
            },
            {
                "user": "UBE3NCBKP",
                "ts": "1533266206.000119"
            },
            {
                "user": "UBDN8T42G",
                "ts": "1533266310.000087"
            },
            {
                "user": "UBF0XHZD5",
                "ts": "1533267326.000140"
            },
            {
                "user": "UBF0XHZD5",
                "ts": "1533267874.000078"
            },
            {
                "user": "UBDUUHX4J",
                "ts": "1533267898.000091"
            },
            {
                "user": "UBD8GMVNC",
                "ts": "1533273292.000012"
            },
            {
                "user": "UBD8GMVNC",
                "ts": "1533273356.000027"
            },
            {
                "user": "UBF0XKTP1",
                "ts": "1533273539.000136"
            },
            {
                "user": "UBF0XKTP1",
                "ts": "1533273544.000001"
            },
            {
                "user": "UBD8GMVNC",
                "ts": "1533273572.000128"
            },
            {
                "user": "UBDUU48UA",
                "ts": "1533316032.000002"
            },
            {
                "user": "UBD8GMVNC",
                "ts": "1533343093.000089"
            },
            {
                "user": "UBDUUHX4J",
                "ts": "1533345445.000038"
            },
            {
                "user": "UBD8GMVNC",
                "ts": "1533347945.000053"
            }
        ],
        "unread_count": 15,
        "ts": "1533266184.000146",
        "reactions": [
            {
                "name": "beers",
                "users": [
                    "U9UFEBXGF",
                    "UBDRWK8SX",
                    "UBDUUUCMQ",
                    "UBDN9579S",
                    "UBD8HB9C0",
                    "UBF0XHZD5",
                    "UBDCWMFND",
                    "UBELL5EF5",
                    "UBD8GMVNC",
                    "UBDUU48UA"
                ],
                "count": 10
            }
        ]
    },
    {
        "type": "message",
        "user": "UBDUUHX4J",
        "text": "저 백억 진짜 궁금해요..",
        "client_msg_id": "B30EFEB8-78EC-4AE0-BFCA-4A8400F496BB",
        "thread_ts": "1533266184.000146",
        "parent_user_id": "UBDUVKQAE",
        "ts": "1533266201.000060",
        "reactions": [
            {
                "name": "open_mouth",
                "users": [
                    "UBDRVLD1R",
                    "UBD8GMVNC"
                ],
                "count": 2
            }
        ]
    },
    {
        "type": "message",
        "user": "UBE3NCBKP",
        "text": "인생한방",
        "client_msg_id": "66ff6f25-969c-4b12-a9e2-92173da7ddf2",
        "thread_ts": "1533266184.000146",
        "parent_user_id": "UBDUVKQAE",
        "ts": "1533266206.000119"
    },
    {
        "type": "message",
        "user": "UBDN8T42G",
        "text": "앜ㅋㅋㅋㅋㅋㅋㅋㅋㅋㅋㅋㅋ",
        "client_msg_id": "be6d562e-930b-400b-a1a0-86e78c2c9c76",
        "thread_ts": "1533266184.000146",
        "parent_user_id": "UBDUVKQAE",
        "ts": "1533266310.000087"
    },
    {
        "type": "message",
        "user": "UBDCWMFND",
        "text": "여러분 죄송해요! 제가 점심 식사 이후 2시가 데바시 시간인 줄 착각하고 있었네요. 강의 자료가 생각보다 오래걸려서, 오늘 오전까지 끝마치고 점심에 가려 했는데 지금이 데바시 시간이라고 전해들었어요. 제 불찰로 약속을 못지키게 되어 정말정말 죄송합니다. 준비는 많이 했으니 다음 기회에 꼭 공유드릴게요. 30분이란 시간을 붕 뜨게 해드려 정말 죄송해요!",
        "client_msg_id": "417fdcc2-e1e0-4ccb-8c6d-049fe5998052",
        "thread_ts": "1533266755.000092",
        "reply_count": 1,
        "replies": [
            {
                "user": "UBD8GMVNC",
                "ts": "1533273414.000096"
            }
        ],
        "unread_count": 1,
        "ts": "1533266755.000092",
        "reactions": [
            {
                "name": "heart_eyes",
                "users": [
                    "UBF0XFP7Z",
                    "UA4EGE85S",
                    "UBDN9579S",
                    "UBDRWBNRZ",
                    "U9UFEBXGF",
                    "UBDRWK8SX",
                    "UBF0XHZD5",
                    "UBDUU7X7U",
                    "UBF0XKTP1",
                    "UBDRWU3GT",
                    "UBDUVKQAE",
                    "UBE3NMLCD",
                    "UBE3NCBKP",
                    "UBD8GLUEL",
                    "UBELL5EF5",
                    "U9SN17L0M",
                    "UBDRWRE3D",
                    "UBD8HB9C0",
                    "UBDN90RJQ",
                    "U9TKQU99V"
                ],
                "count": 20
            },
            {
                "name": "clap",
                "users": [
                    "UBDN8T42G",
                    "UBELL5EF5",
                    "U9SN17L0M",
                    "UBD8HB9C0",
                    "UBD8GMVNC"
                ],
                "count": 5
            }
        ]
    },
    {
        "type": "message",
        "user": "UBF0XHZD5",
        "text": "저 야구 배우고시퍼요..야구장갈래요",
        "client_msg_id": "7a12a619-71ae-42b7-ace9-699d8c660065",
        "thread_ts": "1533266184.000146",
        "parent_user_id": "UBDUVKQAE",
        "ts": "1533267326.000140"
    },
    {
        "type": "message",
        "user": "UBF0XHZD5",
        "text": "영웅님도 같이 마셔야겠네영,,,",
        "client_msg_id": "c8949ba3-3dab-47a6-b213-a63fb964ce8f",
        "thread_ts": "1533266184.000146",
        "parent_user_id": "UBDUVKQAE",
        "ts": "1533267874.000078",
        "reactions": [
            {
                "name": "+1",
                "users": [
                    "U9TKQU99V"
                ],
                "count": 1
            }
        ]
    },
    {
        "type": "message",
        "user": "UBDUUHX4J",
        "text": "ㅇ3ㅇ",
        "client_msg_id": "C71A7EE8-CCDB-44F7-9603-86010AFCF6B7",
        "thread_ts": "1533266184.000146",
        "parent_user_id": "UBDUVKQAE",
        "ts": "1533267898.000091"
    },
    {
        "type": "message",
        "user": "UBD8GMVNC",
        "text": "<@U9TKQU99V> 님, 저 아까 제 데바시 영상 받아볼수 있을까요? 말해놓고 보니 수위가 너무 높았나 싶어서 뒤늦게 떨고있어요ㅋㅋㅋ",
        "client_msg_id": "3e5a56b3-2ffa-4b2d-9194-3a749f0f8fbb",
        "thread_ts": "1533266158.000068",
        "parent_user_id": "UBF1K97FH",
        "ts": "1533273204.000101"
    },
    {
        "type": "message",
        "user": "UBD8GMVNC",
        "text": "백억은.... 음..... 웃긴게..... 그분 상당 금액 다시 환수돼서 남은 돈으로 평생 못살거라는...... 그 정도 금액으로 빨간 줄 가도록 그런걸 했단게 미스테리에요-_-",
        "client_msg_id": "6f2b6850-f27b-4115-8c4f-59fcf983460d",
        "thread_ts": "1533266184.000146",
        "parent_user_id": "UBDUVKQAE",
        "ts": "1533273292.000012"
    },
    {
        "type": "message",
        "user": "U9TKQU99V",
        "text": "후반부는 녹화를 진행하지 않았습니다. 수업후에 영상 따로 공유드리겠습니다 :)",
        "client_msg_id": "28D83041-BF96-4950-B7A4-67B729E5E138",
        "thread_ts": "1533266158.000068",
        "parent_user_id": "UBF1K97FH",
        "ts": "1533273338.000007"
    },
    {
        "type": "message",
        "user": "UBD8GMVNC",
        "text": "문희님, 야구는...... 넥센으로 보지 마세요...... 영원히 고통받는 히어로즈 야구 말고 행복한 베어스로 가세요 제발ㅜㅜ",
        "client_msg_id": "8c0dfca3-7d4a-4b36-bdd9-bb7d6279737a",
        "thread_ts": "1533266184.000146",
        "parent_user_id": "UBDUVKQAE",
        "ts": "1533273356.000027"
    },
    {
        "type": "message",
        "user": "UBD8GMVNC",
        "text": "감사합니다 :slightly_smiling_face:",
        "client_msg_id": "2dacfd71-9419-44cb-a6e8-2377d6b21a04",
        "thread_ts": "1533266158.000068",
        "parent_user_id": "UBF1K97FH",
        "ts": "1533273383.000141"
    },
    {
        "type": "message",
        "user": "UBD8GMVNC",
        "text": "30분은 결국 S모 회사 뒷담화(?!), 재테크(??!!)로 채워졌습니다ㅋㅋㅋㅋㅋ",
        "client_msg_id": "b052deaf-3e45-4426-a625-69fb2cbac85e",
        "thread_ts": "1533266755.000092",
        "parent_user_id": "UBDCWMFND",
        "ts": "1533273414.000096"
    },
    {
        "type": "message",
        "user": "UBF0XKTP1",
        "text": "<@UBD8GMVNC> '행복'하면.. 행복구단이죠",
        "client_msg_id": "176429b2-53e1-413c-b6cf-67f1a8d96d4d",
        "thread_ts": "1533266184.000146",
        "parent_user_id": "UBDUVKQAE",
        "ts": "1533273539.000136"
    },
    {
        "type": "message",
        "user": "UBF0XKTP1",
        "text": ":eagle:",
        "client_msg_id": "11671860-b4d2-4b2b-807e-02dcdf8744fa",
        "thread_ts": "1533266184.000146",
        "parent_user_id": "UBDUVKQAE",
        "ts": "1533273544.000001"
    },
    {
        "type": "message",
        "user": "UBD8GMVNC",
        "text": "<@UBF0XKTP1> 한화 넥센 롯데 전부 다 일단 우승부터 하고 이야기 시작할까요? ㅋㅋㅋㅋㅋㅋ",
        "client_msg_id": "ac749f5c-1bc6-4c1e-baf7-ae5ad4037aa3",
        "thread_ts": "1533266184.000146",
        "parent_user_id": "UBDUVKQAE",
        "ts": "1533273572.000128",
        "reactions": [
            {
                "name": "eagle",
                "users": [
                    "UBF0XKTP1",
                    "UBF0XHZD5"
                ],
                "count": 2
            }
        ]
    },
    {
        "type": "message",
        "user": "UBF1K97FH",
        "text": "스터디 데조의 사랑 세영님 발표에 언급된 브런치",
        "client_msg_id": "912f6762-ecc4-475e-a194-29391b6f76fb",
        "ts": "1533278261.000121"
    },
    {
        "type": "message",
        "user": "UBF1K97FH",
        "text": "<https:\/\/brunch.co.kr\/@gimmesilver\/20>",
        "client_msg_id": "1b08c0da-cce1-4ddb-a5ab-85ba863b47b4",
        "attachments": [
            {
                "service_name": "brunch",
                "title": "통계학이란 무엇인가",
                "title_link": "https:\/\/brunch.co.kr\/@gimmesilver\/20",
                "text": "0. 통계학을 한마디로 정의하면 무엇인가 제가 면접에서 종종 물어보는 질문이 하나 있습니다. 바로 '통계학을 한마디로 말하면 무엇이라고 생각하느냐?' 입니다. 그러면 다양한 대답이 돌아옵니다. '예측을 하는 학문이다', '자료에서 정보를 얻는 학문이다', '확률을 실생활에 적용할 수 있게 해주는 응용 학문이다' 등등... 아 얼마 전에는 '숫자 놀음'이라는",
                "fallback": "brunch: 통계학이란 무엇인가",
                "thumb_url": "https:\/\/t1.daumcdn.net\/brunch\/static\/img\/help\/pc\/img_share_default_800.png",
                "ts": 1497423480,
                "from_url": "https:\/\/brunch.co.kr\/@gimmesilver\/20",
                "thumb_width": 800,
                "thumb_height": 800,
                "service_icon": "http:\/\/t1.daumcdn.net\/brunch\/static\/icon\/ios\/icon152.png",
                "id": 1,
                "original_url": "https:\/\/brunch.co.kr\/@gimmesilver\/20"
            }
        ],
        "ts": "1533278264.000054",
        "reactions": [
            {
                "name": "+1",
                "users": [
                    "UBDRWBNRZ",
                    "UBE3NCBKP",
                    "UBDUUV802",
                    "U9TKQU99V",
                    "UBD8HB9C0",
                    "UBDCWMFND",
                    "UBDRWRE3D",
                    "UBDRXTD8B",
                    "UBELL5EF5",
                    "UBE3NMLCD",
                    "U9SN17L0M",
                    "UAMSPH7KM"
                ],
                "count": 12
            }
        ]
    },
    {
        "type": "message",
        "user": "UBF1K97FH",
        "text": "사랑? 자랑!",
        "client_msg_id": "1d57fcae-2601-46a8-a30e-e3889df39729",
        "thread_ts": "1533278270.000068",
        "reply_count": 4,
        "replies": [
            {
                "user": "UBDN8UG4C",
                "ts": "1533278380.000031"
            },
            {
                "user": "UBDN8T42G",
                "ts": "1533284784.000159"
            },
            {
                "user": "UBDN8T42G",
                "ts": "1533284823.000060"
            },
            {
                "user": "UBDN8UG4C",
                "ts": "1533293412.000025"
            }
        ],
        "unread_count": 4,
        "ts": "1533278270.000068",
        "reactions": [
            {
                "name": "laughing",
                "users": [
                    "UBE3NCBKP",
                    "UBDRWBNRZ",
                    "UBDUUV802",
                    "U9TKQU99V",
                    "UBD8HB9C0",
                    "UBDCWMFND",
                    "UBDRWK8SX",
                    "UBDN9579S",
                    "UBELL5EF5",
                    "UBD8GMVNC",
                    "U9SN17L0M",
                    "UBDN8T42G",
                    "UBDN8UG4C"
                ],
                "count": 13
            }
        ]
    },
    {
        "type": "message",
        "user": "UBDN8UG4C",
        "text": "Wow...너무 쑥쓰럽네요,,,, 껄껄",
        "client_msg_id": "0aba81d8-0cb2-431c-8381-a01fe990535b",
        "thread_ts": "1533278270.000068",
        "parent_user_id": "UBF1K97FH",
        "ts": "1533278380.000031",
        "reactions": [
            {
                "name": "man-with-bunny-ears-partying",
                "users": [
                    "UBF1K97FH",
                    "UBELL5EF5",
                    "U9SN17L0M",
                    "U9TKQU99V"
                ],
                "count": 4
            }
        ]
    }
]