[
    {
        "type": "message",
        "user": "UBBH69509",
        "text": "감사합니다 세영님ㅋㅋㅋㅋㅋㅋㅋㅋㅋㅋㅋㅋㅋㅋㅋㅋㅋㅋㅋㅋㅋㅋㅋ제거예룤ㅋㅋㅋㅋㅋㅋㅋㅋㅋㅋㅋㅋㅋㅋㅋㅋㅋㅋㅋㅋㅋㅋㅋㅋㅋㅋㅋㅋㅋㅋㅋㅋㅋㅋㅋㅋㅋㅋㅋㅋ",
        "client_msg_id": "6b4a171f-40bf-44cb-b51e-609917599197",
        "thread_ts": "1533354871.000017",
        "parent_user_id": "UBDN8UG4C",
        "ts": "1533373359.000018"
    },
    {
        "type": "message",
        "user": "UBDN8UG4C",
        "text": "ㅋㅋㅋㅋㅋㅋㅋ월욜에 드릴께여",
        "client_msg_id": "5A75C72F-4D49-4096-A664-CC1C4F780B54",
        "thread_ts": "1533354871.000017",
        "parent_user_id": "UBDN8UG4C",
        "ts": "1533373415.000041"
    },
    {
        "type": "message",
        "user": "UBBH69509",
        "text": "감사합니다아아아앙아아아아아아아:heart_eyes::heart_eyes:",
        "client_msg_id": "184ac323-98ec-4438-a19e-76b93cd92180",
        "thread_ts": "1533354871.000017",
        "parent_user_id": "UBDN8UG4C",
        "ts": "1533373428.000005"
    },
    {
        "type": "message",
        "user": "UBELL5EF5",
        "text": "요즘 하고 있는 일을 그냥 간략히 적어봅니다.\n\n네이버, 다음 등 포털에서 검색을 하면 검색 결과 상단에는 광고가 나옵니다. 사람들이 “꽃배달” 키워드로 검색을 하면 내 꽃배달 서비스의 홈페이지가 제일 상단에 노출되게 하려면 네이버에 돈(광고비)을 줘야 해요. 이걸 키워드 광고라고 부릅니다. 얼마를 주어야 몇 번째 순위로 나오는지는 경매 방식으로 정해집니다. “꽃배달” 키워드에 대하여 내가 제시한 입찰가보다 높은 입찰가를 제시한 사람이 없다면 내 사이트가 1위로 노출됩니다. 결국 키워드별로 경쟁이 얼마나 치열한지에 따라 키워드 광고 비용이 달라집니다. 한편, 검색 결과 1위에 노출될 때와 2위에 노출될 때 광고 비용은 3배 차이가 나지만 이에 따른 우리 가게의 매출에는 거의 차이가 없다면 굳이 1위를 하기보다는 2위를 하는 편이 광고비지출대비회수(RoAS; Return on Ad Spending) 관점에서 더 효율적입니다. 광고비를 효율적으로 집행하려면 내가 입찰한 키워드가 몇 위에 나오는지, 해당 키워드로 검색하고 우리 사이트에 들어온 사람들이 실제로 얼마의 매출을 일으키는지 등을 상시로 살펴보며 입찰가를 조정해야 합니다. 게다가 보통은 수십~수백개의 키워드를 한번에 등록하고 관리하기 때문에 수많은 키워드를 모두 동시에 살펴봐야 하는 문제가 있습니다. 프로그래밍을 통해 효율화하기에 좋은 영역입니다. 이런 식으로 키워드 광고 경매를 프로그램을 통해 자동화하는걸 프로그래머틱 비딩(programmatic bidding)이라고 불러요.\n\n요즘은 한 업체의 의뢰를 받아서 프로그래머틱 비딩 알고리즘을 만들고 있습니다.\n\n이 프로그램을 만들려면 네이버에서 제공하는 키워드별 입찰 현황을 주기적으로 얻어와야 하는데 이 때 `urllib.request.urlopen()` 함수를 이용합니다.\n\n최적의 입찰가를 계산하려면 “꽃배달” 키워드로 검색한 후 우리 사이트에 접속한 사람들의 기록과, 그 사람들이 일으킨 매출의 기록을 알아야 합니다. 이를 위해서는 웹사이트에 자바스크립트 코드를 심어서 사람들의 행동 데이터를 수집합니다. 이런 스크립트를 수집 스크립트라고 불러요. 데이터를 분석하려면 수집 스크립트가 수집한 데이터(키워드 검색 후 유입 로그와 상품 구매 로그)를 한 곳에 모아놔야 합니다. 수집 스크립트가 전송한 로그를 받아주는 서버로는 nginx라는 웹 서버를 썼고, nginx가 받은 로그를 데이터베이스로 전송하는 프로그램으로는 fluent-bit라는 프로그램을 썼고, 로그를 저장하는 데이터베이스로는 influxdb라는 프로그램을 썼습니다. 전통적으로는 관계형 데이터베이스(Relational Database)라는 종류의 프로그램을 써서 데이터를 저장하는데 가장 흔히 쓰는 제품은 MySql, MariaDB, sqlite, postgresql, Microsoft SQL, Oracle 등입니다. 하지만 관계형 데이터베이스는 기능이 너무 많고 막강해서 단순히 로그를 수집하는 용도로 쓰기엔 오히려 느리고 비효율적입니다. 그래서 우리는 시계열데이터만 전문으로 처리하는 influxdb를 선택해서 썼어요.\n\n이런 식으로 용도에 맞는 프로그램을 찾아서 쓰면 효율이 좋아진다는 장점이 있지만 남들이 잘 안쓰는 프로그램이라서 버그가 상대적으로 많을 수도 있습니다. 우리는 nginx가 받은 로그를 influxdb로 중계해주는 fluent-bit에서 버그를 발견했어요. 깃헙의 해당 프로젝트 저장소에 issue를 등록해서 버그가 있다고 알려줬지만 <https:\/\/github.com\/fluent\/fluent-bit\/issues\/592> 몇 달 동안 안고치고 있네요. (버그를 신고할 때는 어쩌고 저쩌고(documentation or reference)에 의하면 이렇게 작동해야할 것 같은데(expected behavior), 실제로는 요렇게 작동하니까(actual behavior) 버그인 것 같다는 식으로 적어주면 좋습니다.)\n\n버그가 고쳐질동안 기다릴 수는 없으니 임시로 땜빵질을 하여 어떻게든 상황을 넘기고 계속 프로젝트를 진행하고 있어요.\n\n네이버에서 제공한 키워드별 입찰 현황 정보랑, influxdb에 모인 로그를 가지고 최적의 입찰가를 계산하는 파이썬 코드를 만들었습니다. 이 파이썬 코드는 다시 `urllib.request.urlopen()` 함수를 이용하여 계산 결과를 네이버에 전송합니다. 우리 수업에서는 여태 `urlopen()` 함수를 웹사이트의 데이터를 “읽어오는” 용도로만 썼지만, 우리가 가진 정보(신규 입찰가)를 웹사이트에 “알려주는” 용도로도 쓸 수 있어요.\n\n앞으로도 간혹 수업에서 배우는 내용들이 구체적으로 어떻게 쓰이는지 적어보도록 하겠습니다.",
        "client_msg_id": "aece0f04-0953-4132-b8ff-7d02f00563ea",
        "edited": {
            "user": "UBELL5EF5",
            "ts": "1533437375.000000"
        },
        "thread_ts": "1533380401.000009",
        "reply_count": 3,
        "replies": [
            {
                "user": "UBDN8T42G",
                "ts": "1533435139.000032"
            },
            {
                "user": "UBELL5EF5",
                "ts": "1533437525.000034"
            },
            {
                "user": "UBF0XFP7Z",
                "ts": "1533442349.000043"
            }
        ],
        "unread_count": 3,
        "ts": "1533380401.000009",
        "reactions": [
            {
                "name": "bouquet",
                "users": [
                    "UBF0XHZD5",
                    "UBDRWADQB",
                    "UBE3NCBKP",
                    "UBD8GMVNC",
                    "UBDRWRE3D",
                    "U9TKQU99V",
                    "UBDN8UG4C",
                    "UBDUUV802",
                    "U9SN17L0M",
                    "UBDRWK8SX",
                    "UA4EGE85S",
                    "U9UFEBXGF",
                    "UBDN8T42G",
                    "UBF0XFP7Z",
                    "UBDRXTD8B"
                ],
                "count": 15
            },
            {
                "name": "hibiscus",
                "users": [
                    "UBDN8UG4C",
                    "UBDUUV802",
                    "U9SN17L0M",
                    "UBDRWK8SX",
                    "UA4EGE85S",
                    "U9UFEBXGF",
                    "UBDN8T42G",
                    "UBF0XFP7Z"
                ],
                "count": 8
            },
            {
                "name": "ddongule2",
                "users": [
                    "UBDUU48UA",
                    "U9SN17L0M",
                    "UBDN8T42G",
                    "UBF0XFP7Z",
                    "UBDCWMFND"
                ],
                "count": 5
            },
            {
                "name": "exploding_head",
                "users": [
                    "UBDRVLD1R",
                    "UBDRWK8SX",
                    "UBDN8T42G",
                    "UBE3NMLCD",
                    "UBDCWMFND"
                ],
                "count": 5
            },
            {
                "name": "face_with_hand_over_mouth",
                "users": [
                    "UBDN8T42G",
                    "UBF0XFP7Z"
                ],
                "count": 2
            },
            {
                "name": "blue_heart",
                "users": [
                    "UBDN8T42G"
                ],
                "count": 1
            }
        ]
    },
    {
        "type": "message",
        "user": "U9TKQU99V",
        "text": "제가 일정 맞춰서 다같이 모이는 시간 알려드릴게요 :)",
        "client_msg_id": "85A3FEE8-B722-4371-9F6F-DA6AD70A6586",
        "thread_ts": "1533284089.000238",
        "parent_user_id": "U9TKQU99V",
        "ts": "1533384763.000035"
    },
    {
        "type": "message",
        "user": "UBDN8T42G",
        "text": "대박 애란쌤 이걸 실제 구현하려는 업체가 있긴하군여ㅠㅠ (에이전시인가요??) 어딘지 너무 궁금하고 완전 재밌네요. 후속 글 기대하고 있을게요. 제가 강의 기획할때 프로그래매틱 애드 비딩 강의 기획했다가 한국에서는 이 주제가 너무 이르다고 폭망(..)했던 기억이 있기도하고 실제로 SEM하면서 키워드 관리하다가 비 인간적인 (....) 업무에 질렸던 기억이 나서 완전 응원합니다. ㅠㅠ 멋져요!!!!",
        "client_msg_id": "D68DD2F0-4BFA-4DEE-A5CF-E11533DFEC13",
        "thread_ts": "1533380401.000009",
        "parent_user_id": "UBELL5EF5",
        "ts": "1533435139.000032",
        "reactions": [
            {
                "name": "+1",
                "users": [
                    "UBELL5EF5",
                    "U9SN17L0M",
                    "UBDRXTD8B"
                ],
                "count": 3
            }
        ]
    },
    {
        "type": "message",
        "user": "UBELL5EF5",
        "text": "지영님께서도 관련된 일을 하셨었군요! 이걸 이미 만들어서 판매하는 회사(<https:\/\/www.selbot.kr\/>)도 있더라구요 :slightly_smiling_face: 네이버는 API가 별로 좋지 않아서 고생을 하고 있지만 Google이나 Facebook은 API가 깔끔한 편이라 프로그래머틱 비딩을 하는 프로그램이나 서비스가 더 많을 것 같아요.",
        "client_msg_id": "e53791ca-c58a-4bee-8588-69014d400a1a",
        "attachments": [
            {
                "title": "셀봇-네이버자동입찰\/부정클릭관리",
                "title_link": "https:\/\/www.selbot.kr\/",
                "text": "정말 빠른 실시간 네이버자동입찰, 부정클릭 원터치 차단, 2018년형 네이버 다음 완벽지원!",
                "fallback": "셀봇-네이버자동입찰\/부정클릭관리",
                "image_url": "https:\/\/static.wixstatic.com\/media\/b3bffc_8dff675a26ba4d429816154c95f0d7cd.jpg",
                "from_url": "https:\/\/www.selbot.kr\/",
                "image_width": 250,
                "image_height": 250,
                "image_bytes": 18664,
                "service_icon": "https:\/\/static.wixstatic.com\/media\/b3bffc_622f2ad925df46309b43d6c0aa709721%7Emv2.jpg\/v1\/fill\/w_32%2Ch_32%2Clg_1%2Cusm_0.66_1.00_0.01\/b3bffc_622f2ad925df46309b43d6c0aa709721%7Emv2.jpg",
                "service_name": "selbot.kr",
                "id": 1,
                "original_url": "https:\/\/www.selbot.kr\/"
            }
        ],
        "thread_ts": "1533380401.000009",
        "parent_user_id": "UBELL5EF5",
        "ts": "1533437525.000034",
        "reactions": [
            {
                "name": "face_with_hand_over_mouth",
                "users": [
                    "UBDN8T42G",
                    "UBDCWMFND"
                ],
                "count": 2
            }
        ]
    },
    {
        "type": "message",
        "user": "UBF0XFP7Z",
        "text": "진짜 멋있어요..:+1: 언젠가 우리도 이런 능력을 갖길:heavy_heart_exclamation_mark_ornament:",
        "client_msg_id": "1577DADE-CFF8-402F-A786-6A67FAD90125",
        "thread_ts": "1533380401.000009",
        "parent_user_id": "UBELL5EF5",
        "ts": "1533442349.000043",
        "reactions": [
            {
                "name": "+1",
                "users": [
                    "UBELL5EF5",
                    "U9SN17L0M",
                    "UBDCWMFND"
                ],
                "count": 3
            }
        ]
    },
    {
        "type": "message",
        "user": "UBE3NCBKP",
        "text": "안녕하세요!! 파티(aka MT) 추진 위원회 C조입니다!! 엠티 관련하여 공지를 하기 위해 설문조사를 만들었습니다. 모두 읽어보시고 꼭 설문 참여 부탁드립니다! 읽어보시고 궁금한 점이 있으시면 월요일 수업 시작 전이나 쉬는 시간에 Q &amp; A 시간을 가질 예정이 그 때 편하게 말씀해주세요!\n\n<https:\/\/docs.google.com\/forms\/d\/e\/1FAIpQLSci-eMjHFJLncsLxA07iIndLynFNjOa65ZHEKIqg-It8WwtUA\/viewform?usp=sf_link>",
        "client_msg_id": "f97d49b6-fde4-47c4-982e-2c56e1c18cbf",
        "thread_ts": "1533445783.000029",
        "reply_count": 1,
        "replies": [
            {
                "user": "UBDN8UG4C",
                "ts": "1533456158.000037"
            }
        ],
        "unread_count": 1,
        "ts": "1533445783.000029",
        "reactions": [
            {
                "name": "ddongule2",
                "users": [
                    "U9SN17L0M",
                    "UA4EGE85S",
                    "UBDUVKQAE",
                    "UBELL5EF5",
                    "UBDRWBNRZ",
                    "UBF0XHZD5",
                    "UBDRWK8SX",
                    "UBDCWMFND",
                    "UBDRWRE3D",
                    "U9UFEBXGF",
                    "UAMRJQYTE"
                ],
                "count": 11
            },
            {
                "name": "+1",
                "users": [
                    "U9SN17L0M",
                    "UBELL5EF5",
                    "UBDRWBNRZ",
                    "UBF0XHZD5",
                    "UBDRWK8SX",
                    "UBDN8T42G",
                    "UBDRWRE3D",
                    "U9UFEBXGF"
                ],
                "count": 8
            },
            {
                "name": "blue_heart",
                "users": [
                    "U9SN17L0M",
                    "UBELL5EF5",
                    "UBF0XHZD5",
                    "UBDRWK8SX",
                    "UBES4Q6LE",
                    "UBDRWRE3D",
                    "U9UFEBXGF"
                ],
                "count": 7
            },
            {
                "name": "heart_eyes",
                "users": [
                    "U9SN17L0M",
                    "UBELL5EF5",
                    "UBF0XHZD5",
                    "UBDRWK8SX",
                    "UBDRWRE3D",
                    "U9UFEBXGF"
                ],
                "count": 6
            },
            {
                "name": "the_love",
                "users": [
                    "U9SN17L0M",
                    "UBELL5EF5",
                    "UBF0XHZD5",
                    "UBDRWK8SX",
                    "U9UFEBXGF"
                ],
                "count": 5
            }
        ]
    }
]