[
    {
        "type": "message",
        "user": "UBES4Q6LE",
        "text": "안녕하세요 : ) 삼성에서 주관하는 데이터 분석 대회인데 함께하면 좋을것 같아서 링크 남깁니다!\n혹시 관심 있으신 분 계시면 dm 주세요~~:slightly_smiling_face:\n<https:\/\/research.samsung.com\/aichallenge\/data>",
        "client_msg_id": "2b371546-b3be-42cb-90a6-3d3e9a125173",
        "attachments": [
            {
                "title": "Samsung Data Challenge | Samsung Research",
                "title_link": "https:\/\/research.samsung.com\/aichallenge\/data",
                "text": "Samsung Data Challenge",
                "fallback": "Samsung Data Challenge | Samsung Research",
                "image_url": "https:\/\/cdn.codeground.org\/sr\/images\/meta\/saic_600.png",
                "from_url": "https:\/\/research.samsung.com\/aichallenge\/data",
                "image_width": 476,
                "image_height": 250,
                "image_bytes": 11977,
                "service_icon": "https:\/\/cdn.samsung.com\/etc\/designs\/smg\/global\/imgs\/favicon.ico",
                "service_name": "research.samsung.com",
                "id": 1,
                "original_url": "https:\/\/research.samsung.com\/aichallenge\/data"
            }
        ],
        "ts": "1532591294.000173",
        "reactions": [
            {
                "name": "heart_eyes",
                "users": [
                    "UBDUUV802",
                    "UA4EGE85S",
                    "U9SN17L0M",
                    "UBELL5EF5",
                    "UBDN9579S",
                    "UBDRWBNRZ",
                    "UBF0XHZD5",
                    "UBBH69509",
                    "UBDRWK8SX",
                    "UBD8HB9C0",
                    "UBDCWMFND",
                    "UBE3NMLCD"
                ],
                "count": 12
            },
            {
                "name": "ddongule2",
                "users": [
                    "UBDRVLD1R"
                ],
                "count": 1
            }
        ]
    },
    {
        "type": "message",
        "user": "U9SN17L0M",
        "text": "수업자료 입니다. 공유가 늦었습니다. \n<https:\/\/drive.google.com\/drive\/u\/0\/folders\/1PourVrJ2LpGSxMa7SoVkZeWtP38nlLib>",
        "client_msg_id": "894a06c2-9c04-4b73-a19b-466a9f5f7ff8",
        "ts": "1532621263.000424",
        "reactions": [
            {
                "name": "blush",
                "users": [
                    "UA4EGE85S",
                    "UBELL5EF5",
                    "UBDN9579S",
                    "UBD8GMVNC",
                    "U9UFEBXGF",
                    "UBDN8T42G",
                    "UBDCWMFND"
                ],
                "count": 7
            }
        ]
    },
    {
        "type": "message",
        "user": "UA4EGE85S",
        "text": "오후 통계수업자료도 공유드립니다. 밤늦게 죄송합니다.\n<https:\/\/drive.google.com\/drive\/folders\/1eAxnUeM_9BmcxNlLGSjMyIvOVv5DdsYt>",
        "client_msg_id": "61a88084-67c4-4b12-9b91-3e040966b1f0",
        "ts": "1532621823.000005",
        "reactions": [
            {
                "name": "+1",
                "users": [
                    "UBELL5EF5",
                    "UBDN9579S",
                    "UBD8GMVNC",
                    "U9UFEBXGF",
                    "UBDN8T42G",
                    "UBDCWMFND"
                ],
                "count": 6
            }
        ]
    },
    {
        "type": "message",
        "user": "UBF1K97FH",
        "text": "git 내용 공유합니다",
        "client_msg_id": "ca14d35b-b9a2-43b5-a919-23927ade53d6",
        "ts": "1532652505.000023"
    },
    {
        "type": "message",
        "text": "",
        "files": [
            {
                "id": "FBXTL2XPU",
                "created": 1532652513,
                "timestamp": 1532652513,
                "name": "git_012.jpg",
                "title": "git_012.jpg",
                "mimetype": "image\/jpeg",
                "filetype": "jpg",
                "pretty_type": "JPEG",
                "user": "UBF1K97FH",
                "editable": false,
                "size": 46465,
                "mode": "hosted",
                "is_external": false,
                "external_type": "",
                "is_public": true,
                "public_url_shared": false,
                "display_as_bot": false,
                "username": "",
                "url_private": "https:\/\/files.slack.com\/files-pri\/T9SHC5F9S-FBXTL2XPU\/git_012.jpg?t=xoxe-332590185332-430098056850-431139793783-a3ecafe0d0f66efa522a67af632228d7",
                "url_private_download": "https:\/\/files.slack.com\/files-pri\/T9SHC5F9S-FBXTL2XPU\/download\/git_012.jpg?t=xoxe-332590185332-430098056850-431139793783-a3ecafe0d0f66efa522a67af632228d7",
                "thumb_64": "https:\/\/files.slack.com\/files-tmb\/T9SHC5F9S-FBXTL2XPU-71b93393c3\/git_012_64.jpg?t=xoxe-332590185332-430098056850-431139793783-a3ecafe0d0f66efa522a67af632228d7",
                "thumb_80": "https:\/\/files.slack.com\/files-tmb\/T9SHC5F9S-FBXTL2XPU-71b93393c3\/git_012_80.jpg?t=xoxe-332590185332-430098056850-431139793783-a3ecafe0d0f66efa522a67af632228d7",
                "thumb_360": "https:\/\/files.slack.com\/files-tmb\/T9SHC5F9S-FBXTL2XPU-71b93393c3\/git_012_360.jpg?t=xoxe-332590185332-430098056850-431139793783-a3ecafe0d0f66efa522a67af632228d7",
                "thumb_360_w": 360,
                "thumb_360_h": 254,
                "thumb_480": "https:\/\/files.slack.com\/files-tmb\/T9SHC5F9S-FBXTL2XPU-71b93393c3\/git_012_480.jpg?t=xoxe-332590185332-430098056850-431139793783-a3ecafe0d0f66efa522a67af632228d7",
                "thumb_480_w": 480,
                "thumb_480_h": 339,
                "thumb_160": "https:\/\/files.slack.com\/files-tmb\/T9SHC5F9S-FBXTL2XPU-71b93393c3\/git_012_160.jpg?t=xoxe-332590185332-430098056850-431139793783-a3ecafe0d0f66efa522a67af632228d7",
                "thumb_720": "https:\/\/files.slack.com\/files-tmb\/T9SHC5F9S-FBXTL2XPU-71b93393c3\/git_012_720.jpg?t=xoxe-332590185332-430098056850-431139793783-a3ecafe0d0f66efa522a67af632228d7",
                "thumb_720_w": 720,
                "thumb_720_h": 509,
                "thumb_800": "https:\/\/files.slack.com\/files-tmb\/T9SHC5F9S-FBXTL2XPU-71b93393c3\/git_012_800.jpg?t=xoxe-332590185332-430098056850-431139793783-a3ecafe0d0f66efa522a67af632228d7",
                "thumb_800_w": 800,
                "thumb_800_h": 565,
                "image_exif_rotation": 1,
                "original_w": 842,
                "original_h": 595,
                "permalink": "https:\/\/daitgirls.slack.com\/files\/UBF1K97FH\/FBXTL2XPU\/git_012.jpg",
                "permalink_public": "https:\/\/slack-files.com\/T9SHC5F9S-FBXTL2XPU-3de77286db"
            }
        ],
        "upload": true,
        "user": "UBF1K97FH",
        "display_as_bot": false,
        "thread_ts": "1532652516.000142",
        "reply_count": 1,
        "replies": [
            {
                "user": "UBDRWK8SX",
                "ts": "1532654674.000062"
            }
        ],
        "unread_count": 1,
        "ts": "1532652516.000142",
        "reactions": [
            {
                "name": "heart_eyes",
                "users": [
                    "U9SN17L0M",
                    "U9UFEBXGF",
                    "UBE3NCBKP",
                    "UBELL5EF5",
                    "UBDRWBNRZ",
                    "UBDRWK8SX",
                    "UBDCWMFND",
                    "UBE3NMLCD",
                    "UA4EGE85S"
                ],
                "count": 9
            },
            {
                "name": "the_love",
                "users": [
                    "U9SN17L0M",
                    "U9UFEBXGF",
                    "UBE3NMLCD"
                ],
                "count": 3
            },
            {
                "name": "ddongule2",
                "users": [
                    "U9SN17L0M",
                    "U9UFEBXGF",
                    "UBE3NMLCD"
                ],
                "count": 3
            }
        ]
    },
    {
        "type": "message",
        "text": "",
        "files": [
            {
                "id": "FBXLFBQUC",
                "created": 1532652519,
                "timestamp": 1532652519,
                "name": "git_01.jpg",
                "title": "git_01.jpg",
                "mimetype": "image\/jpeg",
                "filetype": "jpg",
                "pretty_type": "JPEG",
                "user": "UBF1K97FH",
                "editable": false,
                "size": 65308,
                "mode": "hosted",
                "is_external": false,
                "external_type": "",
                "is_public": true,
                "public_url_shared": false,
                "display_as_bot": false,
                "username": "",
                "url_private": "https:\/\/files.slack.com\/files-pri\/T9SHC5F9S-FBXLFBQUC\/git_01.jpg?t=xoxe-332590185332-430098056850-431139793783-a3ecafe0d0f66efa522a67af632228d7",
                "url_private_download": "https:\/\/files.slack.com\/files-pri\/T9SHC5F9S-FBXLFBQUC\/download\/git_01.jpg?t=xoxe-332590185332-430098056850-431139793783-a3ecafe0d0f66efa522a67af632228d7",
                "thumb_64": "https:\/\/files.slack.com\/files-tmb\/T9SHC5F9S-FBXLFBQUC-1fcef84b95\/git_01_64.jpg?t=xoxe-332590185332-430098056850-431139793783-a3ecafe0d0f66efa522a67af632228d7",
                "thumb_80": "https:\/\/files.slack.com\/files-tmb\/T9SHC5F9S-FBXLFBQUC-1fcef84b95\/git_01_80.jpg?t=xoxe-332590185332-430098056850-431139793783-a3ecafe0d0f66efa522a67af632228d7",
                "thumb_360": "https:\/\/files.slack.com\/files-tmb\/T9SHC5F9S-FBXLFBQUC-1fcef84b95\/git_01_360.jpg?t=xoxe-332590185332-430098056850-431139793783-a3ecafe0d0f66efa522a67af632228d7",
                "thumb_360_w": 360,
                "thumb_360_h": 254,
                "thumb_480": "https:\/\/files.slack.com\/files-tmb\/T9SHC5F9S-FBXLFBQUC-1fcef84b95\/git_01_480.jpg?t=xoxe-332590185332-430098056850-431139793783-a3ecafe0d0f66efa522a67af632228d7",
                "thumb_480_w": 480,
                "thumb_480_h": 339,
                "thumb_160": "https:\/\/files.slack.com\/files-tmb\/T9SHC5F9S-FBXLFBQUC-1fcef84b95\/git_01_160.jpg?t=xoxe-332590185332-430098056850-431139793783-a3ecafe0d0f66efa522a67af632228d7",
                "thumb_720": "https:\/\/files.slack.com\/files-tmb\/T9SHC5F9S-FBXLFBQUC-1fcef84b95\/git_01_720.jpg?t=xoxe-332590185332-430098056850-431139793783-a3ecafe0d0f66efa522a67af632228d7",
                "thumb_720_w": 720,
                "thumb_720_h": 509,
                "thumb_800": "https:\/\/files.slack.com\/files-tmb\/T9SHC5F9S-FBXLFBQUC-1fcef84b95\/git_01_800.jpg?t=xoxe-332590185332-430098056850-431139793783-a3ecafe0d0f66efa522a67af632228d7",
                "thumb_800_w": 800,
                "thumb_800_h": 565,
                "image_exif_rotation": 1,
                "original_w": 842,
                "original_h": 595,
                "permalink": "https:\/\/daitgirls.slack.com\/files\/UBF1K97FH\/FBXLFBQUC\/git_01.jpg",
                "permalink_public": "https:\/\/slack-files.com\/T9SHC5F9S-FBXLFBQUC-03a4c075b9"
            }
        ],
        "upload": true,
        "user": "UBF1K97FH",
        "display_as_bot": false,
        "ts": "1532652522.000098",
        "reactions": [
            {
                "name": "heart_eyes",
                "users": [
                    "U9SN17L0M",
                    "U9UFEBXGF",
                    "UBE3NCBKP",
                    "UBELL5EF5",
                    "UBDRWBNRZ",
                    "UBDRWK8SX",
                    "UBDCWMFND",
                    "UA4EGE85S"
                ],
                "count": 8
            },
            {
                "name": "the_love",
                "users": [
                    "U9SN17L0M",
                    "U9UFEBXGF",
                    "UBE3NMLCD"
                ],
                "count": 3
            },
            {
                "name": "ddongule2",
                "users": [
                    "U9SN17L0M",
                    "U9UFEBXGF",
                    "UBE3NMLCD"
                ],
                "count": 3
            }
        ]
    },
    {
        "type": "message",
        "user": "U9SN17L0M",
        "text": "일찍 오신 분들 어제 특강 피드백을 부탁드려요. \n<https:\/\/goo.gl\/forms\/791qKEIT8SZRK1aC2>",
        "client_msg_id": "4ec84f3c-c8ad-472f-a656-6724d47a6c37",
        "attachments": [
            {
                "service_name": "Google Docs",
                "title": "수업 평가",
                "title_link": "https:\/\/goo.gl\/forms\/791qKEIT8SZRK1aC2",
                "text": "수업 평가는 익명으로 수집되며, 강의를 개선하기 위한 목적 이외의 어떠한 용도로도 사용하지 않습니다.",
                "fallback": "Google Docs: 수업 평가",
                "image_url": "https:\/\/lh6.googleusercontent.com\/MmUMZHRjw22SaTkCqs48B_8MyqWeFOG4eF2q_bD1HQiQLp5nDewpEmcV3WiS1Si_D0s",
                "image_width": 333,
                "image_height": 250,
                "from_url": "https:\/\/goo.gl\/forms\/791qKEIT8SZRK1aC2",
                "image_bytes": 46236,
                "service_icon": "http:\/\/ssl.gstatic.com\/docs\/forms\/device_home\/ios_120.png",
                "id": 1,
                "original_url": "https:\/\/goo.gl\/forms\/791qKEIT8SZRK1aC2"
            }
        ],
        "ts": "1532653196.000146",
        "reactions": [
            {
                "name": "+1",
                "users": [
                    "UBELL5EF5",
                    "UA4EGE85S"
                ],
                "count": 2
            }
        ]
    },
    {
        "type": "message",
        "user": "UBDRWK8SX",
        "text": "안녕하세요..혹시 17년형 맥 충전기 있으신분…계신가요?… 쥬륵…",
        "client_msg_id": "6e3e246c-77d0-42c9-8ffe-e4e36947e2b2",
        "thread_ts": "1532653424.000122",
        "reply_count": 3,
        "replies": [
            {
                "user": "UBDRWK8SX",
                "ts": "1532654019.000031"
            },
            {
                "user": "UBELL5EF5",
                "ts": "1532655292.000044"
            },
            {
                "user": "UBDRWK8SX",
                "ts": "1532655649.000030"
            }
        ],
        "unread_count": 3,
        "ts": "1532653424.000122",
        "reactions": [
            {
                "name": "scream",
                "users": [
                    "UBELL5EF5",
                    "UBD8GMVNC",
                    "UBE3NCBKP",
                    "UA4EGE85S",
                    "UBF0XFP7Z"
                ],
                "count": 5
            }
        ]
    },
    {
        "type": "message",
        "user": "UBDRWK8SX",
        "text": "채원님께서 공유해주셨습니다..ㅠㅠ 정말 감사합니다. :pray:",
        "client_msg_id": "c1a4d228-5299-44d5-863c-2f2f00f4c799",
        "thread_ts": "1532653424.000122",
        "parent_user_id": "UBDRWK8SX",
        "ts": "1532654019.000031",
        "reactions": [
            {
                "name": "+1",
                "users": [
                    "UBE3NCBKP",
                    "UBELL5EF5"
                ],
                "count": 2
            }
        ]
    },
    {
        "type": "message",
        "user": "UBDRWK8SX",
        "text": "멋져요…ㅠㅠ감동",
        "client_msg_id": "39b43cbf-b624-4f32-876a-e3126d508f69",
        "thread_ts": "1532652516.000142",
        "parent_user_id": "UBF1K97FH",
        "ts": "1532654674.000062"
    },
    {
        "type": "message",
        "user": "UBELL5EF5",
        "text": "저도 1시간 쯤 후에 도착 예정입니다. 혹시 몰라서 충전기 하나 챙겨왔어요.",
        "client_msg_id": "35E794B5-F01C-4AF8-A034-ADDE4783C546",
        "thread_ts": "1532653424.000122",
        "parent_user_id": "UBDRWK8SX",
        "ts": "1532655292.000044",
        "reactions": [
            {
                "name": "+1",
                "users": [
                    "UBF0XFP7Z"
                ],
                "count": 1
            }
        ]
    },
    {
        "type": "message",
        "user": "UBDRWK8SX",
        "text": "<@UBELL5EF5> 헉...애란쌤…정말 감사합니다 :sob::+1:",
        "client_msg_id": "fc39e920-9edc-4bc0-8c46-dabe07dcba5f",
        "thread_ts": "1532653424.000122",
        "parent_user_id": "UBDRWK8SX",
        "ts": "1532655649.000030",
        "reactions": [
            {
                "name": "slightly_smiling_face",
                "users": [
                    "UBELL5EF5"
                ],
                "count": 1
            }
        ]
    },
    {
        "type": "message",
        "user": "UBE3NCBKP",
        "text": "저희 과제 폴더가 어디있죠...? ㅠㅠㅠ",
        "client_msg_id": "cc066b50-ef5f-4bd8-a1db-162fefdc20e6",
        "ts": "1532668791.000007"
    },
    {
        "type": "message",
        "user": "U9TKQU99V",
        "text": "이론 과제 제출 폴더입니다.\n<https:\/\/drive.google.com\/open?id=1wmn6RNO96mIi0AfY8cPIVtv1mL8CkEH2>",
        "client_msg_id": "a43b1f8e-ecad-4290-af09-e02493033d0e",
        "ts": "1532668824.000031"
    },
    {
        "type": "message",
        "user": "UBDUVKQAE",
        "text": "20일 수업자료 안에 폴더 있어요",
        "client_msg_id": "81917e75-b73b-40e5-a018-6abb47a0c405",
        "ts": "1532668837.000157"
    },
    {
        "type": "message",
        "user": "UBE3NCBKP",
        "text": "아 감사합니당!",
        "client_msg_id": "176a8f16-e334-4ff6-8f47-b6e2a6543a55",
        "ts": "1532668842.000128"
    },
    {
        "type": "message",
        "user": "UBDN8T42G",
        "text": "1.37580917",
        "client_msg_id": "69f98455-036f-4ddb-a0a0-52f8df94a513",
        "ts": "1532673258.000133"
    },
    {
        "type": "message",
        "user": "UBDUU7X7U",
        "text": "1.445102813",
        "client_msg_id": "5181644e-636f-4d10-b9c1-d64cfee2ddaf",
        "ts": "1532673269.000079"
    },
    {
        "type": "message",
        "user": "UBD8HB9C0",
        "text": "1.512680591",
        "client_msg_id": "6c041926-b84c-40cd-a887-0d31a8766c60",
        "ts": "1532673269.000104"
    },
    {
        "type": "message",
        "user": "UBDRWU3GT",
        "text": "1.344245814",
        "client_msg_id": "6591f066-2b7d-47a5-9202-82009e93eb1c",
        "ts": "1532673273.000161"
    },
    {
        "type": "message",
        "user": "UBDUUUCMQ",
        "text": "1.683771775",
        "client_msg_id": "ead5d2b4-cb6d-4c69-842a-9aa3bba7431c",
        "ts": "1532673275.000016"
    },
    {
        "type": "message",
        "user": "UBD8GLUEL",
        "text": "1.521114916",
        "client_msg_id": "87ab32a0-5a67-453c-875f-79a4249a6e14",
        "ts": "1532673311.000087"
    },
    {
        "type": "message",
        "user": "UBD8GMVNC",
        "text": "1.582767, 1.279228, 1.473177 3개 세트 돌린 결과입니다ㅎㅎ",
        "client_msg_id": "8cac7f50-e552-41c1-a92d-0093d9064a93",
        "ts": "1532673321.000014",
        "reactions": [
            {
                "name": "+1",
                "users": [
                    "UBDN8T42G"
                ],
                "count": 1
            }
        ]
    },
    {
        "type": "message",
        "user": "UBDUUV802",
        "text": "1.702947772",
        "client_msg_id": "c35cbc49-ba4a-4714-aa6b-1dab09d30cc6",
        "ts": "1532673325.000026"
    },
    {
        "type": "message",
        "user": "UBE3NMLCD",
        "text": "1.40382921985724",
        "client_msg_id": "bb9f0ae6-6b37-4c96-b1ce-843a70ca5ab6",
        "ts": "1532673334.000008"
    },
    {
        "type": "message",
        "user": "UBDN8UG4C",
        "text": "1.481452152",
        "client_msg_id": "9f6ade48-657a-4638-9eb4-c7739f9c4e97",
        "ts": "1532673343.000234"
    },
    {
        "type": "message",
        "user": "UBE3NCBKP",
        "text": "1.536204267",
        "client_msg_id": "5e6093cb-84b7-48b7-bc41-de5213773df4",
        "ts": "1532673348.000175"
    },
    {
        "type": "message",
        "user": "UBDUU48UA",
        "text": "1.708602511161007\n1.6668411780600005\n1.6040905766139197",
        "client_msg_id": "3859a6ec-82fa-4118-afc2-9ba289e98580",
        "ts": "1532673350.000021"
    },
    {
        "type": "message",
        "user": "UBDUUHX4J",
        "text": "1.540...",
        "client_msg_id": "94cde48d-c250-46b9-a8fc-2081fe767c9d",
        "ts": "1532673371.000199"
    },
    {
        "type": "message",
        "user": "UBDCWPPNV",
        "text": "average\n0.7763049199",
        "client_msg_id": "698ccf20-d289-4fac-a6fd-4715962ffcc2",
        "ts": "1532673376.000050"
    },
    {
        "type": "message",
        "user": "UA4EGE85S",
        "text": "1.191646218\n1.508547816\n1.482536574\n1.670617393\n1.191815602\n1.788471803\n1.395539647\n1.579557533\n1.366081507\n1.813329152\n1.813329152\n1.663542167\n1.295126465\n1.105512205\n1.627839591\n1.548988161\n1.589043373\n1.737636833\n1.969684477\n1.309927152\n1.402485263\n1.363144413\n1.714662703\n1.613854795\n1.035526836\n1.727041354\n1.435075734\n1.765576845\n1.681635798\n1.430373973\n1.662575666\n1.927458582\n1.608852846\n1.608852846\n1.439726343\n1.254188856\n1.628365567\n1.364843459\n1.463546324\n1.381143945",
        "client_msg_id": "c0daa066-4e7d-4679-ad22-77fa9832b933",
        "ts": "1532673383.000161"
    },
    {
        "type": "message",
        "user": "UBDRVLD1R",
        "text": "1.887088499",
        "client_msg_id": "20bccb3d-f578-47a3-9ef1-c71e9269e05c",
        "ts": "1532673395.000008"
    },
    {
        "type": "message",
        "user": "UBDRWBNRZ",
        "text": "0.5692342019",
        "client_msg_id": "0fcd8c74-fcaf-4133-9497-1618b8cf3c35",
        "ts": "1532673403.000184"
    },
    {
        "type": "message",
        "user": "UBDRWADQB",
        "text": "0.6020599913",
        "client_msg_id": "6571c700-abae-4aa9-8638-1fb2481f29bc",
        "ts": "1532673411.000061"
    },
    {
        "type": "message",
        "user": "UBDN90RJQ",
        "text": "1.257542057",
        "client_msg_id": "410a5242-3a4e-496a-b52a-b2fb0ad8b1da",
        "ts": "1532673415.000043"
    },
    {
        "type": "message",
        "user": "UBDUU48UA",
        "text": "1.7137367683999665\n1.8149134064172285\n1.7260935378009106\n1.7111822433640258\n1.478318145833619\n1.7096902646867376\n1.7762173326210433\n1.8867233684116105\n1.6702983146085901\n1.6143366299990438\n1.6198167934652776\n1.5903385801357939\n1.4628139578076034\n1.8680421830668954\n1.8535056431773491\n1.554673335173999\n1.7737588349588245\n1.764724582727533\n1.97141630689444\n1.6008873106964898\n1.7777267255924016\n1.8081337533053732\n1.682326529618425\n1.6376207456907848\n1.4391864027899424\n1.76762591769154\n1.5204160172867487\n1.5471436812960673\n1.7690278959596675\n1.4743911841388309\n1.6741844509760413\n1.8199820375319198\n1.861568030282613\n1.652973967329777\n1.8031248789437442\n1.8800689518700653\n1.9397392366100121\n1.7360471658882022\n1.5605557488249215\n1.2087618661854318\n1.5920514370712664\n1.5063158526963152\n1.5036258066518657\n1.831180799040344\n1.8023631656525254\n1.876396149026172\n1.6874909624613834\n1.5417680415820934\n1.6695218307039832\n1.5364752057548459\n1.8216585240263519\n1.6811362452987535\n1.6587765050522947\n1.3026247426195565\n1.5362435122883715\n1.5837962357129138\n1.691817722101836\n1.5239631543000471\n1.7970273937638919\n1.5567690120898436\n1.8320876449966932\n1.6758466464365114\n1.606724317747629\n1.4293859771819228\n1.9215628677309828\n1.864666840800008\n1.7324107554368882\n1.6191913025108633\n1.5807037394594072\n1.945749721648234\n1.7386352079519432\n1.470740255719539\n1.6416221442777998\n1.7960123412796563\n1.5537074394521178\n1.9450347946138193\n1.6523889336938646\n1.8217261009721233\n2.0482840546764205\n1.7851684179842093\n1.6380252016962928\n1.3095878421439868\n1.7408661797724758\n1.703594965818323\n1.6036892517027084\n1.3886091920246988\n1.694842754340427\n1.5745596701277578\n1.6812115046024108\n1.945818513084487\n1.8745846325301736\n1.697824638810225\n1.7155696628161548\n1.8440573943123924\n1.6661137438956353\n1.4549235065890957\n1.7975331041004368\n1.5836790121295876\n1.7389831625487528\n1.7386299939978114",
        "client_msg_id": "2a0ed8d2-d6b6-4890-93f6-7d102151b4dc",
        "thread_ts": "1532673418.000112",
        "reply_count": 4,
        "replies": [
            {
                "user": "UBF0XHZD5",
                "ts": "1532673467.000130"
            },
            {
                "user": "UBDUU48UA",
                "ts": "1532673491.000095"
            },
            {
                "user": "UBF0XKTP1",
                "ts": "1532674212.000215"
            },
            {
                "user": "UBDUU48UA",
                "ts": "1532674232.000151"
            }
        ],
        "unread_count": 4,
        "ts": "1532673418.000112"
    },
    {
        "type": "message",
        "user": "UBF0XHZD5",
        "text": "1.441686264\n1.224781502",
        "client_msg_id": "6ef31157-d867-4462-a48f-e22f45530d05",
        "ts": "1532673420.000123"
    },
    {
        "type": "message",
        "user": "UBF0XHZD5",
        "text": "예은님,,혹시 인간엑셀,,?",
        "client_msg_id": "44d3d407-211d-4f51-bee9-506d0a417b91",
        "thread_ts": "1532673418.000112",
        "parent_user_id": "UBDUU48UA",
        "ts": "1532673467.000130",
        "reactions": [
            {
                "name": "joy",
                "users": [
                    "UBF0XKTP1"
                ],
                "count": 1
            }
        ]
    },
    {
        "type": "message",
        "user": "UBDUU48UA",
        "text": ":ddongule2:",
        "client_msg_id": "cb7200cf-2931-4a27-bf52-435bc523f330",
        "thread_ts": "1532673418.000112",
        "parent_user_id": "UBDUU48UA",
        "ts": "1532673491.000095"
    },
    {
        "type": "message",
        "text": "1000개 샘플입니다 :slightly_smiling_face:",
        "files": [
            {
                "id": "FBXPAMP36",
                "created": 1532673571,
                "timestamp": 1532673571,
                "name": "-.py",
                "title": "Untitled",
                "mimetype": "text\/plain",
                "filetype": "python",
                "pretty_type": "Python",
                "user": "UBDUU48UA",
                "editable": true,
                "size": 19737,
                "mode": "snippet",
                "is_external": false,
                "external_type": "",
                "is_public": true,
                "public_url_shared": false,
                "display_as_bot": false,
                "username": "",
                "url_private": "https:\/\/files.slack.com\/files-pri\/T9SHC5F9S-FBXPAMP36\/-.py?t=xoxe-332590185332-430098056850-431139793783-a3ecafe0d0f66efa522a67af632228d7",
                "url_private_download": "https:\/\/files.slack.com\/files-pri\/T9SHC5F9S-FBXPAMP36\/download\/-.py?t=xoxe-332590185332-430098056850-431139793783-a3ecafe0d0f66efa522a67af632228d7",
                "permalink": "https:\/\/daitgirls.slack.com\/files\/UBDUU48UA\/FBXPAMP36\/-.py",
                "permalink_public": "https:\/\/slack-files.com\/T9SHC5F9S-FBXPAMP36-f74a9c9880",
                "edit_link": "https:\/\/daitgirls.slack.com\/files\/UBDUU48UA\/FBXPAMP36\/-.py\/edit",
                "preview": "1.6447801231063721\r\n1.5509260045198352\r\n1.62500717057932\r\n1.4925742627073961\r\n1.4622989418886738\r",
                "preview_highlight": "<div class=\"CodeMirror cm-s-default CodeMirrorServer\" oncopy=\"if(event.clipboardData){event.clipboardData.setData('text\/plain',window.getSelection().toString().replace(\/\\u200b\/g,''));event.preventDefault();event.stopPropagation();}\">\n<div class=\"CodeMirror-code\">\n<div><pre><span class=\"cm-number\">1.6447801231063721<\/span><\/pre><\/div>\n<div><pre><span class=\"cm-number\">1.5509260045198352<\/span><\/pre><\/div>\n<div><pre><span class=\"cm-number\">1.62500717057932<\/span><\/pre><\/div>\n<div><pre><span class=\"cm-number\">1.4925742627073961<\/span><\/pre><\/div>\n<div><pre><span class=\"cm-number\">1.4622989418886738<\/span><\/pre><\/div>\n<\/div>\n<\/div>\n",
                "lines": 1000,
                "lines_more": 995,
                "preview_is_truncated": true
            }
        ],
        "upload": true,
        "user": "UBDUU48UA",
        "display_as_bot": false,
        "ts": "1532673572.000031",
        "reactions": [
            {
                "name": "+1",
                "users": [
                    "UBDUUV802",
                    "UBDRWU3GT",
                    "UBDN9579S",
                    "U9TKQU99V",
                    "UBD8HB9C0",
                    "UBELL5EF5"
                ],
                "count": 6
            },
            {
                "name": "female_genie",
                "users": [
                    "UBDN90RJQ",
                    "UBDCWMFND"
                ],
                "count": 2
            }
        ]
    },
    {
        "type": "message",
        "user": "UBF0XKTP1",
        "text": "인간ㅋㅋㅋㅋㅋ엑셀ㅋㅋㅋㅋㅋ",
        "client_msg_id": "f7b4b2d2-1078-4628-ab06-a2f84cee23a3",
        "thread_ts": "1532673418.000112",
        "parent_user_id": "UBDUU48UA",
        "ts": "1532674212.000215"
    },
    {
        "type": "message",
        "user": "UBDUU48UA",
        "text": "팀의 샘플링을 책임진다!",
        "client_msg_id": "a87fce38-2292-4b95-8e1b-b412c0c6157e",
        "thread_ts": "1532673418.000112",
        "parent_user_id": "UBDUU48UA",
        "ts": "1532674232.000151"
    }
]