[
    {
        "type": "message",
        "user": "UBF0Y7GMD",
        "text": "은지님... 이렇게 솔직한 마음, 생각을 모두가 보는 슬랙에 공유하신 용기 정말 대단하다고 생각합니다..\n은지님은 매사에 당당하시고 열심히 하셔서 늘 대단해보였고, 이런 고민 없으실거라 생각했었는데 이런 속앓이를 하고 계셨었네요... 그동안 저를 제외한 모두가 처음처럼 열심히 하고있을거라 생각하고 마냥 부러워했던 제 모습이 부끄러워지네요ㅠㅠ... 제가 너무나 긴 시간동안 데잇걸즈에 참여하지 못해 다른 분들의 노고를 못 느껴 그런 철없는 생각을 했었나봅니다..\n\n감히 제가 은지님의 무거웠던 마음, 고민거리들 다 이해한다고 말할 수는 없지만 저도 비슷한 고민을 하고있는 입장으로서 그동안 은지님 마음이 얼마나 아리고 힘드셨을까 조금이나마 이해가갑니다.. 그동안 많이 힘드셨죠.. 고생하셨어요 은지님.. 그리고 이렇게 용기내어주시고 다시 일어나주셔서 감사해요. 은지님에게 약 2주간의 시간이 너무나 힘든 고통의 시간이였겠지만.. 그런 시간들 속에서 새로운 깨달음을 얻었고, 그 것을 다시 완주 할 수 있게하는 동력으로 만든 은지님은 역시! 여전히! 정말 멋져요. 은지님만의 방향으로 잘 걷고 계시다고 생각됩니다!(하트)\n\n저야말로 너무나 긴 시간동안 민폐를 끼치고있는데 저는 용기가 없어서 여전히 계속 숨고만 있어요.. 배워야 할 것들도 기피하게되고 슬랙조차 두려워서 못 들어가고있어요ㅎㅎ.. 자기전 몰래 슬랙에 들어왔다가 은지님의 글을 보고 위로와 용기 얻어갑니다. 역시 갓은지님....\n은지님은 분명히 10월 6일 데잇걸즈가 종료되는 그 날 기분좋게 웃으실거에요! 왜냐면 '은지님'이잖아요~!\n저도 다시 용기내어 그 날 은지님과 모두와 함께 같이 웃을 수 있었으면 좋겠어요 :slightly_smiling_face:\n진심으로 응원해요 은지님! ( 에피톤 프로젝트 - 그대 내게 기대 살포시 추천하고갑니다..ㅎ.ㅎ )",
        "client_msg_id": "f150e567-004a-4620-b4b7-ca753fda2dac",
        "thread_ts": "1535164946.000100",
        "parent_user_id": "UBD8GMVNC",
        "ts": "1535303861.000100",
        "reactions": [
            {
                "name": "+1",
                "users": [
                    "UBELL5EF5",
                    "U9SN17L0M",
                    "UBDRWK8SX",
                    "UBD8GMVNC",
                    "UBF0XFP7Z",
                    "UBBH69509",
                    "UBCVC8UQ3"
                ],
                "count": 7
            },
            {
                "name": "slightly_smiling_face",
                "users": [
                    "UBELL5EF5",
                    "U9SN17L0M",
                    "UBDRWK8SX",
                    "UBF0XFP7Z",
                    "UBBH69509"
                ],
                "count": 5
            }
        ]
    },
    {
        "type": "message",
        "text": "지난주에 나눔 못한 파이콘 스티커 오늘은 정말 나눔합니다!\n모두 좀이따 뵈어요 ㅎㅎ",
        "files": [
            {
                "id": "FCAEXA0Q0",
                "created": 1534683692,
                "timestamp": 1534683692,
                "name": "20180819_220020.jpg",
                "title": "20180819_220020.jpg",
                "mimetype": "image\/jpeg",
                "filetype": "jpg",
                "pretty_type": "JPEG",
                "user": "UBD8GMVNC",
                "editable": false,
                "size": 3515270,
                "mode": "hosted",
                "is_external": false,
                "external_type": "",
                "is_public": true,
                "public_url_shared": false,
                "display_as_bot": false,
                "username": "",
                "url_private": "https:\/\/files.slack.com\/files-pri\/T9SHC5F9S-FCAEXA0Q0\/20180819_220020.jpg?t=xoxe-332590185332-430098056850-431139793783-a3ecafe0d0f66efa522a67af632228d7",
                "url_private_download": "https:\/\/files.slack.com\/files-pri\/T9SHC5F9S-FCAEXA0Q0\/download\/20180819_220020.jpg?t=xoxe-332590185332-430098056850-431139793783-a3ecafe0d0f66efa522a67af632228d7",
                "thumb_64": "https:\/\/files.slack.com\/files-tmb\/T9SHC5F9S-FCAEXA0Q0-0c4fab2b42\/20180819_220020_64.jpg?t=xoxe-332590185332-430098056850-431139793783-a3ecafe0d0f66efa522a67af632228d7",
                "thumb_80": "https:\/\/files.slack.com\/files-tmb\/T9SHC5F9S-FCAEXA0Q0-0c4fab2b42\/20180819_220020_80.jpg?t=xoxe-332590185332-430098056850-431139793783-a3ecafe0d0f66efa522a67af632228d7",
                "thumb_360": "https:\/\/files.slack.com\/files-tmb\/T9SHC5F9S-FCAEXA0Q0-0c4fab2b42\/20180819_220020_360.jpg?t=xoxe-332590185332-430098056850-431139793783-a3ecafe0d0f66efa522a67af632228d7",
                "thumb_360_w": 360,
                "thumb_360_h": 180,
                "thumb_480": "https:\/\/files.slack.com\/files-tmb\/T9SHC5F9S-FCAEXA0Q0-0c4fab2b42\/20180819_220020_480.jpg?t=xoxe-332590185332-430098056850-431139793783-a3ecafe0d0f66efa522a67af632228d7",
                "thumb_480_w": 480,
                "thumb_480_h": 240,
                "thumb_160": "https:\/\/files.slack.com\/files-tmb\/T9SHC5F9S-FCAEXA0Q0-0c4fab2b42\/20180819_220020_160.jpg?t=xoxe-332590185332-430098056850-431139793783-a3ecafe0d0f66efa522a67af632228d7",
                "thumb_720": "https:\/\/files.slack.com\/files-tmb\/T9SHC5F9S-FCAEXA0Q0-0c4fab2b42\/20180819_220020_720.jpg?t=xoxe-332590185332-430098056850-431139793783-a3ecafe0d0f66efa522a67af632228d7",
                "thumb_720_w": 720,
                "thumb_720_h": 360,
                "thumb_800": "https:\/\/files.slack.com\/files-tmb\/T9SHC5F9S-FCAEXA0Q0-0c4fab2b42\/20180819_220020_800.jpg?t=xoxe-332590185332-430098056850-431139793783-a3ecafe0d0f66efa522a67af632228d7",
                "thumb_800_w": 800,
                "thumb_800_h": 400,
                "thumb_960": "https:\/\/files.slack.com\/files-tmb\/T9SHC5F9S-FCAEXA0Q0-0c4fab2b42\/20180819_220020_960.jpg?t=xoxe-332590185332-430098056850-431139793783-a3ecafe0d0f66efa522a67af632228d7",
                "thumb_960_w": 960,
                "thumb_960_h": 480,
                "thumb_1024": "https:\/\/files.slack.com\/files-tmb\/T9SHC5F9S-FCAEXA0Q0-0c4fab2b42\/20180819_220020_1024.jpg?t=xoxe-332590185332-430098056850-431139793783-a3ecafe0d0f66efa522a67af632228d7",
                "thumb_1024_w": 1024,
                "thumb_1024_h": 512,
                "image_exif_rotation": 1,
                "original_w": 4160,
                "original_h": 2080,
                "permalink": "https:\/\/daitgirls.slack.com\/files\/UBD8GMVNC\/FCAEXA0Q0\/20180819_220020.jpg",
                "permalink_public": "https:\/\/slack-files.com\/T9SHC5F9S-FCAEXA0Q0-5cfbfb42d3"
            }
        ],
        "upload": false,
        "user": "UBD8GMVNC",
        "display_as_bot": false,
        "ts": "1535326678.000100",
        "reactions": [
            {
                "name": "heavy_heart_exclamation_mark_ornament",
                "users": [
                    "UBF0XFP7Z",
                    "U9UFEBXGF",
                    "UBDRWK8SX",
                    "UBELL5EF5",
                    "UBDN90RJQ",
                    "UBDCWMFND",
                    "UA4EGE85S"
                ],
                "count": 7
            },
            {
                "name": "heart_eyes",
                "users": [
                    "UBF0XFP7Z",
                    "U9UFEBXGF",
                    "UBDRWK8SX",
                    "UBELL5EF5",
                    "UBDN90RJQ",
                    "UBDCWMFND",
                    "UA4EGE85S"
                ],
                "count": 7
            },
            {
                "name": "cherry_blossom",
                "users": [
                    "UBF0XFP7Z",
                    "U9UFEBXGF",
                    "UBDRWK8SX",
                    "UBELL5EF5",
                    "UBDN90RJQ",
                    "UBDCWMFND",
                    "UA4EGE85S"
                ],
                "count": 7
            }
        ]
    },
    {
        "type": "message",
        "user": "UBCVC8UQ3",
        "text": "뒷북이지만 비오는 아침에 읽으니 감성이 넘쳐 저도 남겨봅니다.\n\n방황하는 모든 이는 아름다운 것 같다고\n방황하지 않는다면 그게 삶일까 싶기도하고\n흔들리는 게 자연스럽다라고\n지극히 정상이라고 \n괜찮다고 \n하고 싶은 아침이네요.\n\n* 인간은 본질적으로 ‘길을 가는 사람’이다. 공간의 이동만이 아니라 현재에서 미래로의 이동, 탄생에서 죽음까지의 과정도 길이다. 인간을 ‘호모 비아토르(Homo Viator)라고 하는데 떠도는 사람, 길 위의 사람이라는 뜻이다. 삶의 의미를 찾아 길을 떠나는 여행자, 한 곳에 정착하지 않고 방황하며 스스로 가치 있는 삶을 찾아 나서는 존재를 가리킨다. 그래서 동양에서는 구도 여정 자체를 ‘길(도)’이라 했다. 호모 비이토르는 길 위에 있을 때 아름답다. 꿈을 포기하고 한 곳에 안주하는 사람은 비루하다. 집을 떠나 자신과 대면하는 시간을 가진 사람만이 성장해서 집으로 돌아온다.\n\n- 새는 날아가면서 뒤돌아보지 않는다 \/류시화 \n\n그 무게를 다 견디고 성장해서 돌아오신 거 축하해요. 오늘부터 다시 은지님으로 서울창업허브가 무적이겄어요 든든! \n\n+ 같은 세대를, 같은 시대를 통과하며 함께 성장하고있는 데잇걸즈도 아름답네여:two_hearts:\n",
        "client_msg_id": "E49EED5A-512E-417F-B8C5-6E4ED8333037",
        "thread_ts": "1535164946.000100",
        "parent_user_id": "UBD8GMVNC",
        "ts": "1535335804.000100",
        "reactions": [
            {
                "name": "thumbsup_all",
                "users": [
                    "UBD8GMVNC",
                    "UBF0XFP7Z",
                    "UBELL5EF5",
                    "UBBH69509",
                    "U9SN17L0M",
                    "UBDUVKQAE",
                    "UBDRWK8SX"
                ],
                "count": 7
            },
            {
                "name": "face_with_hand_over_mouth",
                "users": [
                    "UBF0XFP7Z",
                    "UBDRWK8SX"
                ],
                "count": 2
            }
        ]
    },
    {
        "type": "message",
        "user": "U9TKQU99V",
        "text": "9.03(월) 오후에 진행되는 멘토링 캠프 신청 링크입니다 :slightly_smiling_face:\n<https:\/\/goo.gl\/oyWCqA>",
        "client_msg_id": "563c4520-5716-495f-bb5c-90754b7e644b",
        "edited": {
            "user": "U9TKQU99V",
            "ts": "1535341981.000000"
        },
        "ts": "1535341970.000100"
    },
    {
        "type": "message",
        "user": "UBELL5EF5",
        "text": "내일 수업안 공유합니다. <https:\/\/docs.google.com\/document\/d\/1WyjWdS3stZyPPwKjsrqxaCx08GEylE5ZEN7K0qbl-m4\/edit>\n\n오전에는 자판기를 계속 만듭니다. 두 가지 목적이 있습니다.\n\n- 하나의 프로그램을 비교적 오랜 기간 읽고 쓰다보면 내가 만든 코드에 낯설어지는 상황에 올텐데요, 이런 상황에 익숙해지는 연습\n- 파이썬 문법 활용, 테스트 주도 개발, 리팩토링, 짝 프로그래밍에 익숙해지기 위한 반복 연습\n\n오후에는 이터레이션 계획 회의를 하고 각 팀별로 프로젝트를 진행합니다. 저는 이 팀 저 팀 돌아다니며 주로 코딩 관련 문제 해결을 도와드리고자 합니다. 혹시 *내일 특강이 잡힐 가능성도* 있는데, 그렇게 되면 일정을 적절히 수정하여 최대한 빨리 다시 알려드리겠습니다.\n\n내일 뵐게요!",
        "client_msg_id": "63296230-58c7-4c41-a4eb-442135c10f3b",
        "edited": {
            "user": "UBELL5EF5",
            "ts": "1535345990.000000"
        },
        "ts": "1535345965.000100",
        "reactions": [
            {
                "name": "+1",
                "users": [
                    "UBDUUV802",
                    "U9TKQU99V",
                    "UA4EGE85S",
                    "UBE3NMLCD",
                    "UBF0XFP7Z",
                    "UBDRWU3GT",
                    "UBDN8UG4C"
                ],
                "count": 7
            }
        ]
    },
    {
        "type": "message",
        "user": "U9TKQU99V",
        "text": "여러분~ 요기 링크 오늘 오후 3시까지는 체크해주세요 :slightly_smiling_face: <https:\/\/goo.gl\/oyWCqA>\n<!channel>",
        "client_msg_id": "0d943fa7-c13e-471d-8fd5-7144d2188a27",
        "attachments": [
            {
                "service_name": "Google Docs",
                "title": "9.03(월)에 진행되는 SW 멘토링 캠프 세션참여 조사를 위한 설문입니다.",
                "title_link": "https:\/\/goo.gl\/oyWCqA",
                "text": "9.03(월) 오후 수업은 SW 멘토링 캠프로 진행됩니다. 서울창업허브 9층에서 진행됩니다. 본 세션은 공식일정으로 포함되어 진행되는 프로그램입니다. 참여세션 꼭 체크해주세요 :) 일반참가자와 SW원더우먼 교육생이 참여하며, 한 세션당 인원 쿼터가 있습니다. 인공지능(최대 3명), 빅데이터 분석(최대 5명), 게임, UI\/UX, 블록체인, 보안, 클라우드(최대 15명씩) 인원수 쿼터에 따라 참여세션이 변동될 수 있습니다.",
                "fallback": "Google Docs: 9.03(월)에 진행되는 SW 멘토링 캠프 세션참여 조사를 위한 설문입니다.",
                "image_url": "https:\/\/lh4.googleusercontent.com\/iCqwqTzcKHHTNgrpLIVgiIkBgw9olMG0a2snVV3igJAs7sRdG6cT2P-vK9JF7Dbhl1A",
                "image_width": 333,
                "image_height": 250,
                "from_url": "https:\/\/goo.gl\/oyWCqA",
                "image_bytes": 118725,
                "service_icon": "http:\/\/ssl.gstatic.com\/docs\/forms\/device_home\/ios_120.png",
                "id": 1,
                "original_url": "https:\/\/goo.gl\/oyWCqA"
            }
        ],
        "edited": {
            "user": "U9TKQU99V",
            "ts": "1535347810.000000"
        },
        "ts": "1535346544.000100"
    }
]