[
    {
        "user": "UBDRVLD1R",
        "text": "<@UBDRVLD1R> has joined the channel",
        "type": "message",
        "subtype": "channel_join",
        "ts": "1529986915.000102"
    },
    {
        "user": "UBDUU48UA",
        "text": "<@UBDUU48UA> has joined the channel",
        "type": "message",
        "subtype": "channel_join",
        "ts": "1529986986.000145"
    },
    {
        "user": "UBDUU7X7U",
        "text": "<@UBDUU7X7U> has joined the channel",
        "type": "message",
        "subtype": "channel_join",
        "ts": "1529987014.000067"
    },
    {
        "user": "UBE3NCBKP",
        "text": "<@UBE3NCBKP> has joined the channel",
        "type": "message",
        "subtype": "channel_join",
        "ts": "1529987021.000085"
    },
    {
        "user": "UBDN8PAN8",
        "text": "<@UBDN8PAN8> has joined the channel",
        "type": "message",
        "subtype": "channel_join",
        "ts": "1529987058.000231"
    },
    {
        "user": "UBDRWADQB",
        "text": "<@UBDRWADQB> has joined the channel",
        "type": "message",
        "subtype": "channel_join",
        "ts": "1529987070.000254"
    },
    {
        "type": "message",
        "user": "UBE3NCBKP",
        "text": "안녕하세요 :slightly_smiling_face:",
        "client_msg_id": "1d677e13-98f7-4932-83c4-3ebd7ab51d7a",
        "ts": "1529987088.000216"
    },
    {
        "type": "message",
        "user": "UBD8GLUEL",
        "text": "안녕하세용~~~",
        "client_msg_id": "eecfa842-0bd8-4323-8039-1b64a1e15bc8",
        "ts": "1529987201.000093"
    },
    {
        "type": "message",
        "user": "UBDRWADQB",
        "text": "<@UBF0XHZD5> 안녕하세요-!",
        "client_msg_id": "4ca0195c-2f99-4199-ac73-803123265825",
        "ts": "1529987215.000130"
    },
    {
        "type": "message",
        "user": "UBDUU7X7U",
        "text": "안녕하세요~~!",
        "client_msg_id": "7c8889ed-d9bf-4e19-99eb-e53478f83810",
        "ts": "1529987216.000066"
    },
    {
        "type": "message",
        "user": "UBDN8UG4C",
        "text": "안녕하세요",
        "client_msg_id": "a69823e7-117f-4c4d-b479-d392a23062ce",
        "ts": "1529987220.000249"
    },
    {
        "type": "message",
        "user": "UBDUUHX4J",
        "text": "안녕하세요",
        "client_msg_id": "6f999f7e-8497-4bf6-9691-343509a87a77",
        "ts": "1529987222.000210"
    },
    {
        "type": "message",
        "user": "UBF0XKTP1",
        "text": "&gt;ㅅ&lt;",
        "client_msg_id": "2e07a418-274e-4cb0-b9da-b0bd816d2151",
        "ts": "1529987225.000125"
    },
    {
        "type": "message",
        "user": "UBDRWBNRZ",
        "text": "안녕하세요!",
        "client_msg_id": "721bfa2a-dad6-4a81-9a75-79a59bff3b1b",
        "ts": "1529987227.000027"
    },
    {
        "type": "message",
        "user": "UBDRWADQB",
        "text": "<@UBF0XFP7Z> 소령님 안녕하세요!",
        "client_msg_id": "a2fc20f5-3a10-4e31-9759-5e168e55d8af",
        "ts": "1529987241.000193"
    },
    {
        "type": "message",
        "user": "UBDN8UG4C",
        "text": "<@UBE3NCBKP> 오",
        "client_msg_id": "bbc371e1-70b3-48f2-a3df-e04a9366d66d",
        "ts": "1529987271.000267"
    },
    {
        "type": "message",
        "user": "UBE3NCBKP",
        "text": "<@UBDN8UG4C> 헬로!",
        "client_msg_id": "5aae66c2-8e18-4082-95ee-97a7b9698305",
        "ts": "1529987279.000125"
    },
    {
        "type": "message",
        "user": "UBDCWMFND",
        "text": "안녕하세요 :heart_eyes:",
        "client_msg_id": "ae8e7e11-13cf-42b7-ad87-ab255ce44efa",
        "ts": "1529987286.000133"
    },
    {
        "type": "message",
        "user": "UBDRWADQB",
        "text": "",
        "bot_id": "BALRWAZ1P",
        "attachments": [
            {
                "fallback": "giphy: https:\/\/giphy.com\/gifs\/sky-hello-clouds-HgycnYQCMeJXO",
                "image_url": "https:\/\/media3.giphy.com\/media\/HgycnYQCMeJXO\/giphy-downsized.gif",
                "image_width": 500,
                "image_height": 387,
                "image_bytes": 481411,
                "is_animated": true,
                "title": "hello",
                "footer": "Posted using \/giphy",
                "id": 1,
                "title_link": "https:\/\/giphy.com\/gifs\/sky-hello-clouds-HgycnYQCMeJXO"
            }
        ],
        "ts": "1529987303.000065",
        "reactions": [
            {
                "name": "blue_heart",
                "users": [
                    "UAMRJQYTE",
                    "UBDRVLD1R"
                ],
                "count": 2
            }
        ]
    },
    {
        "type": "message",
        "user": "UBDRWK8SX",
        "text": "안녕하세여 ㅎㅎ",
        "client_msg_id": "3bf451da-a8bc-47bd-81e7-8d2cfe1f64c0",
        "ts": "1529987306.000098"
    },
    {
        "type": "message",
        "user": "UBDCWPPNV",
        "text": "안녕하세요 ㅋㅋ",
        "client_msg_id": "55401dfc-86b0-4603-81b5-e8a0711eede4",
        "ts": "1529987325.000195"
    },
    {
        "type": "message",
        "user": "UBDRWU3GT",
        "text": "안녕하세요~~:hugging_face::+1:",
        "client_msg_id": "9b85230c-198c-4013-bbf5-630eb65df21e",
        "ts": "1529987330.000132"
    },
    {
        "type": "message",
        "user": "UBDUUV802",
        "text": "안녕하세요~!",
        "client_msg_id": "1422e728-4dfb-49e2-bd01-5f57816b0d16",
        "ts": "1529987330.000202"
    },
    {
        "type": "message",
        "user": "UBDRWRE3D",
        "text": "안녕하세요!!:kissing_heart:",
        "client_msg_id": "eac79a4d-30aa-47e7-9c01-0fe8730ac441",
        "ts": "1529987341.000267"
    },
    {
        "type": "message",
        "user": "UBDCWMFND",
        "text": "프사 바꿨어용ㅋㅋ",
        "client_msg_id": "1a602b8e-e057-46c1-9f26-94eee2291750",
        "ts": "1529987345.000003"
    },
    {
        "type": "message",
        "user": "UBD8HB9C0",
        "text": "안녕하세요!:open_mouth:",
        "client_msg_id": "ba9aa491-a98c-4f17-b437-70a5905a813b",
        "ts": "1529987356.000093"
    },
    {
        "type": "message",
        "user": "UBD8GMVNC",
        "text": "안녕하세요!",
        "client_msg_id": "2449089c-ab86-456a-bbc8-cccfecc0f6fc",
        "ts": "1529987446.000254"
    },
    {
        "type": "message",
        "user": "UBD8GMVNC",
        "text": "무게중심입니다ㅎㅎ",
        "client_msg_id": "9018497b-f1c2-4a76-8e23-62e07157de35",
        "ts": "1529987455.000245"
    },
    {
        "type": "message",
        "user": "UBF0Y7GMD",
        "text": ":hugging_face:",
        "client_msg_id": "58f03a88-24a9-40aa-b193-404851788091",
        "ts": "1529987525.000229"
    },
    {
        "type": "message",
        "user": "UBF0XHZD5",
        "text": "#giphy hi",
        "client_msg_id": "f8acd33b-de80-4912-8305-cdb229d32e75",
        "ts": "1529987573.000190"
    },
    {
        "type": "message",
        "user": "UBF0XHZD5",
        "text": "",
        "bot_id": "BALRWAZ1P",
        "attachments": [
            {
                "fallback": "giphy: https:\/\/giphy.com\/gifs\/hello-hi-wave-xT9IgG50Fb7Mi0prBC",
                "image_url": "https:\/\/media1.giphy.com\/media\/xT9IgG50Fb7Mi0prBC\/giphy-downsized.gif",
                "image_width": 400,
                "image_height": 200,
                "image_bytes": 1532237,
                "is_animated": true,
                "title": "hi",
                "footer": "Posted using \/giphy",
                "id": 1,
                "title_link": "https:\/\/giphy.com\/gifs\/hello-hi-wave-xT9IgG50Fb7Mi0prBC"
            }
        ],
        "ts": "1529987584.000107",
        "reactions": [
            {
                "name": "blue_heart",
                "users": [
                    "UAMRJQYTE",
                    "UBD8GLUEL",
                    "U9TKQU99V"
                ],
                "count": 3
            }
        ]
    },
    {
        "type": "message",
        "user": "UBD8GLUEL",
        "text": "#giphy hi",
        "client_msg_id": "b0705a31-31b7-42a6-b2a3-0f49036705ee",
        "ts": "1529987589.000048"
    },
    {
        "type": "message",
        "user": "UBD8GMVNC",
        "text": "#giphy hi",
        "client_msg_id": "51b0148b-4f1d-4e0c-b0b4-76af443eb74e",
        "ts": "1529987994.000039"
    },
    {
        "type": "message",
        "user": "UBBH69509",
        "text": "CM정성윤입니다",
        "client_msg_id": "afc899c1-8aed-406f-b935-208b5d258299",
        "ts": "1529991663.000020"
    },
    {
        "type": "message",
        "user": "UBBH69509",
        "text": "01063433931 전화번호입니당~~",
        "client_msg_id": "d53db752-9868-432e-97d9-59d1c10fbb68",
        "ts": "1529991674.000055"
    },
    {
        "type": "message",
        "user": "UBBH69509",
        "text": "고민상담 연애상담 공부상담 다 받아드립니당!!!",
        "client_msg_id": "968ee6ce-7b1c-437e-a651-c0b2431e72f1",
        "ts": "1529991689.000121"
    },
    {
        "type": "message",
        "user": "UBBH69509",
        "text": "지각 결석 등등 관련 문의는 이쪽으로 연락주세용",
        "client_msg_id": "df28dbf4-5a16-4421-a8d3-9d3a12e67b1b",
        "ts": "1529991710.000238"
    },
    {
        "type": "message",
        "user": "UBD8GMVNC",
        "text": "데잇걸즈 동기 여러분들, 오늘 3층에서 드신 점심 메뉴 평가 올려주시면 서로 도움이 되지 않을까요?",
        "client_msg_id": "3c637516-e415-476d-bf69-6eebd5dc47c6",
        "ts": "1529991755.000269"
    },
    {
        "type": "message",
        "user": "UBD8GMVNC",
        "text": "저부터 하자면, 매운 규동을 7500원 주고 3층에서 사먹고 싶지는 않습니다.... ㅜㅠ 아주 맵지는 않은데, 규동 치고는 소고기는 너무 적고 양파는 조리가 덜 된 느낌이었습니다.",
        "client_msg_id": "431ce2a0-ff7b-4619-a220-a9522000e6f9",
        "ts": "1529991910.000061"
    },
    {
        "type": "message",
        "user": "UBDRWK8SX",
        "text": "3번 새싹포크덮밥은 7500인데 새싹과 방울토마토와 삼겹살이 좀 따로 노는느낌이긴 합니다..ㅎㅎ...그냥 먹었어여",
        "client_msg_id": "1ac50481-13f0-4072-b67b-1658cab6de63",
        "ts": "1529991980.000122"
    },
    {
        "type": "message",
        "user": "UBDCWMFND",
        "text": "저는 5번 불고기로 시작하는 카레밥이였는데 6,000원이고 비싼감이 있었지만 이동거리를 감안하자면 나름 괜찮았어요. 크게 맛이 떨어지거나 하지 않고 재료도 나쁘지 않았습니다. 평타입니다. ",
        "client_msg_id": "fa9d31a2-8aea-462f-a0b5-ce8197544073",
        "ts": "1529993095.000211"
    },
    {
        "type": "message",
        "user": "UAMRJQYTE",
        "text": "- <https:\/\/hbr.org\/2015\/06\/assessment-whats-your-leadership-style>\n- <https:\/\/www.16personalities.com\/ko\/%EB%AC%B4%EB%A3%8C-%EC%84%B1%EA%B2%A9-%EC%9C%A0%ED%98%95-%EA%B2%80%EC%82%AC>",
        "client_msg_id": "3072B2EC-C305-4CD5-AEC0-24558B05944B",
        "attachments": [
            {
                "service_name": "Harvard Business Review",
                "title": "Assessment: What’s Your Leadership Style?",
                "title_link": "https:\/\/hbr.org\/2015\/06\/assessment-whats-your-leadership-style",
                "text": "Get feedback on your strengths, weaknesses, and blind spots.",
                "fallback": "Harvard Business Review: Assessment: What’s Your Leadership Style?",
                "image_url": "https:\/\/hbr.org\/resources\/images\/article_assets\/2015\/06\/JUN15_25_leadership_style.png",
                "ts": 1435239010,
                "from_url": "https:\/\/hbr.org\/2015\/06\/assessment-whats-your-leadership-style",
                "image_width": 444,
                "image_height": 250,
                "image_bytes": 32772,
                "service_icon": "https:\/\/hbr.org\/resources\/images\/favicon.ico",
                "id": 1,
                "original_url": "https:\/\/hbr.org\/2015\/06\/assessment-whats-your-leadership-style"
            },
            {
                "service_name": "16Personalities",
                "title": "무료 성격유형검사 | 16Personalities",
                "title_link": "https:\/\/www.16personalities.com\/ko\/%EB%AC%B4%EB%A3%8C-%EC%84%B1%EA%B2%A9-%EC%9C%A0%ED%98%95-%EA%B2%80%EC%82%AC",
                "fallback": "16Personalities: 무료 성격유형검사 | 16Personalities",
                "image_url": "https:\/\/www.16personalities.com\/images\/headers\/fb\/logo.png",
                "from_url": "https:\/\/www.16personalities.com\/ko\/%EB%AC%B4%EB%A3%8C-%EC%84%B1%EA%B2%A9-%EC%9C%A0%ED%98%95-%EA%B2%80%EC%82%AC",
                "image_width": 224,
                "image_height": 223,
                "image_bytes": 7916,
                "service_icon": "https:\/\/storage.googleapis.com\/neris\/public\/images\/favicon.ico",
                "id": 2,
                "original_url": "https:\/\/www.16personalities.com\/ko\/%EB%AC%B4%EB%A3%8C-%EC%84%B1%EA%B2%A9-%EC%9C%A0%ED%98%95-%EA%B2%80%EC%82%AC"
            }
        ],
        "ts": "1529995454.000133"
    }
]