[
    {
        "type": "message",
        "user": "UBELL5EF5",
        "text": "여러분 혹시 그동안 한 번도 빠짐없이 매번 G조에 배정되는 바람에 매일 뒷자리에만 앉은 세영님을 위해 G조로 옮겨주실 자원자 계신가요? 여러 사람이 자원해주시면 두 가지 기준(기존에 주로 앞 자리에 앉았던 사람 우선, 팀을 옮긴 결과 새로운 사람들과 만나게 되는 경우가 많은 사람 우선)을 기준으로 선정하도록 하겠습니다.",
        "client_msg_id": "a75bf5a4-8ec6-4d42-b047-659f2098bf8d",
        "edited": {
            "user": "UBELL5EF5",
            "ts": "1531640279.000000"
        },
        "thread_ts": "1531640219.000024",
        "reply_count": 8,
        "replies": [
            {
                "user": "UBE3NCBKP",
                "ts": "1531644666.000002"
            },
            {
                "user": "UBD8GMVNC",
                "ts": "1531652091.000017"
            },
            {
                "user": "UBDUUUCMQ",
                "ts": "1531653333.000003"
            },
            {
                "user": "UBDN8UG4C",
                "ts": "1531653389.000021"
            },
            {
                "user": "UBF0Y7GMD",
                "ts": "1531654690.000011"
            },
            {
                "user": "UBELL5EF5",
                "ts": "1531701691.000089"
            },
            {
                "user": "UBDN8UG4C",
                "ts": "1531702175.000049"
            },
            {
                "user": "UBF0Y7GMD",
                "ts": "1531702238.000040"
            }
        ],
        "unread_count": 8,
        "ts": "1531640219.000024",
        "reactions": [
            {
                "name": "sob",
                "users": [
                    "UBDN8UG4C"
                ],
                "count": 1
            },
            {
                "name": "scream",
                "users": [
                    "UBELL5EF5"
                ],
                "count": 1
            }
        ]
    },
    {
        "type": "message",
        "user": "UBE3NCBKP",
        "text": "제가 세 번 연속 B조라 뒤로 가는 건 괜찮은데 이미 함께 조를 했던 분들이 많으시네요! ㅠㅠ 그래두 입후보 해두겠습니다~",
        "client_msg_id": "b4d3951a-27cf-4809-b280-b3a64995f398",
        "thread_ts": "1531640219.000024",
        "parent_user_id": "UBELL5EF5",
        "ts": "1531644666.000002",
        "reactions": [
            {
                "name": "star-struck",
                "users": [
                    "UBELL5EF5",
                    "UA4EGE85S",
                    "UBDN8UG4C"
                ],
                "count": 3
            }
        ]
    },
    {
        "type": "message",
        "user": "UBD8GMVNC",
        "text": "소현님 오시면 저하고 2주 연속인가요ㅎㅎ 격하게 환영합니다!!\n- 3회전차에 드디어 뒷자리로 가는 이번주 G조 조원 1인....",
        "client_msg_id": "81748858-6fdb-4e63-9101-041402506819",
        "thread_ts": "1531640219.000024",
        "parent_user_id": "UBELL5EF5",
        "ts": "1531652091.000017",
        "reactions": [
            {
                "name": "laughing",
                "users": [
                    "UBE3NCBKP",
                    "UBELL5EF5",
                    "UBDN9579S"
                ],
                "count": 3
            }
        ]
    },
    {
        "type": "message",
        "user": "UBDUUUCMQ",
        "text": "G조 G박령 세영님...",
        "client_msg_id": "92080133-9827-4c1e-b117-a913c6496152",
        "thread_ts": "1531640219.000024",
        "parent_user_id": "UBELL5EF5",
        "ts": "1531653333.000003",
        "reactions": [
            {
                "name": "rolling_on_the_floor_laughing",
                "users": [
                    "UBDN8UG4C",
                    "UBD8GMVNC",
                    "UBDN8T42G",
                    "UBELL5EF5",
                    "UBDRXTD8B",
                    "U9SN17L0M",
                    "UBDRWRE3D",
                    "UBDN9579S",
                    "UBDUUV802",
                    "UBDRWK8SX"
                ],
                "count": 10
            },
            {
                "name": "hand",
                "users": [
                    "UBDN8UG4C"
                ],
                "count": 1
            },
            {
                "name": "pray",
                "users": [
                    "UBF0Y7GMD"
                ],
                "count": 1
            }
        ]
    },
    {
        "type": "message",
        "user": "UBDN8UG4C",
        "text": "헉 다른 분들도 연속으로 같은 조 되신 분이 있으셨군요ㅠㅠㅠㅠ흑 감사합니다!!",
        "client_msg_id": "742f31ca-32cf-45ec-bee9-4de1320f16f9",
        "thread_ts": "1531640219.000024",
        "parent_user_id": "UBELL5EF5",
        "ts": "1531653389.000021",
        "reactions": [
            {
                "name": "cry",
                "users": [
                    "UBF0Y7GMD",
                    "UBELL5EF5",
                    "UBDN9579S"
                ],
                "count": 3
            }
        ]
    },
    {
        "type": "message",
        "user": "UBF0Y7GMD",
        "text": "저는 D조여서 그닥 앞자리는 아닙니다만...ㅠㅠ G박령 세영님께서 D조 자리도 괜찮으시다면..ㅠㅠ",
        "client_msg_id": "eedccf71-dbd2-4f61-ba23-b34afc2b40de",
        "thread_ts": "1531640219.000024",
        "parent_user_id": "UBELL5EF5",
        "ts": "1531654690.000011",
        "reactions": [
            {
                "name": "+1",
                "users": [
                    "UBELL5EF5",
                    "UBDN9579S",
                    "UBE3NCBKP",
                    "UBDUUV802",
                    "UBDN8UG4C"
                ],
                "count": 5
            }
        ]
    },
    {
        "type": "message",
        "user": "UBELL5EF5",
        "text": "여러분들 shuffle 과제 보며 깜놀하고 있어요! :+1::+1::+1:",
        "client_msg_id": "ACAE421F-2A48-43C6-A73B-9522E9042B28",
        "ts": "1531671652.000017"
    },
    {
        "type": "message",
        "user": "UBELL5EF5",
        "text": "자원해주신 <@UBE3NCBKP> 님, <@UBF0Y7GMD> 님, 두 분 모두 감사합니다 :+1: 다영님과 세영님이 바꿔주시겠어요?",
        "client_msg_id": "33CDC446-10BE-4244-88EA-AA3935CA45B0",
        "thread_ts": "1531640219.000024",
        "parent_user_id": "UBELL5EF5",
        "ts": "1531701691.000089"
    },
    {
        "type": "message",
        "user": "UBDN8UG4C",
        "text": "헉감사합니다!! :joy::joy::joy:",
        "client_msg_id": "0F53D297-AB59-4B36-BBC2-10401145E2DF",
        "thread_ts": "1531640219.000024",
        "parent_user_id": "UBELL5EF5",
        "ts": "1531702175.000049",
        "reactions": [
            {
                "name": "+1",
                "users": [
                    "UBELL5EF5"
                ],
                "count": 1
            }
        ]
    },
    {
        "type": "message",
        "user": "UBF0Y7GMD",
        "text": "넵 알겠습니다! ",
        "client_msg_id": "5CBC585B-73A3-4F98-A579-37022A51304B",
        "thread_ts": "1531640219.000024",
        "parent_user_id": "UBELL5EF5",
        "ts": "1531702238.000040",
        "reactions": [
            {
                "name": "+1",
                "users": [
                    "UBELL5EF5"
                ],
                "count": 1
            }
        ]
    },
    {
        "type": "message",
        "user": "UBF1K97FH",
        "text": "여러분 한번 먹으면 매력에 헤어나올 수 없는 일본 인절미 과자 뒤에 있습니다!",
        "client_msg_id": "7dd18be6-48c3-44c6-8699-8259420c5dc0",
        "thread_ts": "1531703077.000016",
        "reply_count": 1,
        "replies": [
            {
                "user": "UBELL5EF5",
                "ts": "1531732780.000117"
            }
        ],
        "unread_count": 1,
        "ts": "1531703077.000016",
        "reactions": [
            {
                "name": "+1",
                "users": [
                    "UBE3NCBKP",
                    "U9SN17L0M",
                    "U9TKQU99V",
                    "UBD8HB9C0",
                    "UBELL5EF5",
                    "UBDUUV802",
                    "UBDN8UG4C",
                    "UBDRWADQB",
                    "UBDN9579S",
                    "UBDRWRE3D",
                    "UBF0XFP7Z",
                    "UBDN8T42G",
                    "UBDRWK8SX"
                ],
                "count": 13
            },
            {
                "name": "blue_heart",
                "users": [
                    "U9SN17L0M",
                    "UBD8HB9C0",
                    "UBDUVKQAE",
                    "UBDN9579S",
                    "UAMRJQYTE"
                ],
                "count": 5
            },
            {
                "name": "the_love",
                "users": [
                    "UBD8HB9C0",
                    "UBDUVKQAE",
                    "UBDN9579S"
                ],
                "count": 3
            }
        ]
    },
    {
        "type": "message",
        "user": "UBF1K97FH",
        "text": "빨리 쟁취하세요~~",
        "client_msg_id": "358285e6-cb52-4b8d-8241-afab174764ae",
        "ts": "1531703086.000086"
    },
    {
        "type": "message",
        "user": "UBF1K97FH",
        "text": "제가 저번에 소개했던 책 \"Semiology of graphic\"을 오늘 들고왔습니다. 혹시 보고싶으신 분은 저를 찾아주세요~",
        "client_msg_id": "cb838a47-7442-49cd-83b3-add1518e12e1",
        "ts": "1531708455.000016",
        "reactions": [
            {
                "name": "heart",
                "users": [
                    "UBE3NCBKP",
                    "UBDN8T42G",
                    "U9SN17L0M",
                    "UBELL5EF5",
                    "UBDUVKQAE"
                ],
                "count": 5
            }
        ]
    },
    {
        "type": "message",
        "user": "UBDRWADQB",
        "text": "윈도우 pc에서는 F12 누르면 크롬 개발자 도구 떠요-!",
        "client_msg_id": "54c64c21-fc3c-4a24-a6f8-867de364bac7",
        "ts": "1531710978.000075",
        "reactions": [
            {
                "name": "+1",
                "users": [
                    "UBDN8UG4C",
                    "UBELL5EF5",
                    "UBD8GMVNC",
                    "UBDUVKQAE"
                ],
                "count": 4
            }
        ]
    },
    {
        "type": "message",
        "text": "애란쌤께서 말씀해주신 넷플 다큐 한글 제목은 '위 약관에 동의합니다' 네요!",
        "files": [
            {
                "id": "FBQMZ1BU4",
                "created": 1531713393,
                "timestamp": 1531713393,
                "name": "캡처.PNG",
                "title": "캡처",
                "mimetype": "image\/png",
                "filetype": "png",
                "pretty_type": "PNG",
                "user": "UBF0XKTP1",
                "editable": false,
                "size": 224058,
                "mode": "hosted",
                "is_external": false,
                "external_type": "",
                "is_public": true,
                "public_url_shared": false,
                "display_as_bot": false,
                "username": "",
                "url_private": "https:\/\/files.slack.com\/files-pri\/T9SHC5F9S-FBQMZ1BU4\/______.png?t=xoxe-332590185332-430098056850-431139793783-a3ecafe0d0f66efa522a67af632228d7",
                "url_private_download": "https:\/\/files.slack.com\/files-pri\/T9SHC5F9S-FBQMZ1BU4\/download\/______.png?t=xoxe-332590185332-430098056850-431139793783-a3ecafe0d0f66efa522a67af632228d7",
                "thumb_64": "https:\/\/files.slack.com\/files-tmb\/T9SHC5F9S-FBQMZ1BU4-cc98536377\/_______64.png?t=xoxe-332590185332-430098056850-431139793783-a3ecafe0d0f66efa522a67af632228d7",
                "thumb_80": "https:\/\/files.slack.com\/files-tmb\/T9SHC5F9S-FBQMZ1BU4-cc98536377\/_______80.png?t=xoxe-332590185332-430098056850-431139793783-a3ecafe0d0f66efa522a67af632228d7",
                "thumb_360": "https:\/\/files.slack.com\/files-tmb\/T9SHC5F9S-FBQMZ1BU4-cc98536377\/_______360.png?t=xoxe-332590185332-430098056850-431139793783-a3ecafe0d0f66efa522a67af632228d7",
                "thumb_360_w": 360,
                "thumb_360_h": 261,
                "thumb_480": "https:\/\/files.slack.com\/files-tmb\/T9SHC5F9S-FBQMZ1BU4-cc98536377\/_______480.png?t=xoxe-332590185332-430098056850-431139793783-a3ecafe0d0f66efa522a67af632228d7",
                "thumb_480_w": 480,
                "thumb_480_h": 348,
                "thumb_160": "https:\/\/files.slack.com\/files-tmb\/T9SHC5F9S-FBQMZ1BU4-cc98536377\/_______160.png?t=xoxe-332590185332-430098056850-431139793783-a3ecafe0d0f66efa522a67af632228d7",
                "thumb_720": "https:\/\/files.slack.com\/files-tmb\/T9SHC5F9S-FBQMZ1BU4-cc98536377\/_______720.png?t=xoxe-332590185332-430098056850-431139793783-a3ecafe0d0f66efa522a67af632228d7",
                "thumb_720_w": 720,
                "thumb_720_h": 522,
                "image_exif_rotation": 1,
                "original_w": 751,
                "original_h": 544,
                "permalink": "https:\/\/daitgirls.slack.com\/files\/UBF0XKTP1\/FBQMZ1BU4\/______.png",
                "permalink_public": "https:\/\/slack-files.com\/T9SHC5F9S-FBQMZ1BU4-9cf5d9cd41",
                "reactions": [
                    {
                        "name": "+1",
                        "users": [
                            "UBDUUV802",
                            "UBF0XHZD5",
                            "UBDRXTD8B",
                            "UBE3NCBKP",
                            "UBDUVKQAE",
                            "UBD8GLUEL",
                            "UBDRVLD1R",
                            "UBELL5EF5",
                            "UBDN9579S",
                            "UBD8HB9C0"
                        ],
                        "count": 10
                    }
                ]
            }
        ],
        "upload": true,
        "user": "UBF0XKTP1",
        "display_as_bot": false,
        "reactions": [
            {
                "name": "+1",
                "users": [
                    "UBDUUV802",
                    "UBF0XHZD5",
                    "UBDRXTD8B",
                    "UBE3NCBKP",
                    "UBDUVKQAE",
                    "UBD8GLUEL",
                    "UBDRVLD1R",
                    "UBELL5EF5",
                    "UBDN9579S",
                    "UBD8HB9C0"
                ],
                "count": 10
            }
        ],
        "ts": "1531713395.000043"
    },
    {
        "type": "message",
        "user": "UBDUVKQAE",
        "text": "파이썬에선 #가 주석이고요, html에서 주석 쓰시려면 &lt;!--으로 열고, --&gt;으로 닫아주세요!",
        "client_msg_id": "580032f3-30f3-4b2e-81d9-1d50e89a2815",
        "ts": "1531721632.000054",
        "reactions": [
            {
                "name": "blue_heart",
                "users": [
                    "U9SN17L0M",
                    "UBD8HB9C0",
                    "UBDRXTD8B",
                    "UBDRVLD1R",
                    "UBES4Q6LE",
                    "UBELL5EF5",
                    "UBDN9579S",
                    "UBDRWBNRZ"
                ],
                "count": 8
            }
        ]
    }
]