[
    {
        "type": "message",
        "user": "UBD8GMVNC",
        "text": "Learn, Share and Grow Together 엑셀에 오늘 과제 업데이트 했습니다!",
        "client_msg_id": "8bee6079-c079-4b71-bd3a-21974fad248c",
        "ts": "1531123181.000320",
        "reactions": [
            {
                "name": "+1",
                "users": [
                    "UBDN8T42G",
                    "UBDN8UG4C",
                    "UBDRWBNRZ",
                    "U9SN17L0M",
                    "UBELL5EF5",
                    "U9TKQU99V",
                    "U9UFEBXGF",
                    "UBDRWK8SX"
                ],
                "count": 8
            }
        ]
    },
    {
        "type": "message",
        "text": "",
        "files": [
            {
                "id": "FBN2X3JMV",
                "created": 1531124040,
                "timestamp": 1531124040,
                "name": "그룹 스터디 조 편성.docx",
                "title": "그룹 스터디 조 편성.docx",
                "mimetype": "application\/vnd.openxmlformats-officedocument.wordprocessingml.document",
                "filetype": "docx",
                "pretty_type": "Word Document",
                "user": "UBBH69509",
                "editable": false,
                "size": 13500,
                "mode": "hosted",
                "is_external": false,
                "external_type": "",
                "is_public": true,
                "public_url_shared": false,
                "display_as_bot": false,
                "username": "",
                "url_private": "https:\/\/files.slack.com\/files-pri\/T9SHC5F9S-FBN2X3JMV\/___________________________.docx?t=xoxe-332590185332-430098056850-431139793783-a3ecafe0d0f66efa522a67af632228d7",
                "url_private_download": "https:\/\/files.slack.com\/files-pri\/T9SHC5F9S-FBN2X3JMV\/download\/___________________________.docx?t=xoxe-332590185332-430098056850-431139793783-a3ecafe0d0f66efa522a67af632228d7",
                "permalink": "https:\/\/daitgirls.slack.com\/files\/UBBH69509\/FBN2X3JMV\/___________________________.docx",
                "permalink_public": "https:\/\/slack-files.com\/T9SHC5F9S-FBN2X3JMV-a2600eac57",
                "reactions": [
                    {
                        "name": "+1",
                        "users": [
                            "UBELL5EF5"
                        ],
                        "count": 1
                    }
                ]
            }
        ],
        "upload": true,
        "user": "UBBH69509",
        "display_as_bot": false,
        "reactions": [
            {
                "name": "+1",
                "users": [
                    "UBELL5EF5"
                ],
                "count": 1
            }
        ],
        "ts": "1531124040.000328"
    },
    {
        "type": "message",
        "user": "UBBH69509",
        "text": "<!channel>",
        "client_msg_id": "750be29f-38fd-42ec-8416-2fbd0bdbfc25",
        "ts": "1531124091.000063"
    },
    {
        "type": "message",
        "user": "U9TKQU99V",
        "text": "오늘자 강의동영상도 업로드 되었습니다 :slightly_smiling_face:",
        "client_msg_id": "4b540bad-4b28-46b5-99aa-190964871ea7",
        "ts": "1531127366.000075"
    },
    {
        "type": "message",
        "user": "UBDUVKQAE",
        "text": "관련 개념들에 대해 전혀 갈피를 못 잡겠다\n관련 개념들에 대해 여전히 좀 혼돈스럽다\n관련 개념들에 대해 이제 좀 익숙하다\n관련 개념들을 확실히 이해했다\n관련 개념들을 내 일에서 사용할 준비가 되었다\n관련 개념들을 전문가 수준으로 사용할 수 있다\n\n평가 기준 6가지입니다^^",
        "client_msg_id": "eccb1c70-b8fe-47f9-8da5-fd2180dffd05",
        "edited": {
            "user": "UBDUVKQAE",
            "ts": "1531186748.000000"
        },
        "thread_ts": "1531185712.000162",
        "reply_count": 1,
        "replies": [
            {
                "user": "U9UFEBXGF",
                "ts": "1531185971.000069"
            }
        ],
        "unread_count": 1,
        "ts": "1531185712.000162"
    },
    {
        "type": "message",
        "user": "UBDUVKQAE",
        "text": "<!channel>",
        "client_msg_id": "600b3790-2b48-4827-871d-84768d4afc6a",
        "ts": "1531185734.000159"
    },
    {
        "type": "message",
        "user": "U9UFEBXGF",
        "text": "관련 개념들에 대해 전혀 갈피를 못잡겠다\n관련 개념들에 대해 여전히 좀 혼돈스럽다\n이제 좀 익숙하다 --------- unacceptable \n확실히 이해했다 --------- acceptable\n내일에서 사용할 준비가 되었다\n전문가 수준으로 사용할 수 있다",
        "client_msg_id": "00f45ac2-1ebf-46e6-9398-505cdc2ba1fb",
        "thread_ts": "1531185712.000162",
        "parent_user_id": "UBDUVKQAE",
        "ts": "1531185971.000069"
    },
    {
        "type": "message",
        "user": "UBDRWADQB",
        "text": "1. 자신이 원하지 않는 주제로 조별 과제를 수행하게 된 조원에게 어떻게 동기부여를 할 수 있을까?\n2. 조원들 간의 역량차가 많이 날 때, 어떻게 팀을 이끌어야 할까?\n3. 역량이 비슷한 사람들끼리 조를 구성하는 것이 좋을까? \n4. 같은 과업을 여러 사람이 하고싶을 때 어떤 기준으로 과업을 할당해야 할까?\n5. 기여도 평가방법, 프리라이더를 어떻게 처리하지?\n6. 역할 분담을 확실히 하여 각자의 책임을 다 하는 것이 좋을까, 서로 인터렉션하며 일을 진행하는 것이 좋을까?\n7. 소통방식의 차이가 있을 때는 어쩌지?\n8. 개인에게 득이 되는 과업만 열심히 하는 팀원을 어떻게 하지?\n9. 수평적인 문화가 좋은 것일까? 팀원끼리 어느정도까지 친밀함을 유지해야 할까?\n10. 직급이 높은 사람과 협업을 어떻게 하지?\n11. 의견이 대립할 때, 첨예한 갈등이 있을 때 의사결정의 기준은?",
        "client_msg_id": "46c22db3-f6f7-413e-ba36-a9b897769f20",
        "edited": {
            "user": "UBDRWADQB",
            "ts": "1531186708.000000"
        },
        "ts": "1531186663.000132",
        "reactions": [
            {
                "name": "zero",
                "users": [
                    "UBE3NMLCD",
                    "UBDRWRE3D",
                    "UBDRWK8SX",
                    "UBDRWADQB",
                    "UBDRVLD1R",
                    "UBDUU7X7U",
                    "UBDN8T42G",
                    "UBF0XKTP1",
                    "UAMRJQYTE",
                    "UBBH69509",
                    "UBDCWPPNV",
                    "UBD8HB9C0"
                ],
                "count": 12
            },
            {
                "name": "one",
                "users": [
                    "UBDRWADQB",
                    "UBE3NMLCD",
                    "UBF0Y7GMD",
                    "UBDCWMFND",
                    "UBDRWK8SX",
                    "UBDRWRE3D",
                    "U9UFEBXGF",
                    "UBD8GLUEL",
                    "UBBH69509",
                    "UBDUU7X7U",
                    "UBDRWBNRZ"
                ],
                "count": 11
            },
            {
                "name": "two",
                "users": [
                    "UBDRWU3GT",
                    "UBE3NCBKP",
                    "UBDRWADQB",
                    "UBF0Y7GMD",
                    "UBF0XFP7Z",
                    "UBF0XKTP1",
                    "UBDUUV802",
                    "UAMRJQYTE",
                    "UBDN90RJQ",
                    "UBDRWK8SX",
                    "UBDRWBNRZ",
                    "UBF0XHZD5",
                    "UBDN8T42G"
                ],
                "count": 13
            },
            {
                "name": "three",
                "users": [
                    "UBDN8UG4C",
                    "UBDRWU3GT",
                    "UBDN9579S",
                    "UBDUUHX4J",
                    "UBDCWPPNV",
                    "UBD8HB9C0",
                    "UBDN90RJQ",
                    "UBBH69509",
                    "UBD8GLUEL",
                    "UBDUUV802",
                    "U9UFEBXGF"
                ],
                "count": 11
            },
            {
                "name": "five",
                "users": [
                    "UBE3NMLCD",
                    "UBDN8UG4C",
                    "UBES4Q6LE",
                    "UBDUVKQAE"
                ],
                "count": 4
            },
            {
                "name": "four",
                "users": [
                    "UBDRWRE3D",
                    "UBDN9579S",
                    "UBDCWPPNV"
                ],
                "count": 3
            },
            {
                "name": "six",
                "users": [
                    "UBF0Y7GMD",
                    "UBDUVKQAE",
                    "UBDUUHX4J",
                    "UBDUU7X7U",
                    "UBF0XKTP1",
                    "UBF0XFP7Z",
                    "UBDN90RJQ",
                    "UBDN8UG4C",
                    "UBDUU48UA",
                    "UBDCWMFND",
                    "UBD8HB9C0",
                    "UBDN8T42G",
                    "UBDRWBNRZ"
                ],
                "count": 13
            },
            {
                "name": "nine",
                "users": [
                    "UBDUUHX4J",
                    "UBDN9579S",
                    "UBDRVLD1R",
                    "UBES4Q6LE",
                    "UBF0XFP7Z",
                    "UBE3NCBKP",
                    "UBD8GLUEL"
                ],
                "count": 7
            },
            {
                "name": "seven",
                "users": [
                    "UBDUUV802",
                    "UBE3NCBKP",
                    "U9UFEBXGF",
                    "UBDRVLD1R",
                    "UBES4Q6LE",
                    "UBDUU48UA",
                    "UBDRWRE3D",
                    "UBDCWMFND",
                    "UAMRJQYTE"
                ],
                "count": 9
            },
            {
                "name": "keycap_ten",
                "users": [
                    "UBDRWU3GT",
                    "UBF0XHZD5",
                    "UBDUU48UA"
                ],
                "count": 3
            },
            {
                "name": "eight",
                "users": [
                    "UBDUVKQAE"
                ],
                "count": 1
            }
        ]
    },
    {
        "type": "message",
        "user": "UBDN8T42G",
        "text": "하트 모양에서 찾으면 숫자 이모지 빨리 찾을 수 있어용",
        "client_msg_id": "2fb93d96-32ee-4c75-8639-e319e34644b2",
        "ts": "1531187178.000118"
    },
    {
        "type": "message",
        "user": "UBDN8T42G",
        "text": "B조완료",
        "client_msg_id": "1e737335-795c-413d-a94d-e1cfe3ce9f56",
        "edited": {
            "user": "UBDN8T42G",
            "ts": "1531187380.000000"
        },
        "ts": "1531187353.000059"
    },
    {
        "type": "message",
        "user": "UBE3NMLCD",
        "text": "G조 완료요",
        "client_msg_id": "c0edd6ac-1695-4721-8c32-422977f57961",
        "ts": "1531187358.000211"
    },
    {
        "type": "message",
        "user": "UBF0XHZD5",
        "text": "A조 완료요",
        "client_msg_id": "f0f3696c-a20f-4443-9b33-ab31d63296d7",
        "ts": "1531187366.000179"
    },
    {
        "type": "message",
        "user": "UBDRWRE3D",
        "text": "D조 완료요",
        "client_msg_id": "da84ff91-81f1-4a6c-abda-7e561e191316",
        "ts": "1531187372.000114"
    },
    {
        "type": "message",
        "user": "UBF0XKTP1",
        "text": "F조 끝이욧",
        "client_msg_id": "a07cf906-3c51-4568-a798-dd7798ffc22e",
        "ts": "1531187373.000033"
    },
    {
        "type": "message",
        "user": "UBD8HB9C0",
        "text": "6,1,2,11,3",
        "client_msg_id": "79df67ab-a4aa-4e94-b138-d75fcf4f055c",
        "ts": "1531187379.000150"
    },
    {
        "type": "message",
        "user": "UBD8HB9C0",
        "text": "6,2,11",
        "client_msg_id": "e1433ca8-099f-4a16-9ba8-f3c93b684e3a",
        "ts": "1531187424.000021"
    },
    {
        "type": "message",
        "user": "UBDN8UG4C",
        "text": "6. 역할 분담을 확실히 하여 각자의 책임을 다 하는 것이 좋을까, 서로 인터렉션하며 일을 진행하는 것이 좋을까?\n2. 조원들 간의 역량차가 많이 날 때, 어떻게 팀을 이끌어야 할까?\n11. 의견이 대립할 때, 첨예한 갈등이 있을 때 의사결정의 기준은?",
        "client_msg_id": "0d516f06-cf42-4c21-9095-5ba4a5028046",
        "ts": "1531187454.000094",
        "reactions": [
            {
                "name": "+1",
                "users": [
                    "UBE3NCBKP",
                    "UBDN8T42G",
                    "UBES4Q6LE",
                    "UBBH69509",
                    "UBDUVKQAE",
                    "UBD8HB9C0",
                    "UBDRWADQB"
                ],
                "count": 7
            }
        ]
    },
    {
        "type": "message",
        "user": "UBDN8T42G",
        "text": "오늘 나눠주시는 책 유튜브에 강의가 있어요!! 제가 마침 공부하려고 찾아봤던 거라 같이 공유합니당\n<https:\/\/www.youtube.com\/watch?v=jGOqkljySu8>",
        "client_msg_id": "95cfd678-86cd-4426-947e-e8f45d626da9",
        "ts": "1531188673.000051",
        "reactions": [
            {
                "name": "heart_eyes",
                "users": [
                    "UBDUUV802",
                    "UBDRWK8SX",
                    "UBDRWRE3D",
                    "UBD8HB9C0",
                    "UBF0XHZD5",
                    "UBF0XKTP1",
                    "UBDUVKQAE",
                    "UBDRWBNRZ",
                    "UBDCWMFND",
                    "UBDUU7X7U",
                    "U9SN17L0M",
                    "UBELL5EF5"
                ],
                "count": 12
            },
            {
                "name": "blue_heart",
                "users": [
                    "U9UFEBXGF",
                    "U9SN17L0M"
                ],
                "count": 2
            }
        ]
    },
    {
        "type": "message",
        "user": "UBF0XKTP1",
        "text": "바리스타 플라넬 드립 라떼라고 하는 편의점 커피 남는데 커피 드실분~:sleeping:",
        "client_msg_id": "32763fa3-8349-41a1-aebf-b9a867b6f0e7",
        "thread_ts": "1531190133.000030",
        "reply_count": 2,
        "replies": [
            {
                "user": "UBF0XKTP1",
                "ts": "1531190518.000030"
            },
            {
                "user": "UBF0Y7GMD",
                "ts": "1531190577.000038"
            }
        ],
        "unread_count": 2,
        "ts": "1531190133.000030",
        "reactions": [
            {
                "name": "coffee",
                "users": [
                    "UBF0Y7GMD",
                    "UBD8GLUEL",
                    "UBF0XHZD5",
                    "UBDUVKQAE"
                ],
                "count": 4
            }
        ]
    },
    {
        "type": "message",
        "user": "UBF0XKTP1",
        "text": "끝났읍니다..",
        "client_msg_id": "2cf1c3c1-9fcb-4b88-b3c6-eacbbf8d4810",
        "thread_ts": "1531190133.000030",
        "parent_user_id": "UBF0XKTP1",
        "ts": "1531190518.000030",
        "reactions": [
            {
                "name": "+1::skin-tone-3",
                "users": [
                    "UBF0XHZD5"
                ],
                "count": 1
            }
        ]
    },
    {
        "type": "message",
        "user": "UBF0Y7GMD",
        "text": "아 ... 아깝네요...",
        "client_msg_id": "79743dd8-bd9e-4801-a860-5260b1399e61",
        "thread_ts": "1531190133.000030",
        "parent_user_id": "UBF0XKTP1",
        "ts": "1531190577.000038",
        "reactions": [
            {
                "name": "woman-cartwheeling",
                "users": [
                    "UBF0XKTP1",
                    "UBDUVKQAE"
                ],
                "count": 2
            }
        ]
    },
    {
        "type": "message",
        "user": "UBE3NMLCD",
        "text": "이따 책 받으면 사물함 필요할 거 같은데, 사물함 같이 쓰실 분 계신가용~~??",
        "client_msg_id": "12cd7919-5ffa-41aa-837a-14f3187d7393",
        "thread_ts": "1531193962.000106",
        "reply_count": 13,
        "replies": [
            {
                "user": "UBDUU7X7U",
                "ts": "1531194126.000082"
            },
            {
                "user": "UBE3NCBKP",
                "ts": "1531194134.000019"
            },
            {
                "user": "UBE3NMLCD",
                "ts": "1531194180.000014"
            },
            {
                "user": "UBDUU7X7U",
                "ts": "1531194196.000041"
            },
            {
                "user": "UBE3NCBKP",
                "ts": "1531194242.000113"
            },
            {
                "user": "UBE3NCBKP",
                "ts": "1531194250.000022"
            },
            {
                "user": "UBDUU7X7U",
                "ts": "1531194260.000125"
            },
            {
                "user": "UBDRWK8SX",
                "ts": "1531194316.000107"
            },
            {
                "user": "UBDRWK8SX",
                "ts": "1531194317.000146"
            },
            {
                "user": "UBDRWK8SX",
                "ts": "1531194318.000131"
            },
            {
                "user": "UBE3NMLCD",
                "ts": "1531194362.000049"
            },
            {
                "user": "UBDUU7X7U",
                "ts": "1531194474.000096"
            },
            {
                "user": "UBE3NCBKP",
                "ts": "1531194524.000037"
            }
        ],
        "unread_count": 13,
        "ts": "1531193962.000106"
    },
    {
        "type": "message",
        "user": "UBDUU7X7U",
        "text": "저욤~!!",
        "client_msg_id": "3426e991-4c8d-4759-9e35-1d14d1883d53",
        "thread_ts": "1531193962.000106",
        "parent_user_id": "UBE3NMLCD",
        "ts": "1531194126.000082"
    },
    {
        "type": "message",
        "user": "UBE3NCBKP",
        "text": "저두.....",
        "client_msg_id": "82d9cac5-71a2-4956-99f2-2dd981d7d5c5",
        "thread_ts": "1531193962.000106",
        "parent_user_id": "UBE3NMLCD",
        "ts": "1531194134.000019"
    },
    {
        "type": "message",
        "user": "UBE3NMLCD",
        "text": "오 그럼 이렇게 셋이서 쓸까요??",
        "client_msg_id": "66ad54b3-daf8-4d27-b1d1-97506ecf2258",
        "thread_ts": "1531193962.000106",
        "parent_user_id": "UBE3NMLCD",
        "ts": "1531194180.000014"
    },
    {
        "type": "message",
        "user": "UBDUU7X7U",
        "text": "네~! 사물함 비용이 얼마인지 혹시 아시나여?",
        "client_msg_id": "55959ce3-9ad6-42ed-a6f6-ef7e6f996ecc",
        "thread_ts": "1531193962.000106",
        "parent_user_id": "UBE3NMLCD",
        "ts": "1531194196.000041"
    },
    {
        "type": "message",
        "user": "UBE3NCBKP",
        "text": "한 달에 8000이에용!",
        "client_msg_id": "b876ee4a-9ac2-4e38-a3d1-a409f17eaefd",
        "thread_ts": "1531193962.000106",
        "parent_user_id": "UBE3NMLCD",
        "ts": "1531194242.000113"
    },
    {
        "type": "message",
        "user": "UBE3NCBKP",
        "text": "한 분 더 구해볼까요???",
        "client_msg_id": "6392686a-174d-4c18-8bd3-e4506cbedbce",
        "thread_ts": "1531193962.000106",
        "parent_user_id": "UBE3NMLCD",
        "ts": "1531194250.000022"
    },
    {
        "type": "message",
        "user": "UBDUU7X7U",
        "text": "한 분 더 해서 2000원씩 할까요~??",
        "client_msg_id": "1fd082ac-f13c-49be-a90e-e49c74de271d",
        "thread_ts": "1531193962.000106",
        "parent_user_id": "UBE3NMLCD",
        "ts": "1531194260.000125"
    },
    {
        "type": "message",
        "user": "UBDRWK8SX",
        "text": "그럼 제가",
        "client_msg_id": "737751b7-1501-48da-9f34-895da4da6547",
        "thread_ts": "1531193962.000106",
        "parent_user_id": "UBE3NMLCD",
        "ts": "1531194316.000107"
    },
    {
        "type": "message",
        "user": "UBDRWK8SX",
        "text": "할게요",
        "client_msg_id": "be6709be-ef3f-4b55-9247-9134ef23a284",
        "thread_ts": "1531193962.000106",
        "parent_user_id": "UBE3NMLCD",
        "ts": "1531194317.000146"
    },
    {
        "type": "message",
        "user": "UBDRWK8SX",
        "text": "ㅎㅎ",
        "client_msg_id": "1fb43501-d141-4571-bb45-7d897bf54181",
        "thread_ts": "1531193962.000106",
        "parent_user_id": "UBE3NMLCD",
        "ts": "1531194318.000131"
    },
    {
        "type": "message",
        "user": "UBE3NMLCD",
        "text": "오 좋아요~!!",
        "client_msg_id": "45a4eb1f-3b6a-4169-b2c0-de91f7bed6fb",
        "thread_ts": "1531193962.000106",
        "parent_user_id": "UBE3NMLCD",
        "ts": "1531194362.000049"
    },
    {
        "type": "message",
        "user": "UBDUU7X7U",
        "text": "좋아용:)",
        "client_msg_id": "275ec26d-228c-4e37-b36c-5f62dad1f5c9",
        "thread_ts": "1531193962.000106",
        "parent_user_id": "UBE3NMLCD",
        "ts": "1531194474.000096"
    },
    {
        "type": "message",
        "user": "UBE3NCBKP",
        "text": ":grin:",
        "client_msg_id": "8741537e-c3c5-4018-919e-d8593d3ef45b",
        "thread_ts": "1531193962.000106",
        "parent_user_id": "UBE3NMLCD",
        "ts": "1531194524.000037"
    },
    {
        "type": "message",
        "user": "U9UFEBXGF",
        "text": "<!channel> 방금 창준님이 말씀해주신 의사결정프레임을 루미오라고 부르는 것 같아요! \n의사결정 프레임 : Loomio 의사결정 시스템\n*루미오\n협력적 의사결정 시스템( collaborative decision-making )\n찬성, 반대, 보류, 차단의 네 가지 선택으로 단순하게 구성된 소프트웨어\n모든 구성원의 의견이 소외되지 않고 반영되는 데 큰 역할",
        "client_msg_id": "387d0122-c943-4a80-99fa-b30acd563abb",
        "thread_ts": "1531200402.000073",
        "reply_count": 1,
        "replies": [
            {
                "user": "U9UFEBXGF",
                "ts": "1531200466.000065"
            }
        ],
        "unread_count": 1,
        "ts": "1531200402.000073",
        "reactions": [
            {
                "name": "+1",
                "users": [
                    "UBDN8UG4C",
                    "UBDN90RJQ",
                    "UBD8GLUEL",
                    "UBDRWU3GT",
                    "UBF0Y7GMD",
                    "UAMRJQYTE",
                    "UBDUUV802",
                    "UBDUU7X7U",
                    "UBF0XFP7Z",
                    "UBDUVKQAE",
                    "UBDRWBNRZ",
                    "UBDN9579S",
                    "UBELL5EF5"
                ],
                "count": 13
            }
        ]
    },
    {
        "type": "message",
        "user": "U9UFEBXGF",
        "text": "<https:\/\/storyfunding.daum.net\/episode\/1944>",
        "client_msg_id": "7ac0b4ee-3222-497d-8f50-85b3949b8dd4",
        "attachments": [
            {
                "service_name": "스토리펀딩",
                "title": "네가 하면 노잼   내가 하면 깨잼",
                "title_link": "https:\/\/storyfunding.daum.net\/episode\/1944",
                "text": "[스토리펀딩] 듣도 보도 못한 정치 6화.",
                "fallback": "스토리펀딩: 네가 하면 노잼   내가 하면 깨잼",
                "image_url": "https:\/\/t1.daumcdn.net\/thumb\/C480x270\/?fname=http:\/\/u1.daumcdn.net\/news\/201511\/02\/justice\/20151102130703014fqse.png",
                "from_url": "https:\/\/storyfunding.daum.net\/episode\/1944",
                "image_width": 444,
                "image_height": 250,
                "image_bytes": 156333,
                "service_icon": "http:\/\/m1.daumcdn.net\/svc\/image\/U03\/common_icon\/56147B92056AFA0001",
                "id": 1,
                "original_url": "https:\/\/storyfunding.daum.net\/episode\/1944"
            }
        ],
        "thread_ts": "1531200402.000073",
        "parent_user_id": "U9UFEBXGF",
        "ts": "1531200466.000065"
    },
    {
        "type": "message",
        "user": "UBDUUUCMQ",
        "text": "1. 나도 예전에 그런 적 있어... 경험담 이야기하기\n2. 들으며 맞장구 쳐주기 어머 대박 헐퀴 우와\n3. 많이 속상했겠다...\n4. 좋은 밑거름이 될 거야!\n5. 그렇게 생각하지 마. 넌 내가 보기에 좋은 개발자야\n6. 노력했는데 기대에 못 미쳐 실망했겠구나\n7. 너 뭘 잘못한 것 같아?",
        "client_msg_id": "10b87efe-9d97-49e8-ad7e-8f300cb83c56",
        "ts": "1531201145.000115",
        "reactions": [
            {
                "name": "clap",
                "users": [
                    "UBDUVKQAE",
                    "UBDN8T42G",
                    "UBF0Y7GMD",
                    "UBBH69509",
                    "UBDRWBNRZ",
                    "U9UFEBXGF",
                    "UBF0XHZD5",
                    "UBF0XFP7Z",
                    "UBDRWRE3D",
                    "UBDN9579S",
                    "UBDUU7X7U"
                ],
                "count": 11
            }
        ]
    },
    {
        "type": "message",
        "user": "U9UFEBXGF",
        "text": "<https:\/\/ko.wikipedia.org\/wiki\/%EC%A1%B4%EA%B0%80%ED%8A%B8%EB%A7%8C>",
        "client_msg_id": "e9438277-17e0-4c2f-b381-7e16e1d0e665",
        "attachments": [
            {
                "image_url": "https:\/\/upload.wikimedia.org\/wikipedia\/commons\/8\/8f\/Dr._John_Gottman_123.jpg",
                "image_width": 1024,
                "image_height": 768,
                "image_bytes": 102969,
                "title": "존가트만",
                "title_link": "https:\/\/ko.wikipedia.org\/wiki\/%EC%A1%B4%EA%B0%80%ED%8A%B8%EB%A7%8C",
                "from_url": "https:\/\/ko.wikipedia.org\/wiki\/%EC%A1%B4%EA%B0%80%ED%8A%B8%EB%A7%8C",
                "author_name": "Wikipedia",
                "author_link": "https:\/\/ko.wikipedia.org\/",
                "text": "존 가트만John Mordecai Gottman (1942 년 4 월 26 일 출생)은 심리학의 명예 교수이다. 그는 과학적 직접 관찰을 통해 결혼 안정성 및 관계 분석에 대한 연구로 유명하며, 그 중 다수는 동료 심사 논문에 발표되었다. 이 연구에서 파생 된 교훈은 관계 기능을 향상시키고 가트만 및 다른 연구자가 인간 관계에 해를 가하는 행동을 회피하는 것을 목표로하는 관계 상담 운동의 부분적 근거를 제시한다. 그의 연구는 또한 사회 서열 분석에 대한 중요한 개념의 개발에 중요한 영향을 미쳤다. 가트만은 워싱턴 대학교 심리학 명예 교수이다. 존 가트만 박사와 Julie Schwartz Gottman 박사는 The Gottman Institute라고 불리는 치료사 교육 기관의 책임자이다.",
                "fallback": "wikipedia: 존가트만",
                "service_icon": "https:\/\/cfr.slack-edge.com\/bfaba\/img\/unfurl_icons\/wikipedia.png",
                "id": 1,
                "original_url": "https:\/\/ko.wikipedia.org\/wiki\/%EC%A1%B4%EA%B0%80%ED%8A%B8%EB%A7%8C"
            }
        ],
        "ts": "1531201929.000108",
        "reactions": [
            {
                "name": "+1",
                "users": [
                    "UBDN9579S",
                    "UBDUUV802",
                    "UBDUVKQAE",
                    "UBBH69509",
                    "UBF0XHZD5",
                    "UBF0XFP7Z",
                    "UBELL5EF5"
                ],
                "count": 7
            }
        ]
    },
    {
        "type": "message",
        "text": "수진님 아이스크림 감사합니당:ok_woman::ok_woman:",
        "files": [
            {
                "id": "FBM56KYN5",
                "created": 1531203693,
                "timestamp": 1531203693,
                "name": "IMG_20180710_152118.jpg",
                "title": "IMG_20180710_152118.jpg",
                "mimetype": "image\/jpeg",
                "filetype": "jpg",
                "pretty_type": "JPEG",
                "user": "UBF0XHZD5",
                "editable": false,
                "size": 665042,
                "mode": "hosted",
                "is_external": false,
                "external_type": "",
                "is_public": true,
                "public_url_shared": false,
                "display_as_bot": false,
                "username": "",
                "url_private": "https:\/\/files.slack.com\/files-pri\/T9SHC5F9S-FBM56KYN5\/img_20180710_152118.jpg?t=xoxe-332590185332-430098056850-431139793783-a3ecafe0d0f66efa522a67af632228d7",
                "url_private_download": "https:\/\/files.slack.com\/files-pri\/T9SHC5F9S-FBM56KYN5\/download\/img_20180710_152118.jpg?t=xoxe-332590185332-430098056850-431139793783-a3ecafe0d0f66efa522a67af632228d7",
                "thumb_64": "https:\/\/files.slack.com\/files-tmb\/T9SHC5F9S-FBM56KYN5-a7bdbe8ec8\/img_20180710_152118_64.jpg?t=xoxe-332590185332-430098056850-431139793783-a3ecafe0d0f66efa522a67af632228d7",
                "thumb_80": "https:\/\/files.slack.com\/files-tmb\/T9SHC5F9S-FBM56KYN5-a7bdbe8ec8\/img_20180710_152118_80.jpg?t=xoxe-332590185332-430098056850-431139793783-a3ecafe0d0f66efa522a67af632228d7",
                "thumb_360": "https:\/\/files.slack.com\/files-tmb\/T9SHC5F9S-FBM56KYN5-a7bdbe8ec8\/img_20180710_152118_360.jpg?t=xoxe-332590185332-430098056850-431139793783-a3ecafe0d0f66efa522a67af632228d7",
                "thumb_360_w": 360,
                "thumb_360_h": 360,
                "thumb_480": "https:\/\/files.slack.com\/files-tmb\/T9SHC5F9S-FBM56KYN5-a7bdbe8ec8\/img_20180710_152118_480.jpg?t=xoxe-332590185332-430098056850-431139793783-a3ecafe0d0f66efa522a67af632228d7",
                "thumb_480_w": 480,
                "thumb_480_h": 480,
                "thumb_160": "https:\/\/files.slack.com\/files-tmb\/T9SHC5F9S-FBM56KYN5-a7bdbe8ec8\/img_20180710_152118_160.jpg?t=xoxe-332590185332-430098056850-431139793783-a3ecafe0d0f66efa522a67af632228d7",
                "thumb_720": "https:\/\/files.slack.com\/files-tmb\/T9SHC5F9S-FBM56KYN5-a7bdbe8ec8\/img_20180710_152118_720.jpg?t=xoxe-332590185332-430098056850-431139793783-a3ecafe0d0f66efa522a67af632228d7",
                "thumb_720_w": 720,
                "thumb_720_h": 720,
                "thumb_800": "https:\/\/files.slack.com\/files-tmb\/T9SHC5F9S-FBM56KYN5-a7bdbe8ec8\/img_20180710_152118_800.jpg?t=xoxe-332590185332-430098056850-431139793783-a3ecafe0d0f66efa522a67af632228d7",
                "thumb_800_w": 800,
                "thumb_800_h": 800,
                "thumb_960": "https:\/\/files.slack.com\/files-tmb\/T9SHC5F9S-FBM56KYN5-a7bdbe8ec8\/img_20180710_152118_960.jpg?t=xoxe-332590185332-430098056850-431139793783-a3ecafe0d0f66efa522a67af632228d7",
                "thumb_960_w": 960,
                "thumb_960_h": 960,
                "thumb_1024": "https:\/\/files.slack.com\/files-tmb\/T9SHC5F9S-FBM56KYN5-a7bdbe8ec8\/img_20180710_152118_1024.jpg?t=xoxe-332590185332-430098056850-431139793783-a3ecafe0d0f66efa522a67af632228d7",
                "thumb_1024_w": 1024,
                "thumb_1024_h": 1024,
                "image_exif_rotation": 1,
                "original_w": 1080,
                "original_h": 1080,
                "permalink": "https:\/\/daitgirls.slack.com\/files\/UBF0XHZD5\/FBM56KYN5\/img_20180710_152118.jpg",
                "permalink_public": "https:\/\/slack-files.com\/T9SHC5F9S-FBM56KYN5-7532a13ad4",
                "reactions": [
                    {
                        "name": "+1",
                        "users": [
                            "UBELL5EF5"
                        ],
                        "count": 1
                    }
                ]
            }
        ],
        "upload": true,
        "user": "UBF0XHZD5",
        "display_as_bot": false,
        "reactions": [
            {
                "name": "+1",
                "users": [
                    "UBELL5EF5"
                ],
                "count": 1
            }
        ],
        "client_msg_id": "a0b7ef5e-28f8-400f-bb02-6e225ee2f7e1",
        "ts": "1531203697.000086"
    },
    {
        "type": "message",
        "text": "잘먹을게용♡",
        "files": [
            {
                "id": "FBM574ASD",
                "created": 1531203789,
                "timestamp": 1531203789,
                "name": "20180710_152209.jpg",
                "title": "20180710_152209.jpg",
                "mimetype": "image\/jpeg",
                "filetype": "jpg",
                "pretty_type": "JPEG",
                "user": "UBDRWADQB",
                "editable": false,
                "size": 2690081,
                "mode": "hosted",
                "is_external": false,
                "external_type": "",
                "is_public": true,
                "public_url_shared": false,
                "display_as_bot": false,
                "username": "",
                "url_private": "https:\/\/files.slack.com\/files-pri\/T9SHC5F9S-FBM574ASD\/20180710_152209.jpg?t=xoxe-332590185332-430098056850-431139793783-a3ecafe0d0f66efa522a67af632228d7",
                "url_private_download": "https:\/\/files.slack.com\/files-pri\/T9SHC5F9S-FBM574ASD\/download\/20180710_152209.jpg?t=xoxe-332590185332-430098056850-431139793783-a3ecafe0d0f66efa522a67af632228d7",
                "thumb_64": "https:\/\/files.slack.com\/files-tmb\/T9SHC5F9S-FBM574ASD-98f165de19\/20180710_152209_64.jpg?t=xoxe-332590185332-430098056850-431139793783-a3ecafe0d0f66efa522a67af632228d7",
                "thumb_80": "https:\/\/files.slack.com\/files-tmb\/T9SHC5F9S-FBM574ASD-98f165de19\/20180710_152209_80.jpg?t=xoxe-332590185332-430098056850-431139793783-a3ecafe0d0f66efa522a67af632228d7",
                "thumb_360": "https:\/\/files.slack.com\/files-tmb\/T9SHC5F9S-FBM574ASD-98f165de19\/20180710_152209_360.jpg?t=xoxe-332590185332-430098056850-431139793783-a3ecafe0d0f66efa522a67af632228d7",
                "thumb_360_w": 360,
                "thumb_360_h": 270,
                "thumb_480": "https:\/\/files.slack.com\/files-tmb\/T9SHC5F9S-FBM574ASD-98f165de19\/20180710_152209_480.jpg?t=xoxe-332590185332-430098056850-431139793783-a3ecafe0d0f66efa522a67af632228d7",
                "thumb_480_w": 480,
                "thumb_480_h": 360,
                "thumb_160": "https:\/\/files.slack.com\/files-tmb\/T9SHC5F9S-FBM574ASD-98f165de19\/20180710_152209_160.jpg?t=xoxe-332590185332-430098056850-431139793783-a3ecafe0d0f66efa522a67af632228d7",
                "thumb_720": "https:\/\/files.slack.com\/files-tmb\/T9SHC5F9S-FBM574ASD-98f165de19\/20180710_152209_720.jpg?t=xoxe-332590185332-430098056850-431139793783-a3ecafe0d0f66efa522a67af632228d7",
                "thumb_720_w": 720,
                "thumb_720_h": 540,
                "thumb_800": "https:\/\/files.slack.com\/files-tmb\/T9SHC5F9S-FBM574ASD-98f165de19\/20180710_152209_800.jpg?t=xoxe-332590185332-430098056850-431139793783-a3ecafe0d0f66efa522a67af632228d7",
                "thumb_800_w": 800,
                "thumb_800_h": 600,
                "thumb_960": "https:\/\/files.slack.com\/files-tmb\/T9SHC5F9S-FBM574ASD-98f165de19\/20180710_152209_960.jpg?t=xoxe-332590185332-430098056850-431139793783-a3ecafe0d0f66efa522a67af632228d7",
                "thumb_960_w": 960,
                "thumb_960_h": 720,
                "thumb_1024": "https:\/\/files.slack.com\/files-tmb\/T9SHC5F9S-FBM574ASD-98f165de19\/20180710_152209_1024.jpg?t=xoxe-332590185332-430098056850-431139793783-a3ecafe0d0f66efa522a67af632228d7",
                "thumb_1024_w": 1024,
                "thumb_1024_h": 768,
                "image_exif_rotation": 1,
                "original_w": 3264,
                "original_h": 2448,
                "permalink": "https:\/\/daitgirls.slack.com\/files\/UBDRWADQB\/FBM574ASD\/20180710_152209.jpg",
                "permalink_public": "https:\/\/slack-files.com\/T9SHC5F9S-FBM574ASD-33a964e769",
                "reactions": [
                    {
                        "name": "heart",
                        "users": [
                            "UBF0XFP7Z"
                        ],
                        "count": 1
                    }
                ]
            }
        ],
        "upload": true,
        "user": "UBDRWADQB",
        "display_as_bot": false,
        "reactions": [
            {
                "name": "heart",
                "users": [
                    "UBF0XFP7Z"
                ],
                "count": 1
            }
        ],
        "client_msg_id": "a25c7127-a95e-4b0c-b367-0b35725606ad",
        "ts": "1531203793.000120"
    },
    {
        "type": "message",
        "text": "감사합니다!!뇸뇸!!",
        "files": [
            {
                "id": "FBNU1FWRL",
                "created": 1531203801,
                "timestamp": 1531203801,
                "name": "20180710_152220.jpg",
                "title": "20180710_152220.jpg",
                "mimetype": "image\/jpeg",
                "filetype": "jpg",
                "pretty_type": "JPEG",
                "user": "UBDUUUCMQ",
                "editable": false,
                "size": 3509272,
                "mode": "hosted",
                "is_external": false,
                "external_type": "",
                "is_public": true,
                "public_url_shared": false,
                "display_as_bot": false,
                "username": "",
                "url_private": "https:\/\/files.slack.com\/files-pri\/T9SHC5F9S-FBNU1FWRL\/20180710_152220.jpg?t=xoxe-332590185332-430098056850-431139793783-a3ecafe0d0f66efa522a67af632228d7",
                "url_private_download": "https:\/\/files.slack.com\/files-pri\/T9SHC5F9S-FBNU1FWRL\/download\/20180710_152220.jpg?t=xoxe-332590185332-430098056850-431139793783-a3ecafe0d0f66efa522a67af632228d7",
                "thumb_64": "https:\/\/files.slack.com\/files-tmb\/T9SHC5F9S-FBNU1FWRL-a101ce5298\/20180710_152220_64.jpg?t=xoxe-332590185332-430098056850-431139793783-a3ecafe0d0f66efa522a67af632228d7",
                "thumb_80": "https:\/\/files.slack.com\/files-tmb\/T9SHC5F9S-FBNU1FWRL-a101ce5298\/20180710_152220_80.jpg?t=xoxe-332590185332-430098056850-431139793783-a3ecafe0d0f66efa522a67af632228d7",
                "thumb_360": "https:\/\/files.slack.com\/files-tmb\/T9SHC5F9S-FBNU1FWRL-a101ce5298\/20180710_152220_360.jpg?t=xoxe-332590185332-430098056850-431139793783-a3ecafe0d0f66efa522a67af632228d7",
                "thumb_360_w": 270,
                "thumb_360_h": 360,
                "thumb_480": "https:\/\/files.slack.com\/files-tmb\/T9SHC5F9S-FBNU1FWRL-a101ce5298\/20180710_152220_480.jpg?t=xoxe-332590185332-430098056850-431139793783-a3ecafe0d0f66efa522a67af632228d7",
                "thumb_480_w": 360,
                "thumb_480_h": 480,
                "thumb_160": "https:\/\/files.slack.com\/files-tmb\/T9SHC5F9S-FBNU1FWRL-a101ce5298\/20180710_152220_160.jpg?t=xoxe-332590185332-430098056850-431139793783-a3ecafe0d0f66efa522a67af632228d7",
                "thumb_720": "https:\/\/files.slack.com\/files-tmb\/T9SHC5F9S-FBNU1FWRL-a101ce5298\/20180710_152220_720.jpg?t=xoxe-332590185332-430098056850-431139793783-a3ecafe0d0f66efa522a67af632228d7",
                "thumb_720_w": 540,
                "thumb_720_h": 720,
                "thumb_800": "https:\/\/files.slack.com\/files-tmb\/T9SHC5F9S-FBNU1FWRL-a101ce5298\/20180710_152220_800.jpg?t=xoxe-332590185332-430098056850-431139793783-a3ecafe0d0f66efa522a67af632228d7",
                "thumb_800_w": 800,
                "thumb_800_h": 1067,
                "thumb_960": "https:\/\/files.slack.com\/files-tmb\/T9SHC5F9S-FBNU1FWRL-a101ce5298\/20180710_152220_960.jpg?t=xoxe-332590185332-430098056850-431139793783-a3ecafe0d0f66efa522a67af632228d7",
                "thumb_960_w": 720,
                "thumb_960_h": 960,
                "thumb_1024": "https:\/\/files.slack.com\/files-tmb\/T9SHC5F9S-FBNU1FWRL-a101ce5298\/20180710_152220_1024.jpg?t=xoxe-332590185332-430098056850-431139793783-a3ecafe0d0f66efa522a67af632228d7",
                "thumb_1024_w": 768,
                "thumb_1024_h": 1024,
                "image_exif_rotation": 1,
                "original_w": 4608,
                "original_h": 3456,
                "permalink": "https:\/\/daitgirls.slack.com\/files\/UBDUUUCMQ\/FBNU1FWRL\/20180710_152220.jpg",
                "permalink_public": "https:\/\/slack-files.com\/T9SHC5F9S-FBNU1FWRL-583441ed23",
                "reactions": [
                    {
                        "name": "heart",
                        "users": [
                            "UBDRWU3GT",
                            "UBE3NCBKP"
                        ],
                        "count": 2
                    }
                ]
            }
        ],
        "upload": true,
        "user": "UBDUUUCMQ",
        "display_as_bot": false,
        "reactions": [
            {
                "name": "heart",
                "users": [
                    "UBDRWU3GT",
                    "UBE3NCBKP"
                ],
                "count": 2
            }
        ],
        "client_msg_id": "b9556975-c422-4d0d-b38b-57d9d7120408",
        "ts": "1531203811.000094"
    },
    {
        "type": "message",
        "text": "수진님 감사합니다:heart_eyes: 얼른 봐용 -수진님 조-",
        "files": [
            {
                "id": "FBMM38L3C",
                "created": 1531203902,
                "timestamp": 1531203902,
                "name": "Image from iOS.jpg",
                "title": "Image from iOS",
                "mimetype": "image\/jpeg",
                "filetype": "jpg",
                "pretty_type": "JPEG",
                "user": "UBF0XKTP1",
                "editable": false,
                "size": 3272891,
                "mode": "hosted",
                "is_external": false,
                "external_type": "",
                "is_public": true,
                "public_url_shared": false,
                "display_as_bot": false,
                "username": "",
                "url_private": "https:\/\/files.slack.com\/files-pri\/T9SHC5F9S-FBMM38L3C\/image_from_ios.jpg?t=xoxe-332590185332-430098056850-431139793783-a3ecafe0d0f66efa522a67af632228d7",
                "url_private_download": "https:\/\/files.slack.com\/files-pri\/T9SHC5F9S-FBMM38L3C\/download\/image_from_ios.jpg?t=xoxe-332590185332-430098056850-431139793783-a3ecafe0d0f66efa522a67af632228d7",
                "thumb_64": "https:\/\/files.slack.com\/files-tmb\/T9SHC5F9S-FBMM38L3C-57ef085b2f\/image_from_ios_64.jpg?t=xoxe-332590185332-430098056850-431139793783-a3ecafe0d0f66efa522a67af632228d7",
                "thumb_80": "https:\/\/files.slack.com\/files-tmb\/T9SHC5F9S-FBMM38L3C-57ef085b2f\/image_from_ios_80.jpg?t=xoxe-332590185332-430098056850-431139793783-a3ecafe0d0f66efa522a67af632228d7",
                "thumb_360": "https:\/\/files.slack.com\/files-tmb\/T9SHC5F9S-FBMM38L3C-57ef085b2f\/image_from_ios_360.jpg?t=xoxe-332590185332-430098056850-431139793783-a3ecafe0d0f66efa522a67af632228d7",
                "thumb_360_w": 360,
                "thumb_360_h": 270,
                "thumb_480": "https:\/\/files.slack.com\/files-tmb\/T9SHC5F9S-FBMM38L3C-57ef085b2f\/image_from_ios_480.jpg?t=xoxe-332590185332-430098056850-431139793783-a3ecafe0d0f66efa522a67af632228d7",
                "thumb_480_w": 480,
                "thumb_480_h": 360,
                "thumb_160": "https:\/\/files.slack.com\/files-tmb\/T9SHC5F9S-FBMM38L3C-57ef085b2f\/image_from_ios_160.jpg?t=xoxe-332590185332-430098056850-431139793783-a3ecafe0d0f66efa522a67af632228d7",
                "thumb_720": "https:\/\/files.slack.com\/files-tmb\/T9SHC5F9S-FBMM38L3C-57ef085b2f\/image_from_ios_720.jpg?t=xoxe-332590185332-430098056850-431139793783-a3ecafe0d0f66efa522a67af632228d7",
                "thumb_720_w": 720,
                "thumb_720_h": 540,
                "thumb_800": "https:\/\/files.slack.com\/files-tmb\/T9SHC5F9S-FBMM38L3C-57ef085b2f\/image_from_ios_800.jpg?t=xoxe-332590185332-430098056850-431139793783-a3ecafe0d0f66efa522a67af632228d7",
                "thumb_800_w": 800,
                "thumb_800_h": 600,
                "thumb_960": "https:\/\/files.slack.com\/files-tmb\/T9SHC5F9S-FBMM38L3C-57ef085b2f\/image_from_ios_960.jpg?t=xoxe-332590185332-430098056850-431139793783-a3ecafe0d0f66efa522a67af632228d7",
                "thumb_960_w": 960,
                "thumb_960_h": 720,
                "thumb_1024": "https:\/\/files.slack.com\/files-tmb\/T9SHC5F9S-FBMM38L3C-57ef085b2f\/image_from_ios_1024.jpg?t=xoxe-332590185332-430098056850-431139793783-a3ecafe0d0f66efa522a67af632228d7",
                "thumb_1024_w": 1024,
                "thumb_1024_h": 768,
                "image_exif_rotation": 1,
                "original_w": 2576,
                "original_h": 1932,
                "permalink": "https:\/\/daitgirls.slack.com\/files\/UBF0XKTP1\/FBMM38L3C\/image_from_ios.jpg",
                "permalink_public": "https:\/\/slack-files.com\/T9SHC5F9S-FBMM38L3C-5171680ad3",
                "reactions": [
                    {
                        "name": "heart",
                        "users": [
                            "UBF0Y7GMD",
                            "UBF0XKTP1",
                            "UBE3NCBKP"
                        ],
                        "count": 3
                    }
                ]
            }
        ],
        "upload": true,
        "user": "UBF0XKTP1",
        "display_as_bot": false,
        "reactions": [
            {
                "name": "heart",
                "users": [
                    "UBF0Y7GMD",
                    "UBF0XKTP1",
                    "UBE3NCBKP"
                ],
                "count": 3
            }
        ],
        "upload_reply_to": "824429CC-3733-4AD6-A355-1C4225D9FBBC",
        "ts": "1531203902.000130"
    },
    {
        "type": "message",
        "text": "",
        "files": [
            {
                "id": "FBMRKAVU5",
                "created": 1531204340,
                "timestamp": 1531204340,
                "name": "Image from iOS.jpg",
                "title": "Image from iOS",
                "mimetype": "image\/jpeg",
                "filetype": "jpg",
                "pretty_type": "JPEG",
                "user": "UBDN8UG4C",
                "editable": false,
                "size": 1485812,
                "mode": "hosted",
                "is_external": false,
                "external_type": "",
                "is_public": true,
                "public_url_shared": false,
                "display_as_bot": false,
                "username": "",
                "url_private": "https:\/\/files.slack.com\/files-pri\/T9SHC5F9S-FBMRKAVU5\/image_from_ios.jpg?t=xoxe-332590185332-430098056850-431139793783-a3ecafe0d0f66efa522a67af632228d7",
                "url_private_download": "https:\/\/files.slack.com\/files-pri\/T9SHC5F9S-FBMRKAVU5\/download\/image_from_ios.jpg?t=xoxe-332590185332-430098056850-431139793783-a3ecafe0d0f66efa522a67af632228d7",
                "thumb_64": "https:\/\/files.slack.com\/files-tmb\/T9SHC5F9S-FBMRKAVU5-7d1f24e278\/image_from_ios_64.jpg?t=xoxe-332590185332-430098056850-431139793783-a3ecafe0d0f66efa522a67af632228d7",
                "thumb_80": "https:\/\/files.slack.com\/files-tmb\/T9SHC5F9S-FBMRKAVU5-7d1f24e278\/image_from_ios_80.jpg?t=xoxe-332590185332-430098056850-431139793783-a3ecafe0d0f66efa522a67af632228d7",
                "thumb_360": "https:\/\/files.slack.com\/files-tmb\/T9SHC5F9S-FBMRKAVU5-7d1f24e278\/image_from_ios_360.jpg?t=xoxe-332590185332-430098056850-431139793783-a3ecafe0d0f66efa522a67af632228d7",
                "thumb_360_w": 360,
                "thumb_360_h": 270,
                "thumb_480": "https:\/\/files.slack.com\/files-tmb\/T9SHC5F9S-FBMRKAVU5-7d1f24e278\/image_from_ios_480.jpg?t=xoxe-332590185332-430098056850-431139793783-a3ecafe0d0f66efa522a67af632228d7",
                "thumb_480_w": 480,
                "thumb_480_h": 360,
                "thumb_160": "https:\/\/files.slack.com\/files-tmb\/T9SHC5F9S-FBMRKAVU5-7d1f24e278\/image_from_ios_160.jpg?t=xoxe-332590185332-430098056850-431139793783-a3ecafe0d0f66efa522a67af632228d7",
                "thumb_720": "https:\/\/files.slack.com\/files-tmb\/T9SHC5F9S-FBMRKAVU5-7d1f24e278\/image_from_ios_720.jpg?t=xoxe-332590185332-430098056850-431139793783-a3ecafe0d0f66efa522a67af632228d7",
                "thumb_720_w": 720,
                "thumb_720_h": 540,
                "thumb_800": "https:\/\/files.slack.com\/files-tmb\/T9SHC5F9S-FBMRKAVU5-7d1f24e278\/image_from_ios_800.jpg?t=xoxe-332590185332-430098056850-431139793783-a3ecafe0d0f66efa522a67af632228d7",
                "thumb_800_w": 800,
                "thumb_800_h": 600,
                "thumb_960": "https:\/\/files.slack.com\/files-tmb\/T9SHC5F9S-FBMRKAVU5-7d1f24e278\/image_from_ios_960.jpg?t=xoxe-332590185332-430098056850-431139793783-a3ecafe0d0f66efa522a67af632228d7",
                "thumb_960_w": 960,
                "thumb_960_h": 720,
                "thumb_1024": "https:\/\/files.slack.com\/files-tmb\/T9SHC5F9S-FBMRKAVU5-7d1f24e278\/image_from_ios_1024.jpg?t=xoxe-332590185332-430098056850-431139793783-a3ecafe0d0f66efa522a67af632228d7",
                "thumb_1024_w": 1024,
                "thumb_1024_h": 768,
                "image_exif_rotation": 1,
                "original_w": 1667,
                "original_h": 1250,
                "permalink": "https:\/\/daitgirls.slack.com\/files\/UBDN8UG4C\/FBMRKAVU5\/image_from_ios.jpg",
                "permalink_public": "https:\/\/slack-files.com\/T9SHC5F9S-FBMRKAVU5-79553a5b17"
            }
        ],
        "upload": true,
        "user": "UBDN8UG4C",
        "display_as_bot": false,
        "upload_reply_to": "9481B058-8977-4049-8E92-B105BCE6DEDE",
        "ts": "1531204344.000030"
    },
    {
        "type": "message",
        "user": "UBDN8UG4C",
        "text": "잘먹겠습니다!!",
        "client_msg_id": "7E1984F3-18FA-4E92-A1D9-30C4B9DBC460",
        "ts": "1531204345.000146"
    },
    {
        "type": "message",
        "user": "UBD8HB9C0",
        "text": "어제 수업한 정적 블로깅하기 제가 블로그 만들어서 정리해놨어요! 맥 쓰시는 분들 참고하면 좋을 것 같구 혹시 루비 설치 성공하신 윈도우 유저분들도 Xcode 설치 부분 빼고 따라하면 아마 될거예요! 하다가 에러 뜨거나 질문 있으시면 편하게 얘기해주세용:orange_heart:\n<https:\/\/jyeeee95.github.io>",
        "client_msg_id": "aba389d3-e37b-47ef-b340-4a79ad218ef1",
        "attachments": [
            {
                "title": "Jihye Jung’s Blog",
                "title_link": "https:\/\/jyeeee95.github.io\/",
                "text": "Write an awesome description for your new site here. You can edit this line in _config.yml. It will appear in your document head meta (for Google search results) and in your feed.xml site description.",
                "fallback": "Jihye Jung’s Blog",
                "from_url": "https:\/\/jyeeee95.github.io\/",
                "service_name": "jyeeee95.github.io",
                "id": 1,
                "original_url": "https:\/\/jyeeee95.github.io"
            }
        ],
        "edited": {
            "user": "UBD8HB9C0",
            "ts": "1531205737.000000"
        },
        "thread_ts": "1531205713.000197",
        "reply_count": 9,
        "replies": [
            {
                "user": "U9SN17L0M",
                "ts": "1531205766.000008"
            },
            {
                "user": "UBDN90RJQ",
                "ts": "1531205837.000152"
            },
            {
                "user": "U9SN17L0M",
                "ts": "1531205874.000095"
            },
            {
                "user": "UBDRVLD1R",
                "ts": "1531206720.000029"
            },
            {
                "user": "UBDRVLD1R",
                "ts": "1531206721.000229"
            },
            {
                "user": "UBDRVLD1R",
                "ts": "1531206727.000092"
            },
            {
                "user": "UBDN90RJQ",
                "ts": "1531207240.000271"
            },
            {
                "user": "UBDN90RJQ",
                "ts": "1531207570.000103"
            },
            {
                "user": "U9SN17L0M",
                "ts": "1531208083.000273"
            }
        ],
        "unread_count": 9,
        "ts": "1531205713.000197",
        "reactions": [
            {
                "name": "blue_heart",
                "users": [
                    "U9SN17L0M",
                    "UBDN90RJQ",
                    "UBF1K97FH",
                    "UBE3NCBKP",
                    "UBDUVKQAE",
                    "UBDN8T42G",
                    "UBE3NMLCD",
                    "U9UFEBXGF",
                    "UBDRWU3GT"
                ],
                "count": 9
            },
            {
                "name": "100",
                "users": [
                    "U9SN17L0M",
                    "UBE3NCBKP",
                    "UBDN8T42G",
                    "UBE3NMLCD",
                    "U9UFEBXGF",
                    "UBDRWRE3D",
                    "UBF0XFP7Z",
                    "UAMRJQYTE",
                    "UBDRWU3GT"
                ],
                "count": 9
            },
            {
                "name": "+1",
                "users": [
                    "UBELL5EF5"
                ],
                "count": 1
            }
        ]
    },
    {
        "type": "message",
        "user": "U9SN17L0M",
        "text": "와 자세히 잘 정리해 주셨네요! 멋져요 :heart_eyes:",
        "client_msg_id": "b28f5ba2-c588-454b-ae5a-b92414e7dc68",
        "thread_ts": "1531205713.000197",
        "parent_user_id": "UBD8HB9C0",
        "ts": "1531205766.000008",
        "reactions": [
            {
                "name": "heart",
                "users": [
                    "UBD8HB9C0",
                    "UBE1ZBL80"
                ],
                "count": 2
            }
        ]
    },
    {
        "type": "message",
        "user": "UBDN90RJQ",
        "text": "저 윈도운데 지혜님 블로그보고 성공했어요:sob:최고시다:heavy_heart_exclamation_mark_ornament::heavy_heart_exclamation_mark_ornament::heavy_heart_exclamation_mark_ornament:감사해요",
        "client_msg_id": "95ea5790-a01d-43cd-97b9-db0e4d76ddc5",
        "thread_ts": "1531205713.000197",
        "parent_user_id": "UBD8HB9C0",
        "ts": "1531205837.000152",
        "reactions": [
            {
                "name": "100",
                "users": [
                    "U9SN17L0M",
                    "UBD8HB9C0"
                ],
                "count": 2
            }
        ]
    },
    {
        "type": "message",
        "user": "U9SN17L0M",
        "text": "우와! 멋져요!",
        "client_msg_id": "15aa0ec5-e7c6-4fb5-80ea-bae59055562b",
        "thread_ts": "1531205713.000197",
        "parent_user_id": "UBD8HB9C0",
        "ts": "1531205874.000095"
    }
]