[
    {
        "type": "message",
        "user": "UBD8GMVNC",
        "text": "<#C9SFFV9QT|general>\n1. Learn, Share, and Grow Together 업데이트 됐습니다 : 오늘 통계 과제 관련\n2. [숙제 알림봇] Regex ipynb, 공포의(?) 국민청원 카테고리 개편안 과제 이번 주말까지입니다... 모두 불태워요 :disappointed_relieved:",
        "client_msg_id": "9db0f133-afaf-48a6-b666-be1d008c2267",
        "ts": "1532679812.000022",
        "reactions": [
            {
                "name": "+1",
                "users": [
                    "UBDN8UG4C",
                    "U9SN17L0M",
                    "UBDRWBNRZ",
                    "U9UFEBXGF",
                    "U9TKQU99V",
                    "UBDUVKQAE",
                    "UBE3NCBKP",
                    "UBELL5EF5"
                ],
                "count": 8
            },
            {
                "name": "fire",
                "users": [
                    "U9SN17L0M",
                    "UBE1ZBL80",
                    "UBF0XHZD5",
                    "U9UFEBXGF",
                    "UBDCWMFND",
                    "UBF0XFP7Z"
                ],
                "count": 6
            }
        ]
    },
    {
        "type": "message",
        "user": "UBELL5EF5",
        "text": "<!channel> 여러분, 다음주부터 세번째 마일스톤(M3)이 시작됩니다. 세번째 마일스톤부터는 한 달 동안 유지되는 5~6인 기준 프로젝트 팀을 구성하여 팀 프로젝트를 시작하고자 합니다. 기술 리딩을 담당해주실 분이 각 팀별로 필요합니다. 자유롭게 추천해주시면 좋겠습니다. 본인 스스로 추천해도 됩니다. 이 글에 댓글을 달아주세요. 총 여섯 사람이 필요합니다! 많이많이 추천해주세요!!",
        "client_msg_id": "8e6c1d64-e5c1-4987-8724-9ce6a40e82b5",
        "thread_ts": "1532686452.000168",
        "reply_count": 9,
        "replies": [
            {
                "user": "UBF0XHZD5",
                "ts": "1532686533.000035"
            },
            {
                "user": "UBDUUHX4J",
                "ts": "1532686616.000225"
            },
            {
                "user": "UBF1K97FH",
                "ts": "1532686896.000272"
            },
            {
                "user": "UBE3NCBKP",
                "ts": "1532687415.000003"
            },
            {
                "user": "UBD8GMVNC",
                "ts": "1532687673.000112"
            },
            {
                "user": "UBDRWADQB",
                "ts": "1532687932.000064"
            },
            {
                "user": "UBDN8UG4C",
                "ts": "1532688072.000136"
            },
            {
                "user": "UBELL5EF5",
                "ts": "1532760938.000047"
            },
            {
                "user": "UBELL5EF5",
                "ts": "1532776559.000043"
            }
        ],
        "unread_count": 9,
        "ts": "1532686452.000168",
        "reactions": [
            {
                "name": "+1",
                "users": [
                    "UA4EGE85S",
                    "U9TKQU99V",
                    "UBF0XHZD5",
                    "UBDUUHX4J",
                    "U9SN17L0M",
                    "UBE3NCBKP",
                    "UBD8HB9C0",
                    "U9UFEBXGF",
                    "UBDUU7X7U"
                ],
                "count": 9
            }
        ]
    },
    {
        "type": "message",
        "user": "UBF0XHZD5",
        "text": "닝겐파이썬 김예은님을 추천합니닷",
        "client_msg_id": "92a58dee-a61f-446b-97ce-ad0502edb1de",
        "thread_ts": "1532686452.000168",
        "parent_user_id": "UBELL5EF5",
        "ts": "1532686533.000035",
        "reactions": [
            {
                "name": "blue_heart",
                "users": [
                    "U9SN17L0M",
                    "UBE3NCBKP",
                    "UBDRWK8SX",
                    "UBD8HB9C0",
                    "UBELL5EF5",
                    "UBF0XFP7Z",
                    "UBDN8UG4C",
                    "UBDRWBNRZ",
                    "UBF0XKTP1",
                    "UBDRXTD8B",
                    "UBE1ZBL80",
                    "UBF0XHZD5",
                    "U9UFEBXGF"
                ],
                "count": 13
            },
            {
                "name": "birb_head",
                "users": [
                    "UBDRXTD8B",
                    "UBDRWBNRZ",
                    "UBF0XHZD5",
                    "UBES4Q6LE"
                ],
                "count": 4
            },
            {
                "name": "birb_love",
                "users": [
                    "UBDRXTD8B",
                    "UBE1ZBL80",
                    "UBF0XHZD5",
                    "UBES4Q6LE"
                ],
                "count": 4
            }
        ]
    },
    {
        "type": "message",
        "user": "UBDUUHX4J",
        "text": "전 김지은님이요 폰 분실쓰 ㅠ",
        "client_msg_id": "D1773785-772B-4578-A943-B726EC784FEA",
        "thread_ts": "1532686452.000168",
        "parent_user_id": "UBELL5EF5",
        "ts": "1532686616.000225",
        "reactions": [
            {
                "name": "blue_heart",
                "users": [
                    "U9SN17L0M",
                    "UBE3NCBKP",
                    "UBDRWK8SX",
                    "UBD8HB9C0",
                    "UBELL5EF5",
                    "UBDN8UG4C",
                    "UBF0XFP7Z",
                    "UBDRWBNRZ",
                    "UBF0XKTP1",
                    "UBDRXTD8B",
                    "UBE1ZBL80",
                    "UBES4Q6LE",
                    "U9UFEBXGF"
                ],
                "count": 13
            },
            {
                "name": "scream",
                "users": [
                    "UBELL5EF5"
                ],
                "count": 1
            },
            {
                "name": "the_love",
                "users": [
                    "UBDRVLD1R"
                ],
                "count": 1
            }
        ]
    },
    {
        "type": "message",
        "user": "UBF1K97FH",
        "text": "소령님 추천합니당!",
        "client_msg_id": "D827DFC3-E7CC-4892-B6BF-6A254D397558",
        "thread_ts": "1532686452.000168",
        "parent_user_id": "UBELL5EF5",
        "ts": "1532686896.000272",
        "reactions": [
            {
                "name": "blue_heart",
                "users": [
                    "U9SN17L0M",
                    "UBE3NCBKP",
                    "UBDRWK8SX",
                    "UBD8GMVNC",
                    "UBD8HB9C0",
                    "UBELL5EF5",
                    "UBDN8UG4C",
                    "UBDRWBNRZ",
                    "UBDN8T42G",
                    "UBDRXTD8B",
                    "UBE1ZBL80",
                    "UBES4Q6LE",
                    "U9UFEBXGF"
                ],
                "count": 13
            }
        ]
    },
    {
        "type": "message",
        "user": "UBE3NCBKP",
        "text": "지윤님 추천합니다!!",
        "client_msg_id": "ddc215d3-a875-45b7-8f16-1ab1157a40fa",
        "thread_ts": "1532686452.000168",
        "parent_user_id": "UBELL5EF5",
        "ts": "1532687415.000003",
        "reactions": [
            {
                "name": "blue_heart",
                "users": [
                    "U9SN17L0M",
                    "UBDCWMFND",
                    "UBDRWK8SX",
                    "UBD8GMVNC",
                    "UBD8HB9C0",
                    "UBELL5EF5",
                    "UBDRWBNRZ",
                    "UBDN8T42G",
                    "UBDRXTD8B",
                    "UBE1ZBL80",
                    "UBES4Q6LE",
                    "U9UFEBXGF"
                ],
                "count": 12
            },
            {
                "name": "heavy_heart_exclamation_mark_ornament",
                "users": [
                    "UBDCWMFND",
                    "UBF0XFP7Z",
                    "UBDN8T42G"
                ],
                "count": 3
            },
            {
                "name": "ddongule2",
                "users": [
                    "UBDCWMFND",
                    "UBDN8UG4C",
                    "UBDRWBNRZ"
                ],
                "count": 3
            },
            {
                "name": "pray",
                "users": [
                    "UBDCWMFND",
                    "UBDN8T42G"
                ],
                "count": 2
            }
        ]
    },
    {
        "type": "message",
        "user": "UBD8GMVNC",
        "text": "저는 소현님 추천합니다!",
        "client_msg_id": "12071894-6cb4-49c5-a9a9-902aeac43907",
        "thread_ts": "1532686452.000168",
        "parent_user_id": "UBELL5EF5",
        "ts": "1532687673.000112",
        "reactions": [
            {
                "name": "+1",
                "users": [
                    "UBELL5EF5",
                    "UBDN8UG4C",
                    "UBDRWBNRZ",
                    "U9SN17L0M",
                    "UBDRXTD8B",
                    "UBES4Q6LE",
                    "UBDRWK8SX"
                ],
                "count": 7
            },
            {
                "name": "the_love",
                "users": [
                    "U9SN17L0M",
                    "UBDRWBNRZ",
                    "UBE1ZBL80"
                ],
                "count": 3
            }
        ]
    },
    {
        "type": "message",
        "user": "UBDRWADQB",
        "text": "지혜님 추천해요!",
        "client_msg_id": "8946e771-4414-4c80-83b2-930f2c702fcc",
        "thread_ts": "1532686452.000168",
        "parent_user_id": "UBELL5EF5",
        "ts": "1532687932.000064",
        "reactions": [
            {
                "name": "+1",
                "users": [
                    "UBELL5EF5",
                    "UBDN8UG4C",
                    "UBDRWBNRZ",
                    "U9SN17L0M",
                    "UBDRXTD8B",
                    "UBE3NCBKP",
                    "UBES4Q6LE",
                    "U9UFEBXGF",
                    "UBDRWK8SX",
                    "UBDN90RJQ"
                ],
                "count": 10
            },
            {
                "name": "the_love",
                "users": [
                    "U9SN17L0M",
                    "UBDRWBNRZ",
                    "UBE1ZBL80"
                ],
                "count": 3
            }
        ]
    },
    {
        "type": "message",
        "user": "UBDN8UG4C",
        "text": "은지님이요!",
        "client_msg_id": "EEB8DFD5-F1A3-4062-A170-D51266ECBCFB",
        "thread_ts": "1532686452.000168",
        "parent_user_id": "UBELL5EF5",
        "ts": "1532688072.000136",
        "reactions": [
            {
                "name": "face_with_hand_over_mouth",
                "users": [
                    "UBF0XFP7Z",
                    "UBELL5EF5",
                    "UBDRWBNRZ",
                    "U9SN17L0M",
                    "UBDRXTD8B",
                    "UBE3NCBKP",
                    "UBES4Q6LE",
                    "U9UFEBXGF",
                    "UBDRWK8SX",
                    "UBDN90RJQ"
                ],
                "count": 10
            },
            {
                "name": "the_love",
                "users": [
                    "U9SN17L0M",
                    "UBDRWBNRZ",
                    "UBE1ZBL80"
                ],
                "count": 3
            }
        ]
    },
    {
        "type": "message",
        "user": "UBELL5EF5",
        "text": "국민청원 분류 제안 과제를 하실 때 꼭 크롤링부터 시작하지 않아도 괜찮습니다. <https:\/\/github.com\/akngs\/petitions> 여기에 있는 데이터를 이용하여 시작하시고, 시간이 남으면 직접 크롤링한 데이터로 대체하는 방식으로 하셔도 됩니다. 물론 크롤링을 직접 해보는게 좋겠다고 생각한다면 그렇게 하셔도 좋습니다. 본인이 나름의 기준을 세우고 그 기준에 맞춰 작업 순서를 계획하세요.",
        "client_msg_id": "3cc0134a-87bc-4620-b898-ee1b25fc07c2",
        "attachments": [
            {
                "fallback": "akngs\/petitions",
                "text": "청와대 국민청원 데이터",
                "title": "akngs\/petitions",
                "footer": "<https:\/\/github.com\/akngs\/petitions|akngs\/petitions>",
                "id": 1,
                "footer_icon": "https:\/\/assets-cdn.github.com\/favicon.ico",
                "ts": 1524984009,
                "color": "24292f",
                "fields": [
                    {
                        "title": "Stars",
                        "value": "6",
                        "short": true
                    },
                    {
                        "title": "Language",
                        "value": "Python",
                        "short": true
                    }
                ],
                "mrkdwn_in": [
                    "text",
                    "fields"
                ],
                "bot_id": "BBNDHKJQ3",
                "app_unfurl_url": "https:\/\/github.com\/akngs\/petitions",
                "is_app_unfurl": true
            }
        ],
        "ts": "1532742507.000015",
        "reactions": [
            {
                "name": "100",
                "users": [
                    "UBDRVLD1R",
                    "UBF0XFP7Z",
                    "UBDUUHX4J",
                    "UBDUU7X7U",
                    "UBF0XHZD5",
                    "U9TKQU99V"
                ],
                "count": 6
            },
            {
                "name": "ddongule2",
                "users": [
                    "UBD8GMVNC",
                    "UBDCWPPNV",
                    "UBDCWMFND"
                ],
                "count": 3
            }
        ]
    },
    {
        "type": "message",
        "user": "UBDUVKQAE",
        "text": "여러분들의 관심과 걱정에도 불구하고 제 휴대폰은 찾을 수 없었습니다 ㅜㅜ\n보험처리 해서 새 폰 받기로 결정했는데 아마 담주 화욜까지는 폰이 없을 것 같아요...\n폰 찾으면 또 알려드릴게요 ㅜㅜ 감사드리고, 즐거운 주말 보내세요!! :orange_heart:\np.s 1시간에 한번씩 제 휴대폰 위치 추적 문자 받고 계신 채원님 특히 죄송하고 감사합니다",
        "client_msg_id": "7402140b-625f-4d96-b213-56f85c53b60e",
        "thread_ts": "1532754597.000004",
        "reply_count": 2,
        "replies": [
            {
                "user": "UBDRVLD1R",
                "ts": "1532756941.000054"
            },
            {
                "user": "UBD8HB9C0",
                "ts": "1532766272.000035"
            }
        ],
        "unread_count": 2,
        "ts": "1532754597.000004",
        "reactions": [
            {
                "name": "disappointed_relieved",
                "users": [
                    "UBD8GLUEL",
                    "UBF0XHZD5",
                    "UBDN8UG4C",
                    "UBDRWK8SX",
                    "UBELL5EF5",
                    "UBD8GMVNC",
                    "UBF1K97FH",
                    "UBF0XFP7Z",
                    "UBDCWMFND",
                    "UBD8HB9C0",
                    "UBE1ZBL80",
                    "UBE3NCBKP",
                    "U9UFEBXGF",
                    "UBES4Q6LE",
                    "UA4EGE85S"
                ],
                "count": 15
            },
            {
                "name": "scream",
                "users": [
                    "UBELL5EF5",
                    "UBDCWPPNV",
                    "UBF0XFP7Z",
                    "U9UFEBXGF"
                ],
                "count": 4
            },
            {
                "name": "the_love",
                "users": [
                    "UBDRVLD1R",
                    "UBD8GLUEL",
                    "UBF0XFP7Z"
                ],
                "count": 3
            }
        ]
    },
    {
        "type": "message",
        "user": "UBDRVLD1R",
        "text": "전 괜찮아요. :the_love:",
        "client_msg_id": "7d750992-d368-47a3-a895-d61134ee0c85",
        "thread_ts": "1532754597.000004",
        "parent_user_id": "UBDUVKQAE",
        "ts": "1532756941.000054",
        "reactions": [
            {
                "name": "+1",
                "users": [
                    "UBF0XFP7Z",
                    "UBELL5EF5",
                    "UBE3NCBKP",
                    "UBD8HB9C0",
                    "UBES4Q6LE"
                ],
                "count": 5
            }
        ]
    },
    {
        "type": "message",
        "user": "UBELL5EF5",
        "text": "<@UBDUU48UA> <@UBDUVKQAE> <@UBF0XFP7Z> <@UBDRWADQB> <@UBE3NCBKP> <@UBD8HB9C0> <@UBD8GMVNC> 님이 추천을 받으셨습니다. 일곱 분 중 여섯 분을 각 팀의 기술 리더로 하여 프로젝트 팀을 구성하려고 합니다. 기술 리딩 이외에도 프로젝트 관리 등 여러 역할을 구성원들에게 고르게 분배하고자 해요. 혹시 다른 의견이 있으시면 언제든 아무 방법으로건 말씀해주세요 :slightly_smiling_face:",
        "client_msg_id": "aac26dd8-54ea-4f08-8bf8-e248393cc16b",
        "thread_ts": "1532686452.000168",
        "parent_user_id": "UBELL5EF5",
        "ts": "1532760938.000047"
    }
]