[
    {
        "type": "message",
        "user": "U9TKQU99V",
        "text": "여러분 다들 문자 받으셨죠?^^ 목요일에는 10시에 일정을 시작해요. 미리 ‘이그나잇’ 준비해주시고, ‘매력적인나사용제안서’는 그날 자정까지 제출해주시면 됩니다 :)",
        "client_msg_id": "5FE9DDD9-167F-488F-B407-E06C2704591D",
        "ts": "1530006100.000338"
    },
    {
        "type": "message",
        "user": "UBDN8UG4C",
        "text": "네!:i_love_you_hand_sign:",
        "client_msg_id": "354E7DE9-03E2-4769-A3D4-024F6FA34E8B",
        "ts": "1530006481.000100"
    },
    {
        "type": "message",
        "user": "UBDCWMFND",
        "text": "네 감사합니다 :)",
        "client_msg_id": "d68ad8a8-d47f-4b67-bfde-76d121e3df76",
        "ts": "1530007576.000066"
    },
    {
        "type": "message",
        "user": "UBD8GMVNC",
        "text": "<@U9TKQU99V> 영웅님, '이그나잇' 관련해서 구글 드라이브 자기소개 폴더에 PPT 파일을 올리려고 하는데 수정 권한이 없다는 메시지가 출력됩니다. 시간 되실 때에 해당 폴더 수정 권한 한번 체크해주실 수 있을까요?",
        "client_msg_id": "b2ab2260-c93a-4227-85a7-dce1ae018a93",
        "ts": "1530014948.000388"
    },
    {
        "type": "message",
        "user": "U9TKQU99V",
        "text": "<@UBD8GMVNC> 초대 완료했습니다 :slightly_smiling_face:",
        "client_msg_id": "25b8ce30-f08c-4722-9f16-b3b74bae3ce2",
        "ts": "1530015419.000522"
    },
    {
        "type": "message",
        "user": "UBD8GMVNC",
        "text": "<@U9TKQU99V> 감사합니다, 평안한 밤 되세요 :slightly_smiling_face:",
        "client_msg_id": "cf0f18e5-5feb-4b97-8c86-bac0e84f27e8",
        "ts": "1530015546.000512"
    },
    {
        "type": "message",
        "user": "UBDN8UG4C",
        "text": "근데 저희 이름표는 언제쯤 배부되나요?_???:joy:",
        "client_msg_id": "9FD3295D-4924-4DB6-8400-470EC5CB502F",
        "thread_ts": "1530015589.000479",
        "reply_count": 3,
        "replies": [
            {
                "user": "U9UFEBXGF",
                "ts": "1530015726.000519"
            },
            {
                "user": "UBDN8UG4C",
                "ts": "1530015919.000281"
            },
            {
                "user": "U9TKQU99V",
                "ts": "1530016148.000400"
            }
        ],
        "unread_count": 3,
        "ts": "1530015589.000479"
    },
    {
        "type": "message",
        "user": "U9UFEBXGF",
        "text": "다음주 입니다 :grinning:",
        "client_msg_id": "6FA252CD-D6D0-43C3-96BE-89E6E2D85162",
        "thread_ts": "1530015589.000479",
        "parent_user_id": "UBDN8UG4C",
        "ts": "1530015726.000519"
    },
    {
        "type": "message",
        "user": "UBDN8UG4C",
        "text": "네엡 임시 이름표 있으면 좋을 것 같아서요, 감사합니다ㅎㅎ",
        "client_msg_id": "176007e9-75f5-4717-bbb7-a914f21bec5f",
        "thread_ts": "1530015589.000479",
        "parent_user_id": "UBDN8UG4C",
        "ts": "1530015919.000281"
    },
    {
        "type": "message",
        "text": "",
        "files": [
            {
                "id": "FBF79Q2H5",
                "created": 1530016120,
                "timestamp": 1530016120,
                "name": "497A1611.JPG",
                "title": "497A1611.JPG",
                "mimetype": "image\/jpeg",
                "filetype": "jpg",
                "pretty_type": "JPEG",
                "user": "U9TKQU99V",
                "editable": false,
                "size": 7492520,
                "mode": "hosted",
                "is_external": false,
                "external_type": "",
                "is_public": true,
                "public_url_shared": false,
                "display_as_bot": false,
                "username": "",
                "url_private": "https:\/\/files.slack.com\/files-pri\/T9SHC5F9S-FBF79Q2H5\/497a1611.jpg?t=xoxe-332590185332-430098056850-431139793783-a3ecafe0d0f66efa522a67af632228d7",
                "url_private_download": "https:\/\/files.slack.com\/files-pri\/T9SHC5F9S-FBF79Q2H5\/download\/497a1611.jpg?t=xoxe-332590185332-430098056850-431139793783-a3ecafe0d0f66efa522a67af632228d7",
                "thumb_64": "https:\/\/files.slack.com\/files-tmb\/T9SHC5F9S-FBF79Q2H5-138bbf63af\/497a1611_64.jpg?t=xoxe-332590185332-430098056850-431139793783-a3ecafe0d0f66efa522a67af632228d7",
                "thumb_80": "https:\/\/files.slack.com\/files-tmb\/T9SHC5F9S-FBF79Q2H5-138bbf63af\/497a1611_80.jpg?t=xoxe-332590185332-430098056850-431139793783-a3ecafe0d0f66efa522a67af632228d7",
                "thumb_360": "https:\/\/files.slack.com\/files-tmb\/T9SHC5F9S-FBF79Q2H5-138bbf63af\/497a1611_360.jpg?t=xoxe-332590185332-430098056850-431139793783-a3ecafe0d0f66efa522a67af632228d7",
                "thumb_360_w": 360,
                "thumb_360_h": 240,
                "thumb_480": "https:\/\/files.slack.com\/files-tmb\/T9SHC5F9S-FBF79Q2H5-138bbf63af\/497a1611_480.jpg?t=xoxe-332590185332-430098056850-431139793783-a3ecafe0d0f66efa522a67af632228d7",
                "thumb_480_w": 480,
                "thumb_480_h": 320,
                "thumb_160": "https:\/\/files.slack.com\/files-tmb\/T9SHC5F9S-FBF79Q2H5-138bbf63af\/497a1611_160.jpg?t=xoxe-332590185332-430098056850-431139793783-a3ecafe0d0f66efa522a67af632228d7",
                "thumb_720": "https:\/\/files.slack.com\/files-tmb\/T9SHC5F9S-FBF79Q2H5-138bbf63af\/497a1611_720.jpg?t=xoxe-332590185332-430098056850-431139793783-a3ecafe0d0f66efa522a67af632228d7",
                "thumb_720_w": 720,
                "thumb_720_h": 480,
                "thumb_800": "https:\/\/files.slack.com\/files-tmb\/T9SHC5F9S-FBF79Q2H5-138bbf63af\/497a1611_800.jpg?t=xoxe-332590185332-430098056850-431139793783-a3ecafe0d0f66efa522a67af632228d7",
                "thumb_800_w": 800,
                "thumb_800_h": 533,
                "thumb_960": "https:\/\/files.slack.com\/files-tmb\/T9SHC5F9S-FBF79Q2H5-138bbf63af\/497a1611_960.jpg?t=xoxe-332590185332-430098056850-431139793783-a3ecafe0d0f66efa522a67af632228d7",
                "thumb_960_w": 960,
                "thumb_960_h": 640,
                "thumb_1024": "https:\/\/files.slack.com\/files-tmb\/T9SHC5F9S-FBF79Q2H5-138bbf63af\/497a1611_1024.jpg?t=xoxe-332590185332-430098056850-431139793783-a3ecafe0d0f66efa522a67af632228d7",
                "thumb_1024_w": 1024,
                "thumb_1024_h": 683,
                "image_exif_rotation": 1,
                "original_w": 6720,
                "original_h": 4480,
                "permalink": "https:\/\/daitgirls.slack.com\/files\/U9TKQU99V\/FBF79Q2H5\/497a1611.jpg",
                "permalink_public": "https:\/\/slack-files.com\/T9SHC5F9S-FBF79Q2H5-2f20a7aa18"
            }
        ],
        "upload": true,
        "user": "U9TKQU99V",
        "display_as_bot": false,
        "ts": "1530016131.000322"
    },
    {
        "type": "message",
        "user": "U9TKQU99V",
        "text": "빠르게 준비하겠습니다. 이쁜 이름표를 만들다보니 시간이 좀 걸립니다 ㅎㅎ",
        "client_msg_id": "08192bfc-ae86-44f0-a02b-e076c7dd3fd7",
        "thread_ts": "1530015589.000479",
        "parent_user_id": "UBDN8UG4C",
        "ts": "1530016148.000400",
        "reactions": [
            {
                "name": "+1",
                "users": [
                    "UBF0XHZD5",
                    "UBDRVLD1R"
                ],
                "count": 2
            }
        ]
    },
    {
        "type": "message",
        "text": "",
        "files": [
            {
                "id": "FBEA14161",
                "created": 1530016134,
                "timestamp": 1530016134,
                "name": "497A1618.JPG",
                "title": "497A1618.JPG",
                "mimetype": "image\/jpeg",
                "filetype": "jpg",
                "pretty_type": "JPEG",
                "user": "U9TKQU99V",
                "editable": false,
                "size": 7456810,
                "mode": "hosted",
                "is_external": false,
                "external_type": "",
                "is_public": true,
                "public_url_shared": false,
                "display_as_bot": false,
                "username": "",
                "url_private": "https:\/\/files.slack.com\/files-pri\/T9SHC5F9S-FBEA14161\/497a1618.jpg?t=xoxe-332590185332-430098056850-431139793783-a3ecafe0d0f66efa522a67af632228d7",
                "url_private_download": "https:\/\/files.slack.com\/files-pri\/T9SHC5F9S-FBEA14161\/download\/497a1618.jpg?t=xoxe-332590185332-430098056850-431139793783-a3ecafe0d0f66efa522a67af632228d7",
                "thumb_64": "https:\/\/files.slack.com\/files-tmb\/T9SHC5F9S-FBEA14161-be4361dd9c\/497a1618_64.jpg?t=xoxe-332590185332-430098056850-431139793783-a3ecafe0d0f66efa522a67af632228d7",
                "thumb_80": "https:\/\/files.slack.com\/files-tmb\/T9SHC5F9S-FBEA14161-be4361dd9c\/497a1618_80.jpg?t=xoxe-332590185332-430098056850-431139793783-a3ecafe0d0f66efa522a67af632228d7",
                "thumb_360": "https:\/\/files.slack.com\/files-tmb\/T9SHC5F9S-FBEA14161-be4361dd9c\/497a1618_360.jpg?t=xoxe-332590185332-430098056850-431139793783-a3ecafe0d0f66efa522a67af632228d7",
                "thumb_360_w": 360,
                "thumb_360_h": 240,
                "thumb_480": "https:\/\/files.slack.com\/files-tmb\/T9SHC5F9S-FBEA14161-be4361dd9c\/497a1618_480.jpg?t=xoxe-332590185332-430098056850-431139793783-a3ecafe0d0f66efa522a67af632228d7",
                "thumb_480_w": 480,
                "thumb_480_h": 320,
                "thumb_160": "https:\/\/files.slack.com\/files-tmb\/T9SHC5F9S-FBEA14161-be4361dd9c\/497a1618_160.jpg?t=xoxe-332590185332-430098056850-431139793783-a3ecafe0d0f66efa522a67af632228d7",
                "thumb_720": "https:\/\/files.slack.com\/files-tmb\/T9SHC5F9S-FBEA14161-be4361dd9c\/497a1618_720.jpg?t=xoxe-332590185332-430098056850-431139793783-a3ecafe0d0f66efa522a67af632228d7",
                "thumb_720_w": 720,
                "thumb_720_h": 480,
                "thumb_800": "https:\/\/files.slack.com\/files-tmb\/T9SHC5F9S-FBEA14161-be4361dd9c\/497a1618_800.jpg?t=xoxe-332590185332-430098056850-431139793783-a3ecafe0d0f66efa522a67af632228d7",
                "thumb_800_w": 800,
                "thumb_800_h": 533,
                "thumb_960": "https:\/\/files.slack.com\/files-tmb\/T9SHC5F9S-FBEA14161-be4361dd9c\/497a1618_960.jpg?t=xoxe-332590185332-430098056850-431139793783-a3ecafe0d0f66efa522a67af632228d7",
                "thumb_960_w": 960,
                "thumb_960_h": 640,
                "thumb_1024": "https:\/\/files.slack.com\/files-tmb\/T9SHC5F9S-FBEA14161-be4361dd9c\/497a1618_1024.jpg?t=xoxe-332590185332-430098056850-431139793783-a3ecafe0d0f66efa522a67af632228d7",
                "thumb_1024_w": 1024,
                "thumb_1024_h": 683,
                "image_exif_rotation": 1,
                "original_w": 6720,
                "original_h": 4480,
                "permalink": "https:\/\/daitgirls.slack.com\/files\/U9TKQU99V\/FBEA14161\/497a1618.jpg",
                "permalink_public": "https:\/\/slack-files.com\/T9SHC5F9S-FBEA14161-b0614f2273"
            }
        ],
        "upload": true,
        "user": "U9TKQU99V",
        "display_as_bot": false,
        "ts": "1530016150.000056"
    },
    {
        "type": "message",
        "user": "UBDCWMFND",
        "text": "오늘 리더쉽 수업도 생각나고, 좋은 글이 있어 공유합니다! 굿밤입니다 :)\n\n구글 아리스토텔레스 프로젝트 : 구글이 밝혀낸 생산성 높은 팀의 비밀 \n<https:\/\/m.blog.naver.com\/PostView.nhn?blogId=rollcakefun&amp;logNo=221124764188&amp;proxyReferer=&amp;proxyReferer=http%3A%2F%2Fblog.naver.com%2FPostView.nhn%3FblogId%3Drollcakefun%26logNo%3D221124764188>",
        "client_msg_id": "cefca302-1bb2-409f-9653-2ed539a65da1",
        "attachments": [
            {
                "service_name": "네이버 블로그 | Lauren in wonderland",
                "title": "구글 아리스토텔레스 프로젝트",
                "title_link": "https:\/\/m.blog.naver.com\/PostView.nhn?blogId=rollcakefun&logNo=221124764188&proxyReferer=&proxyReferer=http%3A%2F%2Fblog.naver.com%2FPostView.nhn%3FblogId%3Drollcakefun%26logNo%3D221124764188",
                "text": "구글 아리스토텔레스 프로젝트 : 구글이 밝혀낸 생산성 높은 팀의 5가지 비밀 1. 심리적안전 Psychologica...",
                "fallback": "네이버 블로그 | Lauren in wonderland: 구글 아리스토텔레스 프로젝트",
                "from_url": "https:\/\/m.blog.naver.com\/PostView.nhn?blogId=rollcakefun&logNo=221124764188&proxyReferer=&proxyReferer=http%3A%2F%2Fblog.naver.com%2FPostView.nhn%3FblogId%3Drollcakefun%26logNo%3D221124764188",
                "service_icon": "https:\/\/m.blog.naver.com\/mobileweb_icon_96.png?1",
                "id": 1,
                "original_url": "https:\/\/m.blog.naver.com\/PostView.nhn?blogId=rollcakefun&amp;logNo=221124764188&amp;proxyReferer=&amp;proxyReferer=http%3A%2F%2Fblog.naver.com%2FPostView.nhn%3FblogId%3Drollcakefun%26logNo%3D221124764188"
            }
        ],
        "thread_ts": "1530020913.000312",
        "reply_count": 3,
        "replies": [
            {
                "user": "U9S295NN5",
                "ts": "1530022390.000164"
            },
            {
                "user": "UBDCWMFND",
                "ts": "1530056608.000469"
            },
            {
                "user": "UBDRWK8SX",
                "ts": "1530077058.000249"
            }
        ],
        "unread_count": 3,
        "ts": "1530020913.000312",
        "reactions": [
            {
                "name": "+1",
                "users": [
                    "U9S295NN5",
                    "UA4EGE85S",
                    "U9TKQU99V",
                    "U9UFEBXGF",
                    "UBDN8UG4C",
                    "UBDN9579S",
                    "UBDUUUCMQ",
                    "UBF0Y7GMD",
                    "UBD8GMVNC",
                    "UBD8GLUEL",
                    "UBDRWK8SX",
                    "UBDN8T42G",
                    "U9SN17L0M",
                    "UBDRWU3GT",
                    "UBDCWMFND",
                    "UBE1ZBL80",
                    "UBDRVLD1R"
                ],
                "count": 17
            },
            {
                "name": "heart",
                "users": [
                    "UBF0XHZD5",
                    "U9SN17L0M"
                ],
                "count": 2
            },
            {
                "name": "blue_heart",
                "users": [
                    "U9SN17L0M",
                    "UAMRJQYTE"
                ],
                "count": 2
            }
        ]
    },
    {
        "type": "message",
        "user": "U9S295NN5",
        "text": "잘 읽었습니다 :slightly_smiling_face: 우리 수업 과정이랑도 관련이 큰 것 같아요.",
        "client_msg_id": "729b976b-8dc7-4cc8-93f7-144658702c7e",
        "thread_ts": "1530020913.000312",
        "parent_user_id": "UBDCWMFND",
        "ts": "1530022390.000164"
    },
    {
        "type": "message",
        "user": "UBDCWMFND",
        "text": "얼른 수업 시간이 왔으면 좋겠어요! 읽어주셔서 감사합니다 :blush:",
        "client_msg_id": "56a2823d-3a2e-455f-8e04-88775736e7db",
        "thread_ts": "1530020913.000312",
        "parent_user_id": "UBDCWMFND",
        "ts": "1530056608.000469"
    },
    {
        "type": "message",
        "user": "UBDRWK8SX",
        "text": "심리적안전과 신뢰성 무척 공감이 갑니다. 좋은 글 공유해주셔서 감사합니다. :blush:",
        "client_msg_id": "77c9359e-5ae3-4ae6-833f-45794a18bb4a",
        "thread_ts": "1530020913.000312",
        "parent_user_id": "UBDCWMFND",
        "ts": "1530077058.000249"
    }
]