[
    {
        "user": "UAMDK4NJD",
        "text": "<@UAMDK4NJD> has joined the channel",
        "type": "message",
        "subtype": "channel_join",
        "ts": "1526002405.000066"
    },
    {
        "user": "UAMSPH7KM",
        "text": "<@UAMSPH7KM> has joined the channel",
        "type": "message",
        "subtype": "channel_join",
        "ts": "1526002516.000182"
    },
    {
        "user": "UAMPGHJRJ",
        "text": "<@UAMPGHJRJ> has joined the channel",
        "type": "message",
        "subtype": "channel_join",
        "ts": "1526006739.000142"
    }
]