[
    {
        "type": "message",
        "user": "U9TKQU99V",
        "text": "<@UBF1K97FH> 저번에 말씀드린대로 커피 사주세요 ㅎㅎ",
        "client_msg_id": "2AF3304C-1DB2-4BD0-967A-2ECE9B1A88D8",
        "thread_ts": "1535178111.000100",
        "parent_user_id": "UBDN8UG4C",
        "ts": "1535182516.000100"
    },
    {
        "type": "message",
        "user": "UBDN8T42G",
        "text": "혹시 레드벨벳 팬 있나요..????? 레드벨벳 앨범이 한 20장 정도 갑자기 생겼는데 원하는 분 있으면 드릴게요 :joy: 브로마이드도 있어요…ㅎ..",
        "client_msg_id": "929aadd3-f2ae-4d2a-a1c1-2c64b407d646",
        "edited": {
            "user": "UBDN8T42G",
            "ts": "1535265824.000000"
        },
        "thread_ts": "1535265441.000100",
        "reply_count": 17,
        "replies": [
            {
                "user": "UBF1K97FH",
                "ts": "1535265733.000100"
            },
            {
                "user": "UBDN8T42G",
                "ts": "1535265776.000100"
            },
            {
                "user": "UBDRVLD1R",
                "ts": "1535267831.000100"
            },
            {
                "user": "UBDN8T42G",
                "ts": "1535268202.000100"
            },
            {
                "user": "UBDN9579S",
                "ts": "1535270821.000100"
            },
            {
                "user": "UBD8HB9C0",
                "ts": "1535280354.000100"
            },
            {
                "user": "UBE3NMLCD",
                "ts": "1535280997.000100"
            },
            {
                "user": "UBDN8T42G",
                "ts": "1535281054.000100"
            },
            {
                "user": "UBF1K97FH",
                "ts": "1535282614.000100"
            },
            {
                "user": "UBDN8UG4C",
                "ts": "1535284978.000100"
            },
            {
                "user": "UBDUVKQAE",
                "ts": "1535285758.000100"
            },
            {
                "user": "UBDCWMFND",
                "ts": "1535287986.000100"
            },
            {
                "user": "UBDN8T42G",
                "ts": "1535288777.000100"
            },
            {
                "user": "UAMPGHJRJ",
                "ts": "1535340215.000100"
            },
            {
                "user": "UBDN8T42G",
                "ts": "1535361846.000100"
            },
            {
                "user": "UAMPGHJRJ",
                "ts": "1535382994.000100"
            },
            {
                "user": "UBDN8T42G",
                "ts": "1535936928.000100"
            }
        ],
        "unread_count": 17,
        "ts": "1535265441.000100",
        "reactions": [
            {
                "name": "rolling_on_the_floor_laughing",
                "users": [
                    "UBF1K97FH",
                    "UA4EGE85S",
                    "UAMSPH7KM",
                    "UBDRVLD1R",
                    "UBELL5EF5",
                    "UBF0XFP7Z",
                    "UBDRWADQB",
                    "UBDN8UG4C"
                ],
                "count": 8
            },
            {
                "name": "the_love",
                "users": [
                    "UBDRVLD1R",
                    "UBELL5EF5",
                    "UBDCWMFND",
                    "UBDN8UG4C"
                ],
                "count": 4
            }
        ]
    },
    {
        "type": "message",
        "user": "UBF1K97FH",
        "text": "저도 뉴이스트 신보 있습니다 선물받은건데 ㅋㅋ 혹시 팬 있으시면 드릴께요 <@UBDN8T42G> 지영님 저는 폴킴, 정승환 팬이예요 그냥.. 그렇다구요",
        "client_msg_id": "263C47C3-A2E9-42BA-84A9-8C81C29AA94A",
        "thread_ts": "1535265441.000100",
        "parent_user_id": "UBDN8T42G",
        "ts": "1535265733.000100"
    },
    {
        "type": "message",
        "user": "UBDN8T42G",
        "text": "ㅋㅋㅋㅋㅋㅋㅋㅋㅋ앜ㅋㅋㅋㅋㅋㅋㅋ그 분들 앨범이 생긴다면 진영님에게 제일 먼저 선물드릴게요:blue_heart:",
        "client_msg_id": "9a2080e7-20e9-4b9c-a45e-86fbe57ef597",
        "thread_ts": "1535265441.000100",
        "parent_user_id": "UBDN8T42G",
        "ts": "1535265776.000100",
        "reactions": [
            {
                "name": "gift_heart",
                "users": [
                    "UBF1K97FH"
                ],
                "count": 1
            }
        ]
    },
    {
        "type": "message",
        "user": "UBF1K97FH",
        "text": "<@U9TKQU99V> 대형커피 콜!",
        "client_msg_id": "50AE7047-EA48-4E33-9DAE-B88ECB38A43C",
        "thread_ts": "1535178111.000100",
        "parent_user_id": "UBDN8UG4C",
        "ts": "1535265821.000100"
    }
]