[
    {
        "type": "message",
        "user": "UBELL5EF5",
        "text": "재미로 보는 데잇걸즈 좌석과 표준점수 이야기.\n\nA\/B\/C팀의 자리 점수를 0점, D\/E\/F팀을 1점, G\/H팀을 2점으로 계산하여 지난 3주 간의 자리 점수에 대한 표준점수(z-score)를 구해봤어요. <@UBDN8UG4C> 님이 G-G-G 배정되는 바람에 무려 2.478점을 기록하여 압도적 1위(자리운 나쁜 순위 ㅜㅜ)였다는 사실이 밝혀졌습니다. 원래 D조였던 <@UBF0Y7GMD> 님이 세영님과 자리를 바꿔주셔서 세영님이 G-G-D가 되었고 그 덕에 그마나 1.842점을 기록하셨으나 현재 H-H-E에 배정되었던 정지혜님과 공동 1등입니다.",
        "client_msg_id": "995c5102-6326-4005-bab5-2e577f498f0f",
        "thread_ts": "1532163916.000049",
        "reply_count": 1,
        "replies": [
            {
                "user": "UBDN8UG4C",
                "ts": "1532164095.000072"
            }
        ],
        "unread_count": 1,
        "ts": "1532163916.000049",
        "reactions": [
            {
                "name": "+1",
                "users": [
                    "UA4EGE85S",
                    "U9SN17L0M",
                    "U9TKQU99V",
                    "UBD8GLUEL",
                    "UBF1K97FH",
                    "UBES4Q6LE",
                    "UBDUVKQAE",
                    "UBF0XFP7Z"
                ],
                "count": 8
            },
            {
                "name": "laughing",
                "users": [
                    "UBDUUV802",
                    "UA4EGE85S",
                    "U9SN17L0M",
                    "UBE3NCBKP",
                    "UBD8GLUEL",
                    "UBDUVKQAE"
                ],
                "count": 6
            },
            {
                "name": "the_love",
                "users": [
                    "U9SN17L0M",
                    "UBDN8UG4C",
                    "UBD8GLUEL",
                    "UBDUVKQAE",
                    "UBD8HB9C0",
                    "UBDN90RJQ"
                ],
                "count": 6
            },
            {
                "name": "cold_sweat",
                "users": [
                    "UBDN8UG4C",
                    "UBDCWMFND",
                    "UBF0XHZD5",
                    "UBD8GLUEL",
                    "UBD8GMVNC"
                ],
                "count": 5
            }
        ]
    },
    {
        "type": "message",
        "user": "UBDN8UG4C",
        "text": "ㅋㅋㅋㅋ앜ㅋㅋㅋ 감사합니다 다영님★",
        "client_msg_id": "F66BF801-49A8-4EFE-AD5E-27F2D2F973D8",
        "thread_ts": "1532163916.000049",
        "parent_user_id": "UBELL5EF5",
        "ts": "1532164095.000072"
    },
    {
        "type": "message",
        "user": "UBELL5EF5",
        "text": "한편 출결점수는 지각을 1점, 결석을 3점으로 계산하고 최근의 출결 점수가 과거의 출결 점수에 비해 더 비중이 높게 계산되는 방식(exponential smoothing)으로 평균을 냈어요. 출결 점수가 낮은 순(즉, 최근 지각\/결석이 적은 순)으로 순위를 내보면 현재 강민경(<@UBD8GLUEL>)님, <@UBDN8UG4C> 님, <@UBDRWK8SX> 님, 이다혜(<@UBDUUHX4J>) 님, <@UBE3NCBKP> 님이 공동 1등입니다 :slightly_smiling_face:",
        "client_msg_id": "77e31788-57cf-46ae-83be-7940501e5459",
        "edited": {
            "user": "UBELL5EF5",
            "ts": "1532165895.000000"
        },
        "ts": "1532164292.000025",
        "reactions": [
            {
                "name": "+1",
                "users": [
                    "UBDUUV802",
                    "U9SN17L0M",
                    "UBE3NCBKP",
                    "UBDUU48UA",
                    "UBD8GLUEL",
                    "UBD8GMVNC",
                    "UBF1K97FH",
                    "UBDRWK8SX",
                    "UBDN8T42G",
                    "UBDN8UG4C",
                    "UBES4Q6LE",
                    "UBDUVKQAE",
                    "UBF0XFP7Z",
                    "UBDRWRE3D",
                    "UBDRXTD8B",
                    "U9TKQU99V",
                    "UBDCWMFND"
                ],
                "count": 17
            },
            {
                "name": "blue_heart",
                "users": [
                    "U9SN17L0M",
                    "UBD8GLUEL",
                    "UBDN8T42G",
                    "UBDUVKQAE"
                ],
                "count": 4
            },
            {
                "name": "sunglasses",
                "users": [
                    "UBDN8UG4C"
                ],
                "count": 1
            }
        ]
    }
]