[
    {
        "type": "message",
        "user": "U9SN17L0M",
        "text": "<https:\/\/www.facebook.com\/events\/2049875501939369\/> 특강하셨던 김슬님이 진행하는 파이조그라는 이벤트에요. 한동안 못하다가 내일 다시 시작하세요. 집에서 혼자 코딩이 잘 안 되거나 파이썬 코딩하는 사람들하고 같이 코딩하고 싶을 때 이 모임을 추천해요.",
        "client_msg_id": "cce072cb-7fbc-4c6a-a8a7-9701d923bf36",
        "attachments": [
            {
                "title": "PyJog 두번째 리부트",
                "title_link": "https:\/\/www.facebook.com\/events\/2049875501939369\/",
                "text": "이번 주말엔 진짜 새 언어\/프레임워크 공부해야지! -&gt; 주말 -&gt; 다음주 부터 할까... 개인 프로젝트 이번주 주말엔 진짜 꼭 만들어야지! -&gt; 주말 -&gt; 다음주 부터 할까... 이런 분들을 위한 정기 꾸준 코딩 모임 PyJog 가 돌아왔습니다. 각자 개인 공부거리,...",
                "fallback": "PyJog 두번째 리부트",
                "from_url": "https:\/\/www.facebook.com\/events\/2049875501939369\/",
                "thumb_url": "https:\/\/scontent-iad3-1.xx.fbcdn.net\/v\/t1.0-0\/c149.0.200.200\/p200x200\/38057403_913598038842720_8744225017161580544_n.jpg?_nc_cat=0&oh=65e01fa20758ba1c0cae2099a7005ebf&oe=5BC7C718",
                "thumb_width": 200,
                "thumb_height": 200,
                "service_icon": "https:\/\/static.xx.fbcdn.net\/rsrc.php\/yz\/r\/KFyVIAWzntM.ico",
                "service_name": "facebook.com",
                "id": 1,
                "original_url": "https:\/\/www.facebook.com\/events\/2049875501939369\/"
            }
        ],
        "ts": "1533252584.000035",
        "reactions": [
            {
                "name": "blue_heart",
                "users": [
                    "UBDN8T42G",
                    "UBDUUV802",
                    "UBD8GMVNC",
                    "UBELL5EF5",
                    "UBF1K97FH",
                    "UBDRWK8SX",
                    "UBDN90RJQ",
                    "UBF0XHZD5",
                    "UBDN8UG4C",
                    "UBDUU7X7U",
                    "UA4EGE85S",
                    "UBDCWMFND",
                    "UBDRVLD1R",
                    "UBDCWPPNV"
                ],
                "count": 14
            }
        ]
    },
    {
        "type": "message",
        "user": "UBF0XHZD5",
        "text": "커피나무요!,,, 여기 싸고 맛있음!",
        "client_msg_id": "8ccd8b31-15d2-4d6e-a659-542d8800435a",
        "thread_ts": "1533184479.000030",
        "parent_user_id": "UBE3NCBKP",
        "ts": "1533259401.000100",
        "reactions": [
            {
                "name": "+1",
                "users": [
                    "UBE3NCBKP"
                ],
                "count": 1
            }
        ]
    },
    {
        "type": "message",
        "user": "UBE3NCBKP",
        "text": "앗....이미 구매했습니당!! 다들 감사해용 ㅠㅠㅠㅠ",
        "client_msg_id": "7ad47507-1e0e-4e40-907d-aebbdd4baa88",
        "thread_ts": "1533184479.000030",
        "parent_user_id": "UBE3NCBKP",
        "ts": "1533259432.000173"
    },
    {
        "type": "message",
        "user": "UBDRVLD1R",
        "text": "<http:\/\/brutalistwebsites.com\/>",
        "client_msg_id": "4c5d79f3-b8c0-4211-b2fa-5def9a0d3507",
        "ts": "1533272298.000170"
    },
    {
        "type": "message",
        "user": "UBDRVLD1R",
        "text": "웹 공부하시는 분들 공유드려요! 재밌고 실험적인 웹사이트 올라오는 사이트에요",
        "client_msg_id": "4249f3d8-5c87-4d0d-9aed-05c67c7939c5",
        "ts": "1533272319.000038",
        "reactions": [
            {
                "name": "grinning",
                "users": [
                    "UBELL5EF5",
                    "UBDRXTD8B",
                    "UBDUUV802",
                    "UBDCWPPNV",
                    "UBF0XHZD5",
                    "U9SN17L0M"
                ],
                "count": 6
            }
        ]
    },
    {
        "type": "message",
        "text": "",
        "files": [
            {
                "id": "FC3E2J8MU",
                "created": 1533277617,
                "timestamp": 1533277617,
                "name": "Image from iOS.jpg",
                "title": "Image from iOS",
                "mimetype": "image\/jpeg",
                "filetype": "jpg",
                "pretty_type": "JPEG",
                "user": "UBDRXTD8B",
                "editable": false,
                "size": 9683837,
                "mode": "hosted",
                "is_external": false,
                "external_type": "",
                "is_public": true,
                "public_url_shared": false,
                "display_as_bot": false,
                "username": "",
                "url_private": "https:\/\/files.slack.com\/files-pri\/T9SHC5F9S-FC3E2J8MU\/image_from_ios.jpg?t=xoxe-332590185332-430098056850-431139793783-a3ecafe0d0f66efa522a67af632228d7",
                "url_private_download": "https:\/\/files.slack.com\/files-pri\/T9SHC5F9S-FC3E2J8MU\/download\/image_from_ios.jpg?t=xoxe-332590185332-430098056850-431139793783-a3ecafe0d0f66efa522a67af632228d7",
                "thumb_64": "https:\/\/files.slack.com\/files-tmb\/T9SHC5F9S-FC3E2J8MU-310347f06a\/image_from_ios_64.jpg?t=xoxe-332590185332-430098056850-431139793783-a3ecafe0d0f66efa522a67af632228d7",
                "thumb_80": "https:\/\/files.slack.com\/files-tmb\/T9SHC5F9S-FC3E2J8MU-310347f06a\/image_from_ios_80.jpg?t=xoxe-332590185332-430098056850-431139793783-a3ecafe0d0f66efa522a67af632228d7",
                "thumb_360": "https:\/\/files.slack.com\/files-tmb\/T9SHC5F9S-FC3E2J8MU-310347f06a\/image_from_ios_360.jpg?t=xoxe-332590185332-430098056850-431139793783-a3ecafe0d0f66efa522a67af632228d7",
                "thumb_360_w": 270,
                "thumb_360_h": 360,
                "thumb_480": "https:\/\/files.slack.com\/files-tmb\/T9SHC5F9S-FC3E2J8MU-310347f06a\/image_from_ios_480.jpg?t=xoxe-332590185332-430098056850-431139793783-a3ecafe0d0f66efa522a67af632228d7",
                "thumb_480_w": 360,
                "thumb_480_h": 480,
                "thumb_160": "https:\/\/files.slack.com\/files-tmb\/T9SHC5F9S-FC3E2J8MU-310347f06a\/image_from_ios_160.jpg?t=xoxe-332590185332-430098056850-431139793783-a3ecafe0d0f66efa522a67af632228d7",
                "thumb_720": "https:\/\/files.slack.com\/files-tmb\/T9SHC5F9S-FC3E2J8MU-310347f06a\/image_from_ios_720.jpg?t=xoxe-332590185332-430098056850-431139793783-a3ecafe0d0f66efa522a67af632228d7",
                "thumb_720_w": 540,
                "thumb_720_h": 720,
                "thumb_800": "https:\/\/files.slack.com\/files-tmb\/T9SHC5F9S-FC3E2J8MU-310347f06a\/image_from_ios_800.jpg?t=xoxe-332590185332-430098056850-431139793783-a3ecafe0d0f66efa522a67af632228d7",
                "thumb_800_w": 800,
                "thumb_800_h": 1067,
                "thumb_960": "https:\/\/files.slack.com\/files-tmb\/T9SHC5F9S-FC3E2J8MU-310347f06a\/image_from_ios_960.jpg?t=xoxe-332590185332-430098056850-431139793783-a3ecafe0d0f66efa522a67af632228d7",
                "thumb_960_w": 720,
                "thumb_960_h": 960,
                "thumb_1024": "https:\/\/files.slack.com\/files-tmb\/T9SHC5F9S-FC3E2J8MU-310347f06a\/image_from_ios_1024.jpg?t=xoxe-332590185332-430098056850-431139793783-a3ecafe0d0f66efa522a67af632228d7",
                "thumb_1024_w": 768,
                "thumb_1024_h": 1024,
                "image_exif_rotation": 1,
                "original_w": 3024,
                "original_h": 4032,
                "permalink": "https:\/\/daitgirls.slack.com\/files\/UBDRXTD8B\/FC3E2J8MU\/image_from_ios.jpg",
                "permalink_public": "https:\/\/slack-files.com\/T9SHC5F9S-FC3E2J8MU-23fb354a7c"
            }
        ],
        "upload": true,
        "user": "UBDRXTD8B",
        "display_as_bot": false,
        "upload_reply_to": "C8A621BF-0EA9-4FF2-A065-FFFCB46B49AE",
        "ts": "1533277627.000010",
        "reactions": [
            {
                "name": "heart",
                "users": [
                    "UBF0XHZD5",
                    "UBDUUV802",
                    "UBDN9579S",
                    "UBE3NCBKP",
                    "UBD8HB9C0",
                    "UBDCWMFND",
                    "UBDRWK8SX",
                    "UBDN8UG4C",
                    "UBDRWBNRZ",
                    "UBELL5EF5"
                ],
                "count": 10
            }
        ]
    },
    {
        "type": "message",
        "user": "UBDRXTD8B",
        "text": "프릳츠 꿀꺽꿀꺽 하나 뒤에 놔둘게요 드세요",
        "client_msg_id": "E4DCC582-5BEB-4925-9B4E-1E56161F75E9",
        "thread_ts": "1533277628.000158",
        "reply_count": 4,
        "replies": [
            {
                "user": "UBDN8UG4C",
                "ts": "1533278555.000152"
            },
            {
                "user": "UBDRXTD8B",
                "ts": "1533278623.000054"
            },
            {
                "user": "UBDN8UG4C",
                "ts": "1533278669.000012"
            },
            {
                "user": "UBDRXTD8B",
                "ts": "1533279205.000210"
            }
        ],
        "unread_count": 4,
        "ts": "1533277628.000158",
        "reactions": [
            {
                "name": "blue_heart",
                "users": [
                    "UBDN90RJQ",
                    "UBDN8T42G",
                    "UBELL5EF5"
                ],
                "count": 3
            }
        ]
    },
    {
        "type": "message",
        "user": "UBDN8UG4C",
        "text": "저 한모금만 먹어도 되나용...",
        "client_msg_id": "4e6ad935-28a8-4d37-a79b-1cce066e638c",
        "thread_ts": "1533277628.000158",
        "parent_user_id": "UBDRXTD8B",
        "ts": "1533278555.000152",
        "reactions": [
            {
                "name": "+1",
                "users": [
                    "UBDRXTD8B"
                ],
                "count": 1
            }
        ]
    },
    {
        "type": "message",
        "user": "UBDRXTD8B",
        "text": "세영쓰 다 드셔두 돼요!!!",
        "client_msg_id": "83c21e14-c09f-4fc4-babc-b0b2d7f8c23f",
        "thread_ts": "1533277628.000158",
        "parent_user_id": "UBDRXTD8B",
        "ts": "1533278623.000054"
    },
    {
        "type": "message",
        "user": "UBDN8UG4C",
        "text": "저 다먹긴 많을 것 같아가지구욤ㅋㅋㅋㅋㅋ헿....어떤 분 드신다고 하면 한모금만 먹어보고싶어여=ㅅ=",
        "client_msg_id": "ee6b4eb1-5fd3-4ab5-8089-62bf41ac5919",
        "thread_ts": "1533277628.000158",
        "parent_user_id": "UBDRXTD8B",
        "ts": "1533278669.000012"
    },
    {
        "type": "message",
        "user": "UBDRXTD8B",
        "text": "<@UBDN8UG4C> 조원분들이랑 드시구 남은거 가져가요ㅋㅋ",
        "client_msg_id": "56e586de-1b0f-44c6-bf9a-9b20e69d3c85",
        "thread_ts": "1533277628.000158",
        "parent_user_id": "UBDRXTD8B",
        "ts": "1533279205.000210"
    }
]