[
    {
        "type": "message",
        "text": "고뇌하는 <@UBF0XFP7Z>님\n아~ 도와드리고 싶은데..... 이진수를 적고계심 헐\n",
        "files": [
            {
                "id": "FCH3GL0P5",
                "created": 1535529523,
                "timestamp": 1535529523,
                "name": "Image from iOS.jpg",
                "title": "Image from iOS",
                "mimetype": "image\/jpeg",
                "filetype": "jpg",
                "pretty_type": "JPEG",
                "user": "UBF1K97FH",
                "editable": false,
                "size": 6874479,
                "mode": "hosted",
                "is_external": false,
                "external_type": "",
                "is_public": true,
                "public_url_shared": false,
                "display_as_bot": false,
                "username": "",
                "url_private": "https:\/\/files.slack.com\/files-pri\/T9SHC5F9S-FCH3GL0P5\/image_from_ios.jpg?t=xoxe-332590185332-430098056850-431139793783-a3ecafe0d0f66efa522a67af632228d7",
                "url_private_download": "https:\/\/files.slack.com\/files-pri\/T9SHC5F9S-FCH3GL0P5\/download\/image_from_ios.jpg?t=xoxe-332590185332-430098056850-431139793783-a3ecafe0d0f66efa522a67af632228d7",
                "thumb_64": "https:\/\/files.slack.com\/files-tmb\/T9SHC5F9S-FCH3GL0P5-8b1b9c4230\/image_from_ios_64.jpg?t=xoxe-332590185332-430098056850-431139793783-a3ecafe0d0f66efa522a67af632228d7",
                "thumb_80": "https:\/\/files.slack.com\/files-tmb\/T9SHC5F9S-FCH3GL0P5-8b1b9c4230\/image_from_ios_80.jpg?t=xoxe-332590185332-430098056850-431139793783-a3ecafe0d0f66efa522a67af632228d7",
                "thumb_360": "https:\/\/files.slack.com\/files-tmb\/T9SHC5F9S-FCH3GL0P5-8b1b9c4230\/image_from_ios_360.jpg?t=xoxe-332590185332-430098056850-431139793783-a3ecafe0d0f66efa522a67af632228d7",
                "thumb_360_w": 360,
                "thumb_360_h": 270,
                "thumb_480": "https:\/\/files.slack.com\/files-tmb\/T9SHC5F9S-FCH3GL0P5-8b1b9c4230\/image_from_ios_480.jpg?t=xoxe-332590185332-430098056850-431139793783-a3ecafe0d0f66efa522a67af632228d7",
                "thumb_480_w": 480,
                "thumb_480_h": 360,
                "thumb_160": "https:\/\/files.slack.com\/files-tmb\/T9SHC5F9S-FCH3GL0P5-8b1b9c4230\/image_from_ios_160.jpg?t=xoxe-332590185332-430098056850-431139793783-a3ecafe0d0f66efa522a67af632228d7",
                "thumb_720": "https:\/\/files.slack.com\/files-tmb\/T9SHC5F9S-FCH3GL0P5-8b1b9c4230\/image_from_ios_720.jpg?t=xoxe-332590185332-430098056850-431139793783-a3ecafe0d0f66efa522a67af632228d7",
                "thumb_720_w": 720,
                "thumb_720_h": 540,
                "thumb_800": "https:\/\/files.slack.com\/files-tmb\/T9SHC5F9S-FCH3GL0P5-8b1b9c4230\/image_from_ios_800.jpg?t=xoxe-332590185332-430098056850-431139793783-a3ecafe0d0f66efa522a67af632228d7",
                "thumb_800_w": 800,
                "thumb_800_h": 600,
                "thumb_960": "https:\/\/files.slack.com\/files-tmb\/T9SHC5F9S-FCH3GL0P5-8b1b9c4230\/image_from_ios_960.jpg?t=xoxe-332590185332-430098056850-431139793783-a3ecafe0d0f66efa522a67af632228d7",
                "thumb_960_w": 960,
                "thumb_960_h": 720,
                "thumb_1024": "https:\/\/files.slack.com\/files-tmb\/T9SHC5F9S-FCH3GL0P5-8b1b9c4230\/image_from_ios_1024.jpg?t=xoxe-332590185332-430098056850-431139793783-a3ecafe0d0f66efa522a67af632228d7",
                "thumb_1024_w": 1024,
                "thumb_1024_h": 768,
                "image_exif_rotation": 1,
                "original_w": 4032,
                "original_h": 3024,
                "permalink": "https:\/\/daitgirls.slack.com\/files\/UBF1K97FH\/FCH3GL0P5\/image_from_ios.jpg",
                "permalink_public": "https:\/\/slack-files.com\/T9SHC5F9S-FCH3GL0P5-454ac6953a"
            }
        ],
        "upload": true,
        "user": "UBF1K97FH",
        "display_as_bot": false,
        "upload_reply_to": "6905DB95-DFAA-4A31-B4CA-B62A54D9C6ED",
        "ts": "1535529532.000100",
        "reactions": [
            {
                "name": "grinning",
                "users": [
                    "UBELL5EF5",
                    "UA4EGE85S",
                    "U9SN17L0M",
                    "U9UFEBXGF",
                    "UBDCWMFND"
                ],
                "count": 5
            },
            {
                "name": "nauseated_face",
                "users": [
                    "UBF0XFP7Z",
                    "UBELL5EF5",
                    "UBDCWMFND"
                ],
                "count": 3
            },
            {
                "name": "sob",
                "users": [
                    "UBDN8T42G",
                    "UBELL5EF5",
                    "UBDN8UG4C",
                    "UBDCWMFND",
                    "UBDRVLD1R"
                ],
                "count": 5
            },
            {
                "name": "dait_happy",
                "users": [
                    "UBF1K97FH",
                    "U9UFEBXGF",
                    "UBELL5EF5",
                    "UBDUU48UA"
                ],
                "count": 4
            }
        ]
    },
    {
        "type": "message",
        "text": "",
        "files": [
            {
                "id": "FCHPC7XL3",
                "created": 1535590961,
                "timestamp": 1535590961,
                "name": "Image from iOS.jpg",
                "title": "Image from iOS",
                "mimetype": "image\/jpeg",
                "filetype": "jpg",
                "pretty_type": "JPEG",
                "user": "UBD8HB9C0",
                "editable": false,
                "size": 4675880,
                "mode": "hosted",
                "is_external": false,
                "external_type": "",
                "is_public": true,
                "public_url_shared": false,
                "display_as_bot": false,
                "username": "",
                "url_private": "https:\/\/files.slack.com\/files-pri\/T9SHC5F9S-FCHPC7XL3\/image_from_ios.jpg?t=xoxe-332590185332-430098056850-431139793783-a3ecafe0d0f66efa522a67af632228d7",
                "url_private_download": "https:\/\/files.slack.com\/files-pri\/T9SHC5F9S-FCHPC7XL3\/download\/image_from_ios.jpg?t=xoxe-332590185332-430098056850-431139793783-a3ecafe0d0f66efa522a67af632228d7",
                "thumb_64": "https:\/\/files.slack.com\/files-tmb\/T9SHC5F9S-FCHPC7XL3-1de1283feb\/image_from_ios_64.jpg?t=xoxe-332590185332-430098056850-431139793783-a3ecafe0d0f66efa522a67af632228d7",
                "thumb_80": "https:\/\/files.slack.com\/files-tmb\/T9SHC5F9S-FCHPC7XL3-1de1283feb\/image_from_ios_80.jpg?t=xoxe-332590185332-430098056850-431139793783-a3ecafe0d0f66efa522a67af632228d7",
                "thumb_360": "https:\/\/files.slack.com\/files-tmb\/T9SHC5F9S-FCHPC7XL3-1de1283feb\/image_from_ios_360.jpg?t=xoxe-332590185332-430098056850-431139793783-a3ecafe0d0f66efa522a67af632228d7",
                "thumb_360_w": 360,
                "thumb_360_h": 360,
                "thumb_480": "https:\/\/files.slack.com\/files-tmb\/T9SHC5F9S-FCHPC7XL3-1de1283feb\/image_from_ios_480.jpg?t=xoxe-332590185332-430098056850-431139793783-a3ecafe0d0f66efa522a67af632228d7",
                "thumb_480_w": 480,
                "thumb_480_h": 480,
                "thumb_160": "https:\/\/files.slack.com\/files-tmb\/T9SHC5F9S-FCHPC7XL3-1de1283feb\/image_from_ios_160.jpg?t=xoxe-332590185332-430098056850-431139793783-a3ecafe0d0f66efa522a67af632228d7",
                "thumb_720": "https:\/\/files.slack.com\/files-tmb\/T9SHC5F9S-FCHPC7XL3-1de1283feb\/image_from_ios_720.jpg?t=xoxe-332590185332-430098056850-431139793783-a3ecafe0d0f66efa522a67af632228d7",
                "thumb_720_w": 720,
                "thumb_720_h": 720,
                "thumb_800": "https:\/\/files.slack.com\/files-tmb\/T9SHC5F9S-FCHPC7XL3-1de1283feb\/image_from_ios_800.jpg?t=xoxe-332590185332-430098056850-431139793783-a3ecafe0d0f66efa522a67af632228d7",
                "thumb_800_w": 800,
                "thumb_800_h": 800,
                "thumb_960": "https:\/\/files.slack.com\/files-tmb\/T9SHC5F9S-FCHPC7XL3-1de1283feb\/image_from_ios_960.jpg?t=xoxe-332590185332-430098056850-431139793783-a3ecafe0d0f66efa522a67af632228d7",
                "thumb_960_w": 960,
                "thumb_960_h": 960,
                "thumb_1024": "https:\/\/files.slack.com\/files-tmb\/T9SHC5F9S-FCHPC7XL3-1de1283feb\/image_from_ios_1024.jpg?t=xoxe-332590185332-430098056850-431139793783-a3ecafe0d0f66efa522a67af632228d7",
                "thumb_1024_w": 1024,
                "thumb_1024_h": 1024,
                "image_exif_rotation": 1,
                "original_w": 3024,
                "original_h": 3024,
                "permalink": "https:\/\/daitgirls.slack.com\/files\/UBD8HB9C0\/FCHPC7XL3\/image_from_ios.jpg",
                "permalink_public": "https:\/\/slack-files.com\/T9SHC5F9S-FCHPC7XL3-4acb52bee6"
            }
        ],
        "upload": true,
        "user": "UBD8HB9C0",
        "display_as_bot": false,
        "upload_reply_to": "F34AF99B-E819-4E12-8FCD-BD095EA9245E",
        "ts": "1535590968.000100",
        "reactions": [
            {
                "name": "+1",
                "users": [
                    "U9SN17L0M",
                    "UBF0XFP7Z",
                    "UBELL5EF5",
                    "UBDN9579S",
                    "UA4EGE85S"
                ],
                "count": 5
            },
            {
                "name": "grin",
                "users": [
                    "UBDRVLD1R",
                    "UBELL5EF5",
                    "UA4EGE85S"
                ],
                "count": 3
            },
            {
                "name": "scream",
                "users": [
                    "UBELL5EF5",
                    "UA4EGE85S"
                ],
                "count": 2
            }
        ]
    },
    {
        "type": "message",
        "user": "UBD8HB9C0",
        "text": "시야갸 훤하군요ㅎ_ㅎ",
        "client_msg_id": "54D91DDA-E61F-4478-8AC8-4740CEDFED29",
        "ts": "1535590975.000100"
    },
    {
        "type": "message",
        "user": "UBE3NCBKP",
        "text": ":joy:",
        "client_msg_id": "c1821307-03ef-499a-b5a1-6b017f2f5293",
        "ts": "1535590981.000100"
    },
    {
        "type": "message",
        "user": "UBE3NCBKP",
        "text": "각도 멋있네요",
        "client_msg_id": "d6ce8c92-f4a6-420f-88e2-2a56161b586b",
        "ts": "1535590986.000100"
    },
    {
        "type": "message",
        "user": "UBDUUHX4J",
        "text": "정말 소리없이 찍으셨네..",
        "client_msg_id": "56585a4e-94f8-417c-b682-6a525c87bf8d",
        "ts": "1535590998.000100",
        "reactions": [
            {
                "name": "balloon",
                "users": [
                    "UBD8HB9C0",
                    "UBDN9579S",
                    "UBDUUV802"
                ],
                "count": 3
            }
        ]
    },
    {
        "type": "message",
        "user": "UBDN8UG4C",
        "text": "이번 엠티 총무 소령님께서 정리해주신 내용 공유드려요:sunglasses:\n*&lt; 엠티 회비 지출 내역 &gt;*\n운영 지원금\n+1,000,000원\n점심 케이터링(40인분)\n   -1,000,000원\n\n회비(34명)\n+1,135,500원\n\n장소 대여비\n   -410,000원(보증금 포함)\n보드게임 대여비\n   -40,000원\n홈플러스(주류, 물, 주스, 편의용품, 고깔 등)\n   -217,580원\n편의점(맥주, 소주, 주스 추가 구매)\n   -105,280원\n교촌치킨\n   -56,000원\n도미노피자\n   -85,160원\n부에노 떡볶이\n   -63,000원\n편의점(소주, 주스 추가 구매)\n   -10,750원\n성환님 엠티 회비 추가 입금\n+30,000원\n결석자 회비 환불\n   -90,500원(예은님 30,500원)\n보증금\n+100,000원\n빔 프로젝터 고장 수리비\n   -38,500원\n\n남은 돈:money_with_wings:\n148,730원",
        "client_msg_id": "1ade85c0-0b15-4136-9141-8e8b315f1a83",
        "ts": "1535606501.000100",
        "reactions": [
            {
                "name": "+1",
                "users": [
                    "UBDUUUCMQ",
                    "UBE3NCBKP",
                    "U9TKQU99V",
                    "UBF0XHZD5",
                    "UBDRWBNRZ"
                ],
                "count": 5
            }
        ]
    },
    {
        "type": "message",
        "user": "UBDN8UG4C",
        "text": "저희 남은 금액은 운영지원비에 보태도록 하겠습니다!\n다른 좋은 의견 있으시면 4분 30초내로 말씀해주세용",
        "client_msg_id": "c661412d-20bf-465d-9311-b07595b40c14",
        "ts": "1535607062.000100",
        "reactions": [
            {
                "name": "+1",
                "users": [
                    "UBELL5EF5",
                    "UBE3NCBKP",
                    "UBDN9579S",
                    "U9TKQU99V",
                    "U9UFEBXGF",
                    "UBD8GMVNC",
                    "UA4EGE85S",
                    "UBF0XFP7Z",
                    "UBD8HB9C0"
                ],
                "count": 9
            },
            {
                "name": "question",
                "users": [
                    "UBE3NCBKP",
                    "UBELL5EF5",
                    "UA4EGE85S",
                    "UBF0XFP7Z"
                ],
                "count": 4
            },
            {
                "name": "four",
                "users": [
                    "UBE3NCBKP",
                    "UBELL5EF5",
                    "UA4EGE85S",
                    "UBF0XFP7Z"
                ],
                "count": 4
            },
            {
                "name": "three",
                "users": [
                    "UBE3NCBKP",
                    "UBELL5EF5",
                    "UA4EGE85S",
                    "UBF0XFP7Z"
                ],
                "count": 4
            },
            {
                "name": "zero",
                "users": [
                    "UBE3NCBKP",
                    "UBELL5EF5",
                    "UA4EGE85S",
                    "UBF0XFP7Z"
                ],
                "count": 4
            },
            {
                "name": "clock130",
                "users": [
                    "UBDN8UG4C",
                    "UBE3NCBKP",
                    "UA4EGE85S",
                    "UBF0XFP7Z",
                    "UBELL5EF5"
                ],
                "count": 5
            }
        ]
    },
    {
        "type": "message",
        "user": "UBF1K97FH",
        "text": "<@UBDN8UG4C> 우리 세영세영님. 고생 많으셨어요.\n엠티는 세영님이 계셨어서 진행 가능했다고 생각합니당!",
        "client_msg_id": "afb58e63-a734-4a7a-9071-0b16e81c3018",
        "thread_ts": "1535607664.000100",
        "reply_count": 4,
        "replies": [
            {
                "user": "UBDN8UG4C",
                "ts": "1535610547.000100"
            },
            {
                "user": "UBDCWMFND",
                "ts": "1535614973.000100"
            },
            {
                "user": "U9TKQU99V",
                "ts": "1535632203.000100"
            },
            {
                "user": "UBDN8UG4C",
                "ts": "1535685345.000100"
            }
        ],
        "unread_count": 4,
        "ts": "1535607664.000100",
        "reactions": [
            {
                "name": "heart",
                "users": [
                    "UBE3NCBKP",
                    "U9TKQU99V",
                    "UBDRWU3GT",
                    "UBDRWK8SX",
                    "U9UFEBXGF",
                    "UBBH69509",
                    "UBD8GMVNC",
                    "UA4EGE85S",
                    "UBF0XFP7Z",
                    "UBELL5EF5",
                    "UBDCWMFND",
                    "UBDRWBNRZ",
                    "UBDN8UG4C"
                ],
                "count": 13
            },
            {
                "name": "blue_heart",
                "users": [
                    "U9UFEBXGF",
                    "UBBH69509",
                    "UBDN8UG4C",
                    "UA4EGE85S",
                    "UBF0XFP7Z",
                    "UBELL5EF5",
                    "UBDCWMFND"
                ],
                "count": 7
            },
            {
                "name": "fire",
                "users": [
                    "UBDN8UG4C",
                    "UA4EGE85S",
                    "UBF0XFP7Z",
                    "UBELL5EF5",
                    "UBDCWMFND"
                ],
                "count": 5
            }
        ]
    },
    {
        "type": "message",
        "user": "UBDN8UG4C",
        "text": "저와 함께 발벗고 도와주신 파추위여러분 덕이죠....ㅠ흡 감사합니다",
        "client_msg_id": "0a2c34a7-3ad6-4245-aab0-2611f057a4f8",
        "thread_ts": "1535607664.000100",
        "parent_user_id": "UBF1K97FH",
        "ts": "1535610547.000100",
        "reactions": [
            {
                "name": "+1",
                "users": [
                    "UBELL5EF5",
                    "UBDCWMFND",
                    "U9TKQU99V",
                    "UBF1K97FH",
                    "UBDRWBNRZ"
                ],
                "count": 5
            }
        ]
    }
]