[
    {
        "type": "message",
        "user": "UBELL5EF5",
        "text": "대화창 좌측의 `+` 기호를 누르면 코드를 위와 같이 첨부할 수도 있네요!",
        "client_msg_id": "5107dbf9-4f88-4ba4-aea9-fab70e2b1bd4",
        "ts": "1530690235.000003",
        "reactions": [
            {
                "name": "smile_cat",
                "users": [
                    "UBDRXTD8B",
                    "UBDUUV802",
                    "UBDCWMFND",
                    "UBD5C2LH5",
                    "UBDUUHX4J"
                ],
                "count": 5
            }
        ]
    }
]