[
    {
        "type": "message",
        "text": "",
        "files": [
            {
                "id": "FBZS7BESW",
                "created": 1533024499,
                "timestamp": 1533024499,
                "name": "샌드위치.JPG",
                "title": "샌드위치.JPG",
                "mimetype": "image\/jpeg",
                "filetype": "jpg",
                "pretty_type": "JPEG",
                "user": "UBES4Q6LE",
                "editable": false,
                "size": 141598,
                "mode": "hosted",
                "is_external": false,
                "external_type": "",
                "is_public": true,
                "public_url_shared": false,
                "display_as_bot": false,
                "username": "",
                "url_private": "https:\/\/files.slack.com\/files-pri\/T9SHC5F9S-FBZS7BESW\/____________.jpg?t=xoxe-332590185332-430098056850-431139793783-a3ecafe0d0f66efa522a67af632228d7",
                "url_private_download": "https:\/\/files.slack.com\/files-pri\/T9SHC5F9S-FBZS7BESW\/download\/____________.jpg?t=xoxe-332590185332-430098056850-431139793783-a3ecafe0d0f66efa522a67af632228d7",
                "thumb_64": "https:\/\/files.slack.com\/files-tmb\/T9SHC5F9S-FBZS7BESW-7402e22172\/_____________64.jpg?t=xoxe-332590185332-430098056850-431139793783-a3ecafe0d0f66efa522a67af632228d7",
                "thumb_80": "https:\/\/files.slack.com\/files-tmb\/T9SHC5F9S-FBZS7BESW-7402e22172\/_____________80.jpg?t=xoxe-332590185332-430098056850-431139793783-a3ecafe0d0f66efa522a67af632228d7",
                "thumb_360": "https:\/\/files.slack.com\/files-tmb\/T9SHC5F9S-FBZS7BESW-7402e22172\/_____________360.jpg?t=xoxe-332590185332-430098056850-431139793783-a3ecafe0d0f66efa522a67af632228d7",
                "thumb_360_w": 360,
                "thumb_360_h": 240,
                "thumb_480": "https:\/\/files.slack.com\/files-tmb\/T9SHC5F9S-FBZS7BESW-7402e22172\/_____________480.jpg?t=xoxe-332590185332-430098056850-431139793783-a3ecafe0d0f66efa522a67af632228d7",
                "thumb_480_w": 480,
                "thumb_480_h": 320,
                "thumb_160": "https:\/\/files.slack.com\/files-tmb\/T9SHC5F9S-FBZS7BESW-7402e22172\/_____________160.jpg?t=xoxe-332590185332-430098056850-431139793783-a3ecafe0d0f66efa522a67af632228d7",
                "thumb_720": "https:\/\/files.slack.com\/files-tmb\/T9SHC5F9S-FBZS7BESW-7402e22172\/_____________720.jpg?t=xoxe-332590185332-430098056850-431139793783-a3ecafe0d0f66efa522a67af632228d7",
                "thumb_720_w": 720,
                "thumb_720_h": 480,
                "image_exif_rotation": 1,
                "original_w": 740,
                "original_h": 493,
                "permalink": "https:\/\/daitgirls.slack.com\/files\/UBES4Q6LE\/FBZS7BESW\/____________.jpg",
                "permalink_public": "https:\/\/slack-files.com\/T9SHC5F9S-FBZS7BESW-c18ea6069a"
            }
        ],
        "upload": true,
        "user": "UBES4Q6LE",
        "display_as_bot": false,
        "ts": "1533024501.000374",
        "reactions": [
            {
                "name": "sandwich",
                "users": [
                    "UBE3NCBKP",
                    "UBDCWMFND",
                    "UBES4Q6LE",
                    "UBF0XHZD5",
                    "UBE3NMLCD",
                    "UBDN9579S",
                    "UBDCWPPNV",
                    "UBELL5EF5"
                ],
                "count": 8
            },
            {
                "name": "rolling_on_the_floor_laughing",
                "users": [
                    "UBDCWMFND",
                    "UBE3NCBKP",
                    "UBF0XHZD5",
                    "UBE3NMLCD"
                ],
                "count": 4
            },
            {
                "name": "thinking_face",
                "users": [
                    "UBDRWK8SX"
                ],
                "count": 1
            }
        ]
    },
    {
        "type": "message",
        "user": "UBES4Q6LE",
        "text": "오늘 지은님 옷입니다",
        "client_msg_id": "6322b184-90c6-45ad-ab47-267f17093e60",
        "thread_ts": "1533024503.000128",
        "reply_count": 3,
        "replies": [
            {
                "user": "UBDCWMFND",
                "ts": "1533024560.000282"
            },
            {
                "user": "UBD8GMVNC",
                "ts": "1533024900.000007"
            },
            {
                "user": "UBDN8UG4C",
                "ts": "1533025730.000067"
            }
        ],
        "unread_count": 3,
        "ts": "1533024503.000128"
    },
    {
        "type": "message",
        "user": "UBDCWMFND",
        "text": "ㅋㅋㅋㅋㅋㅋㅋㅋㅋㅋ",
        "client_msg_id": "138cf26b-c751-4527-90b9-2e01a025bd6b",
        "thread_ts": "1533024503.000128",
        "parent_user_id": "UBES4Q6LE",
        "ts": "1533024560.000282"
    },
    {
        "type": "message",
        "user": "UBD8GMVNC",
        "text": "ㅋㅋㅋㅋㅋㅋㅋㅋㅋㅋ",
        "client_msg_id": "e704036a-a48e-4710-a9d6-ad7dcc3fff6a",
        "thread_ts": "1533024503.000128",
        "parent_user_id": "UBES4Q6LE",
        "ts": "1533024900.000007"
    },
    {
        "type": "message",
        "user": "UBDN8UG4C",
        "text": "ㅋㅋㅋㅋㅋㅋㅋㅋㅋㅋㅋㅋㅋㅋㅋㅋㅋㅋㅋㅋ",
        "client_msg_id": "6ae2fb2e-0331-4c72-bc7d-21f68d611e7c",
        "thread_ts": "1533024503.000128",
        "parent_user_id": "UBES4Q6LE",
        "ts": "1533025730.000067"
    },
    {
        "type": "message",
        "user": "UBDRVLD1R",
        "text": "홈파티요리잔치나라",
        "client_msg_id": "11d51884-27cf-4a00-b673-53141a40607f",
        "ts": "1533025856.000288",
        "reactions": [
            {
                "name": "+1",
                "users": [
                    "UBELL5EF5",
                    "UBD8GLUEL",
                    "UBES4Q6LE",
                    "UBDCWMFND"
                ],
                "count": 4
            }
        ]
    },
    {
        "type": "message",
        "user": "UBDCWMFND",
        "text": "<https:\/\/www.slideshare.net\/mobile\/watchncompass\/freedom-responsibility-culture> 조직문화에 관심 있는 분들이 계실까해서 공유드립니다. '넷플릭스의 문화 : 자유와 책임' 번역본 :blush: ",
        "client_msg_id": "d728b0df-86cd-485a-8ba1-693b41ca4cd2",
        "attachments": [
            {
                "title": "넷플릭스의 문화 : 자유와 책임 (한국어 번역본)",
                "title_link": "https:\/\/www.slideshare.net\/mobile\/watchncompass\/freedom-responsibility-culture",
                "text": "이 문서는 넷플릭스의 기업 문화를 공부하고, 동료들과 함께 읽기 위해 번역한 문서입니다. 넷플릭스의 CEO인 리드 헤이스팅스(Reed Hastings)가 공유한 \"Netflix Culture: Freedom &amp; Responsibility\"는 시간이 지나도 많은 이들에게 사랑받고 있습니…",
                "fallback": "넷플릭스의 문화 : 자유와 책임 (한국어 번역본)",
                "thumb_url": "https:\/\/cdn.slidesharecdn.com\/ss_thumbnails\/freedomresponsibilityculture-150609081022-lva1-app6892-thumbnail-4.jpg?cb=1532159702",
                "from_url": "https:\/\/www.slideshare.net\/mobile\/watchncompass\/freedom-responsibility-culture",
                "thumb_width": 768,
                "thumb_height": 576,
                "service_icon": "https:\/\/public.slidesharecdn.com\/favicon.ico?d8e2a4ed15",
                "service_name": "slideshare.net",
                "id": 1,
                "original_url": "https:\/\/www.slideshare.net\/mobile\/watchncompass\/freedom-responsibility-culture"
            }
        ],
        "thread_ts": "1533084622.000016",
        "reply_count": 1,
        "replies": [
            {
                "user": "UBELL5EF5",
                "ts": "1533099437.000213"
            }
        ],
        "unread_count": 1,
        "ts": "1533084622.000016",
        "reactions": [
            {
                "name": "+1",
                "users": [
                    "UBELL5EF5",
                    "U9SN17L0M",
                    "UBDRWK8SX",
                    "UA4EGE85S",
                    "UBD8GMVNC",
                    "UBDN8T42G",
                    "UBBH69509"
                ],
                "count": 7
            },
            {
                "name": "heart_eyes",
                "users": [
                    "UBDUUV802",
                    "UBDRWK8SX"
                ],
                "count": 2
            }
        ]
    },
    {
        "type": "message",
        "user": "UBELL5EF5",
        "text": "감명깊게 읽었어요! :sob:감사합니다 :+1::+1:",
        "client_msg_id": "C9CD1548-072C-4FE9-88B0-4F8DB3A88FDF",
        "thread_ts": "1533084622.000016",
        "parent_user_id": "UBDCWMFND",
        "ts": "1533099437.000213",
        "reactions": [
            {
                "name": "pray",
                "users": [
                    "UBDCWMFND"
                ],
                "count": 1
            }
        ]
    },
    {
        "type": "message",
        "user": "U9SN17L0M",
        "text": "(광고) <https:\/\/www.pycon.kr\/2018\/program\/sprint\/4> 제가 수업시간에 홍보했던 판다스 스프린트가 열렸습니다. 참여하시고 판다스에 기여해 보세요!",
        "client_msg_id": "d3b39fd6-3786-4858-8229-8c13c83b1ba7",
        "attachments": [
            {
                "service_name": "파이콘 한국 2018",
                "title": "pandas",
                "title_link": "https:\/\/www.pycon.kr\/2018\/program\/sprint\/4",
                "text": "쉽고 빠르게 해결할 수 있는 이슈 헌팅부터 시작합니다.",
                "fallback": "파이콘 한국 2018: pandas",
                "image_url": "https:\/\/www.pycon.kr\/2018\/static\/image\/pyconkr-2018-cover.png",
                "from_url": "https:\/\/www.pycon.kr\/2018\/program\/sprint\/4",
                "image_width": 478,
                "image_height": 250,
                "image_bytes": 114264,
                "service_icon": "https:\/\/www.pycon.kr\/2018\/static\/image\/favicon2018.ico",
                "id": 1,
                "original_url": "https:\/\/www.pycon.kr\/2018\/program\/sprint\/4"
            }
        ],
        "thread_ts": "1533105296.000123",
        "reply_count": 11,
        "replies": [
            {
                "user": "UBDUVKQAE",
                "ts": "1533105883.000134"
            },
            {
                "user": "UBDUVKQAE",
                "ts": "1533105999.000214"
            },
            {
                "user": "U9SN17L0M",
                "ts": "1533106073.000234"
            },
            {
                "user": "U9SN17L0M",
                "ts": "1533106160.000073"
            },
            {
                "user": "UBD8GMVNC",
                "ts": "1533106642.000240"
            },
            {
                "user": "U9SN17L0M",
                "ts": "1533106676.000166"
            },
            {
                "user": "UBD8GMVNC",
                "ts": "1533107450.000088"
            },
            {
                "user": "U9SN17L0M",
                "ts": "1533107559.000122"
            },
            {
                "user": "UBD8GMVNC",
                "ts": "1533107956.000055"
            },
            {
                "user": "U9SN17L0M",
                "ts": "1533108013.000239"
            },
            {
                "user": "U9SN17L0M",
                "ts": "1533164524.000191"
            }
        ],
        "unread_count": 11,
        "ts": "1533105296.000123",
        "reactions": [
            {
                "name": "heart",
                "users": [
                    "UBDCWMFND",
                    "UBD8GMVNC",
                    "UBDRWK8SX",
                    "UBDN8T42G",
                    "UBDRWADQB",
                    "UBDRVLD1R",
                    "UA4EGE85S",
                    "UBDRWBNRZ",
                    "UBDN8UG4C",
                    "UBELL5EF5",
                    "UBD8HB9C0"
                ],
                "count": 11
            },
            {
                "name": "the_love",
                "users": [
                    "UBDRVLD1R",
                    "UBDCWMFND"
                ],
                "count": 2
            },
            {
                "name": "ddongule2",
                "users": [
                    "UBDRVLD1R",
                    "UBDUU48UA",
                    "UBDCWMFND"
                ],
                "count": 3
            }
        ]
    },
    {
        "type": "message",
        "user": "UBDUVKQAE",
        "text": "다른 스프린트 세션도 욕심나네요ㅋㅋㅋ",
        "client_msg_id": "a4a70a8f-4762-497b-b290-3da19907dbc1",
        "thread_ts": "1533105296.000123",
        "parent_user_id": "U9SN17L0M",
        "ts": "1533105883.000134"
    },
    {
        "type": "message",
        "user": "UBDUVKQAE",
        "text": "쌤도 가시나요???",
        "client_msg_id": "5f8af705-a30c-4677-b4bd-6d5b1fc0be34",
        "thread_ts": "1533105296.000123",
        "parent_user_id": "U9SN17L0M",
        "ts": "1533105999.000214"
    },
    {
        "type": "message",
        "user": "U9SN17L0M",
        "text": "다른 스프린트 참여해도 됩니다 ㅋㅋ 저는 못 가요.",
        "client_msg_id": "b1d2ed0f-daf7-4a43-b209-4184187d1693",
        "thread_ts": "1533105296.000123",
        "parent_user_id": "U9SN17L0M",
        "ts": "1533106073.000234"
    },
    {
        "type": "message",
        "user": "U9SN17L0M",
        "text": "다른 파이콘 행사는 유료인데 저 행사는 오픈소스에 기여하는 것이고 스프린트 문화를 전파하기 위한 목적이라 무료로 진행되고 있어요.",
        "client_msg_id": "59fe7790-22ef-449c-aa97-952e82610243",
        "thread_ts": "1533105296.000123",
        "parent_user_id": "U9SN17L0M",
        "ts": "1533106160.000073"
    },
    {
        "type": "message",
        "user": "UBD8GMVNC",
        "text": "일단 판다스 스프린트 세션 찜해놓고 다른 스프린트\/튜토리얼 세션 구경하다가 배로쌤 강의를 발견했습니다ㅎㅎㅎㅎ 판다스 스프린트보다 튜토리얼 배로쌤 강의하고 판다스 시계열 강의가 더 궁금해요ㅜㅜ",
        "client_msg_id": "0a232c08-4656-46ba-89df-a390c305c808",
        "thread_ts": "1533105296.000123",
        "parent_user_id": "U9SN17L0M",
        "ts": "1533106642.000240"
    },
    {
        "type": "message",
        "user": "U9SN17L0M",
        "text": "판다스 시계열은 다른분이 하고 제가 하는건 수업시간에 했던 국민청원이에요 ㅎㅎ",
        "client_msg_id": "ff037d80-aee1-4fa0-8ec2-2cbf185b3ddf",
        "thread_ts": "1533105296.000123",
        "parent_user_id": "U9SN17L0M",
        "ts": "1533106676.000166"
    }
]