[
    {
        "type": "message",
        "user": "UBDN8UG4C",
        "text": "앜ㅋㅋㅋㅋㅋㅋ",
        "client_msg_id": "9cd7b268-bc92-4fbe-8f72-3f6fd91d9d65",
        "thread_ts": "1534295110.000100",
        "parent_user_id": "UBELL5EF5",
        "ts": "1534319577.000100"
    },
    {
        "type": "message",
        "user": "UBF0XHZD5",
        "text": ":blush::heart:여러분 우리의 사랑 차차님 생일이시래요~~~:tada::tada::tada: :weight_lifter:축하해요~~~:ok_woman::dancer::runner:(쩌렁쩌렁) ",
        "client_msg_id": "4ebd607f-4295-4e5b-bb23-f9cd4b0cfc1f",
        "thread_ts": "1534357461.000100",
        "reply_count": 10,
        "replies": [
            {
                "user": "UBDUUHX4J",
                "ts": "1534367715.000100"
            },
            {
                "user": "UBELL5EF5",
                "ts": "1534371367.000100"
            },
            {
                "user": "UBDN8UG4C",
                "ts": "1534375949.000100"
            },
            {
                "user": "U9SN17L0M",
                "ts": "1534376055.000100"
            },
            {
                "user": "UBD8GMVNC",
                "ts": "1534376504.000100"
            },
            {
                "user": "UBDN8T42G",
                "ts": "1534377343.000100"
            },
            {
                "user": "UBDRXTD8B",
                "ts": "1534379675.000100"
            },
            {
                "user": "UBDN9579S",
                "ts": "1534380390.000100"
            },
            {
                "user": "UBF0XFP7Z",
                "ts": "1534381340.000100"
            },
            {
                "user": "UBDRWRE3D",
                "ts": "1534729508.000100"
            }
        ],
        "unread_count": 10,
        "ts": "1534357461.000100",
        "reactions": [
            {
                "name": "birthday",
                "users": [
                    "UBELL5EF5",
                    "UBDN8UG4C",
                    "UBDUUV802",
                    "U9SN17L0M",
                    "UBDN8T42G",
                    "UBDRXTD8B",
                    "UBF0XFP7Z",
                    "UBD8HB9C0",
                    "UA4EGE85S",
                    "UBDRVLD1R",
                    "UBDRWRE3D"
                ],
                "count": 11
            },
            {
                "name": "blue_heart",
                "users": [
                    "U9SN17L0M",
                    "UBDN8T42G",
                    "UBDCWMFND",
                    "UBF0XFP7Z",
                    "UBD8HB9C0",
                    "UA4EGE85S",
                    "UBDRVLD1R",
                    "UBDRWRE3D"
                ],
                "count": 8
            },
            {
                "name": "tada",
                "users": [
                    "U9SN17L0M",
                    "UBDN8T42G",
                    "UBDCWMFND",
                    "UBF0XFP7Z",
                    "UBD8HB9C0",
                    "UA4EGE85S",
                    "UBDRVLD1R",
                    "UBDRWRE3D"
                ],
                "count": 8
            },
            {
                "name": "100",
                "users": [
                    "UBDN8UG4C",
                    "UBDN8T42G",
                    "UBF0XFP7Z",
                    "UBD8HB9C0",
                    "UBDRVLD1R",
                    "UBDRWRE3D"
                ],
                "count": 6
            }
        ]
    },
    {
        "type": "message",
        "user": "UBDUUHX4J",
        "text": "차차 생일쓰? :fries:",
        "client_msg_id": "18FAB3DA-7C8E-4DB3-8C78-1CDAEC09663D",
        "thread_ts": "1534357461.000100",
        "parent_user_id": "UBF0XHZD5",
        "ts": "1534367715.000100"
    },
    {
        "type": "message",
        "user": "UBELL5EF5",
        "text": "생일 축하드려요 :raised_hands::raised_hands:",
        "client_msg_id": "A0DA6727-916F-42B3-85C3-80C8CE810121",
        "thread_ts": "1534357461.000100",
        "parent_user_id": "UBF0XHZD5",
        "ts": "1534371367.000100"
    },
    {
        "type": "message",
        "user": "UBDN8UG4C",
        "text": "차차 생일축하해요:ghost:!!!!!!",
        "client_msg_id": "7BDE5E4C-53A0-4C33-AF6D-F39F27CA8510",
        "thread_ts": "1534357461.000100",
        "parent_user_id": "UBF0XHZD5",
        "ts": "1534375949.000100"
    },
    {
        "type": "message",
        "user": "UBDN8UG4C",
        "text": "혹시 공항철도 타고오시는 분 계시다면 지금 열차 지연이래요!ㅜ_ㅜ 늦지않게 오세용",
        "client_msg_id": "FBADD759-2AAD-4CFE-A7C5-11BF3D74F121",
        "ts": "1534375989.000100",
        "reactions": [
            {
                "name": "heart_eyes",
                "users": [
                    "UBDUUV802"
                ],
                "count": 1
            },
            {
                "name": "+1",
                "users": [
                    "UBELL5EF5"
                ],
                "count": 1
            },
            {
                "name": "scream_cat",
                "users": [
                    "UBELL5EF5",
                    "UBE3NCBKP"
                ],
                "count": 2
            }
        ]
    },
    {
        "type": "message",
        "user": "U9SN17L0M",
        "text": "차차님 생일축하해요 :birthday:",
        "client_msg_id": "54401511-49E6-4530-889B-6EA2A76AFF85",
        "thread_ts": "1534357461.000100",
        "parent_user_id": "UBF0XHZD5",
        "ts": "1534376055.000100"
    },
    {
        "type": "message",
        "user": "UBD8GMVNC",
        "text": "차차님 생일 축하해요 :dait_happy: ",
        "client_msg_id": "6ec1c4ba-ad0b-4a41-b0e0-3e073eff8a15",
        "thread_ts": "1534357461.000100",
        "parent_user_id": "UBF0XHZD5",
        "ts": "1534376504.000100"
    },
    {
        "type": "message",
        "user": "UBDN8T42G",
        "text": "생일 축하해요~~~~~~~~!!!!! :hugging_face::hugging_face::hugging_face::hugging_face::birthday::birthday::birthday::birthday:",
        "client_msg_id": "38F05C88-8009-43FB-AA6F-80BC9A443800",
        "thread_ts": "1534357461.000100",
        "parent_user_id": "UBF0XHZD5",
        "ts": "1534377343.000100"
    },
    {
        "type": "message",
        "user": "UBDRXTD8B",
        "text": ":bouquet:",
        "client_msg_id": "FAFC6354-1DD8-4CDA-923B-B18896259A4B",
        "thread_ts": "1534357461.000100",
        "parent_user_id": "UBF0XHZD5",
        "ts": "1534379675.000100"
    },
    {
        "type": "message",
        "user": "UBF0XHZD5",
        "text": "ㅠㅜ1호선 구로역에서 멈춰서 좀 늦었습니다 얼른가겠습니다 ",
        "client_msg_id": "b3f0b927-dedd-4f3e-afee-dd9f0b97998f",
        "thread_ts": "1534380166.000100",
        "reply_count": 1,
        "replies": [
            {
                "user": "UBDN8UG4C",
                "ts": "1534381363.000100"
            }
        ],
        "unread_count": 1,
        "ts": "1534380166.000100"
    },
    {
        "type": "message",
        "user": "UBF0XHZD5",
        "text": "01",
        "client_msg_id": "d2a056df-58b4-4c61-a8b5-7033981aae3b",
        "ts": "1534380175.000100"
    },
    {
        "type": "message",
        "user": "UBDN9579S",
        "text": "소영님 생일츄카해요:tada::tada::tada:\n좋은하루보내욥:+1::skin-tone-2::+1::skin-tone-2::+1::skin-tone-2::+1::skin-tone-2::heart:",
        "client_msg_id": "8DADC4E7-0221-4F1C-B6F9-04F91813A03A",
        "thread_ts": "1534357461.000100",
        "parent_user_id": "UBF0XHZD5",
        "ts": "1534380390.000100"
    },
    {
        "type": "message",
        "user": "UBF0XFP7Z",
        "text": "우와 특별히 :heart: 드릴게여 뿅뿅 :heavy_heart_exclamation_mark_ornament:",
        "client_msg_id": "69b15c63-103f-489a-97ee-9ac5ecbf4db3",
        "thread_ts": "1534357461.000100",
        "parent_user_id": "UBF0XHZD5",
        "ts": "1534381340.000100"
    },
    {
        "type": "message",
        "user": "UBDN8UG4C",
        "text": "어여오세영",
        "client_msg_id": "7F501A83-2255-488B-B47F-BA8967B0360F",
        "thread_ts": "1534380166.000100",
        "parent_user_id": "UBF0XHZD5",
        "ts": "1534381363.000100"
    },
    {
        "type": "message",
        "text": "아까 애란쌤이 언급하셨던 왕좌의 게임 '좋은 놈, 나쁜 놈, 못생긴 놈' 결과입니다 ㅎㅎㅎ",
        "files": [
            {
                "id": "FC9KC29AR",
                "created": 1534392058,
                "timestamp": 1534392058,
                "name": "image.png",
                "title": "Pasted image at 2018-08-16, 1:00 PM",
                "mimetype": "image\/png",
                "filetype": "png",
                "pretty_type": "PNG",
                "user": "UBDUU48UA",
                "editable": false,
                "size": 244319,
                "mode": "hosted",
                "is_external": false,
                "external_type": "",
                "is_public": true,
                "public_url_shared": false,
                "display_as_bot": false,
                "username": "",
                "url_private": "https:\/\/files.slack.com\/files-pri\/T9SHC5F9S-FC9KC29AR\/image.png?t=xoxe-332590185332-430098056850-431139793783-a3ecafe0d0f66efa522a67af632228d7",
                "url_private_download": "https:\/\/files.slack.com\/files-pri\/T9SHC5F9S-FC9KC29AR\/download\/image.png?t=xoxe-332590185332-430098056850-431139793783-a3ecafe0d0f66efa522a67af632228d7",
                "thumb_64": "https:\/\/files.slack.com\/files-tmb\/T9SHC5F9S-FC9KC29AR-f5820a225a\/image_64.png?t=xoxe-332590185332-430098056850-431139793783-a3ecafe0d0f66efa522a67af632228d7",
                "thumb_80": "https:\/\/files.slack.com\/files-tmb\/T9SHC5F9S-FC9KC29AR-f5820a225a\/image_80.png?t=xoxe-332590185332-430098056850-431139793783-a3ecafe0d0f66efa522a67af632228d7",
                "thumb_360": "https:\/\/files.slack.com\/files-tmb\/T9SHC5F9S-FC9KC29AR-f5820a225a\/image_360.png?t=xoxe-332590185332-430098056850-431139793783-a3ecafe0d0f66efa522a67af632228d7",
                "thumb_360_w": 360,
                "thumb_360_h": 324,
                "thumb_480": "https:\/\/files.slack.com\/files-tmb\/T9SHC5F9S-FC9KC29AR-f5820a225a\/image_480.png?t=xoxe-332590185332-430098056850-431139793783-a3ecafe0d0f66efa522a67af632228d7",
                "thumb_480_w": 480,
                "thumb_480_h": 433,
                "thumb_160": "https:\/\/files.slack.com\/files-tmb\/T9SHC5F9S-FC9KC29AR-f5820a225a\/image_160.png?t=xoxe-332590185332-430098056850-431139793783-a3ecafe0d0f66efa522a67af632228d7",
                "image_exif_rotation": 1,
                "original_w": 627,
                "original_h": 565,
                "permalink": "https:\/\/daitgirls.slack.com\/files\/UBDUU48UA\/FC9KC29AR\/image.png",
                "permalink_public": "https:\/\/slack-files.com\/T9SHC5F9S-FC9KC29AR-0f0034a524"
            }
        ],
        "upload": true,
        "user": "UBDUU48UA",
        "display_as_bot": false,
        "thread_ts": "1534392060.000100",
        "reply_count": 5,
        "replies": [
            {
                "user": "UBDUU48UA",
                "ts": "1534392140.000100"
            },
            {
                "user": "UBDRXTD8B",
                "ts": "1534392191.000100"
            },
            {
                "user": "UBDCWMFND",
                "ts": "1534395203.000100"
            },
            {
                "user": "UBF0XKTP1",
                "ts": "1534396559.000100"
            },
            {
                "user": "UAMPGHJRJ",
                "ts": "1534401412.000100"
            }
        ],
        "unread_count": 5,
        "ts": "1534392060.000100",
        "reactions": [
            {
                "name": "+1",
                "users": [
                    "UBE3NCBKP",
                    "UBF0XFP7Z",
                    "UBDCWMFND",
                    "UA4EGE85S",
                    "UBD8GLUEL",
                    "UBF1K97FH"
                ],
                "count": 6
            },
            {
                "name": "thumbsup_all",
                "users": [
                    "UBDN8UG4C",
                    "UBDRXTD8B",
                    "UBF0XFP7Z",
                    "U9SN17L0M",
                    "UBDCWMFND",
                    "UA4EGE85S",
                    "UBD8GLUEL",
                    "UBDCWPPNV"
                ],
                "count": 8
            }
        ]
    },
    {
        "type": "message",
        "user": "UBDUU48UA",
        "text": "대너리스가 제일 예쁘네요, 램지 볼튼이 가장 나쁘고?",
        "client_msg_id": "52994221-b312-4e75-87db-cbda5057fefe",
        "thread_ts": "1534392060.000100",
        "parent_user_id": "UBDUU48UA",
        "ts": "1534392140.000100"
    },
    {
        "type": "message",
        "user": "UBDRXTD8B",
        "text": "아름답고 선한 사람이 많네여ㅋㅋ",
        "client_msg_id": "b73c550e-436e-40bf-a9b4-c67d9854d0ab",
        "thread_ts": "1534392060.000100",
        "parent_user_id": "UBDUU48UA",
        "ts": "1534392191.000100"
    },
    {
        "type": "message",
        "user": "UBDCWMFND",
        "text": "대너리스ㅠㅠㅠㅠ",
        "client_msg_id": "76af953b-1c9c-4c0d-adf5-ebdc611f228f",
        "thread_ts": "1534392060.000100",
        "parent_user_id": "UBDUU48UA",
        "ts": "1534395203.000100"
    },
    {
        "type": "message",
        "user": "UBF0XKTP1",
        "text": "티리온갓 왜이렇게 아래에 계신거죠.. 저 위에 계셔야 하는데",
        "client_msg_id": "bb09bcff-56d5-4318-94cb-5c4711d92375",
        "thread_ts": "1534392060.000100",
        "parent_user_id": "UBDUU48UA",
        "ts": "1534396559.000100"
    },
    {
        "type": "message",
        "user": "UAMPGHJRJ",
        "text": "대너리스도 사실 악하지않나영...흐흐",
        "client_msg_id": "df85b84b-3072-499c-bd6b-36ae48829d85",
        "thread_ts": "1534392060.000100",
        "parent_user_id": "UBDUU48UA",
        "ts": "1534401412.000100"
    }
]