[
    {
        "type": "message",
        "user": "UBDN8UG4C",
        "text": "너무 포괄적일 수 있겠지만ㅠㅠ\n요즘 노트북사면 지금실습하는건 웬만하면 다 잘 돌아가겠죠?!\n\n혹시 지금 쓰고 계시는 노트북 추천해주고 싶은 분 있으신가욤!!!\n13년도부터 저와 함께했던 놋북이 어제 사망하셨거든요....ㅠㅠ흑....ㅠㅠㅠ",
        "client_msg_id": "356F6382-98EA-4693-BE89-C32BD3AF2881",
        "thread_ts": "1534413643.000100",
        "reply_count": 10,
        "replies": [
            {
                "user": "UBDN8UG4C",
                "ts": "1534413706.000100"
            },
            {
                "user": "UBE3NCBKP",
                "ts": "1534413792.000100"
            },
            {
                "user": "UBF0XFP7Z",
                "ts": "1534413888.000100"
            },
            {
                "user": "UBE3NCBKP",
                "ts": "1534414025.000100"
            },
            {
                "user": "UBDN8UG4C",
                "ts": "1534414187.000100"
            },
            {
                "user": "UBDUU48UA",
                "ts": "1534414625.000100"
            },
            {
                "user": "UBDRVLD1R",
                "ts": "1534418262.000100"
            },
            {
                "user": "UBF1K97FH",
                "ts": "1534418947.000100"
            },
            {
                "user": "UBDRXTD8B",
                "ts": "1534419226.000100"
            },
            {
                "user": "UBDN8UG4C",
                "ts": "1534463426.000200"
            }
        ],
        "unread_count": 10,
        "ts": "1534413643.000100",
        "reactions": [
            {
                "name": "sob",
                "users": [
                    "UBDUUV802",
                    "UBE3NCBKP",
                    "UBDN8UG4C",
                    "U9TKQU99V",
                    "UBF0XFP7Z"
                ],
                "count": 5
            }
        ]
    },
    {
        "type": "message",
        "user": "UBDN8UG4C",
        "text": "방금 사망선고 받고 나오는 길이에요.... 삼계탕이나 먹으러 가야겠어요......",
        "client_msg_id": "8C66AD51-2E93-4D53-BB16-ECE5252269F6",
        "thread_ts": "1534413643.000100",
        "parent_user_id": "UBDN8UG4C",
        "ts": "1534413706.000100",
        "reactions": [
            {
                "name": "chicken",
                "users": [
                    "UBDUUV802",
                    "UBF0XFP7Z",
                    "UBDN8UG4C",
                    "UBF0XKTP1"
                ],
                "count": 4
            },
            {
                "name": "내일수업은",
                "users": [
                    "UBDN8UG4C"
                ],
                "count": 1
            }
        ]
    },
    {
        "type": "message",
        "user": "UBE3NCBKP",
        "text": "ㄷㄷㄷ결국 보드 사망인가요?? ㅠㅠㅜㅜ",
        "client_msg_id": "a4da36b1-aa06-4223-be30-290b9d82d852",
        "thread_ts": "1534413643.000100",
        "parent_user_id": "UBDN8UG4C",
        "ts": "1534413792.000100"
    },
    {
        "type": "message",
        "user": "UBF0XFP7Z",
        "text": "사망선고 = 열공의 흔적!",
        "client_msg_id": "47bca438-08cd-459a-95be-be7d82d0334b",
        "thread_ts": "1534413643.000100",
        "parent_user_id": "UBDN8UG4C",
        "ts": "1534413888.000100",
        "reactions": [
            {
                "name": "bangbang",
                "users": [
                    "UBDN8UG4C"
                ],
                "count": 1
            },
            {
                "name": "x",
                "users": [
                    "UBDN8UG4C"
                ],
                "count": 1
            },
            {
                "name": "tired_face",
                "users": [
                    "UBDN8UG4C"
                ],
                "count": 1
            }
        ]
    },
    {
        "type": "message",
        "user": "UBE3NCBKP",
        "text": "세영님 생각하시는 가격대도 적어주시면 도움 드리기 편할 것 같아용!!",
        "client_msg_id": "3e32649c-03ff-43d6-8784-308be6bcfcef",
        "thread_ts": "1534413643.000100",
        "parent_user_id": "UBDN8UG4C",
        "ts": "1534414025.000100"
    },
    {
        "type": "message",
        "user": "UBDN8UG4C",
        "text": "오 저 200이하생각하고있는데 아직 정확히는 모르겠네욤ㅠㅠ 아직 부모님이랑 가격 딜을 못해서....",
        "client_msg_id": "D4A4C578-46BC-4A5F-893B-711AEBDFCE75",
        "thread_ts": "1534413643.000100",
        "parent_user_id": "UBDN8UG4C",
        "ts": "1534414187.000100"
    },
    {
        "type": "message",
        "user": "UBDUU48UA",
        "text": "맥!북!프!로!",
        "client_msg_id": "5efd9b78-8cf7-4f77-a4eb-ed4515f51c81",
        "thread_ts": "1534413643.000100",
        "parent_user_id": "UBDN8UG4C",
        "ts": "1534414625.000100"
    },
    {
        "type": "message",
        "user": "UBDRVLD1R",
        "text": "<https:\/\/goo.gl\/forms\/ymjPXqYfve3iFzIC2>",
        "client_msg_id": "1f5bee82-1fbb-43a8-9e9f-341df69b5768",
        "attachments": [
            {
                "service_name": "Google Docs",
                "title": "MUJI 신촌점  워크숍 참가 신청서",
                "title_link": "https:\/\/goo.gl\/forms\/ymjPXqYfve3iFzIC2",
                "text": "한글꼴연구회와 함께 폰트의 제작과정에 대해 배우고 직접 체험해보는 시간을 가집니다. 여러분은 글을 쓰다가 폰트가 갑자기 깨졌던 경험이 있으신가요? 이는 한글 글꼴 한개를 만들기 위해서는 최소 2350자가 필요하며, 모든 글자를 만들기 위해서는 11172자가 필요하기 때문입니다. 그러나 이 엄청난 양의 글자를 전부 만들기란 쉬운 것이 아니죠! 그렇기에 대규모의 기업이 아닌 이상, 폰트 디자이너들은 효율성을 위해 가장 자주 쓰이는 빈출자 210자를 먼저 만들고, 이후에 파생을 시켜 대다수의 글자를 완성시킵니다. 이처럼 폰트 제작에 필요한 최소한의 글자를 만드는 데에도 엄청난 노력이 요구된답니다. - 이번 워크샵에서는 전체적인 폰트의 제작과정에 대해 배우고, 가장 쉽게 만들 수 있는 폰트 구성인 세벌식 조합형 폰트를 함께 만들어보려 합니다. 1. 폰트 디자인은 무엇일까? 폰트를 만드는 과정에 대해 가볍게 처음부터 끝까지 짚어봅니다. 2. 글자를 찢고 뜯고 맛보고 즐기고 무인양품의 종이봉투를 이용해 다양한 형태의 한글 낱자를 만들어 봅니다. 3. 폰트랩은 무엇일까? 폰트 디자인의 최종 단계에 쓰이는 폰트 제작 프로그램의 사용법에 대해 배워봅니다. 4. 세상에 하나뿐인 나만의 명함 만들기 직접 만든 글꼴을 사용해서 나만의 명함을 제작해 봅니다. 주최 : 한글꼴연구회 날짜 : 2018년 8월 22일 수요일 시간 : 18:30~21:30 (180분) 장소 : 무인양품 신촌점 5층, 서울시 서대문구 창천동 18-21 피델리아 빌딩 5층 정원 : 30명 참가비 : 10,000원 * 당일 제작한 폰트는 추후에 파일로 전송해드립니다.",
                "fallback": "Google Docs: MUJI 신촌점  워크숍 참가 신청서",
                "image_url": "https:\/\/lh6.googleusercontent.com\/aNDvF50VC7Oiboq5p09NFuYXzoDuvUWSZPsuDclUQ3Q_SsV_ZgPgHz4Bs5jG9tZ7Irc",
                "image_width": 333,
                "image_height": 250,
                "from_url": "https:\/\/goo.gl\/forms\/ymjPXqYfve3iFzIC2",
                "image_bytes": 182561,
                "service_icon": "http:\/\/ssl.gstatic.com\/docs\/forms\/device_home\/ios_120.png",
                "id": 1,
                "original_url": "https:\/\/goo.gl\/forms\/ymjPXqYfve3iFzIC2"
            }
        ],
        "thread_ts": "1534418096.000100",
        "reply_count": 2,
        "replies": [
            {
                "user": "UBDRVLD1R",
                "ts": "1534418121.000100"
            },
            {
                "user": "UBDUUHX4J",
                "ts": "1534420474.000100"
            }
        ],
        "unread_count": 2,
        "ts": "1534418096.000100",
        "reactions": [
            {
                "name": "star-struck",
                "users": [
                    "UBELL5EF5",
                    "UBD8GMVNC",
                    "UBF1K97FH",
                    "UBDRXTD8B",
                    "UA4EGE85S",
                    "UBDRWADQB",
                    "UBDN9579S",
                    "UBDRWBNRZ",
                    "U9SN17L0M",
                    "UBDN90RJQ"
                ],
                "count": 10
            }
        ]
    },
    {
        "type": "message",
        "user": "UBDRVLD1R",
        "text": "무지 코리아에서 재밌는거 하네요..! 한글 타이포그래피에 관심있으신 분들 쉬는날이니 가보셔도 좋겠어요.",
        "client_msg_id": "ade20bdf-9f0c-4147-8e9a-0e9365950963",
        "thread_ts": "1534418096.000100",
        "parent_user_id": "UBDRVLD1R",
        "ts": "1534418121.000100"
    },
    {
        "type": "message",
        "user": "UBDRVLD1R",
        "text": "학생할인으로 맥북프로..!",
        "client_msg_id": "1b86d725-ae01-4b71-bafa-a726384f2b04",
        "thread_ts": "1534413643.000100",
        "parent_user_id": "UBDN8UG4C",
        "ts": "1534418262.000100"
    },
    {
        "type": "message",
        "user": "UBF1K97FH",
        "text": "세영님 내일 맥북프로 들고 등교한다에 한표! :man-gesturing-ok:",
        "client_msg_id": "b082eff2-532f-497f-b9e1-7a921fcac6a8",
        "thread_ts": "1534413643.000100",
        "parent_user_id": "UBDN8UG4C",
        "ts": "1534418947.000100"
    },
    {
        "type": "message",
        "user": "UBDRXTD8B",
        "text": "세영님 2017년 모델 맥북프로 200이하로 있어요! (터치바없고 듀얼코어)",
        "client_msg_id": "56bbd9d1-d8ae-4928-95ab-b3679fcb0bb7",
        "thread_ts": "1534413643.000100",
        "parent_user_id": "UBDN8UG4C",
        "ts": "1534419226.000100"
    },
    {
        "type": "message",
        "user": "UBDUUHX4J",
        "text": "무지 좋아..",
        "client_msg_id": "6002732a-e677-4ae6-bc2a-26715213f29a",
        "thread_ts": "1534418096.000100",
        "parent_user_id": "UBDRVLD1R",
        "ts": "1534420474.000100",
        "reactions": [
            {
                "name": "face_with_hand_over_mouth",
                "users": [
                    "UBDN8UG4C",
                    "UBDN90RJQ"
                ],
                "count": 2
            }
        ]
    },
    {
        "type": "message",
        "text": "늦게까지 회의하시는 쌤들&amp;영웅님",
        "files": [
            {
                "id": "FC9PVBPBL",
                "created": 1534429856,
                "timestamp": 1534429856,
                "name": "20180816_174553.jpg",
                "title": "20180816_174553.jpg",
                "mimetype": "image\/jpeg",
                "filetype": "jpg",
                "pretty_type": "JPEG",
                "user": "UBDRWADQB",
                "editable": false,
                "size": 1520106,
                "mode": "hosted",
                "is_external": false,
                "external_type": "",
                "is_public": true,
                "public_url_shared": false,
                "display_as_bot": false,
                "username": "",
                "url_private": "https:\/\/files.slack.com\/files-pri\/T9SHC5F9S-FC9PVBPBL\/20180816_174553.jpg?t=xoxe-332590185332-430098056850-431139793783-a3ecafe0d0f66efa522a67af632228d7",
                "url_private_download": "https:\/\/files.slack.com\/files-pri\/T9SHC5F9S-FC9PVBPBL\/download\/20180816_174553.jpg?t=xoxe-332590185332-430098056850-431139793783-a3ecafe0d0f66efa522a67af632228d7",
                "thumb_64": "https:\/\/files.slack.com\/files-tmb\/T9SHC5F9S-FC9PVBPBL-80eea8f12a\/20180816_174553_64.jpg?t=xoxe-332590185332-430098056850-431139793783-a3ecafe0d0f66efa522a67af632228d7",
                "thumb_80": "https:\/\/files.slack.com\/files-tmb\/T9SHC5F9S-FC9PVBPBL-80eea8f12a\/20180816_174553_80.jpg?t=xoxe-332590185332-430098056850-431139793783-a3ecafe0d0f66efa522a67af632228d7",
                "thumb_360": "https:\/\/files.slack.com\/files-tmb\/T9SHC5F9S-FC9PVBPBL-80eea8f12a\/20180816_174553_360.jpg?t=xoxe-332590185332-430098056850-431139793783-a3ecafe0d0f66efa522a67af632228d7",
                "thumb_360_w": 360,
                "thumb_360_h": 360,
                "thumb_480": "https:\/\/files.slack.com\/files-tmb\/T9SHC5F9S-FC9PVBPBL-80eea8f12a\/20180816_174553_480.jpg?t=xoxe-332590185332-430098056850-431139793783-a3ecafe0d0f66efa522a67af632228d7",
                "thumb_480_w": 480,
                "thumb_480_h": 480,
                "thumb_160": "https:\/\/files.slack.com\/files-tmb\/T9SHC5F9S-FC9PVBPBL-80eea8f12a\/20180816_174553_160.jpg?t=xoxe-332590185332-430098056850-431139793783-a3ecafe0d0f66efa522a67af632228d7",
                "thumb_720": "https:\/\/files.slack.com\/files-tmb\/T9SHC5F9S-FC9PVBPBL-80eea8f12a\/20180816_174553_720.jpg?t=xoxe-332590185332-430098056850-431139793783-a3ecafe0d0f66efa522a67af632228d7",
                "thumb_720_w": 720,
                "thumb_720_h": 720,
                "thumb_800": "https:\/\/files.slack.com\/files-tmb\/T9SHC5F9S-FC9PVBPBL-80eea8f12a\/20180816_174553_800.jpg?t=xoxe-332590185332-430098056850-431139793783-a3ecafe0d0f66efa522a67af632228d7",
                "thumb_800_w": 800,
                "thumb_800_h": 800,
                "thumb_960": "https:\/\/files.slack.com\/files-tmb\/T9SHC5F9S-FC9PVBPBL-80eea8f12a\/20180816_174553_960.jpg?t=xoxe-332590185332-430098056850-431139793783-a3ecafe0d0f66efa522a67af632228d7",
                "thumb_960_w": 960,
                "thumb_960_h": 960,
                "thumb_1024": "https:\/\/files.slack.com\/files-tmb\/T9SHC5F9S-FC9PVBPBL-80eea8f12a\/20180816_174553_1024.jpg?t=xoxe-332590185332-430098056850-431139793783-a3ecafe0d0f66efa522a67af632228d7",
                "thumb_1024_w": 1024,
                "thumb_1024_h": 1024,
                "image_exif_rotation": 1,
                "original_w": 2160,
                "original_h": 2160,
                "permalink": "https:\/\/daitgirls.slack.com\/files\/UBDRWADQB\/FC9PVBPBL\/20180816_174553.jpg",
                "permalink_public": "https:\/\/slack-files.com\/T9SHC5F9S-FC9PVBPBL-17322832e9"
            }
        ],
        "upload": true,
        "user": "UBDRWADQB",
        "display_as_bot": false,
        "client_msg_id": "e383777a-1e87-4670-a0b4-5fb53b7a7662",
        "ts": "1534429860.000100",
        "reactions": [
            {
                "name": "thumbsup_all",
                "users": [
                    "UA4EGE85S",
                    "UBDUUHX4J",
                    "UAMSPH7KM",
                    "UBDN9579S",
                    "UBELL5EF5",
                    "UBF0XFP7Z",
                    "UBF1K97FH",
                    "UBDRVLD1R",
                    "U9SN17L0M",
                    "UBDN8UG4C",
                    "UBDUUUCMQ",
                    "UBDN90RJQ"
                ],
                "count": 12
            }
        ]
    },
    {
        "type": "message",
        "text": "역동적인 채원님",
        "files": [
            {
                "id": "FC9U30NNR",
                "created": 1534429951,
                "timestamp": 1534429951,
                "name": "20180816_210526.jpg",
                "title": "20180816_210526.jpg",
                "mimetype": "image\/jpeg",
                "filetype": "jpg",
                "pretty_type": "JPEG",
                "user": "UBDRWADQB",
                "editable": false,
                "size": 1742031,
                "mode": "hosted",
                "is_external": false,
                "external_type": "",
                "is_public": true,
                "public_url_shared": false,
                "display_as_bot": false,
                "username": "",
                "url_private": "https:\/\/files.slack.com\/files-pri\/T9SHC5F9S-FC9U30NNR\/20180816_210526.jpg?t=xoxe-332590185332-430098056850-431139793783-a3ecafe0d0f66efa522a67af632228d7",
                "url_private_download": "https:\/\/files.slack.com\/files-pri\/T9SHC5F9S-FC9U30NNR\/download\/20180816_210526.jpg?t=xoxe-332590185332-430098056850-431139793783-a3ecafe0d0f66efa522a67af632228d7",
                "thumb_64": "https:\/\/files.slack.com\/files-tmb\/T9SHC5F9S-FC9U30NNR-e303e4af69\/20180816_210526_64.jpg?t=xoxe-332590185332-430098056850-431139793783-a3ecafe0d0f66efa522a67af632228d7",
                "thumb_80": "https:\/\/files.slack.com\/files-tmb\/T9SHC5F9S-FC9U30NNR-e303e4af69\/20180816_210526_80.jpg?t=xoxe-332590185332-430098056850-431139793783-a3ecafe0d0f66efa522a67af632228d7",
                "thumb_360": "https:\/\/files.slack.com\/files-tmb\/T9SHC5F9S-FC9U30NNR-e303e4af69\/20180816_210526_360.jpg?t=xoxe-332590185332-430098056850-431139793783-a3ecafe0d0f66efa522a67af632228d7",
                "thumb_360_w": 360,
                "thumb_360_h": 360,
                "thumb_480": "https:\/\/files.slack.com\/files-tmb\/T9SHC5F9S-FC9U30NNR-e303e4af69\/20180816_210526_480.jpg?t=xoxe-332590185332-430098056850-431139793783-a3ecafe0d0f66efa522a67af632228d7",
                "thumb_480_w": 480,
                "thumb_480_h": 480,
                "thumb_160": "https:\/\/files.slack.com\/files-tmb\/T9SHC5F9S-FC9U30NNR-e303e4af69\/20180816_210526_160.jpg?t=xoxe-332590185332-430098056850-431139793783-a3ecafe0d0f66efa522a67af632228d7",
                "thumb_720": "https:\/\/files.slack.com\/files-tmb\/T9SHC5F9S-FC9U30NNR-e303e4af69\/20180816_210526_720.jpg?t=xoxe-332590185332-430098056850-431139793783-a3ecafe0d0f66efa522a67af632228d7",
                "thumb_720_w": 720,
                "thumb_720_h": 720,
                "thumb_800": "https:\/\/files.slack.com\/files-tmb\/T9SHC5F9S-FC9U30NNR-e303e4af69\/20180816_210526_800.jpg?t=xoxe-332590185332-430098056850-431139793783-a3ecafe0d0f66efa522a67af632228d7",
                "thumb_800_w": 800,
                "thumb_800_h": 800,
                "thumb_960": "https:\/\/files.slack.com\/files-tmb\/T9SHC5F9S-FC9U30NNR-e303e4af69\/20180816_210526_960.jpg?t=xoxe-332590185332-430098056850-431139793783-a3ecafe0d0f66efa522a67af632228d7",
                "thumb_960_w": 960,
                "thumb_960_h": 960,
                "thumb_1024": "https:\/\/files.slack.com\/files-tmb\/T9SHC5F9S-FC9U30NNR-e303e4af69\/20180816_210526_1024.jpg?t=xoxe-332590185332-430098056850-431139793783-a3ecafe0d0f66efa522a67af632228d7",
                "thumb_1024_w": 1024,
                "thumb_1024_h": 1024,
                "image_exif_rotation": 1,
                "original_w": 2160,
                "original_h": 2160,
                "permalink": "https:\/\/daitgirls.slack.com\/files\/UBDRWADQB\/FC9U30NNR\/20180816_210526.jpg",
                "permalink_public": "https:\/\/slack-files.com\/T9SHC5F9S-FC9U30NNR-ddbe1a53d3"
            }
        ],
        "upload": true,
        "user": "UBDRWADQB",
        "display_as_bot": false,
        "client_msg_id": "fc6ad4c1-e643-40f8-9eab-9d9dce948d29",
        "ts": "1534429956.000100",
        "reactions": [
            {
                "name": "thumbsup_all",
                "users": [
                    "UA4EGE85S",
                    "UBDN9579S",
                    "UBELL5EF5",
                    "UBF0XFP7Z",
                    "UBF1K97FH",
                    "UBDRVLD1R",
                    "U9SN17L0M",
                    "UBDN8UG4C",
                    "UBD8HB9C0",
                    "UBDUUUCMQ"
                ],
                "count": 10
            },
            {
                "name": "exploding_head",
                "users": [
                    "UBDRVLD1R",
                    "UBD8HB9C0"
                ],
                "count": 2
            },
            {
                "name": "the_love",
                "users": [
                    "UBDN90RJQ"
                ],
                "count": 1
            }
        ]
    },
    {
        "type": "message",
        "text": "열공하는 희영님",
        "files": [
            {
                "id": "FC9GZFZA8",
                "created": 1534429970,
                "timestamp": 1534429970,
                "name": "20180816_202553.jpg",
                "title": "20180816_202553.jpg",
                "mimetype": "image\/jpeg",
                "filetype": "jpg",
                "pretty_type": "JPEG",
                "user": "UBDRWADQB",
                "editable": false,
                "size": 1654843,
                "mode": "hosted",
                "is_external": false,
                "external_type": "",
                "is_public": true,
                "public_url_shared": false,
                "display_as_bot": false,
                "username": "",
                "url_private": "https:\/\/files.slack.com\/files-pri\/T9SHC5F9S-FC9GZFZA8\/20180816_202553.jpg?t=xoxe-332590185332-430098056850-431139793783-a3ecafe0d0f66efa522a67af632228d7",
                "url_private_download": "https:\/\/files.slack.com\/files-pri\/T9SHC5F9S-FC9GZFZA8\/download\/20180816_202553.jpg?t=xoxe-332590185332-430098056850-431139793783-a3ecafe0d0f66efa522a67af632228d7",
                "thumb_64": "https:\/\/files.slack.com\/files-tmb\/T9SHC5F9S-FC9GZFZA8-4df6e50d64\/20180816_202553_64.jpg?t=xoxe-332590185332-430098056850-431139793783-a3ecafe0d0f66efa522a67af632228d7",
                "thumb_80": "https:\/\/files.slack.com\/files-tmb\/T9SHC5F9S-FC9GZFZA8-4df6e50d64\/20180816_202553_80.jpg?t=xoxe-332590185332-430098056850-431139793783-a3ecafe0d0f66efa522a67af632228d7",
                "thumb_360": "https:\/\/files.slack.com\/files-tmb\/T9SHC5F9S-FC9GZFZA8-4df6e50d64\/20180816_202553_360.jpg?t=xoxe-332590185332-430098056850-431139793783-a3ecafe0d0f66efa522a67af632228d7",
                "thumb_360_w": 360,
                "thumb_360_h": 360,
                "thumb_480": "https:\/\/files.slack.com\/files-tmb\/T9SHC5F9S-FC9GZFZA8-4df6e50d64\/20180816_202553_480.jpg?t=xoxe-332590185332-430098056850-431139793783-a3ecafe0d0f66efa522a67af632228d7",
                "thumb_480_w": 480,
                "thumb_480_h": 480,
                "thumb_160": "https:\/\/files.slack.com\/files-tmb\/T9SHC5F9S-FC9GZFZA8-4df6e50d64\/20180816_202553_160.jpg?t=xoxe-332590185332-430098056850-431139793783-a3ecafe0d0f66efa522a67af632228d7",
                "thumb_720": "https:\/\/files.slack.com\/files-tmb\/T9SHC5F9S-FC9GZFZA8-4df6e50d64\/20180816_202553_720.jpg?t=xoxe-332590185332-430098056850-431139793783-a3ecafe0d0f66efa522a67af632228d7",
                "thumb_720_w": 720,
                "thumb_720_h": 720,
                "thumb_800": "https:\/\/files.slack.com\/files-tmb\/T9SHC5F9S-FC9GZFZA8-4df6e50d64\/20180816_202553_800.jpg?t=xoxe-332590185332-430098056850-431139793783-a3ecafe0d0f66efa522a67af632228d7",
                "thumb_800_w": 800,
                "thumb_800_h": 800,
                "thumb_960": "https:\/\/files.slack.com\/files-tmb\/T9SHC5F9S-FC9GZFZA8-4df6e50d64\/20180816_202553_960.jpg?t=xoxe-332590185332-430098056850-431139793783-a3ecafe0d0f66efa522a67af632228d7",
                "thumb_960_w": 960,
                "thumb_960_h": 960,
                "thumb_1024": "https:\/\/files.slack.com\/files-tmb\/T9SHC5F9S-FC9GZFZA8-4df6e50d64\/20180816_202553_1024.jpg?t=xoxe-332590185332-430098056850-431139793783-a3ecafe0d0f66efa522a67af632228d7",
                "thumb_1024_w": 1024,
                "thumb_1024_h": 1024,
                "image_exif_rotation": 1,
                "original_w": 2160,
                "original_h": 2160,
                "permalink": "https:\/\/daitgirls.slack.com\/files\/UBDRWADQB\/FC9GZFZA8\/20180816_202553.jpg",
                "permalink_public": "https:\/\/slack-files.com\/T9SHC5F9S-FC9GZFZA8-2b5f43b913"
            }
        ],
        "upload": true,
        "user": "UBDRWADQB",
        "display_as_bot": false,
        "client_msg_id": "76de16f0-5690-4507-88a8-4f75f271cffe",
        "ts": "1534429976.000100",
        "reactions": [
            {
                "name": "thumbsup_all",
                "users": [
                    "UA4EGE85S",
                    "UBF0XKTP1",
                    "UBDN9579S",
                    "UBELL5EF5",
                    "UBF0XFP7Z",
                    "UBF1K97FH",
                    "UBDRVLD1R",
                    "U9SN17L0M",
                    "UBDN8UG4C",
                    "UBD8HB9C0",
                    "UBDUUUCMQ",
                    "UBDN90RJQ"
                ],
                "count": 12
            }
        ]
    },
    {
        "type": "message",
        "user": "UBDN8UG4C",
        "text": "오ㅏ.....여러분 감사합니다:see_no_evil::see_no_evil: 일단 추천템은 맥북프로네여 사고싶따.........",
        "client_msg_id": "057DE25E-5351-4917-AC17-074E66984596",
        "thread_ts": "1534413643.000100",
        "parent_user_id": "UBDN8UG4C",
        "ts": "1534463426.000200"
    },
    {
        "type": "message",
        "user": "UBDCWMFND",
        "text": "<https:\/\/github.com\/dataitgirls2\/tutorial\/blob\/master\/Tutorial_180629_Github_practice_Statistics1.md>",
        "client_msg_id": "08a32b8a-ecc5-4333-b7b6-68e6be5f439f",
        "attachments": [
            {
                "fallback": "[dataitgirls2\/tutorial] Tutorial_180629_Github_practice_Statistics1.md",
                "text": "```\nCreated by Jieun Kim, Dahye Lee, Sohyun Park, Dayoung Hong\n\n# Tutorial2 0629 Fri\n## 확률 통계 기초 by 지현쌤\n\n## Github 실습 by 배로쌤 \n### \"1987년 헌법개정안\" 리모트 저장소에 push하기\n**git init\ngit add \"대한민국 헌법.txt\"\ngit commit -m \"1987년 헌법\"\ngit remote add origin <https:\/\/github.com\/oranjieunk\/constitution-kr.git>\ngit push -f origin master**\n\n### \"2018 헌법개정안\"을 Branch로 push하기\n**git checkout -b \"2018\"\ngit add \"대한민국 헌법.txt\"\ngit commit -m \"2018년 개정안\"\ngit push -u origin 2018**\n=&gt; github 페이지에서 Pull request 생성하고, Merge하기\n\n## 수업 외 \n\n```",
                "title": "Tutorial_180629_Github_practice_Statistics1.md",
                "footer": "<https:\/\/github.com\/dataitgirls2\/tutorial|dataitgirls2\/tutorial>",
                "id": 1,
                "title_link": "https:\/\/github.com\/dataitgirls2\/tutorial\/blob\/master\/Tutorial_180629_Github_practice_Statistics1.md",
                "footer_icon": "https:\/\/assets-cdn.github.com\/favicon.ico",
                "color": "24292f",
                "mrkdwn_in": [
                    "text"
                ],
                "bot_id": "BBNDHKJQ3",
                "app_unfurl_url": "https:\/\/github.com\/dataitgirls2\/tutorial\/blob\/master\/Tutorial_180629_Github_practice_Statistics1.md",
                "is_app_unfurl": true
            }
        ],
        "ts": "1534469748.000100"
    },
    {
        "type": "message",
        "text": "여러분 공부합시다",
        "files": [
            {
                "id": "FC9V39KNY",
                "created": 1534470745,
                "timestamp": 1534470745,
                "name": "image.png",
                "title": "Pasted image at 2018-08-17, 10:52 AM",
                "mimetype": "image\/png",
                "filetype": "png",
                "pretty_type": "PNG",
                "user": "UBE3NCBKP",
                "editable": false,
                "size": 247643,
                "mode": "hosted",
                "is_external": false,
                "external_type": "",
                "is_public": true,
                "public_url_shared": false,
                "display_as_bot": false,
                "username": "",
                "url_private": "https:\/\/files.slack.com\/files-pri\/T9SHC5F9S-FC9V39KNY\/image.png?t=xoxe-332590185332-430098056850-431139793783-a3ecafe0d0f66efa522a67af632228d7",
                "url_private_download": "https:\/\/files.slack.com\/files-pri\/T9SHC5F9S-FC9V39KNY\/download\/image.png?t=xoxe-332590185332-430098056850-431139793783-a3ecafe0d0f66efa522a67af632228d7",
                "thumb_64": "https:\/\/files.slack.com\/files-tmb\/T9SHC5F9S-FC9V39KNY-ecf28c09ba\/image_64.png?t=xoxe-332590185332-430098056850-431139793783-a3ecafe0d0f66efa522a67af632228d7",
                "thumb_80": "https:\/\/files.slack.com\/files-tmb\/T9SHC5F9S-FC9V39KNY-ecf28c09ba\/image_80.png?t=xoxe-332590185332-430098056850-431139793783-a3ecafe0d0f66efa522a67af632228d7",
                "thumb_360": "https:\/\/files.slack.com\/files-tmb\/T9SHC5F9S-FC9V39KNY-ecf28c09ba\/image_360.png?t=xoxe-332590185332-430098056850-431139793783-a3ecafe0d0f66efa522a67af632228d7",
                "thumb_360_w": 360,
                "thumb_360_h": 140,
                "thumb_480": "https:\/\/files.slack.com\/files-tmb\/T9SHC5F9S-FC9V39KNY-ecf28c09ba\/image_480.png?t=xoxe-332590185332-430098056850-431139793783-a3ecafe0d0f66efa522a67af632228d7",
                "thumb_480_w": 480,
                "thumb_480_h": 186,
                "thumb_160": "https:\/\/files.slack.com\/files-tmb\/T9SHC5F9S-FC9V39KNY-ecf28c09ba\/image_160.png?t=xoxe-332590185332-430098056850-431139793783-a3ecafe0d0f66efa522a67af632228d7",
                "image_exif_rotation": 1,
                "original_w": 619,
                "original_h": 240,
                "permalink": "https:\/\/daitgirls.slack.com\/files\/UBE3NCBKP\/FC9V39KNY\/image.png",
                "permalink_public": "https:\/\/slack-files.com\/T9SHC5F9S-FC9V39KNY-5e3f7b58b8"
            }
        ],
        "upload": true,
        "user": "UBE3NCBKP",
        "display_as_bot": false,
        "thread_ts": "1534470747.000100",
        "reply_count": 7,
        "replies": [
            {
                "user": "UBD8GMVNC",
                "ts": "1534471105.000100"
            },
            {
                "user": "UBDN8T42G",
                "ts": "1534471307.000100"
            },
            {
                "user": "UBE3NCBKP",
                "ts": "1534471342.000100"
            },
            {
                "user": "UBDUUHX4J",
                "ts": "1534471848.000100"
            },
            {
                "user": "UBDUUHX4J",
                "ts": "1534471858.000100"
            },
            {
                "user": "UBDRVLD1R",
                "ts": "1534472357.000100"
            },
            {
                "user": "UBDCWMFND",
                "ts": "1534482991.000100"
            }
        ],
        "unread_count": 7,
        "ts": "1534470747.000100",
        "reactions": [
            {
                "name": "ddongule2",
                "users": [
                    "UBD8GMVNC",
                    "UBDN9579S",
                    "UA4EGE85S",
                    "UBE3NMLCD",
                    "UBELL5EF5",
                    "UBDRXTD8B",
                    "UBF1K97FH"
                ],
                "count": 7
            }
        ]
    },
    {
        "type": "message",
        "user": "UBD8GMVNC",
        "text": "이 신박한 짤은 무엇인가요ㅋㅋㅋㅋㅋㅋㅋ",
        "client_msg_id": "5f0a5608-35fb-4462-b196-fd0f139ef2fa",
        "thread_ts": "1534470747.000100",
        "parent_user_id": "UBE3NCBKP",
        "ts": "1534471105.000100"
    },
    {
        "type": "message",
        "user": "UBDN8T42G",
        "text": ":joy:",
        "client_msg_id": "b7404988-c6ba-4722-b7a3-3e75edd070e4",
        "thread_ts": "1534470747.000100",
        "parent_user_id": "UBE3NCBKP",
        "ts": "1534471307.000100"
    },
    {
        "type": "message",
        "user": "UBE3NCBKP",
        "text": "마지막 책이 뽀인뜨....!",
        "client_msg_id": "8eef990a-12e9-4489-a73b-6742545898ae",
        "thread_ts": "1534470747.000100",
        "parent_user_id": "UBE3NCBKP",
        "ts": "1534471342.000100"
    },
    {
        "type": "message",
        "user": "UBDUUHX4J",
        "text": "아닠ㅋㅋㅋㅋㅋㅋㅋ",
        "client_msg_id": "E5A3DB2E-1B19-42AC-8062-E7AF921014EF",
        "thread_ts": "1534470747.000100",
        "parent_user_id": "UBE3NCBKP",
        "ts": "1534471848.000100"
    },
    {
        "type": "message",
        "user": "UBDUUHX4J",
        "text": "개웃기넼ㅋㅋㅋㅋㅋ아옼ㅋㅋㅌㅋ짱아 ㅠㅠ",
        "client_msg_id": "8B8783A5-7705-4577-9582-5C72C8CC71D1",
        "thread_ts": "1534470747.000100",
        "parent_user_id": "UBE3NCBKP",
        "ts": "1534471858.000100"
    },
    {
        "type": "message",
        "user": "UBDRVLD1R",
        "text": "ㅋㅋㅋㅋㅋㅋㅋㅋ",
        "client_msg_id": "551645a7-61c1-4b0e-8987-f974c5faef52",
        "thread_ts": "1534470747.000100",
        "parent_user_id": "UBE3NCBKP",
        "ts": "1534472357.000100"
    },
    {
        "type": "message",
        "text": "머싯는 배로쌤!!",
        "files": [
            {
                "id": "FCAC9V26R",
                "created": 1534482233,
                "timestamp": 1534482233,
                "name": "Screenshot_20180817-140335_Facebook.jpg",
                "title": "Screenshot_20180817-140335_Facebook.jpg",
                "mimetype": "image\/jpeg",
                "filetype": "jpg",
                "pretty_type": "JPEG",
                "user": "UBDRWADQB",
                "editable": false,
                "size": 770501,
                "mode": "hosted",
                "is_external": false,
                "external_type": "",
                "is_public": true,
                "public_url_shared": false,
                "display_as_bot": false,
                "username": "",
                "url_private": "https:\/\/files.slack.com\/files-pri\/T9SHC5F9S-FCAC9V26R\/screenshot_20180817-140335_facebook.jpg?t=xoxe-332590185332-430098056850-431139793783-a3ecafe0d0f66efa522a67af632228d7",
                "url_private_download": "https:\/\/files.slack.com\/files-pri\/T9SHC5F9S-FCAC9V26R\/download\/screenshot_20180817-140335_facebook.jpg?t=xoxe-332590185332-430098056850-431139793783-a3ecafe0d0f66efa522a67af632228d7",
                "thumb_64": "https:\/\/files.slack.com\/files-tmb\/T9SHC5F9S-FCAC9V26R-80cf0fd427\/screenshot_20180817-140335_facebook_64.jpg?t=xoxe-332590185332-430098056850-431139793783-a3ecafe0d0f66efa522a67af632228d7",
                "thumb_80": "https:\/\/files.slack.com\/files-tmb\/T9SHC5F9S-FCAC9V26R-80cf0fd427\/screenshot_20180817-140335_facebook_80.jpg?t=xoxe-332590185332-430098056850-431139793783-a3ecafe0d0f66efa522a67af632228d7",
                "thumb_360": "https:\/\/files.slack.com\/files-tmb\/T9SHC5F9S-FCAC9V26R-80cf0fd427\/screenshot_20180817-140335_facebook_360.jpg?t=xoxe-332590185332-430098056850-431139793783-a3ecafe0d0f66efa522a67af632228d7",
                "thumb_360_w": 175,
                "thumb_360_h": 360,
                "thumb_480": "https:\/\/files.slack.com\/files-tmb\/T9SHC5F9S-FCAC9V26R-80cf0fd427\/screenshot_20180817-140335_facebook_480.jpg?t=xoxe-332590185332-430098056850-431139793783-a3ecafe0d0f66efa522a67af632228d7",
                "thumb_480_w": 234,
                "thumb_480_h": 480,
                "thumb_160": "https:\/\/files.slack.com\/files-tmb\/T9SHC5F9S-FCAC9V26R-80cf0fd427\/screenshot_20180817-140335_facebook_160.jpg?t=xoxe-332590185332-430098056850-431139793783-a3ecafe0d0f66efa522a67af632228d7",
                "thumb_720": "https:\/\/files.slack.com\/files-tmb\/T9SHC5F9S-FCAC9V26R-80cf0fd427\/screenshot_20180817-140335_facebook_720.jpg?t=xoxe-332590185332-430098056850-431139793783-a3ecafe0d0f66efa522a67af632228d7",
                "thumb_720_w": 350,
                "thumb_720_h": 720,
                "thumb_800": "https:\/\/files.slack.com\/files-tmb\/T9SHC5F9S-FCAC9V26R-80cf0fd427\/screenshot_20180817-140335_facebook_800.jpg?t=xoxe-332590185332-430098056850-431139793783-a3ecafe0d0f66efa522a67af632228d7",
                "thumb_800_w": 800,
                "thumb_800_h": 1644,
                "thumb_960": "https:\/\/files.slack.com\/files-tmb\/T9SHC5F9S-FCAC9V26R-80cf0fd427\/screenshot_20180817-140335_facebook_960.jpg?t=xoxe-332590185332-430098056850-431139793783-a3ecafe0d0f66efa522a67af632228d7",
                "thumb_960_w": 467,
                "thumb_960_h": 960,
                "thumb_1024": "https:\/\/files.slack.com\/files-tmb\/T9SHC5F9S-FCAC9V26R-80cf0fd427\/screenshot_20180817-140335_facebook_1024.jpg?t=xoxe-332590185332-430098056850-431139793783-a3ecafe0d0f66efa522a67af632228d7",
                "thumb_1024_w": 498,
                "thumb_1024_h": 1024,
                "image_exif_rotation": 1,
                "original_w": 1080,
                "original_h": 2220,
                "permalink": "https:\/\/daitgirls.slack.com\/files\/UBDRWADQB\/FCAC9V26R\/screenshot_20180817-140335_facebook.jpg",
                "permalink_public": "https:\/\/slack-files.com\/T9SHC5F9S-FCAC9V26R-c39337268e"
            }
        ],
        "upload": true,
        "user": "UBDRWADQB",
        "display_as_bot": false,
        "client_msg_id": "986cde4b-c101-49e5-b960-a2e9aae16917",
        "ts": "1534482236.000100",
        "reactions": [
            {
                "name": "+1",
                "users": [
                    "UAMSPH7KM",
                    "UBELL5EF5",
                    "UA4EGE85S",
                    "UBDRXTD8B",
                    "UBDUUUCMQ",
                    "UBDN8T42G",
                    "UBD8GMVNC",
                    "UBDN9579S",
                    "UBDRWBNRZ",
                    "UBF1K97FH"
                ],
                "count": 10
            },
            {
                "name": "hahahaha",
                "users": [
                    "UBDN8T42G",
                    "UBD8GMVNC",
                    "UBDN9579S",
                    "UBDN8UG4C",
                    "UBD8GHGBA",
                    "UBDRWBNRZ",
                    "U9SN17L0M",
                    "UBDCWPPNV"
                ],
                "count": 8
            }
        ]
    },
    {
        "type": "message",
        "user": "UBDCWMFND",
        "text": "ㅋㅋㅋㅋㅋㅋㅋㅋㅋㅋㅋ",
        "client_msg_id": "071d4cfe-719a-4a12-9070-de51d2495401",
        "thread_ts": "1534470747.000100",
        "parent_user_id": "UBE3NCBKP",
        "ts": "1534482991.000100"
    },
    {
        "type": "message",
        "user": "UBF0XFP7Z",
        "text": "오늘 예인님 생일인가요?!",
        "client_msg_id": "d7b30afb-1774-4522-8f73-542c405047e4",
        "thread_ts": "1534483831.000100",
        "reply_count": 2,
        "replies": [
            {
                "user": "UBE3NCBKP",
                "ts": "1534486441.000100"
            },
            {
                "user": "UBF0XFP7Z",
                "ts": "1534486751.000100"
            }
        ],
        "unread_count": 2,
        "ts": "1534483831.000100",
        "reactions": [
            {
                "name": "+1",
                "users": [
                    "UBDUUV802",
                    "UBD8HB9C0",
                    "UBE3NCBKP",
                    "U9SN17L0M"
                ],
                "count": 4
            },
            {
                "name": "woman-gesturing-ok",
                "users": [
                    "UBES4Q6LE",
                    "UBD8HB9C0",
                    "U9SN17L0M"
                ],
                "count": 3
            },
            {
                "name": "birthday",
                "users": [
                    "UBF0XKTP1",
                    "U9SN17L0M",
                    "UBDCWPPNV"
                ],
                "count": 3
            }
        ]
    },
    {
        "type": "message",
        "user": "UBF0XHZD5",
        "text": "혹시 안드로이드 충전기있으신분 계신가요???... 예스 투데이이즈 예인데이",
        "client_msg_id": "3dd1adf4-68a0-4375-9cd6-0fbf1a81d82b",
        "thread_ts": "1534483856.000100",
        "reply_count": 2,
        "replies": [
            {
                "user": "U9TKQU99V",
                "ts": "1534483961.000100"
            },
            {
                "user": "UBF0XHZD5",
                "ts": "1534484107.000100"
            }
        ],
        "unread_count": 2,
        "ts": "1534483856.000100",
        "reactions": [
            {
                "name": "heart_eyes",
                "users": [
                    "UBDUUV802"
                ],
                "count": 1
            }
        ]
    },
    {
        "type": "message",
        "user": "UBF0XFP7Z",
        "text": "오모나",
        "client_msg_id": "702dba3d-d7bd-4179-b2ad-64af3582a246",
        "ts": "1534483865.000100",
        "reactions": [
            {
                "name": "dait_happy",
                "users": [
                    "UBE3NCBKP"
                ],
                "count": 1
            }
        ]
    },
    {
        "type": "message",
        "user": "U9TKQU99V",
        "text": "뒤에 있습니당",
        "client_msg_id": "c3ca1f33-334b-4195-81aa-e157a897f616",
        "thread_ts": "1534483856.000100",
        "parent_user_id": "UBF0XHZD5",
        "ts": "1534483961.000100"
    },
    {
        "type": "message",
        "user": "UBF0XHZD5",
        "text": "...! 감사합니다:i_love_you_hand_sign::skin-tone-3::hero:",
        "client_msg_id": "8b2f3e8b-8a23-405e-98b4-cee39467f340",
        "thread_ts": "1534483856.000100",
        "parent_user_id": "UBF0XHZD5",
        "ts": "1534484107.000100"
    },
    {
        "type": "message",
        "user": "UBE3NCBKP",
        "text": "빨리 손편지를 씁시다!",
        "client_msg_id": "e5cf02ea-982b-42e2-8dff-23db66e59acf",
        "thread_ts": "1534483831.000100",
        "parent_user_id": "UBF0XFP7Z",
        "ts": "1534486441.000100"
    },
    {
        "type": "message",
        "user": "UBF0XFP7Z",
        "text": "꾸엥!",
        "client_msg_id": "aadf974a-8ef2-4799-b7d5-e958f21782e8",
        "thread_ts": "1534483831.000100",
        "parent_user_id": "UBF0XFP7Z",
        "ts": "1534486751.000100",
        "reactions": [
            {
                "name": "dait_happy",
                "users": [
                    "UBE3NCBKP"
                ],
                "count": 1
            }
        ]
    }
]