[
    {
        "type": "message",
        "user": "UBDCWMFND",
        "text": "옷 저도 어제 신청하려다 선착순 30명이라, 체념했는데 혹시 구매하셨나요?",
        "client_msg_id": "5493a121-3fd3-4739-9db1-9a264fb3362e",
        "thread_ts": "1532491589.000124",
        "parent_user_id": "UBDRVLD1R",
        "ts": "1532507279.000105"
    },
    {
        "type": "message",
        "user": "UBDRVLD1R",
        "text": "아직 안했어요 아름님! :smile:",
        "client_msg_id": "4e33a844-58a7-4e32-aeec-a1f6b24c484a",
        "thread_ts": "1532491589.000124",
        "parent_user_id": "UBDRVLD1R",
        "ts": "1532527451.000324"
    }
]