[
    {
        "type": "message",
        "user": "UBDRWADQB",
        "text": "<https:\/\/www.landbook.net\/>",
        "client_msg_id": "5d69cce2-dd6c-4b6e-b24b-0ef1fb3e0def",
        "attachments": [
            {
                "service_name": "랜드북",
                "title": "랜드북 - 부동산 개발 솔루션",
                "title_link": "https:\/\/www.landbook.net\/",
                "text": "빅데이터\/인공지능 기술 기반 주변 지역 분석과 개발 시 수익률 예측",
                "fallback": "랜드북: 랜드북 - 부동산 개발 솔루션",
                "from_url": "https:\/\/www.landbook.net\/",
                "thumb_url": "https:\/\/www.landbook.net\/static\/logo_s.png",
                "thumb_width": 60,
                "thumb_height": 62,
                "service_icon": "https:\/\/www.landbook.net\/static\/favicon.ico",
                "id": 1,
                "original_url": "https:\/\/www.landbook.net\/"
            }
        ],
        "ts": "1536164925.000100",
        "reactions": [
            {
                "name": "face_with_hand_over_mouth",
                "users": [
                    "UBELL5EF5",
                    "U9SN17L0M",
                    "U9UFEBXGF",
                    "UBDCWPPNV"
                ],
                "count": 4
            },
            {
                "name": "house_buildings",
                "users": [
                    "UBDUU48UA",
                    "U9SN17L0M",
                    "U9UFEBXGF"
                ],
                "count": 3
            }
        ]
    },
    {
        "type": "message",
        "user": "UBDRWADQB",
        "text": "서울시 상권분석보다 훨씬 예쁘고... 실제 건물의 정보와 예상 수익률을 보여주는데 너무너무 완성도있어서 공유해요!",
        "client_msg_id": "e5f665cd-b3d7-4e19-8f62-cf61f11cad36",
        "thread_ts": "1536164994.000100",
        "reply_count": 3,
        "replies": [
            {
                "user": "UBELL5EF5",
                "ts": "1536165249.000100"
            },
            {
                "user": "UBDRWADQB",
                "ts": "1536165437.000100"
            },
            {
                "user": "UBDN8T42G",
                "ts": "1536193181.000100"
            }
        ],
        "unread_count": 3,
        "ts": "1536164994.000100",
        "reactions": [
            {
                "name": "+1",
                "users": [
                    "UBELL5EF5",
                    "UBDCWMFND",
                    "UBDUU48UA",
                    "U9SN17L0M",
                    "U9UFEBXGF",
                    "UBDRWBNRZ",
                    "UBE3NMLCD",
                    "UBDN8T42G",
                    "UBDUUUCMQ",
                    "UBDCWPPNV"
                ],
                "count": 10
            }
        ]
    },
    {
        "type": "message",
        "user": "UBELL5EF5",
        "text": "“인공지능 건축설계” 버튼을 눌렀더니 뭔가 계산하더니 건물도 지어줘요 ㅋㅋㅋㅋ 신기방기",
        "client_msg_id": "03914852-af2d-40cf-a013-ff3d7a18e698",
        "thread_ts": "1536164994.000100",
        "parent_user_id": "UBDRWADQB",
        "ts": "1536165249.000100"
    },
    {
        "type": "message",
        "user": "UBDRWADQB",
        "text": "저도 저희동네 건물들 찍어서 다 지어보고 있어요 ㅋㅋㅋ 다 비슷비슷하지만... 그래도 잠시나마 건물주가 된 것 같아요!!",
        "client_msg_id": "4808a82c-793a-4f5f-95ed-670694e32111",
        "thread_ts": "1536164994.000100",
        "parent_user_id": "UBDRWADQB",
        "ts": "1536165437.000100",
        "reactions": [
            {
                "name": "laughing",
                "users": [
                    "UBELL5EF5",
                    "U9TKQU99V",
                    "U9SN17L0M"
                ],
                "count": 3
            }
        ]
    },
    {
        "type": "message",
        "user": "UBDN8T42G",
        "text": "우와....!!",
        "client_msg_id": "3CA24551-ECDE-4170-B2BE-A4297EDF992E",
        "thread_ts": "1536164994.000100",
        "parent_user_id": "UBDRWADQB",
        "ts": "1536193181.000100"
    },
    {
        "type": "message",
        "user": "UBE3NCBKP",
        "text": "에어컨 좀만 낮춰주실 수 있나요!! ㅠㅠㅠ",
        "client_msg_id": "83533665-27ac-4fe3-87d4-98592611e039",
        "ts": "1536198234.000100"
    },
    {
        "type": "message",
        "user": "UBE3NCBKP",
        "text": ":snowflake:",
        "client_msg_id": "13fac5d8-e415-4db9-864d-d5562feef59c",
        "thread_ts": "1536198249.000100",
        "reply_count": 2,
        "replies": [
            {
                "user": "UBD8GMVNC",
                "ts": "1536198300.000100"
            },
            {
                "user": "UBDN8UG4C",
                "ts": "1536203763.000100"
            }
        ],
        "unread_count": 2,
        "ts": "1536198249.000100"
    },
    {
        "type": "message",
        "user": "UBD8GMVNC",
        "text": "소현님 접수돼쓰요... ㅎ_ㅎ",
        "client_msg_id": "c0927c23-9027-4e81-860e-25030f8fae88",
        "thread_ts": "1536198249.000100",
        "parent_user_id": "UBE3NCBKP",
        "ts": "1536198300.000100"
    },
    {
        "type": "message",
        "user": "UBDN8UG4C",
        "text": "let it go~",
        "client_msg_id": "b72a6020-e0bb-455c-a333-4aa19d8f2b5a",
        "thread_ts": "1536198249.000100",
        "parent_user_id": "UBE3NCBKP",
        "ts": "1536203763.000100"
    }
]