[
    {
        "type": "message",
        "text": "",
        "files": [
            {
                "id": "FBVDHFQPN",
                "created": 1532398663,
                "timestamp": 1532398663,
                "name": "자소서.PNG",
                "title": "자소서.PNG",
                "mimetype": "image\/png",
                "filetype": "png",
                "pretty_type": "PNG",
                "user": "UBE3NCBKP",
                "editable": false,
                "size": 2265,
                "mode": "hosted",
                "is_external": false,
                "external_type": "",
                "is_public": true,
                "public_url_shared": false,
                "display_as_bot": false,
                "username": "",
                "url_private": "https:\/\/files.slack.com\/files-pri\/T9SHC5F9S-FBVDHFQPN\/_________.png?t=xoxe-332590185332-430098056850-431139793783-a3ecafe0d0f66efa522a67af632228d7",
                "url_private_download": "https:\/\/files.slack.com\/files-pri\/T9SHC5F9S-FBVDHFQPN\/download\/_________.png?t=xoxe-332590185332-430098056850-431139793783-a3ecafe0d0f66efa522a67af632228d7",
                "thumb_64": "https:\/\/files.slack.com\/files-tmb\/T9SHC5F9S-FBVDHFQPN-6a72811606\/__________64.png?t=xoxe-332590185332-430098056850-431139793783-a3ecafe0d0f66efa522a67af632228d7",
                "thumb_80": "https:\/\/files.slack.com\/files-tmb\/T9SHC5F9S-FBVDHFQPN-6a72811606\/__________80.png?t=xoxe-332590185332-430098056850-431139793783-a3ecafe0d0f66efa522a67af632228d7",
                "thumb_360": "https:\/\/files.slack.com\/files-tmb\/T9SHC5F9S-FBVDHFQPN-6a72811606\/__________360.png?t=xoxe-332590185332-430098056850-431139793783-a3ecafe0d0f66efa522a67af632228d7",
                "thumb_360_w": 360,
                "thumb_360_h": 18,
                "thumb_160": "https:\/\/files.slack.com\/files-tmb\/T9SHC5F9S-FBVDHFQPN-6a72811606\/__________160.png?t=xoxe-332590185332-430098056850-431139793783-a3ecafe0d0f66efa522a67af632228d7",
                "image_exif_rotation": 1,
                "original_w": 450,
                "original_h": 22,
                "permalink": "https:\/\/daitgirls.slack.com\/files\/UBE3NCBKP\/FBVDHFQPN\/_________.png",
                "permalink_public": "https:\/\/slack-files.com\/T9SHC5F9S-FBVDHFQPN-864f418004",
                "reactions": [
                    {
                        "name": "ddongule2",
                        "users": [
                            "UBDRVLD1R",
                            "UBDRWADQB",
                            "UBDN90RJQ",
                            "UBF0XFP7Z",
                            "UBF1K97FH"
                        ],
                        "count": 5
                    }
                ]
            }
        ],
        "upload": true,
        "user": "UBE3NCBKP",
        "display_as_bot": false,
        "reactions": [
            {
                "name": "ddongule2",
                "users": [
                    "UBDRVLD1R",
                    "UBDRWADQB",
                    "UBDN90RJQ",
                    "UBF0XFP7Z",
                    "UBF1K97FH"
                ],
                "count": 5
            }
        ],
        "ts": "1532398664.000163"
    },
    {
        "type": "message",
        "user": "UBE3NCBKP",
        "text": "트위터에서 줍줍한 꿀팁 공유해봐요.....ㅎㅎㅎ",
        "client_msg_id": "afda7451-e033-4829-96b1-f2191e9491e2",
        "ts": "1532398674.000137",
        "reactions": [
            {
                "name": "grinning",
                "users": [
                    "UBELL5EF5",
                    "UBDUVKQAE",
                    "UBDN9579S"
                ],
                "count": 3
            },
            {
                "name": "joy",
                "users": [
                    "UBDUUV802",
                    "U9UFEBXGF",
                    "UBDCWMFND",
                    "UBDN9579S"
                ],
                "count": 4
            }
        ]
    },
    {
        "type": "message",
        "subtype": "file_comment",
        "text": "<@UBDN8T42G> commented on <@UBE3NCBKP>’s file <https:\/\/daitgirls.slack.com\/files\/UBE3NCBKP\/FBVDHFQPN\/_________.png|자소서.PNG>: 앜ㅋㅋㅋㅋㅋ",
        "file": {
            "id": "FBVDHFQPN",
            "created": 1532398663,
            "timestamp": 1532398663,
            "name": "자소서.PNG",
            "title": "자소서.PNG",
            "mimetype": "image\/png",
            "filetype": "png",
            "pretty_type": "PNG",
            "user": "UBE3NCBKP",
            "editable": false,
            "size": 2265,
            "mode": "hosted",
            "is_external": false,
            "external_type": "",
            "is_public": true,
            "public_url_shared": false,
            "display_as_bot": false,
            "username": "",
            "url_private": "https:\/\/files.slack.com\/files-pri\/T9SHC5F9S-FBVDHFQPN\/_________.png?t=xoxe-332590185332-430098056850-431139793783-a3ecafe0d0f66efa522a67af632228d7",
            "url_private_download": "https:\/\/files.slack.com\/files-pri\/T9SHC5F9S-FBVDHFQPN\/download\/_________.png?t=xoxe-332590185332-430098056850-431139793783-a3ecafe0d0f66efa522a67af632228d7",
            "thumb_64": "https:\/\/files.slack.com\/files-tmb\/T9SHC5F9S-FBVDHFQPN-6a72811606\/__________64.png?t=xoxe-332590185332-430098056850-431139793783-a3ecafe0d0f66efa522a67af632228d7",
            "thumb_80": "https:\/\/files.slack.com\/files-tmb\/T9SHC5F9S-FBVDHFQPN-6a72811606\/__________80.png?t=xoxe-332590185332-430098056850-431139793783-a3ecafe0d0f66efa522a67af632228d7",
            "thumb_360": "https:\/\/files.slack.com\/files-tmb\/T9SHC5F9S-FBVDHFQPN-6a72811606\/__________360.png?t=xoxe-332590185332-430098056850-431139793783-a3ecafe0d0f66efa522a67af632228d7",
            "thumb_360_w": 360,
            "thumb_360_h": 18,
            "thumb_160": "https:\/\/files.slack.com\/files-tmb\/T9SHC5F9S-FBVDHFQPN-6a72811606\/__________160.png?t=xoxe-332590185332-430098056850-431139793783-a3ecafe0d0f66efa522a67af632228d7",
            "image_exif_rotation": 1,
            "original_w": 450,
            "original_h": 22,
            "permalink": "https:\/\/daitgirls.slack.com\/files\/UBE3NCBKP\/FBVDHFQPN\/_________.png",
            "permalink_public": "https:\/\/slack-files.com\/T9SHC5F9S-FBVDHFQPN-864f418004"
        },
        "files": [
            {
                "id": "FBVDHFQPN",
                "created": 1532398663,
                "timestamp": 1532398663,
                "name": "자소서.PNG",
                "title": "자소서.PNG",
                "mimetype": "image\/png",
                "filetype": "png",
                "pretty_type": "PNG",
                "user": "UBE3NCBKP",
                "editable": false,
                "size": 2265,
                "mode": "hosted",
                "is_external": false,
                "external_type": "",
                "is_public": true,
                "public_url_shared": false,
                "display_as_bot": false,
                "username": "",
                "url_private": "https:\/\/files.slack.com\/files-pri\/T9SHC5F9S-FBVDHFQPN\/_________.png?t=xoxe-332590185332-430098056850-431139793783-a3ecafe0d0f66efa522a67af632228d7",
                "url_private_download": "https:\/\/files.slack.com\/files-pri\/T9SHC5F9S-FBVDHFQPN\/download\/_________.png?t=xoxe-332590185332-430098056850-431139793783-a3ecafe0d0f66efa522a67af632228d7",
                "thumb_64": "https:\/\/files.slack.com\/files-tmb\/T9SHC5F9S-FBVDHFQPN-6a72811606\/__________64.png?t=xoxe-332590185332-430098056850-431139793783-a3ecafe0d0f66efa522a67af632228d7",
                "thumb_80": "https:\/\/files.slack.com\/files-tmb\/T9SHC5F9S-FBVDHFQPN-6a72811606\/__________80.png?t=xoxe-332590185332-430098056850-431139793783-a3ecafe0d0f66efa522a67af632228d7",
                "thumb_360": "https:\/\/files.slack.com\/files-tmb\/T9SHC5F9S-FBVDHFQPN-6a72811606\/__________360.png?t=xoxe-332590185332-430098056850-431139793783-a3ecafe0d0f66efa522a67af632228d7",
                "thumb_360_w": 360,
                "thumb_360_h": 18,
                "thumb_160": "https:\/\/files.slack.com\/files-tmb\/T9SHC5F9S-FBVDHFQPN-6a72811606\/__________160.png?t=xoxe-332590185332-430098056850-431139793783-a3ecafe0d0f66efa522a67af632228d7",
                "image_exif_rotation": 1,
                "original_w": 450,
                "original_h": 22,
                "permalink": "https:\/\/daitgirls.slack.com\/files\/UBE3NCBKP\/FBVDHFQPN\/_________.png",
                "permalink_public": "https:\/\/slack-files.com\/T9SHC5F9S-FBVDHFQPN-864f418004"
            }
        ],
        "comment": {
            "id": "FcBWMTDU8P",
            "created": 1532399201,
            "timestamp": 1532399201,
            "user": "UBDN8T42G",
            "is_intro": false,
            "comment": "앜ㅋㅋㅋㅋㅋ"
        },
        "is_intro": false,
        "ts": "1532399201.000093"
    },
    {
        "type": "message",
        "subtype": "file_comment",
        "text": "<@UBDUUHX4J> commented on <@UBE3NCBKP>’s file <https:\/\/daitgirls.slack.com\/files\/UBE3NCBKP\/FBVDHFQPN\/_________.png|자소서.PNG>: ㅋㅋㅋㅋㅋㅋㅋㅋㅋㅋㅋㅋㅋ이게뭐람ㅋㅋㅋㅋㅋㅋㅋㅋ",
        "file": {
            "id": "FBVDHFQPN",
            "created": 1532398663,
            "timestamp": 1532398663,
            "name": "자소서.PNG",
            "title": "자소서.PNG",
            "mimetype": "image\/png",
            "filetype": "png",
            "pretty_type": "PNG",
            "user": "UBE3NCBKP",
            "editable": false,
            "size": 2265,
            "mode": "hosted",
            "is_external": false,
            "external_type": "",
            "is_public": true,
            "public_url_shared": false,
            "display_as_bot": false,
            "username": "",
            "url_private": "https:\/\/files.slack.com\/files-pri\/T9SHC5F9S-FBVDHFQPN\/_________.png?t=xoxe-332590185332-430098056850-431139793783-a3ecafe0d0f66efa522a67af632228d7",
            "url_private_download": "https:\/\/files.slack.com\/files-pri\/T9SHC5F9S-FBVDHFQPN\/download\/_________.png?t=xoxe-332590185332-430098056850-431139793783-a3ecafe0d0f66efa522a67af632228d7",
            "thumb_64": "https:\/\/files.slack.com\/files-tmb\/T9SHC5F9S-FBVDHFQPN-6a72811606\/__________64.png?t=xoxe-332590185332-430098056850-431139793783-a3ecafe0d0f66efa522a67af632228d7",
            "thumb_80": "https:\/\/files.slack.com\/files-tmb\/T9SHC5F9S-FBVDHFQPN-6a72811606\/__________80.png?t=xoxe-332590185332-430098056850-431139793783-a3ecafe0d0f66efa522a67af632228d7",
            "thumb_360": "https:\/\/files.slack.com\/files-tmb\/T9SHC5F9S-FBVDHFQPN-6a72811606\/__________360.png?t=xoxe-332590185332-430098056850-431139793783-a3ecafe0d0f66efa522a67af632228d7",
            "thumb_360_w": 360,
            "thumb_360_h": 18,
            "thumb_160": "https:\/\/files.slack.com\/files-tmb\/T9SHC5F9S-FBVDHFQPN-6a72811606\/__________160.png?t=xoxe-332590185332-430098056850-431139793783-a3ecafe0d0f66efa522a67af632228d7",
            "image_exif_rotation": 1,
            "original_w": 450,
            "original_h": 22,
            "permalink": "https:\/\/daitgirls.slack.com\/files\/UBE3NCBKP\/FBVDHFQPN\/_________.png",
            "permalink_public": "https:\/\/slack-files.com\/T9SHC5F9S-FBVDHFQPN-864f418004"
        },
        "files": [
            {
                "id": "FBVDHFQPN",
                "created": 1532398663,
                "timestamp": 1532398663,
                "name": "자소서.PNG",
                "title": "자소서.PNG",
                "mimetype": "image\/png",
                "filetype": "png",
                "pretty_type": "PNG",
                "user": "UBE3NCBKP",
                "editable": false,
                "size": 2265,
                "mode": "hosted",
                "is_external": false,
                "external_type": "",
                "is_public": true,
                "public_url_shared": false,
                "display_as_bot": false,
                "username": "",
                "url_private": "https:\/\/files.slack.com\/files-pri\/T9SHC5F9S-FBVDHFQPN\/_________.png?t=xoxe-332590185332-430098056850-431139793783-a3ecafe0d0f66efa522a67af632228d7",
                "url_private_download": "https:\/\/files.slack.com\/files-pri\/T9SHC5F9S-FBVDHFQPN\/download\/_________.png?t=xoxe-332590185332-430098056850-431139793783-a3ecafe0d0f66efa522a67af632228d7",
                "thumb_64": "https:\/\/files.slack.com\/files-tmb\/T9SHC5F9S-FBVDHFQPN-6a72811606\/__________64.png?t=xoxe-332590185332-430098056850-431139793783-a3ecafe0d0f66efa522a67af632228d7",
                "thumb_80": "https:\/\/files.slack.com\/files-tmb\/T9SHC5F9S-FBVDHFQPN-6a72811606\/__________80.png?t=xoxe-332590185332-430098056850-431139793783-a3ecafe0d0f66efa522a67af632228d7",
                "thumb_360": "https:\/\/files.slack.com\/files-tmb\/T9SHC5F9S-FBVDHFQPN-6a72811606\/__________360.png?t=xoxe-332590185332-430098056850-431139793783-a3ecafe0d0f66efa522a67af632228d7",
                "thumb_360_w": 360,
                "thumb_360_h": 18,
                "thumb_160": "https:\/\/files.slack.com\/files-tmb\/T9SHC5F9S-FBVDHFQPN-6a72811606\/__________160.png?t=xoxe-332590185332-430098056850-431139793783-a3ecafe0d0f66efa522a67af632228d7",
                "image_exif_rotation": 1,
                "original_w": 450,
                "original_h": 22,
                "permalink": "https:\/\/daitgirls.slack.com\/files\/UBE3NCBKP\/FBVDHFQPN\/_________.png",
                "permalink_public": "https:\/\/slack-files.com\/T9SHC5F9S-FBVDHFQPN-864f418004"
            }
        ],
        "comment": {
            "id": "FcBVGX4YSF",
            "created": 1532400109,
            "timestamp": 1532400109,
            "user": "UBDUUHX4J",
            "is_intro": false,
            "comment": "ㅋㅋㅋㅋㅋㅋㅋㅋㅋㅋㅋㅋㅋ이게뭐람ㅋㅋㅋㅋㅋㅋㅋㅋ"
        },
        "is_intro": false,
        "ts": "1532400109.000059"
    }
]