[
    {
        "type": "message",
        "user": "U9UFEBXGF",
        "text": "자소서디자인워크샵 세 번째 시간 수업자료입니다!",
        "client_msg_id": "5d06329f-16bd-4d42-a994-3ccba4b87e4d",
        "ts": "1533184863.000223"
    },
    {
        "type": "message",
        "user": "U9UFEBXGF",
        "text": "데잇걸즈2 _커리어디자인 채용정보 \n<https:\/\/docs.google.com\/spreadsheets\/d\/1jmAZ0CyUZmxQs2LplTxLCNEZr-zoqs_y8f2Y69Aa7uI\/edit?usp=sharing>\n\n앞으로 위에 공유드린 시트에 채용정보, 취업형태, 직무정보 등등 기록해서 데잇걸즈2기 여러분들이 커리어방향을 잡아가는데 도움이 될 수 있도록 정보를 공유하고자 합니다. 서로가 가진 커리어 정보를 공유해봐용 :slightly_smiling_face:  (수정가능하니 추가해주세용!)",
        "client_msg_id": "ab0e7db5-e2dd-4cc3-8530-ae7e7411e949",
        "edited": {
            "user": "U9UFEBXGF",
            "ts": "1533189672.000000"
        },
        "thread_ts": "1533187491.000109",
        "reply_count": 3,
        "replies": [
            {
                "user": "UBF1K97FH",
                "ts": "1533187528.000036"
            },
            {
                "user": "UBE3NCBKP",
                "ts": "1533187551.000068"
            },
            {
                "user": "UBDRWK8SX",
                "ts": "1533193711.000062"
            }
        ],
        "unread_count": 3,
        "ts": "1533187491.000109",
        "reactions": [
            {
                "name": "100",
                "users": [
                    "UBF1K97FH",
                    "UBE3NCBKP",
                    "UBDRWADQB",
                    "UBF0XFP7Z",
                    "UBDRXTD8B",
                    "UBDUUV802",
                    "UBDUU7X7U",
                    "UBDN9579S",
                    "UBD8GLUEL"
                ],
                "count": 9
            },
            {
                "name": "+1",
                "users": [
                    "UBDN8UG4C",
                    "UBD8GMVNC",
                    "UBDCWPPNV",
                    "UBDUUV802",
                    "UBDN9579S",
                    "UBD8GLUEL",
                    "UBDRWBNRZ",
                    "UBELL5EF5"
                ],
                "count": 8
            },
            {
                "name": "heart_eyes",
                "users": [
                    "UBDRWADQB",
                    "UBF0XFP7Z",
                    "UBDUUV802",
                    "UBDN9579S",
                    "UBD8GLUEL",
                    "UBDCWMFND"
                ],
                "count": 6
            }
        ]
    },
    {
        "type": "message",
        "user": "UBF1K97FH",
        "text": "지혜님 최고!",
        "client_msg_id": "ac0d6586-dc04-4513-bf36-d07291a9d91b",
        "thread_ts": "1533187491.000109",
        "parent_user_id": "U9UFEBXGF",
        "ts": "1533187528.000036"
    },
    {
        "type": "message",
        "user": "UBE3NCBKP",
        "text": "최고최고!!",
        "client_msg_id": "3ecbdfd0-dc51-45f2-bd0d-8c6a12fd5d8f",
        "thread_ts": "1533187491.000109",
        "parent_user_id": "U9UFEBXGF",
        "ts": "1533187551.000068"
    }
]