[
    {
        "type": "message",
        "user": "U9UFEBXGF",
        "text": "데잇걸즈2_커리어디자인 프로그램 진행을 위한 설문을 받습니다.\n:point_right: <https:\/\/goo.gl\/forms\/Wb2QpoqfXse0IExH2>",
        "client_msg_id": "e7c4a45c-5c09-4b33-addd-9ecad53a2298",
        "attachments": [
            {
                "service_name": "Google Docs",
                "title": "데잇걸즈2_커리어디자인",
                "title_link": "https:\/\/goo.gl\/forms\/Wb2QpoqfXse0IExH2",
                "fallback": "Google Docs: 데잇걸즈2_커리어디자인",
                "image_url": "https:\/\/lh4.googleusercontent.com\/ZyiIK6zfAPeiSoYosIccDi_jY12fsYqdULsSV-cbQCeFQajfbJePyEzHmLwSc8uyrT8",
                "image_width": 333,
                "image_height": 250,
                "from_url": "https:\/\/goo.gl\/forms\/Wb2QpoqfXse0IExH2",
                "image_bytes": 56750,
                "service_icon": "http:\/\/ssl.gstatic.com\/docs\/forms\/device_home\/ios_120.png",
                "id": 1,
                "original_url": "https:\/\/goo.gl\/forms\/Wb2QpoqfXse0IExH2"
            }
        ],
        "ts": "1532937402.000010"
    }
]