[
    {
        "user": "UBDRVLD1R",
        "text": "<@UBDRVLD1R> has joined the channel",
        "type": "message",
        "subtype": "channel_join",
        "ts": "1534174883.000354"
    },
    {
        "user": "UBDRVLD1R",
        "purpose": "노동요를 추천 채널",
        "text": "<@UBDRVLD1R> set the channel purpose: 노동요를 추천 채널",
        "type": "message",
        "subtype": "channel_purpose",
        "ts": "1534174884.000386"
    },
    {
        "user": "UBDRVLD1R",
        "purpose": "노동요 추천 채널",
        "text": "<@UBDRVLD1R> set the channel purpose: 노동요 추천 채널",
        "type": "message",
        "subtype": "channel_purpose",
        "ts": "1534174912.000463"
    },
    {
        "type": "message",
        "user": "UBDRVLD1R",
        "text": "<https:\/\/itunes.apple.com\/us\/album\/metromonk\/1372340744>",
        "client_msg_id": "c9a67d46-97d9-4f3d-8871-9bcb5aea1eab",
        "attachments": [
            {
                "service_name": "Apple Music",
                "title": "‎Metromonk by Manu Delago",
                "title_link": "https:\/\/itunes.apple.com\/us\/album\/metromonk\/1372340744",
                "text": "‎Album · 2017 · 11 Songs",
                "fallback": "Apple Music: ‎Metromonk by Manu Delago",
                "thumb_url": "https:\/\/is1-ssl.mzstatic.com\/image\/thumb\/Music118\/v4\/6b\/22\/8c\/6b228ccd-4d3c-f658-f554-b90481f093c0\/5060205157737.jpg\/1200x630wp.jpg",
                "from_url": "https:\/\/itunes.apple.com\/us\/album\/metromonk\/1372340744",
                "thumb_width": 1200,
                "thumb_height": 630,
                "service_icon": "https:\/\/itunes.apple.com\/favicon.ico",
                "id": 1,
                "original_url": "https:\/\/itunes.apple.com\/us\/album\/metromonk\/1372340744"
            }
        ],
        "ts": "1534174981.000548"
    }
]