[
    {
        "type": "message",
        "user": "UBDUUV802",
        "text": "오늘 스터디에서 정규표현식 복습하나요?",
        "client_msg_id": "95984179-79d2-4c35-9506-6abe2a4cdd1d",
        "ts": "1532419193.000339"
    },
    {
        "type": "message",
        "user": "UBDN8T42G",
        "text": "어떤거 하면 좋을까용??",
        "client_msg_id": "a4c1989f-c060-43d9-b5bc-4604de5f1d10",
        "ts": "1532419232.000324"
    },
    {
        "type": "message",
        "user": "UBF1K97FH",
        "text": "저는 뭐든 좋아요",
        "client_msg_id": "2914565D-92AF-424E-8B94-E2F230E01F48",
        "ts": "1532419294.000158"
    },
    {
        "type": "message",
        "user": "UBF1K97FH",
        "text": "정규표현식 복습하면 더 좋아요",
        "client_msg_id": "5169B9B4-B84C-4205-AB78-07F56759B062",
        "ts": "1532419304.000282",
        "reactions": [
            {
                "name": "heart_eyes",
                "users": [
                    "UBDUUV802",
                    "UBDCWMFND"
                ],
                "count": 2
            }
        ]
    },
    {
        "type": "message",
        "user": "UBDRWK8SX",
        "text": "흑흑..저는 연구실미팅이 있어서 오늘 먼저 가겠습니단…ㅠㅠ",
        "client_msg_id": "d4c08df6-2d29-482b-aadf-5ab9252ba671",
        "ts": "1532419524.000160",
        "reactions": [
            {
                "name": "sob",
                "users": [
                    "UBDUUV802",
                    "UBDN8T42G"
                ],
                "count": 2
            }
        ]
    },
    {
        "type": "message",
        "user": "UBDN8T42G",
        "text": "네네 ㅠㅠ 지은님 담에 해용",
        "client_msg_id": "f385b738-9aa6-4e29-91a7-f033d7110c4a",
        "ts": "1532419600.000138"
    },
    {
        "type": "message",
        "user": "UBDN8UG4C",
        "text": "저희 당장 닥친 숙제 있나욤",
        "client_msg_id": "f92cedc1-d61f-420a-8a20-1032f3421ec1",
        "ts": "1532419698.000282"
    },
    {
        "type": "message",
        "user": "UBDN8UG4C",
        "text": "아 낼까지 자소선가?!",
        "client_msg_id": "d4596d72-fa9f-4953-b7f9-b9c864db2a02",
        "ts": "1532419703.000267",
        "reactions": [
            {
                "name": "sob",
                "users": [
                    "UBDUUV802"
                ],
                "count": 1
            }
        ]
    },
    {
        "type": "message",
        "user": "UBDUUV802",
        "text": "네 내일까지 자소서!",
        "client_msg_id": "83e66e5f-90cf-4e1a-aee6-ab71487a9bfd",
        "ts": "1532419719.000336"
    },
    {
        "type": "message",
        "user": "UBDN8UG4C",
        "text": "<https:\/\/docs.google.com\/spreadsheets\/d\/1wh0NGjqlWsPblAsNSDruzMZt1ftQqA9Se7Gl1MpY5kM\/edit>",
        "client_msg_id": "b69087b6-837b-4296-8b2f-e6b545d31ba6",
        "ts": "1532419737.000160"
    },
    {
        "type": "message",
        "user": "UBDN8T42G",
        "text": "네네네네 낼 까지 자소서..휴아..",
        "client_msg_id": "f5963c1e-3cb1-4885-be9c-9d511ea47fbc",
        "ts": "1532419740.000277"
    },
    {
        "type": "message",
        "user": "UBDRWK8SX",
        "text": "ㅠㅠ으엉아앙할거많으다",
        "client_msg_id": "8b38ddd4-d477-42d9-8118-619fa3a41975",
        "ts": "1532420561.000239"
    },
    {
        "type": "message",
        "user": "UBDN8T42G",
        "text": "데조 스터디 강의실 안에서 5:30에 시작할게요!!!",
        "client_msg_id": "9bef17a1-d563-497a-867c-e908195671bc",
        "ts": "1532420970.000321"
    },
    {
        "type": "message",
        "user": "UBDN8T42G",
        "text": "<https:\/\/regexone.com\/>",
        "client_msg_id": "13ed35d5-7fa8-4936-9c3d-f230e5a9202b",
        "attachments": [
            {
                "title": "RegexOne - Learn Regular Expressions - Lesson 1: An Introduction, and the ABCs",
                "title_link": "https:\/\/regexone.com\/",
                "text": "RegexOne provides a set of interactive lessons and exercises to help you learn regular expressions",
                "fallback": "RegexOne - Learn Regular Expressions - Lesson 1: An Introduction, and the ABCs",
                "from_url": "https:\/\/regexone.com\/",
                "service_name": "RegexOne - Learn regular expressions with simple, interactive exercises.",
                "id": 1,
                "original_url": "https:\/\/regexone.com\/"
            }
        ],
        "ts": "1532421106.000144"
    },
    {
        "type": "message",
        "user": "UBDN8T42G",
        "text": "오늘과제인 이거 해보고",
        "client_msg_id": "0adcf56b-a3c9-4f3e-b604-ad952d8bad56",
        "ts": "1532421113.000059"
    },
    {
        "type": "message",
        "user": "UBDN8T42G",
        "text": "어려운 부분 공유하는걸로 하겠습니다!!",
        "client_msg_id": "77aa8148-79a5-4f04-b2e5-0664716ee56d",
        "ts": "1532421122.000007"
    },
    {
        "type": "message",
        "user": "UBDN8T42G",
        "text": "생각보다 빨리 끝나지않을까해서 20분까지 해보는걸로할게용",
        "client_msg_id": "cb17e238-79f8-4d13-83da-129480b90f04",
        "ts": "1532421146.000265"
    },
    {
        "user": "UBF0XFP7Z",
        "inviter": "UBDN8T42G",
        "text": "<@UBF0XFP7Z> has joined the channel",
        "type": "message",
        "subtype": "channel_join",
        "ts": "1532421191.000019"
    },
    {
        "type": "message",
        "user": "UBDN8T42G",
        "text": "초대~~",
        "client_msg_id": "739d0f32-61ba-4f0a-94ce-cf14a1412d04",
        "ts": "1532421194.000262"
    },
    {
        "type": "message",
        "user": "UBF0XFP7Z",
        "text": ":heavy_heart_exclamation_mark_ornament:",
        "client_msg_id": "b7c0f8d5-35c2-4e9f-bf48-e6385572898a",
        "ts": "1532421219.000315"
    },
    {
        "type": "message",
        "text": "",
        "files": [
            {
                "id": "FBV8XJPTK",
                "created": 1532424726,
                "timestamp": 1532424726,
                "name": "image.png",
                "title": "image.png",
                "mimetype": "image\/png",
                "filetype": "png",
                "pretty_type": "PNG",
                "user": "UBDN8UG4C",
                "editable": false,
                "size": 4217,
                "mode": "hosted",
                "is_external": false,
                "external_type": "",
                "is_public": true,
                "public_url_shared": false,
                "display_as_bot": false,
                "username": "",
                "url_private": "https:\/\/files.slack.com\/files-pri\/T9SHC5F9S-FBV8XJPTK\/image.png?t=xoxe-332590185332-430098056850-431139793783-a3ecafe0d0f66efa522a67af632228d7",
                "url_private_download": "https:\/\/files.slack.com\/files-pri\/T9SHC5F9S-FBV8XJPTK\/download\/image.png?t=xoxe-332590185332-430098056850-431139793783-a3ecafe0d0f66efa522a67af632228d7",
                "thumb_64": "https:\/\/files.slack.com\/files-tmb\/T9SHC5F9S-FBV8XJPTK-f5899cce02\/image_64.png?t=xoxe-332590185332-430098056850-431139793783-a3ecafe0d0f66efa522a67af632228d7",
                "thumb_80": "https:\/\/files.slack.com\/files-tmb\/T9SHC5F9S-FBV8XJPTK-f5899cce02\/image_80.png?t=xoxe-332590185332-430098056850-431139793783-a3ecafe0d0f66efa522a67af632228d7",
                "thumb_360": "https:\/\/files.slack.com\/files-tmb\/T9SHC5F9S-FBV8XJPTK-f5899cce02\/image_360.png?t=xoxe-332590185332-430098056850-431139793783-a3ecafe0d0f66efa522a67af632228d7",
                "thumb_360_w": 248,
                "thumb_360_h": 76,
                "thumb_160": "https:\/\/files.slack.com\/files-tmb\/T9SHC5F9S-FBV8XJPTK-f5899cce02\/image_160.png?t=xoxe-332590185332-430098056850-431139793783-a3ecafe0d0f66efa522a67af632228d7",
                "image_exif_rotation": 1,
                "original_w": 248,
                "original_h": 76,
                "permalink": "https:\/\/daitgirls.slack.com\/files\/UBDN8UG4C\/FBV8XJPTK\/image.png",
                "permalink_public": "https:\/\/slack-files.com\/T9SHC5F9S-FBV8XJPTK-7a6e65b59a",
                "reactions": [
                    {
                        "name": "heart_eyes",
                        "users": [
                            "UBDUUV802"
                        ],
                        "count": 1
                    }
                ]
            }
        ],
        "upload": true,
        "user": "UBDN8UG4C",
        "display_as_bot": false,
        "reactions": [
            {
                "name": "heart_eyes",
                "users": [
                    "UBDUUV802"
                ],
                "count": 1
            }
        ],
        "ts": "1532424728.000187"
    },
    {
        "type": "message",
        "user": "UBF1K97FH",
        "text": "\\d{4}x\\d{3}\\d?",
        "client_msg_id": "914473e0-d970-4f78-8c4c-dcbacb49132d",
        "ts": "1532424872.000166"
    },
    {
        "type": "message",
        "user": "UBF0XFP7Z",
        "text": "(\\d{4})x(\\d\\d\\d\\d?)",
        "client_msg_id": "f12bac76-5df5-424b-8b94-2fa5623b4504",
        "ts": "1532424874.000233"
    },
    {
        "type": "message",
        "user": "UBDN8UG4C",
        "text": "(\\d{4})x(\\d{3,4})",
        "client_msg_id": "453b58dd-9bf3-4ef8-b9ce-4426e49329e6",
        "ts": "1532424899.000283"
    },
    {
        "type": "message",
        "text": "",
        "files": [
            {
                "id": "FBV8ZB1A5",
                "created": 1532424920,
                "timestamp": 1532424920,
                "name": "스크린샷 2018-07-24 오후 6.34.47.png",
                "title": "스크린샷 2018-07-24 오후 6.34.47.png",
                "mimetype": "image\/png",
                "filetype": "png",
                "pretty_type": "PNG",
                "user": "UBDN8T42G",
                "editable": false,
                "size": 59478,
                "mode": "hosted",
                "is_external": false,
                "external_type": "",
                "is_public": true,
                "public_url_shared": false,
                "display_as_bot": false,
                "username": "",
                "url_private": "https:\/\/files.slack.com\/files-pri\/T9SHC5F9S-FBV8ZB1A5\/_______________________________2018-07-24______________6.34.47.png?t=xoxe-332590185332-430098056850-431139793783-a3ecafe0d0f66efa522a67af632228d7",
                "url_private_download": "https:\/\/files.slack.com\/files-pri\/T9SHC5F9S-FBV8ZB1A5\/download\/_______________________________2018-07-24______________6.34.47.png?t=xoxe-332590185332-430098056850-431139793783-a3ecafe0d0f66efa522a67af632228d7",
                "thumb_64": "https:\/\/files.slack.com\/files-tmb\/T9SHC5F9S-FBV8ZB1A5-4ff9d9f673\/_______________________________2018-07-24______________6.34.47_64.png?t=xoxe-332590185332-430098056850-431139793783-a3ecafe0d0f66efa522a67af632228d7",
                "thumb_80": "https:\/\/files.slack.com\/files-tmb\/T9SHC5F9S-FBV8ZB1A5-4ff9d9f673\/_______________________________2018-07-24______________6.34.47_80.png?t=xoxe-332590185332-430098056850-431139793783-a3ecafe0d0f66efa522a67af632228d7",
                "thumb_360": "https:\/\/files.slack.com\/files-tmb\/T9SHC5F9S-FBV8ZB1A5-4ff9d9f673\/_______________________________2018-07-24______________6.34.47_360.png?t=xoxe-332590185332-430098056850-431139793783-a3ecafe0d0f66efa522a67af632228d7",
                "thumb_360_w": 360,
                "thumb_360_h": 144,
                "thumb_480": "https:\/\/files.slack.com\/files-tmb\/T9SHC5F9S-FBV8ZB1A5-4ff9d9f673\/_______________________________2018-07-24______________6.34.47_480.png?t=xoxe-332590185332-430098056850-431139793783-a3ecafe0d0f66efa522a67af632228d7",
                "thumb_480_w": 480,
                "thumb_480_h": 191,
                "thumb_160": "https:\/\/files.slack.com\/files-tmb\/T9SHC5F9S-FBV8ZB1A5-4ff9d9f673\/_______________________________2018-07-24______________6.34.47_160.png?t=xoxe-332590185332-430098056850-431139793783-a3ecafe0d0f66efa522a67af632228d7",
                "thumb_720": "https:\/\/files.slack.com\/files-tmb\/T9SHC5F9S-FBV8ZB1A5-4ff9d9f673\/_______________________________2018-07-24______________6.34.47_720.png?t=xoxe-332590185332-430098056850-431139793783-a3ecafe0d0f66efa522a67af632228d7",
                "thumb_720_w": 720,
                "thumb_720_h": 287,
                "image_exif_rotation": 1,
                "original_w": 727,
                "original_h": 290,
                "permalink": "https:\/\/daitgirls.slack.com\/files\/UBDN8T42G\/FBV8ZB1A5\/_______________________________2018-07-24______________6.34.47.png",
                "permalink_public": "https:\/\/slack-files.com\/T9SHC5F9S-FBV8ZB1A5-d2b0b2bc26",
                "reactions": [
                    {
                        "name": "heart_eyes",
                        "users": [
                            "UBDUUV802",
                            "UBF1K97FH",
                            "UBF0XFP7Z"
                        ],
                        "count": 3
                    }
                ]
            }
        ],
        "upload": true,
        "user": "UBDN8T42G",
        "display_as_bot": false,
        "reactions": [
            {
                "name": "heart_eyes",
                "users": [
                    "UBDUUV802",
                    "UBF1K97FH",
                    "UBF0XFP7Z"
                ],
                "count": 3
            }
        ],
        "ts": "1532424922.000218"
    },
    {
        "type": "message",
        "user": "UBDN8UG4C",
        "text": "14. I\\slove\\s(cats|dogs)",
        "client_msg_id": "21c63a46-2693-42b4-a720-701f55d5ca65",
        "ts": "1532424981.000012"
    },
    {
        "type": "message",
        "user": "UBDN8T42G",
        "text": "[c]ats*|[d]ogs",
        "client_msg_id": "0ce5330e-b6b8-4b5e-8cc8-86e1bfd76f0c",
        "ts": "1532425003.000083"
    },
    {
        "type": "message",
        "user": "UBF0XFP7Z",
        "text": "I\\slove\\s(cat|dog)s$",
        "client_msg_id": "ccc43774-cfa9-4cad-933f-4d4d03710e61",
        "ts": "1532425026.000062"
    },
    {
        "type": "message",
        "user": "UBDUUV802",
        "text": "(cat|dog)",
        "client_msg_id": "b2e4570e-f996-4882-a124-bc41bf8de42e",
        "ts": "1532425034.000124",
        "reactions": [
            {
                "name": "clap",
                "users": [
                    "UBDN8T42G",
                    "UBDCWPPNV",
                    "UBF0XFP7Z",
                    "UBDCWMFND",
                    "UBF1K97FH",
                    "UBDN8UG4C"
                ],
                "count": 6
            }
        ]
    },
    {
        "type": "message",
        "user": "UBDN8T42G",
        "text": "(\\w+)",
        "client_msg_id": "f9713dcf-681b-4260-96df-1236ffc8bd72",
        "ts": "1532425184.000213"
    },
    {
        "type": "message",
        "user": "UBF1K97FH",
        "text": "\\D",
        "client_msg_id": "4f795282-d6a4-44ef-a760-2960e2621e37",
        "ts": "1532425191.000336"
    },
    {
        "type": "message",
        "user": "UBDUUUCMQ",
        "text": ".",
        "client_msg_id": "d2c7714a-1ed6-4ae1-8c6e-d6e6077ab0e1",
        "ts": "1532425194.000104",
        "reactions": [
            {
                "name": "+1",
                "users": [
                    "UBDN8T42G",
                    "UBF0XFP7Z"
                ],
                "count": 2
            }
        ]
    },
    {
        "type": "message",
        "user": "UBF0XFP7Z",
        "text": ".+",
        "client_msg_id": "1232c3bb-8639-4f2b-b493-a0da993f2589",
        "ts": "1532425202.000153"
    },
    {
        "type": "message",
        "user": "UBF0XFP7Z",
        "text": "\\bThe(re)?\\s(\\w+\\s)+.+?\\.$",
        "client_msg_id": "1654e3f4-3249-4de8-a96e-69f529057f59",
        "ts": "1532425219.000131"
    },
    {
        "type": "message",
        "text": "",
        "files": [
            {
                "id": "FBV94NAQ1",
                "created": 1532425539,
                "timestamp": 1532425539,
                "name": "스터디데조_0724",
                "title": "스터디데조_0724",
                "mimetype": "application\/vnd.google-apps.spreadsheet",
                "filetype": "gsheet",
                "pretty_type": "GDocs Spreadsheet",
                "user": "UBF1K97FH",
                "editable": false,
                "size": 1246,
                "mode": "external",
                "is_external": true,
                "external_type": "gdrive",
                "is_public": true,
                "public_url_shared": false,
                "display_as_bot": false,
                "username": "",
                "url_private": "https:\/\/docs.google.com\/spreadsheets\/d\/1M-_RTr_r3OSXWKcyFQPFvP63qghBVPnCHwi3j-Ddsk8\/edit#gid=0",
                "thumb_64": "https:\/\/files.slack.com\/files-tmb\/T9SHC5F9S-FBV94NAQ1-fb6d33b332\/________________0724_64.png?t=xoxe-332590185332-430098056850-431139793783-a3ecafe0d0f66efa522a67af632228d7",
                "thumb_80": "https:\/\/files.slack.com\/files-tmb\/T9SHC5F9S-FBV94NAQ1-fb6d33b332\/________________0724_80.png?t=xoxe-332590185332-430098056850-431139793783-a3ecafe0d0f66efa522a67af632228d7",
                "thumb_360": "https:\/\/files.slack.com\/files-tmb\/T9SHC5F9S-FBV94NAQ1-fb6d33b332\/________________0724_360.png?t=xoxe-332590185332-430098056850-431139793783-a3ecafe0d0f66efa522a67af632228d7",
                "thumb_360_w": 278,
                "thumb_360_h": 360,
                "thumb_480": "https:\/\/files.slack.com\/files-tmb\/T9SHC5F9S-FBV94NAQ1-fb6d33b332\/________________0724_480.png?t=xoxe-332590185332-430098056850-431139793783-a3ecafe0d0f66efa522a67af632228d7",
                "thumb_480_w": 371,
                "thumb_480_h": 480,
                "thumb_160": "https:\/\/files.slack.com\/files-tmb\/T9SHC5F9S-FBV94NAQ1-fb6d33b332\/________________0724_160.png?t=xoxe-332590185332-430098056850-431139793783-a3ecafe0d0f66efa522a67af632228d7",
                "thumb_720": "https:\/\/files.slack.com\/files-tmb\/T9SHC5F9S-FBV94NAQ1-fb6d33b332\/________________0724_720.png?t=xoxe-332590185332-430098056850-431139793783-a3ecafe0d0f66efa522a67af632228d7",
                "thumb_720_w": 556,
                "thumb_720_h": 720,
                "image_exif_rotation": 1,
                "original_w": 612,
                "original_h": 792,
                "permalink": "https:\/\/daitgirls.slack.com\/files\/UBF1K97FH\/FBV94NAQ1\/________________0724",
                "reactions": [
                    {
                        "name": "+1",
                        "users": [
                            "UBDUUV802"
                        ],
                        "count": 1
                    }
                ],
                "has_rich_preview": true
            }
        ],
        "upload": false,
        "user": "UBF1K97FH",
        "display_as_bot": false,
        "reactions": [
            {
                "name": "+1",
                "users": [
                    "UBDUUV802"
                ],
                "count": 1
            }
        ],
        "ts": "1532425542.000211"
    },
    {
        "type": "message",
        "user": "UBF1K97FH",
        "text": "요거요거입니다",
        "client_msg_id": "08d05dc2-af6c-4350-937c-8f7fec54980d",
        "ts": "1532425615.000242"
    },
    {
        "type": "message",
        "text": "",
        "files": [
            {
                "id": "FBV94NAQ1",
                "created": 1532425539,
                "timestamp": 1532425539,
                "name": "스터디데조_0724",
                "title": "스터디데조_0724",
                "mimetype": "application\/vnd.google-apps.spreadsheet",
                "filetype": "gsheet",
                "pretty_type": "GDocs Spreadsheet",
                "user": "UBF1K97FH",
                "editable": false,
                "size": 1246,
                "mode": "external",
                "is_external": true,
                "external_type": "gdrive",
                "is_public": true,
                "public_url_shared": false,
                "display_as_bot": false,
                "username": "",
                "url_private": "https:\/\/docs.google.com\/spreadsheets\/d\/1M-_RTr_r3OSXWKcyFQPFvP63qghBVPnCHwi3j-Ddsk8\/edit#gid=0",
                "thumb_64": "https:\/\/files.slack.com\/files-tmb\/T9SHC5F9S-FBV94NAQ1-fb6d33b332\/________________0724_64.png?t=xoxe-332590185332-430098056850-431139793783-a3ecafe0d0f66efa522a67af632228d7",
                "thumb_80": "https:\/\/files.slack.com\/files-tmb\/T9SHC5F9S-FBV94NAQ1-fb6d33b332\/________________0724_80.png?t=xoxe-332590185332-430098056850-431139793783-a3ecafe0d0f66efa522a67af632228d7",
                "thumb_360": "https:\/\/files.slack.com\/files-tmb\/T9SHC5F9S-FBV94NAQ1-fb6d33b332\/________________0724_360.png?t=xoxe-332590185332-430098056850-431139793783-a3ecafe0d0f66efa522a67af632228d7",
                "thumb_360_w": 278,
                "thumb_360_h": 360,
                "thumb_480": "https:\/\/files.slack.com\/files-tmb\/T9SHC5F9S-FBV94NAQ1-fb6d33b332\/________________0724_480.png?t=xoxe-332590185332-430098056850-431139793783-a3ecafe0d0f66efa522a67af632228d7",
                "thumb_480_w": 371,
                "thumb_480_h": 480,
                "thumb_160": "https:\/\/files.slack.com\/files-tmb\/T9SHC5F9S-FBV94NAQ1-fb6d33b332\/________________0724_160.png?t=xoxe-332590185332-430098056850-431139793783-a3ecafe0d0f66efa522a67af632228d7",
                "thumb_720": "https:\/\/files.slack.com\/files-tmb\/T9SHC5F9S-FBV94NAQ1-fb6d33b332\/________________0724_720.png?t=xoxe-332590185332-430098056850-431139793783-a3ecafe0d0f66efa522a67af632228d7",
                "thumb_720_w": 556,
                "thumb_720_h": 720,
                "image_exif_rotation": 1,
                "original_w": 612,
                "original_h": 792,
                "permalink": "https:\/\/daitgirls.slack.com\/files\/UBF1K97FH\/FBV94NAQ1\/________________0724",
                "reactions": [
                    {
                        "name": "+1",
                        "users": [
                            "UBDUUV802"
                        ],
                        "count": 1
                    }
                ],
                "has_rich_preview": true
            }
        ],
        "upload": false,
        "user": "UBF1K97FH",
        "display_as_bot": false,
        "reactions": [
            {
                "name": "+1",
                "users": [
                    "UBDUUV802"
                ],
                "count": 1
            }
        ],
        "ts": "1532425617.000046"
    },
    {
        "type": "message",
        "user": "UBF0XFP7Z",
        "text": "아 그리구 우리 df로 만들고 solution도 추가해두면 좋을 것 같아여!",
        "client_msg_id": "96ec9a72-a401-4bfe-969f-017b27bfa4c9",
        "thread_ts": "1532427456.000164",
        "reply_count": 3,
        "replies": [
            {
                "user": "UBDUUV802",
                "ts": "1532427642.000264"
            },
            {
                "user": "UBF1K97FH",
                "ts": "1532429019.000189"
            },
            {
                "user": "UBDN8T42G",
                "ts": "1532437516.000434"
            }
        ],
        "unread_count": 3,
        "ts": "1532427456.000164",
        "reactions": [
            {
                "name": "+1",
                "users": [
                    "UBDUUV802",
                    "UBDN8T42G"
                ],
                "count": 2
            }
        ]
    },
    {
        "type": "message",
        "user": "UBDUUV802",
        "text": "멋져용 :+1:",
        "client_msg_id": "e866ee58-8768-4366-9f1b-4b586e79daeb",
        "edited": {
            "user": "UBDUUV802",
            "ts": "1532427667.000000"
        },
        "thread_ts": "1532427456.000164",
        "parent_user_id": "UBF0XFP7Z",
        "ts": "1532427642.000264"
    },
    {
        "type": "message",
        "user": "UBF1K97FH",
        "text": "캬악 좋아요~",
        "client_msg_id": "650EC6E7-D32D-41D1-9F83-949922B7331D",
        "thread_ts": "1532427456.000164",
        "parent_user_id": "UBF0XFP7Z",
        "ts": "1532429019.000189"
    },
    {
        "type": "message",
        "user": "UBF1K97FH",
        "text": "데조여러분~ 저 질문이 있는데 * 이 0이나 그 이상 반복, +가 1이나 그 이상의 반복인데 *의 의미가 헷갈려서요 0번 반복도 있나요?",
        "client_msg_id": "0A7B7D43-7869-4837-8016-6E30F5CED0EA",
        "ts": "1532430321.000220"
    },
    {
        "type": "message",
        "user": "UBDUUUCMQ",
        "text": "0번 반복은, 아예 쓰지 않는거라고 생각하시면 될것같아요\n그리고 반복보다는 그 다음에 오는 자리수 혹은 횟수라고 생각하시면 이해하기 더 좋으실거에요",
        "client_msg_id": "38693611-4496-4e98-8cd4-6d7add57cfb3",
        "ts": "1532430882.000192"
    },
    {
        "type": "message",
        "user": "UBF1K97FH",
        "text": "아하~ 그럼 *2면 *뒤에 두 자리 무언가가 오는 건가요?",
        "client_msg_id": "FADFCC5E-A7A4-4226-A36D-E64C7DBAB7FA",
        "thread_ts": "1532430976.000104",
        "reply_count": 1,
        "replies": [
            {
                "user": "UBDN8T42G",
                "ts": "1532437692.000338"
            }
        ],
        "unread_count": 1,
        "ts": "1532430976.000104"
    },
    {
        "type": "message",
        "user": "UBDUUUCMQ",
        "text": "움 지정해줄 수 있지는...않을걸요...?ㅠ그치만 *은 문자열 혹은 숫자열이 아예 없거나(말씀하셨던 0회 반복) 그 이상일때 사용할 수 있어요",
        "client_msg_id": "4c3a205b-3221-431a-a01d-012247718f94",
        "ts": "1532431263.000118"
    },
    {
        "type": "message",
        "user": "UBDUUUCMQ",
        "text": "+는 적어도 한번은 나올때!",
        "client_msg_id": "b56ec18d-9238-44c2-bb92-5109cf77527c",
        "ts": "1532431290.000021"
    },
    {
        "type": "message",
        "user": "UBF1K97FH",
        "text": "아~~네네 감사해요 다솜님",
        "client_msg_id": "F12E06C4-A14F-4F9F-89F8-5EE6522B9549",
        "ts": "1532431321.000066"
    },
    {
        "type": "message",
        "text": "",
        "files": [
            {
                "id": "FBVSVSMUJ",
                "created": 1532431393,
                "timestamp": 1532431393,
                "name": "Image from iOS.png",
                "title": "Image from iOS",
                "mimetype": "image\/png",
                "filetype": "png",
                "pretty_type": "PNG",
                "user": "UBF1K97FH",
                "editable": false,
                "size": 264198,
                "mode": "hosted",
                "is_external": false,
                "external_type": "",
                "is_public": true,
                "public_url_shared": false,
                "display_as_bot": false,
                "username": "",
                "url_private": "https:\/\/files.slack.com\/files-pri\/T9SHC5F9S-FBVSVSMUJ\/image_from_ios.png?t=xoxe-332590185332-430098056850-431139793783-a3ecafe0d0f66efa522a67af632228d7",
                "url_private_download": "https:\/\/files.slack.com\/files-pri\/T9SHC5F9S-FBVSVSMUJ\/download\/image_from_ios.png?t=xoxe-332590185332-430098056850-431139793783-a3ecafe0d0f66efa522a67af632228d7",
                "thumb_64": "https:\/\/files.slack.com\/files-tmb\/T9SHC5F9S-FBVSVSMUJ-dd237da411\/image_from_ios_64.png?t=xoxe-332590185332-430098056850-431139793783-a3ecafe0d0f66efa522a67af632228d7",
                "thumb_80": "https:\/\/files.slack.com\/files-tmb\/T9SHC5F9S-FBVSVSMUJ-dd237da411\/image_from_ios_80.png?t=xoxe-332590185332-430098056850-431139793783-a3ecafe0d0f66efa522a67af632228d7",
                "thumb_360": "https:\/\/files.slack.com\/files-tmb\/T9SHC5F9S-FBVSVSMUJ-dd237da411\/image_from_ios_360.png?t=xoxe-332590185332-430098056850-431139793783-a3ecafe0d0f66efa522a67af632228d7",
                "thumb_360_w": 202,
                "thumb_360_h": 360,
                "thumb_480": "https:\/\/files.slack.com\/files-tmb\/T9SHC5F9S-FBVSVSMUJ-dd237da411\/image_from_ios_480.png?t=xoxe-332590185332-430098056850-431139793783-a3ecafe0d0f66efa522a67af632228d7",
                "thumb_480_w": 270,
                "thumb_480_h": 480,
                "thumb_160": "https:\/\/files.slack.com\/files-tmb\/T9SHC5F9S-FBVSVSMUJ-dd237da411\/image_from_ios_160.png?t=xoxe-332590185332-430098056850-431139793783-a3ecafe0d0f66efa522a67af632228d7",
                "thumb_720": "https:\/\/files.slack.com\/files-tmb\/T9SHC5F9S-FBVSVSMUJ-dd237da411\/image_from_ios_720.png?t=xoxe-332590185332-430098056850-431139793783-a3ecafe0d0f66efa522a67af632228d7",
                "thumb_720_w": 405,
                "thumb_720_h": 720,
                "thumb_800": "https:\/\/files.slack.com\/files-tmb\/T9SHC5F9S-FBVSVSMUJ-dd237da411\/image_from_ios_800.png?t=xoxe-332590185332-430098056850-431139793783-a3ecafe0d0f66efa522a67af632228d7",
                "thumb_800_w": 450,
                "thumb_800_h": 800,
                "thumb_960": "https:\/\/files.slack.com\/files-tmb\/T9SHC5F9S-FBVSVSMUJ-dd237da411\/image_from_ios_960.png?t=xoxe-332590185332-430098056850-431139793783-a3ecafe0d0f66efa522a67af632228d7",
                "thumb_960_w": 540,
                "thumb_960_h": 960,
                "thumb_1024": "https:\/\/files.slack.com\/files-tmb\/T9SHC5F9S-FBVSVSMUJ-dd237da411\/image_from_ios_1024.png?t=xoxe-332590185332-430098056850-431139793783-a3ecafe0d0f66efa522a67af632228d7",
                "thumb_1024_w": 576,
                "thumb_1024_h": 1024,
                "image_exif_rotation": 1,
                "original_w": 750,
                "original_h": 1334,
                "permalink": "https:\/\/daitgirls.slack.com\/files\/UBF1K97FH\/FBVSVSMUJ\/image_from_ios.png",
                "permalink_public": "https:\/\/slack-files.com\/T9SHC5F9S-FBVSVSMUJ-24bb2cdb49",
                "reactions": [
                    {
                        "name": "+1",
                        "users": [
                            "UBDN8T42G"
                        ],
                        "count": 1
                    }
                ]
            }
        ],
        "upload": true,
        "user": "UBF1K97FH",
        "display_as_bot": false,
        "reactions": [
            {
                "name": "+1",
                "users": [
                    "UBDN8T42G"
                ],
                "count": 1
            }
        ],
        "upload_reply_to": "ECEB1C90-210E-4A02-8B53-F749F96B886C",
        "ts": "1532431397.000114"
    },
    {
        "type": "message",
        "user": "UBDN8T42G",
        "text": "이열 소령님 아이디어 :clap::clap::clap:",
        "client_msg_id": "75cbf8b8-0b7d-42a2-9af0-26940690156c",
        "thread_ts": "1532427456.000164",
        "parent_user_id": "UBF0XFP7Z",
        "ts": "1532437516.000434"
    },
    {
        "type": "message",
        "user": "UBDN8T42G",
        "text": "*2를 쓴다고 두자리가 오는 건 아닌 것 같고, 자리수 지정하는건 {}로 할 수 있습니다!\n```\n (\\d){2}\n```\n로 하면 2자리 숫자로 지정!",
        "client_msg_id": "2e413b1e-f277-444d-a974-d0b83f82f46b",
        "thread_ts": "1532430976.000104",
        "parent_user_id": "UBF1K97FH",
        "ts": "1532437692.000338"
    }
]