[
    {
        "type": "message",
        "user": "UBF1K97FH",
        "text": "소령님 왕!",
        "client_msg_id": "b0e97a1e-5103-42c8-9916-1f9d91ad86b9",
        "ts": "1534232285.000100"
    },
    {
        "type": "message",
        "user": "UBF1K97FH",
        "text": ":hahahaha:",
        "client_msg_id": "e3cf5141-49e6-436d-b77d-cd121159b5b3",
        "ts": "1534232292.000100",
        "reactions": [
            {
                "name": "hahahaha",
                "users": [
                    "UBF0XFP7Z",
                    "UBDUUV802"
                ],
                "count": 2
            }
        ]
    },
    {
        "type": "message",
        "text": "",
        "files": [
            {
                "id": "FC952CM63",
                "created": 1534233523,
                "timestamp": 1534233523,
                "name": "바지사장님짱.png",
                "title": "바지사장님짱.png",
                "mimetype": "image\/png",
                "filetype": "png",
                "pretty_type": "PNG",
                "user": "UBF1K97FH",
                "editable": false,
                "size": 27441,
                "mode": "hosted",
                "is_external": false,
                "external_type": "",
                "is_public": true,
                "public_url_shared": false,
                "display_as_bot": false,
                "username": "",
                "url_private": "https:\/\/files.slack.com\/files-pri\/T9SHC5F9S-FC952CM63\/_____________________________________________.png?t=xoxe-332590185332-430098056850-431139793783-a3ecafe0d0f66efa522a67af632228d7",
                "url_private_download": "https:\/\/files.slack.com\/files-pri\/T9SHC5F9S-FC952CM63\/download\/_____________________________________________.png?t=xoxe-332590185332-430098056850-431139793783-a3ecafe0d0f66efa522a67af632228d7",
                "thumb_64": "https:\/\/files.slack.com\/files-tmb\/T9SHC5F9S-FC952CM63-399e47af96\/______________________________________________64.png?t=xoxe-332590185332-430098056850-431139793783-a3ecafe0d0f66efa522a67af632228d7",
                "thumb_80": "https:\/\/files.slack.com\/files-tmb\/T9SHC5F9S-FC952CM63-399e47af96\/______________________________________________80.png?t=xoxe-332590185332-430098056850-431139793783-a3ecafe0d0f66efa522a67af632228d7",
                "thumb_360": "https:\/\/files.slack.com\/files-tmb\/T9SHC5F9S-FC952CM63-399e47af96\/______________________________________________360.png?t=xoxe-332590185332-430098056850-431139793783-a3ecafe0d0f66efa522a67af632228d7",
                "thumb_360_w": 128,
                "thumb_360_h": 128,
                "thumb_160": "https:\/\/files.slack.com\/files-tmb\/T9SHC5F9S-FC952CM63-399e47af96\/______________________________________________160.png?t=xoxe-332590185332-430098056850-431139793783-a3ecafe0d0f66efa522a67af632228d7",
                "image_exif_rotation": 1,
                "original_w": 128,
                "original_h": 128,
                "permalink": "https:\/\/daitgirls.slack.com\/files\/UBF1K97FH\/FC952CM63\/_____________________________________________.png",
                "permalink_public": "https:\/\/slack-files.com\/T9SHC5F9S-FC952CM63-c1519bf3ad"
            }
        ],
        "upload": true,
        "user": "UBF1K97FH",
        "display_as_bot": false,
        "thread_ts": "1534233524.000100",
        "reply_count": 2,
        "replies": [
            {
                "user": "UBDN8T42G",
                "ts": "1534233920.000100"
            },
            {
                "user": "UBDN8T42G",
                "ts": "1534233945.000100"
            }
        ],
        "unread_count": 2,
        "ts": "1534233524.000100",
        "reactions": [
            {
                "name": "바지사장",
                "users": [
                    "UBDRWU3GT",
                    "UBDN8UG4C",
                    "UBDRWADQB",
                    "UBF0XFP7Z",
                    "UBDN90RJQ"
                ],
                "count": 5
            }
        ]
    },
    {
        "type": "message",
        "user": "UBF0XFP7Z",
        "text": "최고 &gt;_&lt;",
        "client_msg_id": "a57f538b-2b81-4937-b950-545c118d9f1c",
        "ts": "1534233871.000100"
    },
    {
        "type": "message",
        "user": "UBDN8T42G",
        "text": "ㅋㅋㅋㅋㅋㅋㅋㅋㅋㅋㅋㅋㅋㅋㅋ",
        "client_msg_id": "8c9949a3-f766-4f4d-9144-9f1e8f42ca11",
        "thread_ts": "1534233524.000100",
        "parent_user_id": "UBF1K97FH",
        "ts": "1534233920.000100"
    },
    {
        "type": "message",
        "user": "UBDN8T42G",
        "text": "바지사장, 도넛의 무게를 견뎌라",
        "client_msg_id": "d68855ea-b9ab-4fdd-8d70-a7e76bd001c7",
        "thread_ts": "1534233524.000100",
        "parent_user_id": "UBF1K97FH",
        "ts": "1534233945.000100",
        "reactions": [
            {
                "name": "laughing",
                "users": [
                    "UBF0XFP7Z",
                    "UBDCWMFND"
                ],
                "count": 2
            },
            {
                "name": "rolling_on_the_floor_laughing",
                "users": [
                    "UBF1K97FH"
                ],
                "count": 1
            }
        ]
    },
    {
        "type": "message",
        "user": "UBDN8T42G",
        "text": "스터디는 5:30에 시작할까욥?",
        "client_msg_id": "eedc485a-de63-4199-8e10-0f754d95147f",
        "ts": "1534234234.000100"
    },
    {
        "type": "message",
        "user": "UBF0XFP7Z",
        "text": "져아영 1층으로 갈까요",
        "client_msg_id": "517aba48-1bd0-407e-836f-4602fcb8c967",
        "ts": "1534234243.000100"
    },
    {
        "type": "message",
        "user": "UBDN8T42G",
        "text": "져아영~~~",
        "client_msg_id": "b27871db-867b-4938-98d4-53ccfe442746",
        "ts": "1534234247.000100"
    },
    {
        "type": "message",
        "user": "UBDN8T42G",
        "text": "1층 빨간 테이블에서 5:30에 스터디 시작하겠습니드아아아아아",
        "client_msg_id": "f4c6c9b6-ecba-4969-abd0-b7d2a6464bea",
        "ts": "1534234309.000100"
    },
    {
        "type": "message",
        "user": "UBDN8UG4C",
        "text": "크흐....",
        "client_msg_id": "43f5c6ad-dd55-4c32-83ed-94ae9cea56fe",
        "ts": "1534234327.000100"
    },
    {
        "type": "message",
        "user": "UBDN8UG4C",
        "text": "저 공모전 얘기 빨리끝나면ㅇ 갈꼐여!!",
        "client_msg_id": "b710d879-bc5a-4157-8e19-d7ae35b19fda",
        "ts": "1534234336.000100"
    },
    {
        "type": "message",
        "user": "UBF0XFP7Z",
        "text": "3층",
        "client_msg_id": "F54A2E13-5BF6-4186-AA97-44A405681A95",
        "ts": "1534234990.000100"
    },
    {
        "type": "message",
        "user": "UBF0XFP7Z",
        "text": "으로 오쎄오",
        "client_msg_id": "3CE5CC96-9962-45CC-BB80-104277CE70DD",
        "ts": "1534235010.000100"
    },
    {
        "type": "message",
        "user": "UBDN8T42G",
        "text": "으윽 ㅠㅠ 지굼 가는즁 흑흑",
        "client_msg_id": "ECACA207-16FB-481D-B507-5FA3BE4FAB7A",
        "ts": "1534235022.000100"
    },
    {
        "type": "message",
        "user": "UBF1K97FH",
        "text": "Econometric Theory\/Ordinary Least Squares (OLS)",
        "client_msg_id": "c52a85dd-833a-42f9-bd60-0439312ef080",
        "ts": "1534236413.000200"
    },
    {
        "type": "message",
        "user": "UBF1K97FH",
        "text": "<https:\/\/en.wikibooks.org\/wiki\/Econometric_Theory\/Ordinary_Least_Squares_(OLS)>",
        "client_msg_id": "8b3cd7ad-1ada-43c2-833d-a53d8a2d9eab",
        "ts": "1534236419.000200",
        "reactions": [
            {
                "name": "thumbsup_all",
                "users": [
                    "UBDN90RJQ"
                ],
                "count": 1
            }
        ]
    },
    {
        "type": "message",
        "user": "UBDN8UG4C",
        "text": "ㅜ저도",
        "client_msg_id": "809A0676-F6F2-403F-9557-6CFB05AC1E72",
        "ts": "1534237439.000100"
    },
    {
        "type": "message",
        "user": "UBDN8UG4C",
        "text": "stats.pearsonr(boston['rad'],boston['tax'])",
        "client_msg_id": "edaadfe4-aadf-4349-9ba2-6a54293b97a9",
        "ts": "1534240296.000200"
    },
    {
        "type": "message",
        "user": "UBDN8T42G",
        "text": "다음주 스터디는 파이썬 기초~~~",
        "client_msg_id": "0580641e-987e-403d-9de9-d666409f87dc",
        "ts": "1534240951.000100",
        "reactions": [
            {
                "name": "hahahaha",
                "users": [
                    "UBDUUV802"
                ],
                "count": 1
            }
        ]
    },
    {
        "type": "message",
        "user": "UBDUUHX4J",
        "text": "ㄹㄴㄹ 앎ㄴ이럼ㄴㅇㄹ ㅓㅁㄴㅇㄹ!!! 힘내요",
        "client_msg_id": "c88ef82f-b41b-4c91-b324-0f82626bc34b",
        "ts": "1534240961.000100"
    },
    {
        "type": "message",
        "user": "UBDN8T42G",
        "text": "낙곱새 목으러 어여 오세용 저희 먼저 가있을게요ㅜㅜㅜ",
        "client_msg_id": "85A5CD6A-6918-4CF0-8062-D2B38985905C",
        "ts": "1534242946.000100"
    },
    {
        "type": "message",
        "user": "UBF0XFP7Z",
        "text": "어디로 가면 되나여",
        "client_msg_id": "8726406F-980F-4159-A4C1-95B549B33FDF",
        "ts": "1534242982.000100"
    },
    {
        "type": "message",
        "user": "UBDN8UG4C",
        "text": "그 ",
        "client_msg_id": "171BB3B9-5A6E-4FA1-925B-FF39A2B301D1",
        "ts": "1534243075.000100"
    },
    {
        "type": "message",
        "user": "UBDN8UG4C",
        "text": "공덕역에 딸려있는 낙곱새집이요!",
        "client_msg_id": "7CDA13CE-1A65-43DB-A185-CE70B890C2BB",
        "ts": "1534243101.000100"
    },
    {
        "type": "message",
        "user": "UBDRWU3GT",
        "text": "넹 가고있어요~~",
        "ts": "1534243176.000100"
    },
    {
        "type": "message",
        "user": "UBDN8T42G",
        "text": "[네이버 지도]\n용호동낙지 공덕점\n서울 마포구 마포대로 92\n<http:\/\/naver.me\/Gd31nHm4>",
        "client_msg_id": "5E43376D-0E0E-42A3-B5DE-A7616A4710D7",
        "attachments": [
            {
                "service_name": "네이버 지도",
                "title": "용호동낙지 공덕점",
                "title_link": "http:\/\/naver.me\/Gd31nHm4",
                "text": "부산에서 유명한 낙곱새 (낙지, 곱창, 새우) 음식으로 서울 주요 지역에 용호동낙지가 오픈하여 많은 사랑을 받고 있습니다. 최근 식신로드3 (2018년 1월 9일) 빨간맛 로드 \"낙곱새\" 편 방영, 수요미식회 159회 (2018년 2월 28일) \"낙지\" 편 방영, 인생술집 62회 (2018년 3얼 15일) 최강창민, 시우민, 마크 출연에 방송되었습니다. 낙지, 곱창, 해산물을 좋아하시는 분들의 많은 방문 부탁드립니다. 항상 최선을 다해서 모시겠습니다.",
                "fallback": "네이버 지도: 용호동낙지 공덕점",
                "image_url": "https:\/\/ssl.map.naver.com\/staticmap\/image?version=1.1&crs=EPSG%3A4326&caller=og_map&center=126.9522059%2C37.5425389&level=8&scale=2&w=500&h=500&markers=type%2Cdefault2%2C126.9522059%2C37.5425389&baselayer=default",
                "from_url": "http:\/\/naver.me\/Gd31nHm4",
                "image_width": 250,
                "image_height": 250,
                "image_bytes": 612734,
                "service_icon": "https:\/\/map.naver.com\/favicon.ico?v20140331",
                "id": 1,
                "original_url": "http:\/\/naver.me\/Gd31nHm4"
            }
        ],
        "ts": "1534243179.000200"
    },
    {
        "type": "message",
        "user": "UBDN8T42G",
        "text": "요기!!!",
        "client_msg_id": "C96703E4-608D-469D-ADB0-18C564A6F88E",
        "ts": "1534243184.000100"
    },
    {
        "type": "message",
        "user": "UBDUUUCMQ",
        "text": "와 오늘 낙곱새 파티에요?오져따리",
        "client_msg_id": "03dcf9db-7f52-4972-b455-994555b1af94",
        "edited": {
            "user": "UBDUUUCMQ",
            "ts": "1534243262.000000"
        },
        "ts": "1534243250.000200"
    },
    {
        "type": "message",
        "user": "UBDN8UG4C",
        "text": "ㅋㅋㅋㅋㅋㅋㅋㅋㅋ",
        "client_msg_id": "BCC813D7-78DD-46B8-816E-4CA352ACC4F0",
        "ts": "1534243276.000100"
    },
    {
        "type": "message",
        "user": "UBF1K97FH",
        "text": "다솜님이 보고싶어요",
        "client_msg_id": "8D2AA7A0-6D23-4CD0-9216-461A0BC8282F",
        "ts": "1534243286.000100",
        "reactions": [
            {
                "name": "heart",
                "users": [
                    "UBDUUUCMQ",
                    "UBF0XFP7Z"
                ],
                "count": 2
            },
            {
                "name": "kissing_heart",
                "users": [
                    "UBDUUUCMQ",
                    "UBF0XFP7Z"
                ],
                "count": 2
            }
        ]
    },
    {
        "type": "message",
        "user": "UBDN8UG4C",
        "text": "파티까지는 아닌것같구 그냥 저녁이요ㅎㅎ",
        "client_msg_id": "365D66EC-2533-42C5-8069-2B86AE579C6D",
        "ts": "1534243286.000300"
    },
    {
        "type": "message",
        "user": "UBDN8UG4C",
        "text": "공덕역 근처긴 한데 전혀 딸려있지않네여..ㅠ",
        "client_msg_id": "AACB4FD9-E0F1-4985-B9A1-F21F600D9F3C",
        "ts": "1534243570.000200"
    },
    {
        "type": "message",
        "user": "UBDN8UG4C",
        "text": "에스오일 건물 지나서 오세용!!",
        "client_msg_id": "460927C8-227F-4B94-B47E-0672AF47747A",
        "ts": "1534243584.000100"
    },
    {
        "type": "message",
        "user": "UBDUUHX4J",
        "text": "더워요",
        "client_msg_id": "40C1D13A-B9A6-4FDB-BF3B-330D52CA27A7",
        "ts": "1534243596.000100"
    },
    {
        "type": "message",
        "user": "UBDN8UG4C",
        "text": "인정..",
        "client_msg_id": "03674DBE-6957-422E-971E-561308CCB17F",
        "ts": "1534243691.000100"
    },
    {
        "type": "message",
        "user": "UBDN8T42G",
        "text": "안쪽으로 들어와서 아비꼬 지나서 돌아와야해욥",
        "client_msg_id": "9981DCAA-8E5A-4D45-AF69-45FF7574A341",
        "ts": "1534243693.000100"
    },
    {
        "type": "message",
        "user": "UBDN8T42G",
        "text": "못 찾으면 말하세영 찾으러가게씀ㅋㅋㅋㅋㅋㅋㅋ",
        "client_msg_id": "D86BF70D-F3EF-4A30-A537-6F818246226F",
        "ts": "1534243703.000100"
    },
    {
        "type": "message",
        "user": "UBDN8T42G",
        "text": "아직 공덕이신분 낙곱새 커몬",
        "client_msg_id": "F1990730-D969-4F44-AE99-C9FD8C7219BD",
        "ts": "1534243957.000100"
    },
    {
        "type": "message",
        "user": "UBF1K97FH",
        "text": "낙곱새 회동 결산합니다! 92000\/6=  1인당 15000원 국민은행 036-21-0960-214 김진영으로 보내주시면 됩니다. 저는 나온 배를 부여잡고 임산부석에 당당히 앉아가고 있습니다!",
        "client_msg_id": "5DAA9491-EF13-4720-A951-3F16584B9145",
        "edited": {
            "user": "UBF1K97FH",
            "ts": "1534249173.000000"
        },
        "ts": "1534249156.000100"
    },
    {
        "type": "message",
        "user": "UBF1K97FH",
        "text": "스터디데조여서 너무 행복합니당",
        "client_msg_id": "C0B7B787-518F-4820-8593-79DE47737AD6",
        "ts": "1534249212.000100",
        "reactions": [
            {
                "name": "dait_happy",
                "users": [
                    "UBDRWU3GT",
                    "UBDCWMFND",
                    "UBDN8T42G",
                    "UBDUUV802",
                    "UBF0XFP7Z"
                ],
                "count": 5
            }
        ]
    },
    {
        "type": "message",
        "user": "UBDN8UG4C",
        "text": "녭!!=ㅅ= 감사함니당 희희",
        "client_msg_id": "3C4BFFEF-8FA9-4FC3-8717-1525E39AC976",
        "ts": "1534249892.000100"
    },
    {
        "type": "message",
        "user": "UBDN8UG4C",
        "text": "그 5분 이내 반대편 환승은 서울시만 된다네용ㅠㅠ흡... 근데 저는 분당선에서두 했었는뎅.....이상이상..",
        "client_msg_id": "FFAD70F0-4E2A-45C4-A04D-4D5FCB31A6CA",
        "ts": "1534249938.000100",
        "reactions": [
            {
                "name": "thinking_face",
                "users": [
                    "UBF0XFP7Z"
                ],
                "count": 1
            },
            {
                "name": "내일수업은",
                "users": [
                    "UBF0XFP7Z"
                ],
                "count": 1
            }
        ]
    },
    {
        "type": "message",
        "user": "UBDN8UG4C",
        "text": "(집착)",
        "client_msg_id": "266257FE-8C62-4818-A1C7-C5FED887242A",
        "ts": "1534249947.000100"
    },
    {
        "type": "message",
        "user": "UBDN8T42G",
        "text": "입금했습니다 진영님~~~~!",
        "client_msg_id": "B21E7127-647F-4D79-98E4-D97BD4CD29DF",
        "thread_ts": "1534261174.000100",
        "reply_count": 1,
        "replies": [
            {
                "user": "UBF1K97FH",
                "ts": "1534278606.000100"
            }
        ],
        "unread_count": 1,
        "ts": "1534261174.000100",
        "reactions": [
            {
                "name": "woman-gesturing-ok",
                "users": [
                    "UBF1K97FH"
                ],
                "count": 1
            }
        ]
    },
    {
        "type": "message",
        "user": "UBF1K97FH",
        "text": "네네 확인했습니다 감사해요~~",
        "client_msg_id": "ABABF3F8-9A17-4185-A420-22B9306DFD6A",
        "thread_ts": "1534261174.000100",
        "parent_user_id": "UBDN8T42G",
        "ts": "1534278606.000100"
    }
]