[
    {
        "type": "message",
        "user": "UBDRWK8SX",
        "text": "<@UBDCWMFND> 행복했어요ㅠㅠㅠㅠ아름님 감사해요",
        "client_msg_id": "8e0dddb5-ad31-4ea8-9f9f-bf55cc2ebdb2",
        "thread_ts": "1532786704.000055",
        "parent_user_id": "UBDCWMFND",
        "ts": "1532861257.000026"
    },
    {
        "type": "message",
        "user": "UBDRWK8SX",
        "text": "<@UBF1K97FH> 비&amp;소주&amp;오뎅탕 콜이요!!!! 입금완료했습니당 : )",
        "client_msg_id": "3f19bf88-521d-4229-99ac-b35a215f9e24",
        "thread_ts": "1532754808.000034",
        "parent_user_id": "UBF1K97FH",
        "ts": "1532861314.000022",
        "reactions": [
            {
                "name": "pray",
                "users": [
                    "UBF1K97FH"
                ],
                "count": 1
            }
        ]
    },
    {
        "type": "message",
        "user": "UBF1K97FH",
        "text": "빨리 비가 오길~ ㅎㅎㅎ",
        "client_msg_id": "CAABBC65-99B9-4079-9EDE-080E02B33928",
        "thread_ts": "1532754808.000034",
        "parent_user_id": "UBF1K97FH",
        "ts": "1532861499.000027"
    }
]