[
    {
        "type": "message",
        "user": "UBDN8T42G",
        "text": "5:30에 강의실 안에서 스터디 시작하겠습니다아~~~",
        "client_msg_id": "6e7b853d-3f53-4564-9b0f-15f05d763cae",
        "ts": "1531988392.000215"
    },
    {
        "type": "message",
        "user": "UBF1K97FH",
        "text": "저 지금 미팅끝내고 다시 들어갑니다. 6시쯤 합류할께요!",
        "client_msg_id": "93703087-ADC7-477F-9A54-BA09353785CE",
        "ts": "1531988538.000164"
    },
    {
        "type": "message",
        "user": "UBDN8UG4C",
        "text": "저는 오늘 10미닛2판다스 가드닝이어서요ㅠㅠㅠㅠ흡 얼른 끝내보고 참여해볼께요",
        "client_msg_id": "8c781999-1206-4c79-a818-3ff07c0281cd",
        "ts": "1531988897.000124"
    },
    {
        "type": "message",
        "user": "UBDN8T42G",
        "text": "네!!!!ㅎㅎㅎ",
        "client_msg_id": "4e9165a4-0360-4426-aaad-568031c739ca",
        "ts": "1531989566.000354"
    },
    {
        "type": "message",
        "user": "UBDN8T42G",
        "text": "<https:\/\/colab.research.google.com\/drive\/1lv7jLUKcbcVdtqT1Z1T9pi8Yp36ZZdx1#scrollTo=SCT04dh2mtDE>",
        "client_msg_id": "b31c5b72-399d-4dc2-8b48-ae3033801634",
        "attachments": [
            {
                "title": "Google Colaboratory",
                "title_link": "https:\/\/colab.research.google.com\/drive\/1lv7jLUKcbcVdtqT1Z1T9pi8Yp36ZZdx1#scrollTo=SCT04dh2mtDE",
                "fallback": "Google Colaboratory",
                "image_url": "https:\/\/colab.research.google.com\/img\/colab_favicon_256px.png",
                "from_url": "https:\/\/colab.research.google.com\/drive\/1lv7jLUKcbcVdtqT1Z1T9pi8Yp36ZZdx1#scrollTo=SCT04dh2mtDE",
                "image_width": 250,
                "image_height": 250,
                "image_bytes": 5500,
                "service_icon": "https:\/\/colab.research.google.com\/img\/colab_favicon.ico?vrz=colab_20180716_085316-RC00_204755443",
                "service_name": "colab.research.google.com",
                "id": 1,
                "original_url": "https:\/\/colab.research.google.com\/drive\/1lv7jLUKcbcVdtqT1Z1T9pi8Yp36ZZdx1#scrollTo=SCT04dh2mtDE"
            }
        ],
        "ts": "1531989979.000181"
    },
    {
        "type": "message",
        "user": "UBDN8T42G",
        "text": "저희 오늘 수업 내용 복습합니다~~!",
        "client_msg_id": "755f2d11-a38d-4010-935e-2a18e4e2dd55",
        "ts": "1531990019.000021"
    },
    {
        "user": "UBDRWK8SX",
        "inviter": "UBDN8T42G",
        "text": "<@UBDRWK8SX> has joined the channel",
        "type": "message",
        "subtype": "channel_join",
        "ts": "1531990025.000203"
    },
    {
        "type": "message",
        "user": "UBDN8T42G",
        "text": "<https:\/\/www1.president.go.kr\/petitions>",
        "client_msg_id": "ebcf4c08-0c2a-4c05-87e3-ca920b561ad4",
        "attachments": [
            {
                "title": "대한민국 청와대",
                "title_link": "https:\/\/www1.president.go.kr\/petitions",
                "text": "나라를 나라답게, 국민과 함께 갑니다.",
                "fallback": "대한민국 청와대",
                "image_url": "http:\/\/www.president.go.kr\/css\/favicon_400x210.png",
                "from_url": "https:\/\/www1.president.go.kr\/petitions",
                "image_width": 400,
                "image_height": 210,
                "image_bytes": 9894,
                "service_icon": "https:\/\/www1.president.go.kr\/css\/favicon.png",
                "service_name": "www1.president.go.kr",
                "id": 1,
                "original_url": "https:\/\/www1.president.go.kr\/petitions"
            }
        ],
        "ts": "1531992039.000236"
    }
]