[
    {
        "type": "message",
        "user": "UBF0XFP7Z",
        "text": "데조의 자랑 서영님",
        "client_msg_id": "319dcd7d-a108-4253-980b-70410b537504",
        "ts": "1534751397.000100"
    },
    {
        "type": "message",
        "user": "UBDN8UG4C",
        "text": "여윽시",
        "client_msg_id": "35eb4d16-0164-443e-9882-2483dbe5f315",
        "ts": "1534751404.000100"
    },
    {
        "type": "message",
        "text": "",
        "files": [
            {
                "id": "FCCRA3PU6",
                "created": 1534758957,
                "timestamp": 1534758957,
                "name": "20180820_141814.jpg",
                "title": "20180820_141814.jpg",
                "mimetype": "image\/jpeg",
                "filetype": "jpg",
                "pretty_type": "JPEG",
                "user": "UBDCWMFND",
                "editable": false,
                "size": 1639891,
                "mode": "hosted",
                "is_external": false,
                "external_type": "",
                "is_public": true,
                "public_url_shared": false,
                "display_as_bot": false,
                "username": "",
                "url_private": "https:\/\/files.slack.com\/files-pri\/T9SHC5F9S-FCCRA3PU6\/20180820_141814.jpg?t=xoxe-332590185332-430098056850-431139793783-a3ecafe0d0f66efa522a67af632228d7",
                "url_private_download": "https:\/\/files.slack.com\/files-pri\/T9SHC5F9S-FCCRA3PU6\/download\/20180820_141814.jpg?t=xoxe-332590185332-430098056850-431139793783-a3ecafe0d0f66efa522a67af632228d7",
                "thumb_64": "https:\/\/files.slack.com\/files-tmb\/T9SHC5F9S-FCCRA3PU6-a628f4c053\/20180820_141814_64.jpg?t=xoxe-332590185332-430098056850-431139793783-a3ecafe0d0f66efa522a67af632228d7",
                "thumb_80": "https:\/\/files.slack.com\/files-tmb\/T9SHC5F9S-FCCRA3PU6-a628f4c053\/20180820_141814_80.jpg?t=xoxe-332590185332-430098056850-431139793783-a3ecafe0d0f66efa522a67af632228d7",
                "thumb_360": "https:\/\/files.slack.com\/files-tmb\/T9SHC5F9S-FCCRA3PU6-a628f4c053\/20180820_141814_360.jpg?t=xoxe-332590185332-430098056850-431139793783-a3ecafe0d0f66efa522a67af632228d7",
                "thumb_360_w": 360,
                "thumb_360_h": 360,
                "thumb_480": "https:\/\/files.slack.com\/files-tmb\/T9SHC5F9S-FCCRA3PU6-a628f4c053\/20180820_141814_480.jpg?t=xoxe-332590185332-430098056850-431139793783-a3ecafe0d0f66efa522a67af632228d7",
                "thumb_480_w": 480,
                "thumb_480_h": 480,
                "thumb_160": "https:\/\/files.slack.com\/files-tmb\/T9SHC5F9S-FCCRA3PU6-a628f4c053\/20180820_141814_160.jpg?t=xoxe-332590185332-430098056850-431139793783-a3ecafe0d0f66efa522a67af632228d7",
                "thumb_720": "https:\/\/files.slack.com\/files-tmb\/T9SHC5F9S-FCCRA3PU6-a628f4c053\/20180820_141814_720.jpg?t=xoxe-332590185332-430098056850-431139793783-a3ecafe0d0f66efa522a67af632228d7",
                "thumb_720_w": 720,
                "thumb_720_h": 720,
                "thumb_800": "https:\/\/files.slack.com\/files-tmb\/T9SHC5F9S-FCCRA3PU6-a628f4c053\/20180820_141814_800.jpg?t=xoxe-332590185332-430098056850-431139793783-a3ecafe0d0f66efa522a67af632228d7",
                "thumb_800_w": 800,
                "thumb_800_h": 800,
                "thumb_960": "https:\/\/files.slack.com\/files-tmb\/T9SHC5F9S-FCCRA3PU6-a628f4c053\/20180820_141814_960.jpg?t=xoxe-332590185332-430098056850-431139793783-a3ecafe0d0f66efa522a67af632228d7",
                "thumb_960_w": 960,
                "thumb_960_h": 960,
                "thumb_1024": "https:\/\/files.slack.com\/files-tmb\/T9SHC5F9S-FCCRA3PU6-a628f4c053\/20180820_141814_1024.jpg?t=xoxe-332590185332-430098056850-431139793783-a3ecafe0d0f66efa522a67af632228d7",
                "thumb_1024_w": 1024,
                "thumb_1024_h": 1024,
                "image_exif_rotation": 1,
                "original_w": 3024,
                "original_h": 3024,
                "permalink": "https:\/\/daitgirls.slack.com\/files\/UBDCWMFND\/FCCRA3PU6\/20180820_141814.jpg",
                "permalink_public": "https:\/\/slack-files.com\/T9SHC5F9S-FCCRA3PU6-6000c79a26"
            }
        ],
        "upload": true,
        "user": "UBDCWMFND",
        "display_as_bot": false,
        "client_msg_id": "a4fb0767-2e65-4282-b90b-fa5bc6a50838",
        "ts": "1534758964.000100"
    },
    {
        "type": "message",
        "user": "U9UFEBXGF",
        "text": "와우 여윽시 서영님! 오늘 수업영상을 꼭 봐야겠군요ㅎㅎ",
        "client_msg_id": "3eca2170-a282-49b6-9ff4-934e56fa0ca2",
        "ts": "1534759074.000100"
    },
    {
        "type": "message",
        "user": "UBDUUV802",
        "text": "윽...!",
        "client_msg_id": "3e38eca9-4bce-4a4a-9f42-95ee10420b90",
        "ts": "1534760198.000200"
    },
    {
        "type": "message",
        "user": "UBDUUHX4J",
        "text": "엥 제 뒤통수 왜때문에 해그리드같아요",
        "client_msg_id": "50AAC3D7-AFFA-45A6-A45D-D38DF502B1DD",
        "ts": "1534764893.000100",
        "reactions": [
            {
                "name": "face_with_hand_over_mouth",
                "users": [
                    "UBF0XFP7Z",
                    "UBDN8T42G",
                    "UBDUUV802"
                ],
                "count": 3
            }
        ]
    },
    {
        "type": "message",
        "user": "UBF0XFP7Z",
        "text": "다혜님 마법 가능할 것 같아여",
        "client_msg_id": "D3DB2E21-35C9-4E45-8F31-60F766FF3CA2",
        "thread_ts": "1534765206.000100",
        "reply_count": 4,
        "replies": [
            {
                "user": "UBDUUHX4J",
                "ts": "1534765763.000100"
            },
            {
                "user": "UBDUUUCMQ",
                "ts": "1534768626.000100"
            },
            {
                "user": "UBDUUHX4J",
                "ts": "1534768642.000100"
            },
            {
                "user": "UBDN8T42G",
                "ts": "1534770496.000100"
            }
        ],
        "unread_count": 4,
        "ts": "1534765206.000100"
    },
    {
        "type": "message",
        "text": "바지사장님 오늘 양천구에서 열강중이십니다 :fire: :fire:",
        "files": [
            {
                "id": "FCB0EGT3K",
                "created": 1534765531,
                "timestamp": 1534765531,
                "name": "20180820_193548.jpg",
                "title": "20180820_193548.jpg",
                "mimetype": "image\/jpeg",
                "filetype": "jpg",
                "pretty_type": "JPEG",
                "user": "UBDCWMFND",
                "editable": false,
                "size": 4326572,
                "mode": "hosted",
                "is_external": false,
                "external_type": "",
                "is_public": true,
                "public_url_shared": false,
                "display_as_bot": false,
                "username": "",
                "url_private": "https:\/\/files.slack.com\/files-pri\/T9SHC5F9S-FCB0EGT3K\/20180820_193548.jpg?t=xoxe-332590185332-430098056850-431139793783-a3ecafe0d0f66efa522a67af632228d7",
                "url_private_download": "https:\/\/files.slack.com\/files-pri\/T9SHC5F9S-FCB0EGT3K\/download\/20180820_193548.jpg?t=xoxe-332590185332-430098056850-431139793783-a3ecafe0d0f66efa522a67af632228d7",
                "thumb_64": "https:\/\/files.slack.com\/files-tmb\/T9SHC5F9S-FCB0EGT3K-38232071b5\/20180820_193548_64.jpg?t=xoxe-332590185332-430098056850-431139793783-a3ecafe0d0f66efa522a67af632228d7",
                "thumb_80": "https:\/\/files.slack.com\/files-tmb\/T9SHC5F9S-FCB0EGT3K-38232071b5\/20180820_193548_80.jpg?t=xoxe-332590185332-430098056850-431139793783-a3ecafe0d0f66efa522a67af632228d7",
                "thumb_360": "https:\/\/files.slack.com\/files-tmb\/T9SHC5F9S-FCB0EGT3K-38232071b5\/20180820_193548_360.jpg?t=xoxe-332590185332-430098056850-431139793783-a3ecafe0d0f66efa522a67af632228d7",
                "thumb_360_w": 360,
                "thumb_360_h": 360,
                "thumb_480": "https:\/\/files.slack.com\/files-tmb\/T9SHC5F9S-FCB0EGT3K-38232071b5\/20180820_193548_480.jpg?t=xoxe-332590185332-430098056850-431139793783-a3ecafe0d0f66efa522a67af632228d7",
                "thumb_480_w": 480,
                "thumb_480_h": 480,
                "thumb_160": "https:\/\/files.slack.com\/files-tmb\/T9SHC5F9S-FCB0EGT3K-38232071b5\/20180820_193548_160.jpg?t=xoxe-332590185332-430098056850-431139793783-a3ecafe0d0f66efa522a67af632228d7",
                "thumb_720": "https:\/\/files.slack.com\/files-tmb\/T9SHC5F9S-FCB0EGT3K-38232071b5\/20180820_193548_720.jpg?t=xoxe-332590185332-430098056850-431139793783-a3ecafe0d0f66efa522a67af632228d7",
                "thumb_720_w": 720,
                "thumb_720_h": 720,
                "thumb_800": "https:\/\/files.slack.com\/files-tmb\/T9SHC5F9S-FCB0EGT3K-38232071b5\/20180820_193548_800.jpg?t=xoxe-332590185332-430098056850-431139793783-a3ecafe0d0f66efa522a67af632228d7",
                "thumb_800_w": 800,
                "thumb_800_h": 800,
                "thumb_960": "https:\/\/files.slack.com\/files-tmb\/T9SHC5F9S-FCB0EGT3K-38232071b5\/20180820_193548_960.jpg?t=xoxe-332590185332-430098056850-431139793783-a3ecafe0d0f66efa522a67af632228d7",
                "thumb_960_w": 960,
                "thumb_960_h": 960,
                "thumb_1024": "https:\/\/files.slack.com\/files-tmb\/T9SHC5F9S-FCB0EGT3K-38232071b5\/20180820_193548_1024.jpg?t=xoxe-332590185332-430098056850-431139793783-a3ecafe0d0f66efa522a67af632228d7",
                "thumb_1024_w": 1024,
                "thumb_1024_h": 1024,
                "image_exif_rotation": 1,
                "original_w": 3024,
                "original_h": 3024,
                "permalink": "https:\/\/daitgirls.slack.com\/files\/UBDCWMFND\/FCB0EGT3K\/20180820_193548.jpg",
                "permalink_public": "https:\/\/slack-files.com\/T9SHC5F9S-FCB0EGT3K-b58344739a"
            }
        ],
        "upload": true,
        "user": "UBDCWMFND",
        "display_as_bot": false,
        "client_msg_id": "69a3e0b0-ffc6-40c8-872e-0604ff7d37a3",
        "ts": "1534765538.000100",
        "reactions": [
            {
                "name": "100",
                "users": [
                    "U9UFEBXGF",
                    "UBF1K97FH",
                    "UBDCWMFND",
                    "UBF0XFP7Z",
                    "UBDCWPPNV"
                ],
                "count": 5
            },
            {
                "name": "star-struck",
                "users": [
                    "U9UFEBXGF",
                    "UBDUUUCMQ",
                    "UBDRWADQB",
                    "UBDCWMFND",
                    "UBF0XFP7Z"
                ],
                "count": 5
            },
            {
                "name": "+1",
                "users": [
                    "UBDUUUCMQ",
                    "UBDCWMFND",
                    "UBF0XFP7Z"
                ],
                "count": 3
            }
        ]
    },
    {
        "type": "message",
        "user": "UBDUUHX4J",
        "text": "진짜 나무덤불같네",
        "client_msg_id": "F2ABC36F-ADB9-485B-90D0-647EB6C2DF9B",
        "thread_ts": "1534765206.000100",
        "parent_user_id": "UBF0XFP7Z",
        "ts": "1534765763.000100"
    },
    {
        "type": "message",
        "user": "UBDUUUCMQ",
        "text": "덤불도어",
        "client_msg_id": "f6d7501a-d22e-4f0c-94df-1d2d0cda5b57",
        "thread_ts": "1534765206.000100",
        "parent_user_id": "UBF0XFP7Z",
        "ts": "1534768626.000100"
    },
    {
        "type": "message",
        "user": "UBDUUHX4J",
        "text": "(모야 다솜님 사칭당한듯..)",
        "client_msg_id": "4B758777-B031-41A5-9E6D-A3B1669F1A04",
        "thread_ts": "1534765206.000100",
        "parent_user_id": "UBF0XFP7Z",
        "ts": "1534768642.000100"
    },
    {
        "type": "message",
        "user": "UBDN8T42G",
        "text": "ㅋㅋㅋㅋㅋㅋㅋㅋㅋㅋㅋㅋㅋ:joy:",
        "client_msg_id": "5D03BE93-9D87-4A89-BDA9-E8BE3EC0F923",
        "ts": "1534770466.000100"
    },
    {
        "type": "message",
        "user": "UBDN8T42G",
        "text": "ㅋㅋㅋㅋㅋㅋㅋㅋㅋㅋㅋㅋㅋㅋ",
        "client_msg_id": "D9C0C440-EBD5-4717-8488-6EF9A7E5F037",
        "thread_ts": "1534765206.000100",
        "parent_user_id": "UBF0XFP7Z",
        "ts": "1534770496.000100"
    },
    {
        "type": "message",
        "user": "UBDN8UG4C",
        "text": "희희 데조의 자랑...서영님 쵝오",
        "client_msg_id": "e87d451d-fa32-424f-b8f6-d60579e4bfdc",
        "ts": "1534782843.000100"
    },
    {
        "type": "message",
        "user": "UBDN8UG4C",
        "text": "바지사장님두 넘 멋지네요...",
        "client_msg_id": "4a4d25f3-9cef-49a1-b318-e1f7da4bd839",
        "ts": "1534782878.000100"
    },
    {
        "type": "message",
        "user": "UBF0XFP7Z",
        "text": "데바시에서도 해쥬세여!",
        "client_msg_id": "fd95e155-2d94-43e9-ba70-dca5714729a2",
        "ts": "1534814723.000100"
    },
    {
        "type": "message",
        "user": "UBDN8T42G",
        "text": "원하시는분들이 있다믄 얼마든지~~!!!!",
        "client_msg_id": "3fea7661-8e86-489c-b21c-bff9f568094e",
        "ts": "1534816373.000100"
    },
    {
        "type": "message",
        "user": "UBDN8T42G",
        "text": ":laughing:",
        "client_msg_id": "fbe6b5fe-c9c9-4b9f-9b0e-262e7285cd38",
        "ts": "1534816377.000100"
    },
    {
        "type": "message",
        "user": "UBF0XFP7Z",
        "text": "스터디하실분",
        "client_msg_id": "3747552f-9f41-48c7-9f49-542cd173fa4a",
        "ts": "1534831947.000100"
    },
    {
        "type": "message",
        "user": "UBF0XFP7Z",
        "text": "오늘 뭐하져",
        "client_msg_id": "74a7ff97-e1e3-4d96-9577-b751495ba0e4",
        "ts": "1534831951.000100"
    },
    {
        "type": "message",
        "user": "UBF0XFP7Z",
        "text": "뀨뀨",
        "client_msg_id": "4438a1fd-4985-49c4-9d25-ebb83f25a4f9",
        "ts": "1534831953.000100"
    },
    {
        "type": "message",
        "user": "UBDCWPPNV",
        "text": "자판기요 ㅋㅋ",
        "client_msg_id": "f14c4899-03ca-41ee-b89f-c8b7205afab7",
        "ts": "1534831988.000100"
    },
    {
        "type": "message",
        "user": "UBF0XFP7Z",
        "text": "1. 지난시간 통계 파이썬\n2. 자판기 완성\n3. 파이썬 기초(자판기 외의 장난감 문제) - Up&amp;Down문제를 준비했어영",
        "client_msg_id": "77a4ce10-fd97-4f60-afbc-7a459a9249c6",
        "ts": "1534831997.000100"
    },
    {
        "type": "message",
        "user": "UBDCWPPNV",
        "text": "파이썬 기초 좋아염",
        "client_msg_id": "6b141db0-01aa-402f-97b7-7603dff842e8",
        "ts": "1534832011.000100"
    },
    {
        "type": "message",
        "user": "UBF1K97FH",
        "text": "자판기도 좋고 파이썬 기초도 좋아용",
        "client_msg_id": "409111bc-432d-4121-921b-9ae423f72628",
        "ts": "1534833248.000100"
    },
    {
        "type": "message",
        "user": "UBF0XFP7Z",
        "text": "오늘 스터디 우리 셋만 할 수도 있겠네여 두둥...",
        "client_msg_id": "7db59a1d-a54b-4faf-a949-de02f267dcad",
        "ts": "1534833456.000100"
    },
    {
        "type": "message",
        "user": "UBF1K97FH",
        "text": ":아름둥절:",
        "client_msg_id": "618d9e0c-eb62-49c3-99a2-127e52a80379",
        "ts": "1534833487.000100",
        "reactions": [
            {
                "name": "see_no_evil",
                "users": [
                    "UBDCWMFND",
                    "UBF0XFP7Z",
                    "UBDRVLD1R"
                ],
                "count": 3
            }
        ]
    },
    {
        "type": "message",
        "user": "UBDN8T42G",
        "text": "ㅠㅠㅠㅠㅠㅠㅠ앙듸",
        "client_msg_id": "414495fd-b286-4a70-a9ce-55a1a54e9b64",
        "ts": "1534834542.000100"
    },
    {
        "type": "message",
        "user": "UBDN8T42G",
        "text": "플젝 A조(다솜지영) 오늘 회..회식…",
        "client_msg_id": "fccf0616-321e-4321-b021-6a7934dc7fad",
        "ts": "1534834556.000100"
    },
    {
        "type": "message",
        "user": "UBDN8T42G",
        "text": "시무룩..",
        "client_msg_id": "0e11c03b-285f-45be-8e64-d570d769ed3f",
        "ts": "1534834560.000100",
        "reactions": [
            {
                "name": "cry",
                "users": [
                    "UBDUUUCMQ"
                ],
                "count": 1
            }
        ]
    }
]