[
    {
        "type": "message",
        "user": "UBDN8T42G",
        "text": "여러분 ㅠㅠㅠㅠ 오늘 저 약속이 있어서 먼저 가봐야할고 같은데 ㅠㅠ 여러분끼리 스터디 하실 수 있겠죠!!?? 문제없죠??!!",
        "client_msg_id": "ff6512a5-dcb3-480f-b026-b2e6709f2f70",
        "ts": "1531815263.000267"
    },
    {
        "type": "message",
        "user": "UBDUUUCMQ",
        "text": "우리 고문님ㅠㅠㅠㅠㅠ",
        "client_msg_id": "35dbb3d4-b2d8-4dce-a9ee-abdc4d081c47",
        "ts": "1531815275.000017"
    },
    {
        "type": "message",
        "user": "UBDUUUCMQ",
        "text": "우리 버리고 가는거에요??",
        "client_msg_id": "e6183b52-2352-4aff-a2a6-83dae4cb2896",
        "ts": "1531815278.000304"
    },
    {
        "type": "message",
        "user": "UBDN8T42G",
        "text": "오늘 고문 없음",
        "client_msg_id": "44ce0f5e-7e5f-4fdb-8da3-122b561186b6",
        "ts": "1531815283.000096"
    },
    {
        "type": "message",
        "user": "UBDUUUCMQ",
        "text": "고문님 우리 고문님",
        "client_msg_id": "9ba9d146-088c-48f1-944e-dac325d27fc2",
        "ts": "1531815283.000321"
    },
    {
        "type": "message",
        "user": "UBF1K97FH",
        "text": "헉 고문님",
        "client_msg_id": "42A7103D-56E1-49E7-80C5-D8F6BDE4AF14",
        "ts": "1531815284.000090"
    },
    {
        "type": "message",
        "user": "UBDUUUCMQ",
        "text": "ㅋㅋㅋㅋㅋㅋㅋㅋㅋㅋㅋㅋㅋ고문없음ㅋㅋㅋㅋㅋ",
        "client_msg_id": "fe4cc5e3-7c04-4426-a731-6d7c7d106b6a",
        "ts": "1531815287.000273"
    },
    {
        "type": "message",
        "user": "UBDN8T42G",
        "text": "ㅋㅋㅋㅋㅋㅋㅋㅋㅋㅋ기뻐하세요!!!!",
        "client_msg_id": "3d8590f8-6915-409f-962b-45f47dea5a8d",
        "ts": "1531815289.000299"
    },
    {
        "type": "message",
        "user": "UBDN8T42G",
        "text": "저도 가이 과제 넘 하고 싶었는데ㅠㅠ",
        "client_msg_id": "8aad458f-6a5a-48de-8cc0-19f7fbf0be96",
        "ts": "1531815299.000025"
    },
    {
        "type": "message",
        "user": "UBDN8T42G",
        "text": "같이",
        "client_msg_id": "3db89a47-2351-4268-bd94-e484485dad80",
        "ts": "1531815299.000206"
    },
    {
        "type": "message",
        "user": "UBDN8T42G",
        "text": "약속 있는걸 지금 연락와서 깨달았움..",
        "client_msg_id": "0aec3384-9cd0-48ce-b4a1-eff15ccb26dc",
        "ts": "1531815311.000174"
    },
    {
        "type": "message",
        "user": "UBF1K97FH",
        "text": "가이 과제 ㅎㅎㅎㅎ",
        "client_msg_id": "71FBD9D6-398F-445D-AA7D-E93AD114AF41",
        "ts": "1531815313.000323"
    },
    {
        "type": "message",
        "user": "UBDN8T42G",
        "text": "E조가 비었으니 E조에서 스터디를 시작합시다",
        "client_msg_id": "cb6dd983-9b47-4076-a139-6aa8bdc642bf",
        "ts": "1531815345.000068"
    },
    {
        "type": "message",
        "user": "UBDN8T42G",
        "text": "20분부터 시작하세용 저는 갈게요…죄송..",
        "client_msg_id": "9f462b2b-7af6-49ab-a371-6ae29815e387",
        "ts": "1531815358.000244"
    },
    {
        "type": "message",
        "user": "UBDN8T42G",
        "text": ":sob:",
        "client_msg_id": "4c1737e5-0632-46db-b34a-422e24cc4cab",
        "ts": "1531815360.000283"
    },
    {
        "type": "message",
        "user": "UBDN8UG4C",
        "text": "헉...",
        "client_msg_id": "28e994e8-7a76-4c53-93c1-12f96f753cca",
        "ts": "1531815374.000166"
    },
    {
        "type": "message",
        "user": "UBDN8UG4C",
        "text": "고문님이 없이는 진행되지 않을텐데ㅠ",
        "client_msg_id": "8026cfad-70b8-400c-9c63-fdfac2872a4b",
        "ts": "1531815381.000282"
    },
    {
        "type": "message",
        "user": "UBDN8T42G",
        "text": "아니에요 ㅇㅕ러분..",
        "client_msg_id": "0dfc5e56-78ff-4f25-97a9-13b095d959b2",
        "ts": "1531815390.000332"
    },
    {
        "type": "message",
        "user": "UBDN8T42G",
        "text": "여러분의 집단 지성을 믿어요",
        "client_msg_id": "999f3898-1485-4d70-82ff-0c0c20a38a33",
        "ts": "1531815396.000359"
    },
    {
        "type": "message",
        "user": "UBDN8UG4C",
        "text": "ㅋㅋㅋㅋㅋㅋㅋㅋㅋㅋ",
        "client_msg_id": "2e71aac9-cf1c-4f9b-b0a7-e79a890b8c64",
        "ts": "1531815399.000314"
    },
    {
        "type": "message",
        "user": "UBDN8T42G",
        "text": "제가 슬랙에서 감시하고있을테니",
        "client_msg_id": "0749a84f-5391-4141-a83c-32754ccfbde9",
        "ts": "1531815403.000127"
    },
    {
        "type": "message",
        "user": "UBDN8UG4C",
        "text": "ㅠ",
        "client_msg_id": "4ec0e04a-7c23-4397-85d1-eb1c979c670b",
        "ts": "1531815406.000133"
    },
    {
        "type": "message",
        "user": "UBDUUUCMQ",
        "text": "사공이 많으면 배가 산으로 간다",
        "client_msg_id": "33e3a4bf-bf06-4d07-940e-36d9da30d86b",
        "ts": "1531815409.000123"
    },
    {
        "type": "message",
        "user": "UBDN8T42G",
        "text": "실시간으로 공부한고 올리세요..??",
        "client_msg_id": "8adf40e6-8ec1-4d21-b36e-e3ae8417e7e6",
        "ts": "1531815410.000175"
    },
    {
        "type": "message",
        "user": "UBDN8T42G",
        "text": "ㅋㅋㅋㅋㅋㅋㅋㅋㅋㅋㅋㅋㅋㅋ",
        "client_msg_id": "510d923c-b902-44ba-b3c7-cfb7c49be614",
        "ts": "1531815412.000278"
    },
    {
        "type": "message",
        "user": "UBF1K97FH",
        "text": "ㅎㅎㅎㅎ",
        "client_msg_id": "D4A515DC-3A25-46EB-A74D-BB24FDE1DF32",
        "ts": "1531815497.000100"
    },
    {
        "type": "message",
        "user": "UBDN8UG4C",
        "text": "선장님이 없어가지고 하늘끝까지 가겠네여 오늘은....",
        "client_msg_id": "9918fb52-9b8b-4156-b3b6-3eb33884c9c8",
        "ts": "1531815579.000165"
    },
    {
        "type": "message",
        "user": "UBDCWPPNV",
        "text": "ㅋㅋㅋ 고문님",
        "client_msg_id": "ebe0d8eb-bba8-48a9-97b8-4a3b69b86b61",
        "ts": "1531815721.000287"
    },
    {
        "type": "message",
        "user": "UBDCWPPNV",
        "text": "어디 가시는거예요 ㅠㅠ",
        "client_msg_id": "231d8787-0583-4cac-9062-2aff665e8984",
        "ts": "1531815727.000256"
    },
    {
        "type": "message",
        "user": "UBDCWPPNV",
        "text": "집단지성 ㅋㅋㅋㅋㅋ",
        "client_msg_id": "887ed3db-926f-4b09-80a6-5681e8e42d25",
        "ts": "1531815739.000258"
    },
    {
        "type": "message",
        "user": "UBDCWPPNV",
        "text": "고문님 보고드립니다",
        "client_msg_id": "36fbeff0-70cb-4da6-97b4-9062c29d70bd",
        "ts": "1531817077.000014",
        "reactions": [
            {
                "name": "laughing",
                "users": [
                    "UBDN8T42G"
                ],
                "count": 1
            }
        ]
    },
    {
        "type": "message",
        "user": "UBDCWPPNV",
        "text": "<https:\/\/www.gov.kr\/robots.txt>",
        "client_msg_id": "76eaa8aa-3c15-44a5-9dc7-a8dfd638be45",
        "ts": "1531817079.000064"
    },
    {
        "type": "message",
        "user": "UBDCWPPNV",
        "text": "저는 해당 사이트 크롤링 하겠습니다",
        "client_msg_id": "ad196be9-7c1f-4b52-84dd-690231da992e",
        "ts": "1531817086.000176"
    },
    {
        "type": "message",
        "user": "UBF1K97FH",
        "text": "고문님 저는 jtbc로 갑니다",
        "client_msg_id": "faacfcac-0b9f-46e9-bd6a-f608a1581528",
        "ts": "1531817090.000197",
        "reactions": [
            {
                "name": "laughing",
                "users": [
                    "UBDN8T42G"
                ],
                "count": 1
            }
        ]
    },
    {
        "type": "message",
        "user": "UBDUUUCMQ",
        "text": "<http:\/\/kostat.go.kr\/robots.txt> 통계청 합니다",
        "client_msg_id": "7a641cf3-b4bd-44a9-a93f-eaa3089bc85e",
        "ts": "1531817096.000283",
        "reactions": [
            {
                "name": "clap",
                "users": [
                    "UBDN8T42G"
                ],
                "count": 1
            }
        ]
    },
    {
        "type": "message",
        "user": "UBDCWPPNV",
        "text": "ImportError: No module named request\n\n---------------------------------------------------------------------------\nNOTE: If your import is failing due to a missing package, you can\nmanually install dependencies using either !pip or !apt.\n\nTo view examples of installing some common dependencies, click the\n\"Open Examples\" button below.",
        "client_msg_id": "fcb6f2e5-7820-485b-b340-681cebb35512",
        "ts": "1531818081.000212"
    },
    {
        "type": "message",
        "user": "UBDCWPPNV",
        "text": "!pip install html5lib",
        "client_msg_id": "32834bdc-5ee3-431d-b7ee-f07432ddeeb6",
        "ts": "1531818240.000154"
    },
    {
        "type": "message",
        "user": "UBDCWPPNV",
        "text": "import requests\nurl = \"<https:\/\/www.gov.kr>\"\nwith urllib.request.urlopen(url) as f:\n  bytes = f.read()\n  html = bytes.decode('utf-8')\n  print(html[:16], html[-16:])",
        "client_msg_id": "a87af7c0-bd08-4eda-bb81-f72896e821e9",
        "ts": "1531818247.000435"
    },
    {
        "type": "message",
        "user": "UBDUUV802",
        "text": "저 혹시 getchildren을 사용해서 element를 볼 때와 소스코드 보기했을때와 보여지는 것이 다른데.. 이경우는 왜 이럴까요?\n\n홈페이지에서 소스코드 보기하면 title이 분명 있는데, \n\ngetchildren()을 입력해서 아무리 찾아도 title이 안 나오고 그냥 meta만 나와요ㅠㅠ",
        "client_msg_id": "9b9b8211-62bc-4093-b70f-30712a2295b7",
        "ts": "1531823671.000236"
    },
    {
        "type": "message",
        "user": "UBF1K97FH",
        "text": "서영님 코드 한번 캡쳐해서 보여주실 수 있나요?",
        "client_msg_id": "D1731B59-B7B6-4A73-99E8-5ABE915DA9D0",
        "ts": "1531823739.000170"
    },
    {
        "type": "message",
        "user": "UBF1K97FH",
        "text": "그리고 세영님! 인덱스 찾는 함수를 발견했어요!",
        "client_msg_id": "0BEBD09C-EB12-4C04-906C-8071E689E295",
        "ts": "1531823846.000022",
        "reactions": [
            {
                "name": "+1",
                "users": [
                    "UBDN8UG4C"
                ],
                "count": 1
            },
            {
                "name": "heart_eyes",
                "users": [
                    "UBDN8UG4C"
                ],
                "count": 1
            }
        ]
    },
    {
        "type": "message",
        "text": "",
        "files": [
            {
                "id": "FBSSCRW6B",
                "created": 1531823861,
                "timestamp": 1531823861,
                "name": "Image from iOS.png",
                "title": "Image from iOS",
                "mimetype": "image\/png",
                "filetype": "png",
                "pretty_type": "PNG",
                "user": "UBF1K97FH",
                "editable": false,
                "size": 131186,
                "mode": "hosted",
                "is_external": false,
                "external_type": "",
                "is_public": true,
                "public_url_shared": false,
                "display_as_bot": false,
                "username": "",
                "url_private": "https:\/\/files.slack.com\/files-pri\/T9SHC5F9S-FBSSCRW6B\/image_from_ios.png?t=xoxe-332590185332-430098056850-431139793783-a3ecafe0d0f66efa522a67af632228d7",
                "url_private_download": "https:\/\/files.slack.com\/files-pri\/T9SHC5F9S-FBSSCRW6B\/download\/image_from_ios.png?t=xoxe-332590185332-430098056850-431139793783-a3ecafe0d0f66efa522a67af632228d7",
                "thumb_64": "https:\/\/files.slack.com\/files-tmb\/T9SHC5F9S-FBSSCRW6B-b5c97f580c\/image_from_ios_64.png?t=xoxe-332590185332-430098056850-431139793783-a3ecafe0d0f66efa522a67af632228d7",
                "thumb_80": "https:\/\/files.slack.com\/files-tmb\/T9SHC5F9S-FBSSCRW6B-b5c97f580c\/image_from_ios_80.png?t=xoxe-332590185332-430098056850-431139793783-a3ecafe0d0f66efa522a67af632228d7",
                "thumb_360": "https:\/\/files.slack.com\/files-tmb\/T9SHC5F9S-FBSSCRW6B-b5c97f580c\/image_from_ios_360.png?t=xoxe-332590185332-430098056850-431139793783-a3ecafe0d0f66efa522a67af632228d7",
                "thumb_360_w": 202,
                "thumb_360_h": 360,
                "thumb_480": "https:\/\/files.slack.com\/files-tmb\/T9SHC5F9S-FBSSCRW6B-b5c97f580c\/image_from_ios_480.png?t=xoxe-332590185332-430098056850-431139793783-a3ecafe0d0f66efa522a67af632228d7",
                "thumb_480_w": 270,
                "thumb_480_h": 480,
                "thumb_160": "https:\/\/files.slack.com\/files-tmb\/T9SHC5F9S-FBSSCRW6B-b5c97f580c\/image_from_ios_160.png?t=xoxe-332590185332-430098056850-431139793783-a3ecafe0d0f66efa522a67af632228d7",
                "thumb_720": "https:\/\/files.slack.com\/files-tmb\/T9SHC5F9S-FBSSCRW6B-b5c97f580c\/image_from_ios_720.png?t=xoxe-332590185332-430098056850-431139793783-a3ecafe0d0f66efa522a67af632228d7",
                "thumb_720_w": 405,
                "thumb_720_h": 720,
                "thumb_800": "https:\/\/files.slack.com\/files-tmb\/T9SHC5F9S-FBSSCRW6B-b5c97f580c\/image_from_ios_800.png?t=xoxe-332590185332-430098056850-431139793783-a3ecafe0d0f66efa522a67af632228d7",
                "thumb_800_w": 450,
                "thumb_800_h": 800,
                "thumb_960": "https:\/\/files.slack.com\/files-tmb\/T9SHC5F9S-FBSSCRW6B-b5c97f580c\/image_from_ios_960.png?t=xoxe-332590185332-430098056850-431139793783-a3ecafe0d0f66efa522a67af632228d7",
                "thumb_960_w": 540,
                "thumb_960_h": 960,
                "thumb_1024": "https:\/\/files.slack.com\/files-tmb\/T9SHC5F9S-FBSSCRW6B-b5c97f580c\/image_from_ios_1024.png?t=xoxe-332590185332-430098056850-431139793783-a3ecafe0d0f66efa522a67af632228d7",
                "thumb_1024_w": 576,
                "thumb_1024_h": 1024,
                "image_exif_rotation": 1,
                "original_w": 750,
                "original_h": 1334,
                "permalink": "https:\/\/daitgirls.slack.com\/files\/UBF1K97FH\/FBSSCRW6B\/image_from_ios.png",
                "permalink_public": "https:\/\/slack-files.com\/T9SHC5F9S-FBSSCRW6B-c5eb2bc755"
            }
        ],
        "upload": true,
        "user": "UBF1K97FH",
        "display_as_bot": false,
        "upload_reply_to": "AE5800BD-59E7-49D4-8A62-E8F473A96393",
        "ts": "1531823865.000046"
    },
    {
        "type": "message",
        "text": "",
        "files": [
            {
                "id": "FBS01KUDB",
                "created": 1531824200,
                "timestamp": 1531824200,
                "name": "image.png",
                "title": "meta 밖에 없습니다",
                "mimetype": "image\/png",
                "filetype": "png",
                "pretty_type": "PNG",
                "user": "UBDUUV802",
                "editable": false,
                "size": 12206,
                "mode": "hosted",
                "is_external": false,
                "external_type": "",
                "is_public": true,
                "public_url_shared": false,
                "display_as_bot": false,
                "username": "",
                "url_private": "https:\/\/files.slack.com\/files-pri\/T9SHC5F9S-FBS01KUDB\/image.png?t=xoxe-332590185332-430098056850-431139793783-a3ecafe0d0f66efa522a67af632228d7",
                "url_private_download": "https:\/\/files.slack.com\/files-pri\/T9SHC5F9S-FBS01KUDB\/download\/image.png?t=xoxe-332590185332-430098056850-431139793783-a3ecafe0d0f66efa522a67af632228d7",
                "thumb_64": "https:\/\/files.slack.com\/files-tmb\/T9SHC5F9S-FBS01KUDB-357d64d27a\/image_64.png?t=xoxe-332590185332-430098056850-431139793783-a3ecafe0d0f66efa522a67af632228d7",
                "thumb_80": "https:\/\/files.slack.com\/files-tmb\/T9SHC5F9S-FBS01KUDB-357d64d27a\/image_80.png?t=xoxe-332590185332-430098056850-431139793783-a3ecafe0d0f66efa522a67af632228d7",
                "thumb_360": "https:\/\/files.slack.com\/files-tmb\/T9SHC5F9S-FBS01KUDB-357d64d27a\/image_360.png?t=xoxe-332590185332-430098056850-431139793783-a3ecafe0d0f66efa522a67af632228d7",
                "thumb_360_w": 360,
                "thumb_360_h": 151,
                "thumb_480": "https:\/\/files.slack.com\/files-tmb\/T9SHC5F9S-FBS01KUDB-357d64d27a\/image_480.png?t=xoxe-332590185332-430098056850-431139793783-a3ecafe0d0f66efa522a67af632228d7",
                "thumb_480_w": 480,
                "thumb_480_h": 201,
                "thumb_160": "https:\/\/files.slack.com\/files-tmb\/T9SHC5F9S-FBS01KUDB-357d64d27a\/image_160.png?t=xoxe-332590185332-430098056850-431139793783-a3ecafe0d0f66efa522a67af632228d7",
                "image_exif_rotation": 1,
                "original_w": 559,
                "original_h": 234,
                "permalink": "https:\/\/daitgirls.slack.com\/files\/UBDUUV802\/FBS01KUDB\/image.png",
                "permalink_public": "https:\/\/slack-files.com\/T9SHC5F9S-FBS01KUDB-1d76f161ef"
            }
        ],
        "upload": true,
        "user": "UBDUUV802",
        "display_as_bot": false,
        "ts": "1531824201.000248"
    },
    {
        "type": "message",
        "subtype": "file_comment",
        "text": "<@UBDUUV802> commented on <@UBDUUV802>’s file <https:\/\/daitgirls.slack.com\/files\/UBDUUV802\/FBS01KUDB\/image.png|meta 밖에 없습니다>: 수업시간에 선생님이랑 같이 했던 거와 똑같습니다!",
        "file": {
            "id": "FBS01KUDB",
            "created": 1531824200,
            "timestamp": 1531824200,
            "name": "image.png",
            "title": "meta 밖에 없습니다",
            "mimetype": "image\/png",
            "filetype": "png",
            "pretty_type": "PNG",
            "user": "UBDUUV802",
            "editable": false,
            "size": 12206,
            "mode": "hosted",
            "is_external": false,
            "external_type": "",
            "is_public": true,
            "public_url_shared": false,
            "display_as_bot": false,
            "username": "",
            "url_private": "https:\/\/files.slack.com\/files-pri\/T9SHC5F9S-FBS01KUDB\/image.png?t=xoxe-332590185332-430098056850-431139793783-a3ecafe0d0f66efa522a67af632228d7",
            "url_private_download": "https:\/\/files.slack.com\/files-pri\/T9SHC5F9S-FBS01KUDB\/download\/image.png?t=xoxe-332590185332-430098056850-431139793783-a3ecafe0d0f66efa522a67af632228d7",
            "thumb_64": "https:\/\/files.slack.com\/files-tmb\/T9SHC5F9S-FBS01KUDB-357d64d27a\/image_64.png?t=xoxe-332590185332-430098056850-431139793783-a3ecafe0d0f66efa522a67af632228d7",
            "thumb_80": "https:\/\/files.slack.com\/files-tmb\/T9SHC5F9S-FBS01KUDB-357d64d27a\/image_80.png?t=xoxe-332590185332-430098056850-431139793783-a3ecafe0d0f66efa522a67af632228d7",
            "thumb_360": "https:\/\/files.slack.com\/files-tmb\/T9SHC5F9S-FBS01KUDB-357d64d27a\/image_360.png?t=xoxe-332590185332-430098056850-431139793783-a3ecafe0d0f66efa522a67af632228d7",
            "thumb_360_w": 360,
            "thumb_360_h": 151,
            "thumb_480": "https:\/\/files.slack.com\/files-tmb\/T9SHC5F9S-FBS01KUDB-357d64d27a\/image_480.png?t=xoxe-332590185332-430098056850-431139793783-a3ecafe0d0f66efa522a67af632228d7",
            "thumb_480_w": 480,
            "thumb_480_h": 201,
            "thumb_160": "https:\/\/files.slack.com\/files-tmb\/T9SHC5F9S-FBS01KUDB-357d64d27a\/image_160.png?t=xoxe-332590185332-430098056850-431139793783-a3ecafe0d0f66efa522a67af632228d7",
            "image_exif_rotation": 1,
            "original_w": 559,
            "original_h": 234,
            "permalink": "https:\/\/daitgirls.slack.com\/files\/UBDUUV802\/FBS01KUDB\/image.png",
            "permalink_public": "https:\/\/slack-files.com\/T9SHC5F9S-FBS01KUDB-1d76f161ef"
        },
        "files": [
            {
                "id": "FBS01KUDB",
                "created": 1531824200,
                "timestamp": 1531824200,
                "name": "image.png",
                "title": "meta 밖에 없습니다",
                "mimetype": "image\/png",
                "filetype": "png",
                "pretty_type": "PNG",
                "user": "UBDUUV802",
                "editable": false,
                "size": 12206,
                "mode": "hosted",
                "is_external": false,
                "external_type": "",
                "is_public": true,
                "public_url_shared": false,
                "display_as_bot": false,
                "username": "",
                "url_private": "https:\/\/files.slack.com\/files-pri\/T9SHC5F9S-FBS01KUDB\/image.png?t=xoxe-332590185332-430098056850-431139793783-a3ecafe0d0f66efa522a67af632228d7",
                "url_private_download": "https:\/\/files.slack.com\/files-pri\/T9SHC5F9S-FBS01KUDB\/download\/image.png?t=xoxe-332590185332-430098056850-431139793783-a3ecafe0d0f66efa522a67af632228d7",
                "thumb_64": "https:\/\/files.slack.com\/files-tmb\/T9SHC5F9S-FBS01KUDB-357d64d27a\/image_64.png?t=xoxe-332590185332-430098056850-431139793783-a3ecafe0d0f66efa522a67af632228d7",
                "thumb_80": "https:\/\/files.slack.com\/files-tmb\/T9SHC5F9S-FBS01KUDB-357d64d27a\/image_80.png?t=xoxe-332590185332-430098056850-431139793783-a3ecafe0d0f66efa522a67af632228d7",
                "thumb_360": "https:\/\/files.slack.com\/files-tmb\/T9SHC5F9S-FBS01KUDB-357d64d27a\/image_360.png?t=xoxe-332590185332-430098056850-431139793783-a3ecafe0d0f66efa522a67af632228d7",
                "thumb_360_w": 360,
                "thumb_360_h": 151,
                "thumb_480": "https:\/\/files.slack.com\/files-tmb\/T9SHC5F9S-FBS01KUDB-357d64d27a\/image_480.png?t=xoxe-332590185332-430098056850-431139793783-a3ecafe0d0f66efa522a67af632228d7",
                "thumb_480_w": 480,
                "thumb_480_h": 201,
                "thumb_160": "https:\/\/files.slack.com\/files-tmb\/T9SHC5F9S-FBS01KUDB-357d64d27a\/image_160.png?t=xoxe-332590185332-430098056850-431139793783-a3ecafe0d0f66efa522a67af632228d7",
                "image_exif_rotation": 1,
                "original_w": 559,
                "original_h": 234,
                "permalink": "https:\/\/daitgirls.slack.com\/files\/UBDUUV802\/FBS01KUDB\/image.png",
                "permalink_public": "https:\/\/slack-files.com\/T9SHC5F9S-FBS01KUDB-1d76f161ef"
            }
        ],
        "comment": {
            "id": "FcBRMGFWF5",
            "created": 1531824251,
            "timestamp": 1531824251,
            "user": "UBDUUV802",
            "is_intro": false,
            "comment": "수업시간에 선생님이랑 같이 했던 거와 똑같습니다!"
        },
        "is_intro": false,
        "ts": "1531824251.000255"
    },
    {
        "type": "message",
        "user": "UBF1K97FH",
        "text": "head안에 title이 없는 사이트 아닐까요?",
        "client_msg_id": "929DA9DE-BD61-46EE-8B22-84919B1216E1",
        "ts": "1531824470.000059"
    },
    {
        "type": "message",
        "user": "UBF1K97FH",
        "text": "아까 세영님이 알려주셨는데 지금 하시는 웹사이트 개발자 도구 열어서 title 존재 여부 확인해보시면 좋을 것 같아요",
        "client_msg_id": "3210D3CE-7314-48DF-890C-0098D3B9EAA7",
        "thread_ts": "1531824524.000038",
        "reply_count": 4,
        "replies": [
            {
                "user": "UBDUUV802",
                "ts": "1531824698.000027"
            },
            {
                "user": "UBF1K97FH",
                "ts": "1531825178.000098"
            },
            {
                "user": "UBF1K97FH",
                "ts": "1531825187.000228"
            },
            {
                "user": "UBDUUV802",
                "ts": "1531825222.000292"
            }
        ],
        "unread_count": 4,
        "ts": "1531824524.000038"
    },
    {
        "type": "message",
        "user": "UBDUUV802",
        "text": "아 그걸 naver랑 비교해서 확인해보면 head 안에 있는데 naver 실습할 때 처럼 모든 element가 추출?이 안되는 모양이예요ㅎㅎ 굉장히 많은 script와 meta가 존재하는데 이상하네요ㅠㅎㅎ 감사합니다!! 소스보기 말씀하신 것 맞죠?",
        "client_msg_id": "e6b65f4c-29e3-4689-b792-48f22770f9ae",
        "thread_ts": "1531824524.000038",
        "parent_user_id": "UBF1K97FH",
        "ts": "1531824698.000027"
    },
    {
        "type": "message",
        "user": "UBF1K97FH",
        "text": "네 맞아요~ 그래서 아까 지은님이 title이 들어간 str 찾는 for 문 알려주셨는데",
        "client_msg_id": "193E0BA7-6839-4B6A-BFF2-3C8EFF020C36",
        "thread_ts": "1531824524.000038",
        "parent_user_id": "UBF1K97FH",
        "ts": "1531825178.000098"
    },
    {
        "type": "message",
        "user": "UBF1K97FH",
        "text": "집에가서 캡쳐해서 보내드릴께요|~",
        "client_msg_id": "CBD21FAC-E320-4C63-B9C0-B4892EDD7CED",
        "thread_ts": "1531824524.000038",
        "parent_user_id": "UBF1K97FH",
        "ts": "1531825187.000228"
    },
    {
        "type": "message",
        "user": "UBDUUV802",
        "text": "오 정말 감사합니다!!:heart_eyes:",
        "client_msg_id": "77de22a4-bd4e-4642-91da-944128b32536",
        "thread_ts": "1531824524.000038",
        "parent_user_id": "UBF1K97FH",
        "ts": "1531825222.000292"
    },
    {
        "type": "message",
        "text": "",
        "files": [
            {
                "id": "FBRKUFT3N",
                "created": 1531831089,
                "timestamp": 1531831089,
                "name": "Image from iOS.jpg",
                "title": "Image from iOS",
                "mimetype": "image\/jpeg",
                "filetype": "jpg",
                "pretty_type": "JPEG",
                "user": "UBF1K97FH",
                "editable": false,
                "size": 20422875,
                "mode": "hosted",
                "is_external": false,
                "external_type": "",
                "is_public": true,
                "public_url_shared": false,
                "display_as_bot": false,
                "username": "",
                "url_private": "https:\/\/files.slack.com\/files-pri\/T9SHC5F9S-FBRKUFT3N\/image_from_ios.jpg?t=xoxe-332590185332-430098056850-431139793783-a3ecafe0d0f66efa522a67af632228d7",
                "url_private_download": "https:\/\/files.slack.com\/files-pri\/T9SHC5F9S-FBRKUFT3N\/download\/image_from_ios.jpg?t=xoxe-332590185332-430098056850-431139793783-a3ecafe0d0f66efa522a67af632228d7",
                "thumb_64": "https:\/\/files.slack.com\/files-tmb\/T9SHC5F9S-FBRKUFT3N-4bbdd8653c\/image_from_ios_64.jpg?t=xoxe-332590185332-430098056850-431139793783-a3ecafe0d0f66efa522a67af632228d7",
                "thumb_80": "https:\/\/files.slack.com\/files-tmb\/T9SHC5F9S-FBRKUFT3N-4bbdd8653c\/image_from_ios_80.jpg?t=xoxe-332590185332-430098056850-431139793783-a3ecafe0d0f66efa522a67af632228d7",
                "thumb_360": "https:\/\/files.slack.com\/files-tmb\/T9SHC5F9S-FBRKUFT3N-4bbdd8653c\/image_from_ios_360.jpg?t=xoxe-332590185332-430098056850-431139793783-a3ecafe0d0f66efa522a67af632228d7",
                "thumb_360_w": 360,
                "thumb_360_h": 270,
                "thumb_480": "https:\/\/files.slack.com\/files-tmb\/T9SHC5F9S-FBRKUFT3N-4bbdd8653c\/image_from_ios_480.jpg?t=xoxe-332590185332-430098056850-431139793783-a3ecafe0d0f66efa522a67af632228d7",
                "thumb_480_w": 480,
                "thumb_480_h": 360,
                "thumb_160": "https:\/\/files.slack.com\/files-tmb\/T9SHC5F9S-FBRKUFT3N-4bbdd8653c\/image_from_ios_160.jpg?t=xoxe-332590185332-430098056850-431139793783-a3ecafe0d0f66efa522a67af632228d7",
                "thumb_720": "https:\/\/files.slack.com\/files-tmb\/T9SHC5F9S-FBRKUFT3N-4bbdd8653c\/image_from_ios_720.jpg?t=xoxe-332590185332-430098056850-431139793783-a3ecafe0d0f66efa522a67af632228d7",
                "thumb_720_w": 720,
                "thumb_720_h": 540,
                "thumb_800": "https:\/\/files.slack.com\/files-tmb\/T9SHC5F9S-FBRKUFT3N-4bbdd8653c\/image_from_ios_800.jpg?t=xoxe-332590185332-430098056850-431139793783-a3ecafe0d0f66efa522a67af632228d7",
                "thumb_800_w": 800,
                "thumb_800_h": 600,
                "thumb_960": "https:\/\/files.slack.com\/files-tmb\/T9SHC5F9S-FBRKUFT3N-4bbdd8653c\/image_from_ios_960.jpg?t=xoxe-332590185332-430098056850-431139793783-a3ecafe0d0f66efa522a67af632228d7",
                "thumb_960_w": 960,
                "thumb_960_h": 720,
                "thumb_1024": "https:\/\/files.slack.com\/files-tmb\/T9SHC5F9S-FBRKUFT3N-4bbdd8653c\/image_from_ios_1024.jpg?t=xoxe-332590185332-430098056850-431139793783-a3ecafe0d0f66efa522a67af632228d7",
                "thumb_1024_w": 1024,
                "thumb_1024_h": 768,
                "image_exif_rotation": 1,
                "original_w": 4032,
                "original_h": 3024,
                "permalink": "https:\/\/daitgirls.slack.com\/files\/UBF1K97FH\/FBRKUFT3N\/image_from_ios.jpg",
                "permalink_public": "https:\/\/slack-files.com\/T9SHC5F9S-FBRKUFT3N-2023e733ca",
                "reactions": [
                    {
                        "name": "+1",
                        "users": [
                            "UBDUUV802"
                        ],
                        "count": 1
                    }
                ]
            }
        ],
        "upload": true,
        "user": "UBF1K97FH",
        "display_as_bot": false,
        "reactions": [
            {
                "name": "+1",
                "users": [
                    "UBDUUV802"
                ],
                "count": 1
            }
        ],
        "upload_reply_to": "5D6F868A-8611-47B6-B54C-7300801857BE",
        "ts": "1531831097.000177"
    },
    {
        "type": "message",
        "text": "",
        "files": [
            {
                "id": "FBRKUKHFW",
                "created": 1531831102,
                "timestamp": 1531831102,
                "name": "Image from iOS.jpg",
                "title": "Image from iOS",
                "mimetype": "image\/jpeg",
                "filetype": "jpg",
                "pretty_type": "JPEG",
                "user": "UBF1K97FH",
                "editable": false,
                "size": 18823640,
                "mode": "hosted",
                "is_external": false,
                "external_type": "",
                "is_public": true,
                "public_url_shared": false,
                "display_as_bot": false,
                "username": "",
                "url_private": "https:\/\/files.slack.com\/files-pri\/T9SHC5F9S-FBRKUKHFW\/image_from_ios.jpg?t=xoxe-332590185332-430098056850-431139793783-a3ecafe0d0f66efa522a67af632228d7",
                "url_private_download": "https:\/\/files.slack.com\/files-pri\/T9SHC5F9S-FBRKUKHFW\/download\/image_from_ios.jpg?t=xoxe-332590185332-430098056850-431139793783-a3ecafe0d0f66efa522a67af632228d7",
                "thumb_64": "https:\/\/files.slack.com\/files-tmb\/T9SHC5F9S-FBRKUKHFW-b2377ff452\/image_from_ios_64.jpg?t=xoxe-332590185332-430098056850-431139793783-a3ecafe0d0f66efa522a67af632228d7",
                "thumb_80": "https:\/\/files.slack.com\/files-tmb\/T9SHC5F9S-FBRKUKHFW-b2377ff452\/image_from_ios_80.jpg?t=xoxe-332590185332-430098056850-431139793783-a3ecafe0d0f66efa522a67af632228d7",
                "thumb_360": "https:\/\/files.slack.com\/files-tmb\/T9SHC5F9S-FBRKUKHFW-b2377ff452\/image_from_ios_360.jpg?t=xoxe-332590185332-430098056850-431139793783-a3ecafe0d0f66efa522a67af632228d7",
                "thumb_360_w": 360,
                "thumb_360_h": 270,
                "thumb_480": "https:\/\/files.slack.com\/files-tmb\/T9SHC5F9S-FBRKUKHFW-b2377ff452\/image_from_ios_480.jpg?t=xoxe-332590185332-430098056850-431139793783-a3ecafe0d0f66efa522a67af632228d7",
                "thumb_480_w": 480,
                "thumb_480_h": 360,
                "thumb_160": "https:\/\/files.slack.com\/files-tmb\/T9SHC5F9S-FBRKUKHFW-b2377ff452\/image_from_ios_160.jpg?t=xoxe-332590185332-430098056850-431139793783-a3ecafe0d0f66efa522a67af632228d7",
                "thumb_720": "https:\/\/files.slack.com\/files-tmb\/T9SHC5F9S-FBRKUKHFW-b2377ff452\/image_from_ios_720.jpg?t=xoxe-332590185332-430098056850-431139793783-a3ecafe0d0f66efa522a67af632228d7",
                "thumb_720_w": 720,
                "thumb_720_h": 540,
                "thumb_800": "https:\/\/files.slack.com\/files-tmb\/T9SHC5F9S-FBRKUKHFW-b2377ff452\/image_from_ios_800.jpg?t=xoxe-332590185332-430098056850-431139793783-a3ecafe0d0f66efa522a67af632228d7",
                "thumb_800_w": 800,
                "thumb_800_h": 600,
                "thumb_960": "https:\/\/files.slack.com\/files-tmb\/T9SHC5F9S-FBRKUKHFW-b2377ff452\/image_from_ios_960.jpg?t=xoxe-332590185332-430098056850-431139793783-a3ecafe0d0f66efa522a67af632228d7",
                "thumb_960_w": 960,
                "thumb_960_h": 720,
                "thumb_1024": "https:\/\/files.slack.com\/files-tmb\/T9SHC5F9S-FBRKUKHFW-b2377ff452\/image_from_ios_1024.jpg?t=xoxe-332590185332-430098056850-431139793783-a3ecafe0d0f66efa522a67af632228d7",
                "thumb_1024_w": 1024,
                "thumb_1024_h": 768,
                "image_exif_rotation": 1,
                "original_w": 4032,
                "original_h": 3024,
                "permalink": "https:\/\/daitgirls.slack.com\/files\/UBF1K97FH\/FBRKUKHFW\/image_from_ios.jpg",
                "permalink_public": "https:\/\/slack-files.com\/T9SHC5F9S-FBRKUKHFW-82cb02f643"
            }
        ],
        "upload": true,
        "user": "UBF1K97FH",
        "display_as_bot": false,
        "upload_reply_to": "DF06BF1D-8994-49F5-B182-DD03EF2BB93E",
        "ts": "1531831111.000324"
    },
    {
        "type": "message",
        "user": "UBF1K97FH",
        "text": "<@UBDUUV802> 서영님 지은님이 도와주신 코드입니다. 위가 함수 지정한 내용이고 아래가 for문 이예요",
        "client_msg_id": "32F1CBA1-0DC4-413D-B377-0612067BBFDB",
        "thread_ts": "1531831143.000332",
        "reply_count": 1,
        "replies": [
            {
                "user": "UBDUUV802",
                "ts": "1531831226.000347"
            }
        ],
        "unread_count": 1,
        "ts": "1531831143.000332"
    },
    {
        "type": "message",
        "user": "UBDUUV802",
        "text": "오 정말 감사합니다ㅎㅎ!! 꼭 해볼게요!!",
        "client_msg_id": "fbe8dbff-8d49-4eb4-b208-70ebdc6e7174",
        "thread_ts": "1531831143.000332",
        "parent_user_id": "UBF1K97FH",
        "ts": "1531831226.000347"
    },
    {
        "type": "message",
        "subtype": "file_comment",
        "text": "<@UBDN8UG4C> commented on <@UBF1K97FH>’s file <https:\/\/daitgirls.slack.com\/files\/UBF1K97FH\/FBSSCRW6B\/image_from_ios.png|Image from iOS>: 와대박.... 저 약간 삽으로 땅팠네용ㅎㅎㅎ!:see_no_evil:",
        "file": {
            "id": "FBSSCRW6B",
            "created": 1531823861,
            "timestamp": 1531823861,
            "name": "Image from iOS.png",
            "title": "Image from iOS",
            "mimetype": "image\/png",
            "filetype": "png",
            "pretty_type": "PNG",
            "user": "UBF1K97FH",
            "editable": false,
            "size": 131186,
            "mode": "hosted",
            "is_external": false,
            "external_type": "",
            "is_public": true,
            "public_url_shared": false,
            "display_as_bot": false,
            "username": "",
            "url_private": "https:\/\/files.slack.com\/files-pri\/T9SHC5F9S-FBSSCRW6B\/image_from_ios.png?t=xoxe-332590185332-430098056850-431139793783-a3ecafe0d0f66efa522a67af632228d7",
            "url_private_download": "https:\/\/files.slack.com\/files-pri\/T9SHC5F9S-FBSSCRW6B\/download\/image_from_ios.png?t=xoxe-332590185332-430098056850-431139793783-a3ecafe0d0f66efa522a67af632228d7",
            "thumb_64": "https:\/\/files.slack.com\/files-tmb\/T9SHC5F9S-FBSSCRW6B-b5c97f580c\/image_from_ios_64.png?t=xoxe-332590185332-430098056850-431139793783-a3ecafe0d0f66efa522a67af632228d7",
            "thumb_80": "https:\/\/files.slack.com\/files-tmb\/T9SHC5F9S-FBSSCRW6B-b5c97f580c\/image_from_ios_80.png?t=xoxe-332590185332-430098056850-431139793783-a3ecafe0d0f66efa522a67af632228d7",
            "thumb_360": "https:\/\/files.slack.com\/files-tmb\/T9SHC5F9S-FBSSCRW6B-b5c97f580c\/image_from_ios_360.png?t=xoxe-332590185332-430098056850-431139793783-a3ecafe0d0f66efa522a67af632228d7",
            "thumb_360_w": 202,
            "thumb_360_h": 360,
            "thumb_480": "https:\/\/files.slack.com\/files-tmb\/T9SHC5F9S-FBSSCRW6B-b5c97f580c\/image_from_ios_480.png?t=xoxe-332590185332-430098056850-431139793783-a3ecafe0d0f66efa522a67af632228d7",
            "thumb_480_w": 270,
            "thumb_480_h": 480,
            "thumb_160": "https:\/\/files.slack.com\/files-tmb\/T9SHC5F9S-FBSSCRW6B-b5c97f580c\/image_from_ios_160.png?t=xoxe-332590185332-430098056850-431139793783-a3ecafe0d0f66efa522a67af632228d7",
            "thumb_720": "https:\/\/files.slack.com\/files-tmb\/T9SHC5F9S-FBSSCRW6B-b5c97f580c\/image_from_ios_720.png?t=xoxe-332590185332-430098056850-431139793783-a3ecafe0d0f66efa522a67af632228d7",
            "thumb_720_w": 405,
            "thumb_720_h": 720,
            "thumb_800": "https:\/\/files.slack.com\/files-tmb\/T9SHC5F9S-FBSSCRW6B-b5c97f580c\/image_from_ios_800.png?t=xoxe-332590185332-430098056850-431139793783-a3ecafe0d0f66efa522a67af632228d7",
            "thumb_800_w": 450,
            "thumb_800_h": 800,
            "thumb_960": "https:\/\/files.slack.com\/files-tmb\/T9SHC5F9S-FBSSCRW6B-b5c97f580c\/image_from_ios_960.png?t=xoxe-332590185332-430098056850-431139793783-a3ecafe0d0f66efa522a67af632228d7",
            "thumb_960_w": 540,
            "thumb_960_h": 960,
            "thumb_1024": "https:\/\/files.slack.com\/files-tmb\/T9SHC5F9S-FBSSCRW6B-b5c97f580c\/image_from_ios_1024.png?t=xoxe-332590185332-430098056850-431139793783-a3ecafe0d0f66efa522a67af632228d7",
            "thumb_1024_w": 576,
            "thumb_1024_h": 1024,
            "image_exif_rotation": 1,
            "original_w": 750,
            "original_h": 1334,
            "permalink": "https:\/\/daitgirls.slack.com\/files\/UBF1K97FH\/FBSSCRW6B\/image_from_ios.png",
            "permalink_public": "https:\/\/slack-files.com\/T9SHC5F9S-FBSSCRW6B-c5eb2bc755"
        },
        "files": [
            {
                "id": "FBSSCRW6B",
                "created": 1531823861,
                "timestamp": 1531823861,
                "name": "Image from iOS.png",
                "title": "Image from iOS",
                "mimetype": "image\/png",
                "filetype": "png",
                "pretty_type": "PNG",
                "user": "UBF1K97FH",
                "editable": false,
                "size": 131186,
                "mode": "hosted",
                "is_external": false,
                "external_type": "",
                "is_public": true,
                "public_url_shared": false,
                "display_as_bot": false,
                "username": "",
                "url_private": "https:\/\/files.slack.com\/files-pri\/T9SHC5F9S-FBSSCRW6B\/image_from_ios.png?t=xoxe-332590185332-430098056850-431139793783-a3ecafe0d0f66efa522a67af632228d7",
                "url_private_download": "https:\/\/files.slack.com\/files-pri\/T9SHC5F9S-FBSSCRW6B\/download\/image_from_ios.png?t=xoxe-332590185332-430098056850-431139793783-a3ecafe0d0f66efa522a67af632228d7",
                "thumb_64": "https:\/\/files.slack.com\/files-tmb\/T9SHC5F9S-FBSSCRW6B-b5c97f580c\/image_from_ios_64.png?t=xoxe-332590185332-430098056850-431139793783-a3ecafe0d0f66efa522a67af632228d7",
                "thumb_80": "https:\/\/files.slack.com\/files-tmb\/T9SHC5F9S-FBSSCRW6B-b5c97f580c\/image_from_ios_80.png?t=xoxe-332590185332-430098056850-431139793783-a3ecafe0d0f66efa522a67af632228d7",
                "thumb_360": "https:\/\/files.slack.com\/files-tmb\/T9SHC5F9S-FBSSCRW6B-b5c97f580c\/image_from_ios_360.png?t=xoxe-332590185332-430098056850-431139793783-a3ecafe0d0f66efa522a67af632228d7",
                "thumb_360_w": 202,
                "thumb_360_h": 360,
                "thumb_480": "https:\/\/files.slack.com\/files-tmb\/T9SHC5F9S-FBSSCRW6B-b5c97f580c\/image_from_ios_480.png?t=xoxe-332590185332-430098056850-431139793783-a3ecafe0d0f66efa522a67af632228d7",
                "thumb_480_w": 270,
                "thumb_480_h": 480,
                "thumb_160": "https:\/\/files.slack.com\/files-tmb\/T9SHC5F9S-FBSSCRW6B-b5c97f580c\/image_from_ios_160.png?t=xoxe-332590185332-430098056850-431139793783-a3ecafe0d0f66efa522a67af632228d7",
                "thumb_720": "https:\/\/files.slack.com\/files-tmb\/T9SHC5F9S-FBSSCRW6B-b5c97f580c\/image_from_ios_720.png?t=xoxe-332590185332-430098056850-431139793783-a3ecafe0d0f66efa522a67af632228d7",
                "thumb_720_w": 405,
                "thumb_720_h": 720,
                "thumb_800": "https:\/\/files.slack.com\/files-tmb\/T9SHC5F9S-FBSSCRW6B-b5c97f580c\/image_from_ios_800.png?t=xoxe-332590185332-430098056850-431139793783-a3ecafe0d0f66efa522a67af632228d7",
                "thumb_800_w": 450,
                "thumb_800_h": 800,
                "thumb_960": "https:\/\/files.slack.com\/files-tmb\/T9SHC5F9S-FBSSCRW6B-b5c97f580c\/image_from_ios_960.png?t=xoxe-332590185332-430098056850-431139793783-a3ecafe0d0f66efa522a67af632228d7",
                "thumb_960_w": 540,
                "thumb_960_h": 960,
                "thumb_1024": "https:\/\/files.slack.com\/files-tmb\/T9SHC5F9S-FBSSCRW6B-b5c97f580c\/image_from_ios_1024.png?t=xoxe-332590185332-430098056850-431139793783-a3ecafe0d0f66efa522a67af632228d7",
                "thumb_1024_w": 576,
                "thumb_1024_h": 1024,
                "image_exif_rotation": 1,
                "original_w": 750,
                "original_h": 1334,
                "permalink": "https:\/\/daitgirls.slack.com\/files\/UBF1K97FH\/FBSSCRW6B\/image_from_ios.png",
                "permalink_public": "https:\/\/slack-files.com\/T9SHC5F9S-FBSSCRW6B-c5eb2bc755"
            }
        ],
        "comment": {
            "id": "FcBRT53BAN",
            "created": 1531831493,
            "timestamp": 1531831493,
            "user": "UBDN8UG4C",
            "is_intro": false,
            "comment": "와대박.... 저 약간 삽으로 땅팠네용ㅎㅎㅎ!:see_no_evil:",
            "num_stars": 1
        },
        "is_intro": false,
        "ts": "1531831493.000344"
    }
]