[
    {
        "type": "message",
        "user": "UBF0XFP7Z",
        "text": "저는 다음주 월요일 방과후에 스터디 주제로 \"크롤링 코드 하나씩 곱씹어보기\" 하려합니다아\n쪼인하실분 이모티콘 꾜꾜 (일단 <@UBF1K97FH>님 In)",
        "client_msg_id": "911a6437-7c57-4e62-864a-a200d20f3f24",
        "edited": {
            "user": "UBF0XFP7Z",
            "ts": "1533287898.000000"
        },
        "thread_ts": "1533287801.000310",
        "reply_count": 5,
        "replies": [
            {
                "user": "UBDCWMFND",
                "ts": "1533288037.000152"
            },
            {
                "user": "UBDRWU3GT",
                "ts": "1533288084.000326"
            },
            {
                "user": "UBDCWPPNV",
                "ts": "1533288274.000080"
            },
            {
                "user": "UBDRWK8SX",
                "ts": "1533288876.000238"
            },
            {
                "user": "UBDN8T42G",
                "ts": "1533353549.000049"
            }
        ],
        "unread_count": 5,
        "ts": "1533287801.000310",
        "reactions": [
            {
                "name": "blue_heart",
                "users": [
                    "UBDN90RJQ",
                    "UBDUUV802",
                    "UBDN8T42G",
                    "UBDN8UG4C"
                ],
                "count": 4
            },
            {
                "name": "raised_hand_with_fingers_splayed",
                "users": [
                    "UBDUUV802",
                    "UBDCWPPNV",
                    "UBF1K97FH"
                ],
                "count": 3
            }
        ]
    },
    {
        "type": "message",
        "user": "UBDCWMFND",
        "text": "저용",
        "client_msg_id": "37bed80b-cdf6-4bd7-bc14-dafefb2949d5",
        "thread_ts": "1533287801.000310",
        "parent_user_id": "UBF0XFP7Z",
        "ts": "1533288037.000152"
    },
    {
        "type": "message",
        "user": "UBDRWU3GT",
        "text": ":raised_hand_with_fingers_splayed:",
        "client_msg_id": "18091500-952e-450e-b9cc-fe4b8e2e19dc",
        "thread_ts": "1533287801.000310",
        "parent_user_id": "UBF0XFP7Z",
        "ts": "1533288084.000326"
    },
    {
        "type": "message",
        "user": "UBDCWPPNV",
        "text": "좋아염",
        "client_msg_id": "f019a7e3-0fff-42fb-9f8b-fea3f8066082",
        "thread_ts": "1533200440.000089",
        "parent_user_id": "UBF0XFP7Z",
        "ts": "1533288254.000002"
    },
    {
        "type": "message",
        "user": "UBDCWPPNV",
        "text": "저요",
        "client_msg_id": "fd80b92f-cf46-4681-a96f-62180f3d8ef2",
        "thread_ts": "1533287801.000310",
        "parent_user_id": "UBF0XFP7Z",
        "ts": "1533288274.000080"
    },
    {
        "type": "message",
        "user": "UBDRWK8SX",
        "text": "저용",
        "client_msg_id": "aaae6b6b-ae94-4b71-93c6-d573bf540b05",
        "thread_ts": "1533287801.000310",
        "parent_user_id": "UBF0XFP7Z",
        "ts": "1533288876.000238"
    },
    {
        "type": "message",
        "user": "UBDN8T42G",
        "text": "소령님 쵝오",
        "client_msg_id": "051257D0-ED7A-4D32-A5A2-663D3EC6A422",
        "thread_ts": "1533287801.000310",
        "parent_user_id": "UBF0XFP7Z",
        "ts": "1533353549.000049",
        "reactions": [
            {
                "name": "i_love_you_hand_sign",
                "users": [
                    "UBDCWMFND"
                ],
                "count": 1
            }
        ]
    }
]