[
    {
        "type": "message",
        "user": "UBF0XFP7Z",
        "text": "저번 스터디에서 tfidf를 적용한 후에 shape를 찍었을때, (~~~, ~~~)가 나왔는데, 앞의 값은 그냥 set의 개수이고, 뒤의 값은 max_features의 값이라고 하시네요! shape없이 test_feature_tfidf이런식으로 찍어보면 가중치 적용된 값만 쭈루룩 나온다고 하셨어요!",
        "client_msg_id": "d703a3bf-1b59-4b5a-86d2-f31b06a8195a",
        "ts": "1533520900.000125",
        "reactions": [
            {
                "name": "+1",
                "users": [
                    "UBDN8UG4C",
                    "UBDN90RJQ",
                    "UBDN8T42G"
                ],
                "count": 3
            }
        ]
    }
]