[
    {
        "type": "message",
        "user": "UBDN8T42G",
        "text": "여러분 제가 우리 저번 스터디에서 나눈 이야기를 정리했어요! 여기 링크(<https:\/\/goo.gl\/RV8pAH>)로 들어가셔서 아래 내용을 작업해주세요!\n\n:white_check_mark: 스터디 현황 시트에각자 본인 부분의 누락된 내용이나 추가하고 싶은 부분을 수정\n:white_check_mark: 메일 주소 칸에 본인 *구글 메일*입력 (드라이브를 공유할 예정이에요.)\n:white_check_mark: 자료 모음 시트에 공유하면 좋을 자료가 있다면 추가 (특정 사람에게 꼭 보여주고 싶은 자료라면 우클릭 댓글달기 - 태그(@메일주소)해주세요!\n:white_check_mark: 스터디 방식 시트에 아이디어 추가 \n\n다음주에는 스터디 방식에 나온 아이디어를 투표로 우리 스터디 방식을 정해서 실행할 예정입니다.",
        "client_msg_id": "06744f7a-24eb-4abf-b95d-f477d51c1217",
        "edited": {
            "user": "UBDN8T42G",
            "ts": "1533619755.000000"
        },
        "ts": "1533443091.000034"
    },
    {
        "type": "message",
        "user": "UBDN8T42G",
        "text": "스터디는 매주 금요일 점심에 하면 될까요? 제가 말씀드린 롤링페이퍼나 그런 활동을 `점심 외 추가 시간`을 내야할 것 같은데 금요일 저녁 혹은 주말 등 다른 날에 정기적인 스터디 시간을 갖는데 동의하시는 분들은 `하트 이모지` 클릭해주시고 다른 의견은 제 글에 댓글형태로 스레드 남겨주세요. 어떤 의견이든 `새로운 의견은 언제나 당연히 웰컴`이고 생산적인 스터디 진행을 위해 많은 의견 남겨주세용! :slightly_smiling_face:",
        "client_msg_id": "1badc8ca-d693-44ba-b172-da2fa073d081",
        "edited": {
            "user": "UBDN8T42G",
            "ts": "1533443778.000000"
        },
        "ts": "1533443399.000017",
        "reactions": [
            {
                "name": "blue_heart",
                "users": [
                    "UBDN8T42G",
                    "UBDN8UG4C",
                    "UBDCWMFND",
                    "UBF0XFP7Z"
                ],
                "count": 4
            }
        ]
    }
]