[
    {
        "user": "UBDN8T42G",
        "text": "<@UBDN8T42G> has joined the channel",
        "type": "message",
        "subtype": "channel_join",
        "ts": "1533113788.000153"
    },
    {
        "user": "UBDCWMFND",
        "inviter": "UBDN8T42G",
        "text": "<@UBDCWMFND> has joined the channel",
        "type": "message",
        "subtype": "channel_join",
        "ts": "1533124761.000195"
    },
    {
        "user": "UBDN8UG4C",
        "inviter": "UBDN8T42G",
        "text": "<@UBDN8UG4C> has joined the channel",
        "type": "message",
        "subtype": "channel_join",
        "ts": "1533124776.000167"
    },
    {
        "user": "UBD8GHGBA",
        "inviter": "UBDN8T42G",
        "text": "<@UBD8GHGBA> has joined the channel",
        "type": "message",
        "subtype": "channel_join",
        "ts": "1533124776.000185"
    },
    {
        "user": "UBD5C2LH5",
        "inviter": "UBDN8T42G",
        "text": "<@UBD5C2LH5> has joined the channel",
        "type": "message",
        "subtype": "channel_join",
        "ts": "1533124776.000207"
    },
    {
        "type": "message",
        "user": "UBDN8T42G",
        "text": "안녕하세요 여러분!!!",
        "client_msg_id": "3b400a7e-7cd3-4046-b00a-9862a857a6aa",
        "ts": "1533124782.000059"
    },
    {
        "type": "message",
        "user": "UBDN8T42G",
        "text": "스타트업 취업스터디 채널입니다 ㅎㅎ 반가워용",
        "client_msg_id": "49df0e04-5bec-4bbc-9a7b-65d8abd862f8",
        "ts": "1533124801.000322"
    },
    {
        "type": "message",
        "user": "UBDN8UG4C",
        "text": "대박이에여....",
        "client_msg_id": "C9C50DA9-1392-49BB-B61F-221E9B967497",
        "ts": "1533124953.000224"
    },
    {
        "type": "message",
        "user": "UBDN8UG4C",
        "text": "근데 저 막 이거 좀 뽝시게 하는거면 저는 시간좀 가지려구용ㅠ_ㅠ!!",
        "client_msg_id": "E3067569-A7C8-4B5E-B6F7-2B47CC47AADD",
        "ts": "1533124989.000055"
    },
    {
        "type": "message",
        "user": "UBDN8T42G",
        "text": "네네네!! 다른 분들이랑 어떻게 진행할지 다 같이 얘기해보고 스터디 방향 결정되는거 보고 세영님이 참여할지 안할지 결정해도 좋아요!",
        "client_msg_id": "6b6ba990-d859-458a-802e-470dea4cf3a8",
        "ts": "1533125078.000135"
    },
    {
        "type": "message",
        "user": "UBDN8UG4C",
        "text": "넵:snowman:힣 감사합니당",
        "client_msg_id": "982C5FAD-3B0B-43E7-80C5-956AD25C3FF9",
        "ts": "1533125111.000005"
    },
    {
        "type": "message",
        "user": "UBDN8T42G",
        "text": "개인적으로 저는 다같이 정보 공유하고 으쌰으쌰하는 커뮤니티 정도만 되어도 좋겠다 생각하는데 다같이 얘기해봅시당 ㅎㅅㅎ",
        "client_msg_id": "3edde971-5616-4baf-9d73-8c0a1351f06c",
        "ts": "1533125119.000204"
    },
    {
        "type": "message",
        "user": "UBDN8T42G",
        "text": "스타텁은 빡세게 준비할게없…없을걸요,..? 아..아마도..?ㅎ",
        "client_msg_id": "ddcb104e-19eb-4288-a026-7adc8e5dd673",
        "ts": "1533125139.000026"
    },
    {
        "type": "message",
        "user": "UBDN8UG4C",
        "text": "그정도면 진짜 좋을것같아요!!",
        "client_msg_id": "AF3CD2D2-EB48-40EF-88A8-EB8FB5E6ADCC",
        "ts": "1533125141.000165"
    },
    {
        "type": "message",
        "user": "UBDN8T42G",
        "text": "ㅋㅋㅋㅋㅋㅋㅋㅋㅋㅋㅋㅋㅋㅋㅋㅋㅋㅋㅋㅋ",
        "client_msg_id": "5240d24f-cd2b-4589-ae53-e504dff9c324",
        "ts": "1533125142.000143"
    },
    {
        "type": "message",
        "user": "UBDN8UG4C",
        "text": "(제입장)",
        "client_msg_id": "1822036F-1668-4A09-BB5A-0F7FC1B69ECD",
        "ts": "1533125150.000144"
    },
    {
        "type": "message",
        "user": "UBDN8UG4C",
        "text": "ㅋㅋㅋㅋㅋㅋㅋㅋㅋㅋㅋㅋ",
        "client_msg_id": "B8235B82-7915-4965-B229-C31D9722D3DE",
        "ts": "1533125154.000333"
    },
    {
        "type": "message",
        "user": "UBDN8T42G",
        "text": "ㅋㅋㅋㅋㅋㅋㅋ네네네네 다른 분들 의견도 들어보아용 호홋",
        "client_msg_id": "5dc8a764-78d2-4b96-a4f0-007dce81e171",
        "ts": "1533125163.000068"
    },
    {
        "user": "UBD8GLUEL",
        "inviter": "UBDN8UG4C",
        "text": "<@UBD8GLUEL> has joined the channel",
        "type": "message",
        "subtype": "channel_join",
        "ts": "1533127788.000199"
    },
    {
        "type": "message",
        "user": "UBDCWMFND",
        "text": "정보공유와 서로 간 정보공유의 질이 높아질 수 있도록 자소서 이력서 등을 같이 공유해도 좋을 거 같아요",
        "client_msg_id": "d561865b-3b29-4759-b97c-265c0c2eec61",
        "ts": "1533133003.000090"
    },
    {
        "type": "message",
        "user": "UBDCWMFND",
        "text": "함께 대화하면서 서로가 가고자 하는 산업, 조직규모, 직군, 원하는 직무를 파악하고요!",
        "client_msg_id": "37a7978a-9717-46e9-9b6a-1d7f5320a811",
        "ts": "1533133062.000293"
    },
    {
        "type": "message",
        "user": "UBDCWMFND",
        "text": "경력자 분들 (진영, 지영, 저)은 스타트업 생태계를 어느정도 알고있으니 신입분들께 유용한 정보 드리기 좋을 거 같아요. 경력자 분들은 서로 인적 네트워크 공유하고 비정형화된 경력직 시장의 전략을 함께 고민&amp;공유하면 돔 될 거 같습니다!",
        "client_msg_id": "74260c4a-d375-4f41-b31d-ab510ebd10b3",
        "ts": "1533133282.000606"
    },
    {
        "type": "message",
        "user": "UBDCWMFND",
        "text": "정리해보면 \n\n- 서로에 대한 스테이터스 파악\n- 채용공고 공유\n- 구성원에게 필요하다 싶은 맞춤 정보 공유\n- 인적 네트워크(경력직) 공유\n\n 실질적 전략을 세우고 서로 카운셀링해주는 대화형 스터디를 갠적으로 추천합니다! \n\n1주 1시간, 점심식사 혹은 수업 종료 후 정도 어떨까 제안 드립니다!",
        "client_msg_id": "741535da-c314-4556-802b-096e68f96c5f",
        "ts": "1533133708.000054"
    },
    {
        "type": "message",
        "user": "UBDCWMFND",
        "text": "아 경력직 은정님 추가요!",
        "client_msg_id": "17466254-17cb-45dd-af49-8e1d261b9bfb",
        "ts": "1533134144.000264"
    },
    {
        "type": "message",
        "user": "UBDN8UG4C",
        "text": "저는 점심 좋은 것 같아요! 일주일에 한번이면 시간 맞추기 힘들 것 같아서요ㅠㅠ",
        "client_msg_id": "628FC9FC-69F5-4D3A-8AF8-53DEEE22AFB1",
        "ts": "1533134796.000431"
    },
    {
        "type": "message",
        "user": "UBDCWMFND",
        "text": "네네 좋아요!",
        "client_msg_id": "63d181e2-2aa2-44aa-a617-9421ec71d5a5",
        "ts": "1533134834.000302"
    },
    {
        "type": "message",
        "user": "UBDCWMFND",
        "text": "처음에 같이 오티(?)하고 그 후 되시는 분들끼리만 진행해도 좋구여",
        "client_msg_id": "6c37e7e7-a5da-4561-8f48-eb04db11f192",
        "ts": "1533134898.000072"
    },
    {
        "type": "message",
        "user": "UBDN8UG4C",
        "text": "아까 10시쫌넘어서 은정님이 채널 안보이신다고 하신거는 해결됐나요???ㅇ.ㅇ",
        "client_msg_id": "F495260D-E0EB-4644-BCEC-24E89722980E",
        "ts": "1533134903.000500"
    },
    {
        "type": "message",
        "user": "UBDCWMFND",
        "text": "제가 다시 초대하려봤는데 들어와계셔서 으찌해야할지",
        "client_msg_id": "30d09659-896d-4d81-84ec-b73e91699356",
        "ts": "1533134928.000112"
    },
    {
        "type": "message",
        "user": "UBDCWMFND",
        "text": "강퇴기능 있나요?",
        "client_msg_id": "d405168d-99ee-4bca-9543-19945b9a8432",
        "ts": "1533134958.000505"
    },
    {
        "type": "message",
        "user": "UBDCWMFND",
        "text": "ㅋㅋㅋㅋㅋ",
        "client_msg_id": "2ccb152e-595c-4279-b465-582d3ca0b103",
        "ts": "1533134961.000576"
    },
    {
        "type": "message",
        "user": "UBDN8UG4C",
        "text": "강퇴없는거같아요ㅠ",
        "client_msg_id": "23E10A01-AD6A-404E-8C43-8CEA89F27161",
        "ts": "1533135287.000057"
    },
    {
        "type": "message",
        "user": "UBDN8UG4C",
        "text": "그냥 못 보신거 일지도!!ㅠ 일단 낼까지 기다려봐용ㅎㅎ",
        "client_msg_id": "8B34CB52-386F-4A95-824A-C11FB337E2CC",
        "ts": "1533135331.000115",
        "reactions": [
            {
                "name": "i_love_you_hand_sign",
                "users": [
                    "UBDCWMFND"
                ],
                "count": 1
            }
        ]
    },
    {
        "type": "message",
        "user": "UBD8GHGBA",
        "text": "안녕하세요! 그럼 오늘이나 내일 점심 같이 어떨까요? :smile:",
        "client_msg_id": "cf753702-d08e-4406-ae16-7dc9ad95c1c0",
        "thread_ts": "1533136258.000033",
        "reply_count": 1,
        "replies": [
            {
                "user": "UBDCWMFND",
                "ts": "1533136300.000442"
            }
        ],
        "unread_count": 1,
        "ts": "1533136258.000033"
    },
    {
        "type": "message",
        "user": "UBDCWMFND",
        "text": "전 좋아요! ",
        "client_msg_id": "26c51ca9-1155-4bca-a7e7-d46852f61909",
        "thread_ts": "1533136258.000033",
        "parent_user_id": "UBD8GHGBA",
        "ts": "1533136300.000442"
    },
    {
        "type": "message",
        "user": "UBDN8T42G",
        "text": "좋아요 진영님!!! 오늘은 제가 점심 약속이 있어서 내일 점심 괜찮을까요? :woman-raising-hand::skin-tone-2:",
        "client_msg_id": "4FDBADBC-D42B-4FBE-BB7A-8017255C2CC2",
        "ts": "1533162869.000130"
    },
    {
        "type": "message",
        "user": "UBDN8UG4C",
        "text": "저두 점심은 항상 좋아요!",
        "client_msg_id": "7043EAC5-7753-4093-B2F1-E8DA3090FEBC",
        "ts": "1533165640.000112"
    },
    {
        "type": "message",
        "user": "UBDCWMFND",
        "text": "저두요~!!",
        "client_msg_id": "953a6633-d08e-4218-86b8-4bc53406e7eb",
        "ts": "1533168192.000186"
    },
    {
        "type": "message",
        "user": "UBD8GHGBA",
        "text": "네 그럼 내일 점심으로 할까요?",
        "client_msg_id": "907e3fa2-f487-4fa8-9599-6eb5b37b528d",
        "ts": "1533171814.000120"
    },
    {
        "type": "message",
        "user": "UBDN8T42G",
        "text": "네!! 좋습니다",
        "client_msg_id": "76903156-74e0-47f0-b5a6-8c8f33c1ee36",
        "ts": "1533172344.000011"
    },
    {
        "user": "UBD8GMVNC",
        "inviter": "UBDN8T42G",
        "text": "<@UBD8GMVNC> has joined the channel",
        "type": "message",
        "subtype": "channel_join",
        "ts": "1533172523.000155"
    },
    {
        "type": "message",
        "user": "UBD5C2LH5",
        "text": "아 여기군요 ㅋㅋㅋㅋㅋㅋㅋㅋ 못찾아서 죄송합니다",
        "client_msg_id": "34c844ea-cad2-449a-b048-3ffd801184f3",
        "ts": "1533173009.000006",
        "reactions": [
            {
                "name": "clap",
                "users": [
                    "UBDN8T42G",
                    "UBD8GMVNC",
                    "UBF0XFP7Z"
                ],
                "count": 3
            }
        ]
    },
    {
        "type": "message",
        "user": "UBD5C2LH5",
        "text": "전 2층에 있어욥. 점심 때 올라갈게요!",
        "client_msg_id": "d516d271-08a1-43a8-b5de-6de66ce8e996",
        "ts": "1533173716.000017"
    },
    {
        "user": "UBDUVKQAE",
        "inviter": "UBDN8T42G",
        "text": "<@UBDUVKQAE> has joined the channel",
        "type": "message",
        "subtype": "channel_join",
        "ts": "1533174547.000107"
    },
    {
        "type": "message",
        "user": "UBDUVKQAE",
        "text": "오우 빠른 초대 감사합니다 ㅋㅋㅋ",
        "client_msg_id": "87c690fc-92c2-439a-ac6a-83c40a9e5734",
        "ts": "1533174567.000081"
    },
    {
        "type": "message",
        "user": "UBDN8T42G",
        "text": "후후",
        "client_msg_id": "67a647d0-f016-48e8-b92a-95019e0fe4f7",
        "ts": "1533174575.000150"
    },
    {
        "type": "message",
        "user": "UBDUVKQAE",
        "text": "위에 올라갔다 올게염",
        "client_msg_id": "edb348eb-fa9c-4e6d-83cc-dfdc9b400632",
        "ts": "1533174650.000175"
    },
    {
        "user": "UBF0XFP7Z",
        "inviter": "UBD8GMVNC",
        "text": "<@UBF0XFP7Z> has joined the channel",
        "type": "message",
        "subtype": "channel_join",
        "ts": "1533175775.000090"
    },
    {
        "type": "message",
        "user": "UBD8GMVNC",
        "text": "소령님 초대요ㅎㅎ",
        "client_msg_id": "ec532fb7-b21c-4c35-a05a-3c6d12ed8608",
        "ts": "1533175788.000115",
        "reactions": [
            {
                "name": "heavy_heart_exclamation_mark_ornament",
                "users": [
                    "UBF0XFP7Z"
                ],
                "count": 1
            }
        ]
    },
    {
        "type": "message",
        "user": "UBF0XFP7Z",
        "text": "감사합니답",
        "client_msg_id": "84150aed-7fed-4a40-a311-7f3ae4b2c64d",
        "ts": "1533176016.000184"
    },
    {
        "type": "message",
        "user": "UBDN8UG4C",
        "text": "내일 점심 같이 먹는거죠!",
        "client_msg_id": "2fc38ecf-a039-4c9b-9ca9-95763ae372cf",
        "ts": "1533186402.000095"
    },
    {
        "type": "message",
        "user": "UBDCWMFND",
        "text": "넵!",
        "client_msg_id": "2555819f-e35d-493f-9969-7d33f8f4b347",
        "ts": "1533186426.000013"
    },
    {
        "type": "message",
        "user": "UBDCWMFND",
        "text": "점심시간이 길지 않으니, 같이 미리 주문하거나 하면 좋을 거 같아요!",
        "client_msg_id": "a3a63574-87ad-4df6-b639-6aa65f8b1218",
        "ts": "1533186449.000032",
        "reactions": [
            {
                "name": "heavy_heart_exclamation_mark_ornament",
                "users": [
                    "UBF0XFP7Z"
                ],
                "count": 1
            }
        ]
    },
    {
        "type": "message",
        "user": "UBD8GMVNC",
        "text": "저하고 지은(킴)님은 내일 점심에 프로젝트 팀 점심약속이 있어서... 아쉽아쉽입니다ㅜㅜ",
        "client_msg_id": "7b0ac97f-56d5-424c-8883-86c0cbb0716b",
        "ts": "1533186557.000001"
    },
    {
        "type": "message",
        "user": "UBD8GHGBA",
        "text": "못 오시는 분들은 다음에 점심 같이 해요! :slightly_smiling_face:",
        "client_msg_id": "ed38f809-eedd-42d0-924f-2487b9a44606",
        "ts": "1533186647.000133"
    },
    {
        "type": "message",
        "user": "UBD8GMVNC",
        "text": "우리 매 주, 혹은 격주에 한번씩 요일을 정하고 점심 같이 먹으면서 스터디하는건 어떨까요~?",
        "client_msg_id": "e71f859f-af13-45ff-aec2-1ba81c385234",
        "ts": "1533186690.000064"
    },
    {
        "type": "message",
        "user": "UBD8GHGBA",
        "text": "네 그것도 좋아요!",
        "client_msg_id": "c2f4f62f-2968-4faa-bf76-0eac1d279b8d",
        "ts": "1533186707.000190"
    },
    {
        "type": "message",
        "user": "UBD8GHGBA",
        "text": "매주 금요일 점심?",
        "client_msg_id": "fae1a489-468d-4f91-ba96-90fa9bc464d3",
        "ts": "1533186718.000024"
    },
    {
        "type": "message",
        "user": "UBD8GMVNC",
        "text": "저는 좋습니다! (내일만 빼구요ㅜㅜ 헿...)",
        "client_msg_id": "e174e6f1-af8a-4c1f-80a9-3df706d23568",
        "ts": "1533186745.000034"
    },
    {
        "type": "message",
        "user": "UBDCWMFND",
        "text": "헉 내일 먹기로 했었는데 ㅎㅎㅎㅎ",
        "client_msg_id": "f28184f8-977d-4955-82d6-f7505a831856",
        "ts": "1533186793.000056"
    },
    {
        "type": "message",
        "user": "UBDCWMFND",
        "text": "글고 위로 한 번 올려보시면 저희 스터디 어떻게 진행할지 의견 냈었어요!! 추가적으로 제안해주심 좋을 거 같아요.",
        "client_msg_id": "48a227ee-6c2b-4aba-aec3-d26459c70cd6",
        "ts": "1533186830.000001"
    },
    {
        "type": "message",
        "user": "UBDCWMFND",
        "text": "정보공유와 서로 간 정보공유의 질이 높아질 수 있도록 자소서 이력서 등을 같이 공유해도 좋을 거 같아요\n함께 대화하면서 서로가 가고자 하는 산업, 조직규모, 직군, 원하는 직무를 파악하고요!\n경력자 분들 (은지, 진영, 은정, 지영, 저)은 스타트업 생태계를 어느정도 알고있으니 신입분들께 유용한 정보 드리기 좋을 거 같아요. 경력자 분들은 서로 인적 네트워크 공유하고 비정형화된 경력직 시장의 전략을 함께 고민&amp;공유하면 돔 될 거 같습니다!\n\n정리해보면\n\n- 서로에 대한 스테이터스 파악\n- 채용공고 공유\n- 구성원에게 필요하다 싶은 맞춤 정보 공유\n- 인적 네트워크(경력직) 공유\n\n실질적 전략을 세우고 서로 카운셀링해주는 대화형 스터디를 갠적으로 추천합니다!\n\n1주 1시간, 점심식사 혹은 수업 종료 후 정도 어떨까 제안 드립니다!\n\n추가 제안해주세요!!",
        "client_msg_id": "ec836d4b-8900-4fd0-ab4b-7e2137888bfa",
        "ts": "1533186894.000123"
    },
    {
        "type": "message",
        "user": "UBD8GMVNC",
        "text": "우선 우리 멤버들이 가려고 하는 산업, 조직규모, 직군, 직무를 한번 슬랙 통해서 공유하면",
        "client_msg_id": "3850e56f-19bc-4b60-b870-7dbe09971a0f",
        "ts": "1533187122.000006"
    },
    {
        "type": "message",
        "user": "UBD8GMVNC",
        "text": "조언과 자료를 준비하는데에 좀 더 도움이 되지 않을까요? ㅎㅎ",
        "client_msg_id": "22f4551c-c666-4698-8feb-5f610dc46895",
        "ts": "1533187133.000037"
    },
    {
        "type": "message",
        "user": "UBDN8T42G",
        "text": "스프레드 시트를 하나 파서 공유드릴게요!! 거기에 은지님이 말씀하신 산업, 조직 규모, 직군, 직무 등 내용을 같이 작성하면 서로 보고 도움 주기 편할거 같아요!",
        "client_msg_id": "e0c69709-3886-4a7e-a18f-0c9bfcb3a493",
        "ts": "1533187498.000011",
        "reactions": [
            {
                "name": "ddongule2",
                "users": [
                    "UBD8GMVNC",
                    "UBDCWMFND"
                ],
                "count": 2
            },
            {
                "name": "i_love_you_hand_sign",
                "users": [
                    "UBDCWMFND"
                ],
                "count": 1
            }
        ]
    },
    {
        "user": "U9UFEBXGF",
        "inviter": "UBDN8T42G",
        "text": "<@U9UFEBXGF> has joined the channel",
        "type": "message",
        "subtype": "channel_join",
        "ts": "1533189380.000111"
    },
    {
        "type": "message",
        "user": "UBDN8T42G",
        "text": "쪼인",
        "client_msg_id": "484e8a36-21c7-46be-8632-159fe12beff2",
        "ts": "1533189389.000180"
    },
    {
        "type": "message",
        "user": "U9UFEBXGF",
        "text": "쪼인",
        "client_msg_id": "2f0195df-b740-473b-bfe1-6642bfcd4e5c",
        "ts": "1533189685.000064",
        "reactions": [
            {
                "name": "watermelon",
                "users": [
                    "UBDN8T42G",
                    "UBD8GMVNC",
                    "UBDN8UG4C",
                    "UBF0XFP7Z"
                ],
                "count": 4
            },
            {
                "name": "green_heart",
                "users": [
                    "UBDN8T42G"
                ],
                "count": 1
            }
        ]
    }
]