[
    {
        "type": "message",
        "user": "UBF0XFP7Z",
        "text": "저요저요!:woman-raising-hand:",
        "client_msg_id": "7A8247BA-2995-4073-9B3A-031D74DD6037",
        "edited": {
            "user": "UBF0XFP7Z",
            "ts": "1533976102.000000"
        },
        "thread_ts": "1533946833.000084",
        "parent_user_id": "UBDN8T42G",
        "ts": "1533976088.000038"
    },
    {
        "type": "message",
        "user": "UBDN8T42G",
        "text": "소령님 아름님 화요일에 따로 점심 같이 하시는거 어떠세요??? 같이 얘기해보아요~~~! 관심 있는 기업의 구체적인 JD가 있거나 궁금한 내용이 있다면 무엇이든 여기 스레드에 남겨주세요! 그쪽으로 더 자세하게 얘기해줄 수 있을것 같아요. :slightly_smiling_face:",
        "client_msg_id": "12e55a79-a8f6-4591-a6e8-8dd29f70d8d0",
        "thread_ts": "1533946833.000084",
        "parent_user_id": "UBDN8T42G",
        "ts": "1534055466.000023"
    },
    {
        "type": "message",
        "user": "UBDN8T42G",
        "text": "아름 : ‘퍼포먼스 마케터‘라는 직군에 대한 설명과 ‘스타트업 마케터에게 데이터의 주 활용처, 중요성과 현업에서의 직무, 한계, 비젼, 직군 전환을 생각하는 가장 큰 요인’",
        "client_msg_id": "746c9595-b9fe-4ae5-ae98-f7e376485005",
        "thread_ts": "1533946833.000084",
        "parent_user_id": "UBDN8T42G",
        "ts": "1534055479.000019"
    }
]