[
    {
        "type": "message",
        "user": "UBD8GMVNC",
        "text": "01. 스타트업 찾는 신입, 이것만은! <https:\/\/brunch.co.kr\/@youngestsalon\/27>",
        "client_msg_id": "318ca65c-f6e1-4570-b9e7-eef4ac9cf828",
        "attachments": [
            {
                "service_name": "brunch",
                "title": "01. 스타트업 찾는 신입, 이것만은!",
                "title_link": "https:\/\/brunch.co.kr\/@youngestsalon\/27",
                "text": "스타트업에서 커리어를 시작할 때 주의해야 할 점 | 스타트업에서의 6년차 직장인은 선배보다 후배가 더 많고, 조직의 허리와 같은 역할을 맡게 됩니다. 누군가의 선배\/조언자로 회사에서 살아가며 관찰한 결과, 스타트업에서 커리어를 시작할 때 주의점을 정리해봤습니다. #1. 기본기를 닦고, 성장할 수 있는 조직 신입은 괴롭습니다. 복사기부터 메일 작성법, 전화 받는 법, 기안문까지 모르는 것 투성이인 회사",
                "fallback": "brunch: 01. 스타트업 찾는 신입, 이것만은!",
                "thumb_url": "https:\/\/t1.daumcdn.net\/thumb\/R1280x0\/?fname=http:\/\/t1.daumcdn.net\/brunch\/service\/user\/Wdr\/image\/73fDdE8LcL25l6n3d8UXSbOgWfo.jpg",
                "ts": 1522657860,
                "from_url": "https:\/\/brunch.co.kr\/@youngestsalon\/27",
                "thumb_width": 1280,
                "thumb_height": 426,
                "service_icon": "http:\/\/t1.daumcdn.net\/brunch\/static\/icon\/ios\/icon152.png",
                "id": 1,
                "original_url": "https:\/\/brunch.co.kr\/@youngestsalon\/27"
            }
        ],
        "ts": "1533285195.000194"
    },
    {
        "type": "message",
        "user": "UBD8GMVNC",
        "text": "제가 트리플래닛에서 지지고 볶은 다음에 깨달았던 내용들을 정리해서 브런치에 올렸던 글입니다. 혹시 참고가 되실까 싶어서 부끄러움 따위 무시하고 공유드려요ㅎㅎ",
        "client_msg_id": "d3f55084-56a9-4758-ace4-dc3635b9cdf0",
        "thread_ts": "1533285314.000146",
        "reply_count": 1,
        "replies": [
            {
                "user": "UBDN8UG4C",
                "ts": "1533293257.000148"
            }
        ],
        "unread_count": 1,
        "ts": "1533285314.000146",
        "reactions": [
            {
                "name": "+1",
                "users": [
                    "UBDCWPPNV",
                    "UBDN8T42G",
                    "UBF0XFP7Z",
                    "UBDCWMFND"
                ],
                "count": 4
            }
        ]
    },
    {
        "type": "message",
        "user": "UBDN8UG4C",
        "text": "대박... 하나같이 다 옳은 말이네여ㅠ",
        "client_msg_id": "26DF3B7D-D3DC-4B97-A950-EE0609E2D5C7",
        "thread_ts": "1533285314.000146",
        "parent_user_id": "UBD8GMVNC",
        "ts": "1533293257.000148"
    }
]