[
    {
        "type": "message",
        "user": "UBF0XKTP1",
        "text": "저 가고 싶은데 초보자도 가능할까욘....:eagle:",
        "client_msg_id": "d7739ad2-1266-4645-ac0e-77f397ee358f",
        "thread_ts": "1533692461.000176",
        "parent_user_id": "UBD8GMVNC",
        "ts": "1533717117.000049"
    },
    {
        "type": "message",
        "user": "UBF0XKTP1",
        "text": "원래는 하스스톤 스프린트 가고 싶었는데 c++ 이래서 포기...",
        "client_msg_id": "70c100cd-b5ad-4fe3-bef0-6b509f39b34e",
        "thread_ts": "1533692461.000176",
        "parent_user_id": "UBD8GMVNC",
        "ts": "1533717143.000011"
    },
    {
        "type": "message",
        "user": "U9SN17L0M",
        "text": "<@UBF0XKTP1> 초보자에게 오픈소스에 기여하는 것을 유도하는 목적으로도 운영되고 있어요.",
        "client_msg_id": "2767086c-1794-4a22-8ca9-cf6aae68cb86",
        "thread_ts": "1533692461.000176",
        "parent_user_id": "UBD8GMVNC",
        "ts": "1533720941.000401",
        "reactions": [
            {
                "name": "+1",
                "users": [
                    "UBF0XKTP1"
                ],
                "count": 1
            }
        ]
    },
    {
        "type": "message",
        "user": "UBDUVKQAE",
        "text": "<@UBF0XKTP1> 컴컴!!",
        "client_msg_id": "ac006e13-b8e9-495b-a732-56aba65577ac",
        "thread_ts": "1533692461.000176",
        "parent_user_id": "UBD8GMVNC",
        "ts": "1533722169.000296",
        "reactions": [
            {
                "name": "woman-gesturing-ok",
                "users": [
                    "UBF0XKTP1"
                ],
                "count": 1
            }
        ]
    },
    {
        "type": "message",
        "user": "UAMPGHJRJ",
        "text": "파이콘이 정확히 어떤걸 하는 건지 궁금해영",
        "client_msg_id": "8ef903d6-b9dd-4425-94b4-8224998db67d",
        "thread_ts": "1533692461.000176",
        "parent_user_id": "UBD8GMVNC",
        "ts": "1533784783.000121"
    },
    {
        "type": "message",
        "user": "UBD8GMVNC",
        "text": "<@UAMPGHJRJ> 우리나라 파이썬 개발자들이 모여서 기술 공유하는 국내 최대 규모 워크샵이라고 생각하시면 될것 같아요ㅎㅎ",
        "client_msg_id": "27d82973-c7b4-4351-a077-61a09c9f52fd",
        "thread_ts": "1533692461.000176",
        "parent_user_id": "UBD8GMVNC",
        "ts": "1533785554.000021",
        "reactions": [
            {
                "name": "raised_hands",
                "users": [
                    "UAMPGHJRJ"
                ],
                "count": 1
            }
        ]
    }
]