[
    {
        "type": "message",
        "user": "UBDCWPPNV",
        "text": "<http:\/\/www.realhanbit.co.kr\/books\/125>\n깃헙 정리가 잘 되있는것 같아 공유합니다 ㅋㅋ",
        "client_msg_id": "dfdaa6b0-5b92-4725-b591-c99c02234c86",
        "attachments": [
            {
                "service_name": "리얼타임 Web Book",
                "title": "초심자를 위한 Github 협업 | 리얼타임 Web Book",
                "title_link": "http:\/\/www.realhanbit.co.kr\/books\/125",
                "text": "토끼와 거북이를 통해 초심자도 이해하기 쉽게 깃허브의 협업 세계를 설명한다.",
                "fallback": "리얼타임 Web Book: 초심자를 위한 Github 협업 | 리얼타임 Web Book",
                "image_url": "https:\/\/hanbit.s3.amazonaws.com\/users\/9\/write\/eb131\/images\/cover_thumbnail.png?time=1519264835095",
                "from_url": "http:\/\/www.realhanbit.co.kr\/books\/125",
                "image_width": 176,
                "image_height": 250,
                "image_bytes": 151313,
                "service_icon": "http:\/\/www.realhanbit.co.kr\/assets\/images\/hanbit\/favicon_32x32.png",
                "id": 1,
                "original_url": "http:\/\/www.realhanbit.co.kr\/books\/125"
            }
        ],
        "thread_ts": "1533538696.000185",
        "reply_count": 1,
        "replies": [
            {
                "user": "U9SN17L0M",
                "ts": "1533646303.000237"
            }
        ],
        "unread_count": 1,
        "ts": "1533538696.000185",
        "reactions": [
            {
                "name": "+1",
                "users": [
                    "UBELL5EF5",
                    "UBDRWBNRZ",
                    "UBDRWU3GT",
                    "UBDN8UG4C",
                    "UBDCWMFND",
                    "UBDRXTD8B",
                    "U9SN17L0M"
                ],
                "count": 7
            },
            {
                "name": "blue_heart",
                "users": [
                    "UBDN9579S"
                ],
                "count": 1
            }
        ]
    }
]