[
    {
        "type": "message",
        "user": "UBF0XFP7Z",
        "text": "<https:\/\/programmers.co.kr\/competitions\/79\/2019-2nd-kakao-blind-recruitment>\n\n카카오에서 신입 개발자 블라인드 채용한대요!\n이름, 이메일, 전화번호만 제출하고 코딩테스트(온\/오프라인)와 면접을 걸쳐 선발한대요\n\n경험도 쌓고 코딩 연습도 할 겸 매일 작년 기출 문제를 풀어보려하는데 같이 하실 분도 구해요:laughing: 만나서 하자는건 아니구여 그냥 어떤식으로 생각했는지 정도만 공유하는?\n저 사이트에서 코드 채점도 해줘서 적당한 채찍과 당근을 받을 수 있어여\n\n카카오 기출이 아닌 장난감 문제도 레벨별로 있으니 해보세요! 꽤 재밌어요!ㅎㅎ 스터디데조에서도 진행예정 :eyes: <#CBLACHX6C|스터디_데조>\n\n파이썬 외에도 C++ 비롯 다양한 언어가 있습니답",
        "client_msg_id": "A2CFEA83-A231-43A9-9351-4B67FE06E9ED",
        "attachments": [
            {
                "service_name": "프로그래머스",
                "title": "2019 KAKAO BLIND RECRUITMENT",
                "title_link": "https:\/\/programmers.co.kr\/competitions\/79\/2019-2nd-kakao-blind-recruitment",
                "text": "2019 KAKAO BLIND RECRUITMENT 카카오는 여전히 같은 생각입니다. 개발자가 자신의 가치를 증명할 수 있는 것은 자소서나 스펙이 아니라 코드라고 말이죠. 블라인드 코딩 테스트를 통해 증명해 주세요! 올해는 카카오를 포함하여 5개 기업이 함께 합니다. 지금 바로 도전하세요! New developer coming! 모집 회사 (주) 카카오 \/ (주) 카카오게임즈 \/ (주) 카카오모빌리티 \/ (주) 카카오페이지 \/ (주) 카카오페이 ※ 위",
                "fallback": "프로그래머스: 2019 KAKAO BLIND RECRUITMENT",
                "thumb_url": "https:\/\/s3.ap-northeast-2.amazonaws.com\/grepp-cloudfront\/programmers_imgs\/competition-imgs\/welcomekakao_small.jpg",
                "from_url": "https:\/\/programmers.co.kr\/competitions\/79\/2019-2nd-kakao-blind-recruitment",
                "thumb_width": 560,
                "thumb_height": 560,
                "service_icon": "https:\/\/programmers.co.kr\/assets\/icons\/apple-icon-3c71bcb85997fc9df65fd54c6c37f171d2fccc0d1126e529b40adfe402f79f40.png",
                "id": 1,
                "original_url": "https:\/\/programmers.co.kr\/competitions\/79\/2019-2nd-kakao-blind-recruitment"
            }
        ],
        "edited": {
            "user": "UBF0XFP7Z",
            "ts": "1535541093.000000"
        },
        "thread_ts": "1535540921.000100",
        "reply_count": 4,
        "replies": [
            {
                "user": "UBELL5EF5",
                "ts": "1535541253.000100"
            },
            {
                "user": "UBF0XFP7Z",
                "ts": "1535541312.000100"
            },
            {
                "user": "UBELL5EF5",
                "ts": "1535541324.000200"
            },
            {
                "user": "UBF0XFP7Z",
                "ts": "1535541382.000100"
            }
        ],
        "unread_count": 4,
        "ts": "1535540921.000100",
        "reactions": [
            {
                "name": "+1",
                "users": [
                    "UBELL5EF5",
                    "UBDUU48UA",
                    "UBDRWBNRZ",
                    "UBDCWMFND",
                    "U9UFEBXGF",
                    "U9SN17L0M",
                    "UBDN8T42G"
                ],
                "count": 7
            }
        ]
    },
    {
        "type": "message",
        "user": "UBELL5EF5",
        "text": "시험에서 쓰는 파이썬이 3.5이고 우리는 수업에서 3.6을 썼는데요, 거의 차이가 없지만 `f\"1 + 2 = {1+2}\"` 같은 형식의 문자열(formatted string literal)을 3.5에서는 지원하지 않는다는 점 정도만 유념하시면 될 것 같아요. 그래도 혹시 3.5와 3.6의 차이가 궁금하시면 이 문서를 참고하세요. <https:\/\/docs.python.org\/3\/whatsnew\/3.6.html>",
        "client_msg_id": "1f705af2-ee58-4b5f-b90e-de50ab3b5a71",
        "thread_ts": "1535540921.000100",
        "parent_user_id": "UBF0XFP7Z",
        "ts": "1535541253.000100",
        "reactions": [
            {
                "name": "scream",
                "users": [
                    "UBF0XFP7Z",
                    "UBDUU48UA"
                ],
                "count": 2
            },
            {
                "name": "ok_hand",
                "users": [
                    "UBF0XFP7Z"
                ],
                "count": 1
            },
            {
                "name": "thumbsup_all",
                "users": [
                    "UBF0XFP7Z",
                    "U9SN17L0M"
                ],
                "count": 2
            }
        ]
    },
    {
        "type": "message",
        "user": "UBF0XFP7Z",
        "text": "엥 그럼 .format도 안되는건가요..!",
        "client_msg_id": "FD9CF447-6FF1-4124-9F99-8726327871B0",
        "thread_ts": "1535540921.000100",
        "parent_user_id": "UBF0XFP7Z",
        "ts": "1535541312.000100"
    },
    {
        "type": "message",
        "user": "UBELL5EF5",
        "text": "그건 됩니다 :)",
        "client_msg_id": "8B772488-5EC2-49D6-84B7-EBE137B1B151",
        "thread_ts": "1535540921.000100",
        "parent_user_id": "UBF0XFP7Z",
        "ts": "1535541324.000200"
    },
    {
        "type": "message",
        "user": "UBF0XFP7Z",
        "text": ":thinking_face: 몰랐다면 혼자 저거 쓰고 있었겠네요 감사합니답",
        "client_msg_id": "7C839880-1451-43D7-9C3D-DB925E50F90E",
        "thread_ts": "1535540921.000100",
        "parent_user_id": "UBF0XFP7Z",
        "ts": "1535541382.000100"
    },
    {
        "type": "message",
        "user": "UBELL5EF5",
        "text": "구네이버 블로그 좌표계(TM128)를 위경도로 변환하기: <https:\/\/drive.google.com\/open?id=1n4tLDzb8lq1YBXRVsiKjm3PTyj9j05yq>",
        "client_msg_id": "46bc51d2-82e8-49e1-a00d-fcd1b095e77b",
        "ts": "1535595537.000100"
    },
    {
        "type": "message",
        "user": "UBELL5EF5",
        "text": "“Tukey’s ladder of powers”",
        "client_msg_id": "ddddb856-f3e6-4f96-a66d-db95e534b333",
        "ts": "1535597569.000100",
        "reactions": [
            {
                "name": "+1::skin-tone-2",
                "users": [
                    "UBDN8T42G",
                    "U9SN17L0M"
                ],
                "count": 2
            }
        ]
    },
    {
        "type": "message",
        "user": "UBELL5EF5",
        "text": "두 변수를 비교하는 다양한 방법에 대한 고민: <https:\/\/beta.observablehq.com\/@mbostock\/methods-of-comparison-compared>",
        "client_msg_id": "ed08dccf-c34a-4ebc-954c-9ad77f2baab2",
        "attachments": [
            {
                "title": "Methods of Comparison, Compared",
                "title_link": "https:\/\/beta.observablehq.com\/@mbostock\/methods-of-comparison-compared",
                "text": "An Observable notebook by Mike Bostock",
                "fallback": "Methods of Comparison, Compared",
                "image_url": "https:\/\/static.observableusercontent.com\/thumbnail\/868417fd9161078e5dcd8f4bdd667e8c3cdf44327170475f388acb2e3b7318cf.jpg",
                "from_url": "https:\/\/beta.observablehq.com\/@mbostock\/methods-of-comparison-compared",
                "image_width": 400,
                "image_height": 250,
                "image_bytes": 27380,
                "service_icon": "https:\/\/static.observablehq.com\/favicon-512.b4b8a27b9471915dbb91d3f2c9a20472512ae9549f182056f10bf3c7d6857437.png",
                "service_name": "beta.observablehq.com",
                "id": 1,
                "original_url": "https:\/\/beta.observablehq.com\/@mbostock\/methods-of-comparison-compared"
            }
        ],
        "ts": "1535597640.000100"
    },
    {
        "type": "message",
        "user": "UBELL5EF5",
        "text": "<https:\/\/blog.datawrapper.de\/weeklychart-logscale\/>",
        "client_msg_id": "228afd2d-f0ff-40e3-8615-95cd2691cabd",
        "attachments": [
            {
                "service_name": "Chartable",
                "title": "How to read a log scale: Growth rate",
                "title_link": "https:\/\/blog.datawrapper.de\/weeklychart-logscale\/",
                "text": "As promised last week, we will have a closer look at the logarithmic scale this week. I won’t get into mathematical details to explain what a logarithm is, I won’t even explain when we should use log",
                "fallback": "Chartable: How to read a log scale: Growth rate",
                "image_url": "https:\/\/blog.datawrapper.de\/img\/weeklycharts\/029.png",
                "from_url": "https:\/\/blog.datawrapper.de\/weeklychart-logscale\/",
                "image_width": 500,
                "image_height": 250,
                "image_bytes": 169766,
                "service_icon": "https:\/\/blog.datawrapper.de\/img\/favicon\/apple-icon-57x57.png",
                "id": 1,
                "original_url": "https:\/\/blog.datawrapper.de\/weeklychart-logscale\/"
            }
        ],
        "ts": "1535597666.000100"
    }
]