[
    {
        "type": "message",
        "user": "UBDUUHX4J",
        "text": "사주세용 은지님 !",
        "client_msg_id": "d626cd8c-3b5f-492c-802a-049a36a04c76",
        "thread_ts": "1532497558.000127",
        "parent_user_id": "UBD8GMVNC",
        "ts": "1532502515.000015"
    },
    {
        "type": "message",
        "user": "UBD8GMVNC",
        "text": "파이콘 티켓 충동구매하고 거지가 됐어요ㅠㅠ 저도 주머니에 먼지만 굴러다니는 백수라서.... 그저 웁니다. (엉엉)",
        "client_msg_id": "79620943-b4cd-468f-b846-3de34da6b490",
        "thread_ts": "1532497558.000127",
        "parent_user_id": "UBD8GMVNC",
        "ts": "1532502600.000133"
    },
    {
        "type": "message",
        "user": "UBDUUHX4J",
        "text": "아 원래 안사려고 했는데 또 추가 티켓 한다니까 고민되네여 ,,,,,",
        "client_msg_id": "0974d102-f252-4f7c-8025-2a6b7b713e17",
        "thread_ts": "1532497558.000127",
        "parent_user_id": "UBD8GMVNC",
        "ts": "1532502637.000068"
    },
    {
        "type": "message",
        "user": "UBD8GMVNC",
        "text": "저는 지르고 나서 프로그램 보니 재밌어 보이는 세션이 많아서 만족중이에요ㅋㅋㅋㅋ",
        "client_msg_id": "43d0bd07-5e64-4aeb-adf9-d2884b89d2f6",
        "thread_ts": "1532497558.000127",
        "parent_user_id": "UBD8GMVNC",
        "ts": "1532504507.000060"
    },
    {
        "type": "message",
        "user": "U9UFEBXGF",
        "text": "페이스북 이노베이션 랩에서 여는 강연 있어서 공유드립니다. 크라우드펀딩에 관심있으신 분들은 가셔서 들어보시면 좋을 것 같아요. \n주제 : 나만의 브랜드 런칭, 그 첫 단계를 위한 Creative 와 Crowd Funding 노하우\n<https:\/\/innovationlab180802seminar.splashthat.com\/?gz=4170dfa3707c17a6&amp;guest-access-hash=MzA4NjIyM3wxODM5MzkyNTB8MTUzMjQ5ODAyNjtiYWMzM2U4MWNjMDJmZWQ0M2JmNzdjNWMwODMyNzE2ZWIzZjc1MjZjNjM2NDMyOWEyNjc1ZjU2Y2IwOGMzNDdl>",
        "client_msg_id": "13f838c2-3544-4044-8d32-6861756a907b",
        "attachments": [
            {
                "title": "Seminar : Start Your Own Branding",
                "title_link": "https:\/\/innovationlab180802seminar.splashthat.com\/?gz=4170dfa3707c17a6&guest-access-hash=MzA4NjIyM3wxODM5MzkyNTB8MTUzMjQ5ODAyNjtiYWMzM2U4MWNjMDJmZWQ0M2JmNzdjNWMwODMyNzE2ZWIzZjc1MjZjNjM2NDMyOWEyNjc1ZjU2Y2IwOGMzNDdl",
                "text": "나만의 브랜드 런칭, 그 첫 단계를 위한 Creative 와 Crowd Funding 노하우! 페이스북 크리에이티브샵과 와디즈 크라우드펀딩의 전문가와 함께 초기 브랜드 런칭의 유익한 인사이트를 나눠보세요.",
                "fallback": "Seminar : Start Your Own Branding",
                "image_url": "https:\/\/s3.amazonaws.com\/s3.clients.splashthat.com\/img\/events\/splash\/splashthat.com\/sites\/view\/innovationlab180802seminar.splashthat.com%3Fpartial%3D265435%26screenshotHash%3D5159d7d13d004be4%26showWorkspace%3D1%26t%3D1532335508%26isTakingScreenshot%3D16.png",
                "from_url": "https:\/\/innovationlab180802seminar.splashthat.com\/?gz=4170dfa3707c17a6&guest-access-hash=MzA4NjIyM3wxODM5MzkyNTB8MTUzMjQ5ODAyNjtiYWMzM2U4MWNjMDJmZWQ0M2JmNzdjNWMwODMyNzE2ZWIzZjc1MjZjNjM2NDMyOWEyNjc1ZjU2Y2IwOGMzNDdl",
                "image_width": 179,
                "image_height": 250,
                "image_bytes": 155801,
                "service_icon": "https:\/\/d24wuq6o951i2g.cloudfront.net\/img\/events\/id\/306\/3068000\/assets\/985.-09.png",
                "service_name": "innovationlab180802seminar.splashthat.com",
                "id": 1,
                "original_url": "https:\/\/innovationlab180802seminar.splashthat.com\/?gz=4170dfa3707c17a6&amp;guest-access-hash=MzA4NjIyM3wxODM5MzkyNTB8MTUzMjQ5ODAyNjtiYWMzM2U4MWNjMDJmZWQ0M2JmNzdjNWMwODMyNzE2ZWIzZjc1MjZjNjM2NDMyOWEyNjc1ZjU2Y2IwOGMzNDdl"
            }
        ],
        "thread_ts": "1532506513.000062",
        "reply_count": 8,
        "replies": [
            {
                "user": "U9UFEBXGF",
                "ts": "1532506561.000175"
            },
            {
                "user": "UBDCWMFND",
                "ts": "1532506672.000144"
            },
            {
                "user": "UBDN8T42G",
                "ts": "1532506808.000013"
            },
            {
                "user": "U9UFEBXGF",
                "ts": "1532507275.000101"
            },
            {
                "user": "UBDCWMFND",
                "ts": "1532507506.000038"
            },
            {
                "user": "U9UFEBXGF",
                "ts": "1532507665.000186"
            },
            {
                "user": "UBDCWMFND",
                "ts": "1532507924.000134"
            },
            {
                "user": "UBD8GMVNC",
                "ts": "1532509144.000292"
            }
        ],
        "unread_count": 8,
        "ts": "1532506513.000062"
    },
    {
        "type": "message",
        "user": "U9UFEBXGF",
        "text": "<@UBDCWMFND> 와디즈에 계신분이 연사로 오시더라구요 :slightly_smiling_face:",
        "client_msg_id": "3c2627ae-69de-46bf-97e0-46bb5ef0453b",
        "thread_ts": "1532506513.000062",
        "parent_user_id": "U9UFEBXGF",
        "ts": "1532506561.000175"
    },
    {
        "type": "message",
        "user": "UBDCWMFND",
        "text": "아하!! 넵 감사합니다ㅎㅎ ",
        "client_msg_id": "5bf4709c-df10-4bfa-986a-79bf301aa79b",
        "thread_ts": "1532506513.000062",
        "parent_user_id": "U9UFEBXGF",
        "ts": "1532506672.000144"
    },
    {
        "type": "message",
        "user": "UBDN8T42G",
        "text": "오.. 여러분 참가하시나요?",
        "client_msg_id": "2c776b94-595c-4207-aa46-666c2a71e6c1",
        "edited": {
            "user": "UBDN8T42G",
            "ts": "1532506823.000000"
        },
        "thread_ts": "1532506513.000062",
        "parent_user_id": "U9UFEBXGF",
        "ts": "1532506808.000013"
    },
    {
        "type": "message",
        "user": "U9UFEBXGF",
        "text": "<@UBDN8T42G> 아니요ㅎㅎ 크라우드펀딩 관심있으신 분들에게 좋은 강연이 될 것 같아서 공유드려요ㅎㅎ",
        "client_msg_id": "ad11d309-982c-43ee-8af3-d6c6c9206d0c",
        "thread_ts": "1532506513.000062",
        "parent_user_id": "U9UFEBXGF",
        "ts": "1532507275.000101"
    },
    {
        "type": "message",
        "user": "UBDCWMFND",
        "text": "사실 황인범 이사님은 와디즈 초기때 함께 펀딩 진행한 계기로 자주 인사드리는 사이라, 크라우드펀딩을 처음 해보는 분들한테 큰 도움 될 거 같아요! 저런 교육을 통해 와디즈펀딩 개설률 높이려는 전략인 건 안비밀!! ㅋㅋ",
        "client_msg_id": "8b9787b9-4bc8-439c-adde-1ebe5e6ca982",
        "thread_ts": "1532506513.000062",
        "parent_user_id": "U9UFEBXGF",
        "ts": "1532507506.000038"
    },
    {
        "type": "message",
        "user": "U9UFEBXGF",
        "text": "오 아는 사이시군요ㅎㅎ 저번 점심상담 때 와디즈 말씀하셔서 혹시나 도움이 될까 했어요. 크라우드펀딩을 해보고 싶은 분들에게는 인적네트워크를 만드는데 도움이 될 것 같아요. (와디즈 홍보를 위한 자리라는 것은 안비밀 :wink::ok_hand::skin-tone-2:)",
        "client_msg_id": "648b4083-2cf1-4b84-89ed-9f47d96a60d5",
        "thread_ts": "1532506513.000062",
        "parent_user_id": "U9UFEBXGF",
        "ts": "1532507665.000186"
    },
    {
        "type": "message",
        "user": "UBDCWMFND",
        "text": "넘 감사해요:heart:  맘 따땃한 큰 도움입니다:star-struck: 누굴 아는 것과 취직은 다른 문제이니까요 아하하하ㅠㅠ ",
        "client_msg_id": "c954f763-87e8-496a-8dbc-d8aa2e13f484",
        "thread_ts": "1532506513.000062",
        "parent_user_id": "U9UFEBXGF",
        "ts": "1532507924.000134"
    },
    {
        "type": "message",
        "user": "UBD8GMVNC",
        "text": "지혜님 좋은 정보 감사합니다! 제가 덥석 물어서 다녀오겠습니다ㅋㅋ",
        "client_msg_id": "ad3fdf1b-1218-4034-9a53-15ee629c5edf",
        "thread_ts": "1532506513.000062",
        "parent_user_id": "U9UFEBXGF",
        "ts": "1532509144.000292"
    },
    {
        "type": "message",
        "text": "<https:\/\/www.cv-foundation.org\/openaccess\/content_cvpr_2016\/papers\/Gatys_Image_Style_Transfer_CVPR_2016_paper.pdf>",
        "files": [
            {
                "id": "FBYHEPMTQ",
                "created": 1532584460,
                "timestamp": 1532584460,
                "name": "image.png",
                "title": "Pasted image at 2018-07-26, 2:54 PM",
                "mimetype": "image\/png",
                "filetype": "png",
                "pretty_type": "PNG",
                "user": "UBDUU48UA",
                "editable": false,
                "size": 445976,
                "mode": "hosted",
                "is_external": false,
                "external_type": "",
                "is_public": true,
                "public_url_shared": false,
                "display_as_bot": false,
                "username": "",
                "url_private": "https:\/\/files.slack.com\/files-pri\/T9SHC5F9S-FBYHEPMTQ\/image.png?t=xoxe-332590185332-430098056850-431139793783-a3ecafe0d0f66efa522a67af632228d7",
                "url_private_download": "https:\/\/files.slack.com\/files-pri\/T9SHC5F9S-FBYHEPMTQ\/download\/image.png?t=xoxe-332590185332-430098056850-431139793783-a3ecafe0d0f66efa522a67af632228d7",
                "thumb_64": "https:\/\/files.slack.com\/files-tmb\/T9SHC5F9S-FBYHEPMTQ-d818cfcdb6\/image_64.png?t=xoxe-332590185332-430098056850-431139793783-a3ecafe0d0f66efa522a67af632228d7",
                "thumb_80": "https:\/\/files.slack.com\/files-tmb\/T9SHC5F9S-FBYHEPMTQ-d818cfcdb6\/image_80.png?t=xoxe-332590185332-430098056850-431139793783-a3ecafe0d0f66efa522a67af632228d7",
                "thumb_360": "https:\/\/files.slack.com\/files-tmb\/T9SHC5F9S-FBYHEPMTQ-d818cfcdb6\/image_360.png?t=xoxe-332590185332-430098056850-431139793783-a3ecafe0d0f66efa522a67af632228d7",
                "thumb_360_w": 324,
                "thumb_360_h": 360,
                "thumb_480": "https:\/\/files.slack.com\/files-tmb\/T9SHC5F9S-FBYHEPMTQ-d818cfcdb6\/image_480.png?t=xoxe-332590185332-430098056850-431139793783-a3ecafe0d0f66efa522a67af632228d7",
                "thumb_480_w": 432,
                "thumb_480_h": 480,
                "thumb_160": "https:\/\/files.slack.com\/files-tmb\/T9SHC5F9S-FBYHEPMTQ-d818cfcdb6\/image_160.png?t=xoxe-332590185332-430098056850-431139793783-a3ecafe0d0f66efa522a67af632228d7",
                "image_exif_rotation": 1,
                "original_w": 464,
                "original_h": 516,
                "permalink": "https:\/\/daitgirls.slack.com\/files\/UBDUU48UA\/FBYHEPMTQ\/image.png",
                "permalink_public": "https:\/\/slack-files.com\/T9SHC5F9S-FBYHEPMTQ-bad969cbc8"
            }
        ],
        "upload": true,
        "user": "UBDUU48UA",
        "display_as_bot": false,
        "ts": "1532584463.000102",
        "reactions": [
            {
                "name": "+1",
                "users": [
                    "UBDUUV802",
                    "UBELL5EF5",
                    "U9UFEBXGF",
                    "UBES4Q6LE",
                    "UBD8GLUEL",
                    "UBDN9579S",
                    "UBDRWBNRZ"
                ],
                "count": 7
            }
        ]
    },
    {
        "type": "message",
        "user": "UBDUU48UA",
        "text": "아까 연사님이 언급하셨던 Image Style Transfer 논문입니다",
        "client_msg_id": "d098924f-af21-4659-a4de-d44391f142c6",
        "ts": "1532584487.000167"
    }
]