[
    {
        "type": "message",
        "user": "U9SN17L0M",
        "text": "<https:\/\/github.com\/jackiekazil\/data-wrangling> 파이썬을 활용한 데이터 길들이기 책 소스코드 입니다.",
        "client_msg_id": "766874ce-4528-45ea-8617-16b76fad6e83",
        "attachments": [
            {
                "fallback": "jackiekazil\/data-wrangling",
                "title": "jackiekazil\/data-wrangling",
                "footer": "<https:\/\/github.com\/jackiekazil\/data-wrangling|jackiekazil\/data-wrangling>",
                "id": 1,
                "footer_icon": "https:\/\/assets-cdn.github.com\/favicon.ico",
                "ts": 1439267769,
                "color": "24292f",
                "fields": [
                    {
                        "title": "Stars",
                        "value": "239",
                        "short": true
                    },
                    {
                        "title": "Language",
                        "value": "HTML",
                        "short": true
                    }
                ],
                "mrkdwn_in": [
                    "text",
                    "fields"
                ],
                "bot_id": "BBNDHKJQ3",
                "app_unfurl_url": "https:\/\/github.com\/jackiekazil\/data-wrangling",
                "is_app_unfurl": true
            }
        ],
        "ts": "1531468978.000189",
        "reactions": [
            {
                "name": "+1",
                "users": [
                    "UBDRWBNRZ",
                    "UBF0XFP7Z"
                ],
                "count": 2
            }
        ]
    }
]