[
    {
        "type": "message",
        "user": "U9TKQU99V",
        "text": "LEARN, SHARE, and GROW TOGETHER - 읽을거리, 영상에 통계 관련 내용 추가했습니다 :slightly_smiling_face:",
        "client_msg_id": "b2d4ed61-6708-493e-bcf6-90240c78aa53",
        "thread_ts": "1532086759.000084",
        "reply_count": 1,
        "replies": [
            {
                "user": "UBD8GMVNC",
                "ts": "1532097873.000064"
            }
        ],
        "unread_count": 1,
        "ts": "1532086759.000084",
        "reactions": [
            {
                "name": "blue_heart",
                "users": [
                    "UBF0XHZD5",
                    "UBDN9579S",
                    "UBELL5EF5",
                    "UBDRWADQB",
                    "UBBH69509",
                    "UBDRXTD8B",
                    "UBDRWK8SX",
                    "UBF0XFP7Z"
                ],
                "count": 8
            }
        ]
    },
    {
        "type": "message",
        "user": "UBD8GMVNC",
        "text": "영웅님 프사가 멋있으세요!",
        "client_msg_id": "d12e4e3f-3b8d-4684-96c2-fd0f979b6269",
        "thread_ts": "1532086759.000084",
        "parent_user_id": "U9TKQU99V",
        "ts": "1532097873.000064"
    }
]