[
    {
        "type": "message",
        "user": "UBDN8T42G",
        "text": "<https:\/\/www.datajournalismawards.org\/2018-winners\/?utm_source=gaerae.com&amp;utm_campaign=%EA%B0%9C%EB%B0%9C%EC%9E%90%EC%8A%A4%EB%9F%BD%EB%8B%A4&amp;utm_medium=social>",
        "client_msg_id": "c2ae0edc-7aca-4ba3-a732-a12d0158f8cc",
        "ts": "1535824139.000100"
    },
    {
        "type": "message",
        "user": "UBDN8T42G",
        "text": "데이터 시각화 어워즈 우승작인데요! 지난 우승작을 보는 것만으로도 공부가 될 것 같아 올려요. :slightly_smiling_face:",
        "client_msg_id": "20a307a7-cc0d-4da8-b056-85ba914f60a2",
        "thread_ts": "1535824215.000100",
        "reply_count": 2,
        "replies": [
            {
                "user": "UBF1K97FH",
                "ts": "1535835401.000100"
            },
            {
                "user": "U9SN17L0M",
                "ts": "1535836993.000100"
            }
        ],
        "unread_count": 2,
        "ts": "1535824215.000100",
        "reactions": [
            {
                "name": "star-struck",
                "users": [
                    "UBDRWBNRZ",
                    "UBF1K97FH",
                    "U9SN17L0M",
                    "UBELL5EF5",
                    "UBDN9579S",
                    "UBF0XFP7Z",
                    "UA4EGE85S",
                    "UBDRWK8SX",
                    "U9UFEBXGF"
                ],
                "count": 9
            },
            {
                "name": "clap",
                "users": [
                    "UBDRWBNRZ",
                    "U9SN17L0M",
                    "UBELL5EF5",
                    "UBF0XFP7Z",
                    "UBDUUUCMQ",
                    "UA4EGE85S",
                    "UBDCWMFND",
                    "UBDRWK8SX",
                    "U9UFEBXGF"
                ],
                "count": 9
            },
            {
                "name": "thumbsup_all",
                "users": [
                    "UBDRWBNRZ",
                    "U9SN17L0M",
                    "UBELL5EF5",
                    "UBF0XFP7Z",
                    "UBDN8UG4C",
                    "UA4EGE85S",
                    "UBDCWMFND",
                    "UBDRWK8SX",
                    "U9UFEBXGF"
                ],
                "count": 9
            }
        ]
    },
    {
        "type": "message",
        "user": "UBF1K97FH",
        "text": "보기만 해도 가슴 두근!",
        "client_msg_id": "4DBFE4A4-A2E5-4E5F-B044-9CD5D9E0A04C",
        "thread_ts": "1535824215.000100",
        "parent_user_id": "UBDN8T42G",
        "ts": "1535835401.000100"
    },
    {
        "type": "message",
        "user": "U9SN17L0M",
        "text": "<http:\/\/mappable.info\/projects\/hhtourism\/> 위 링크에서 발견한 건데 어디까지 홍대인가? where Es hongdae 가 떠올라요 :slightly_smiling_face:",
        "client_msg_id": "1c6659e8-d39e-460e-aeea-ef67cddbcc87",
        "thread_ts": "1535824215.000100",
        "parent_user_id": "UBDN8T42G",
        "ts": "1535836993.000100",
        "reactions": [
            {
                "name": "the_love",
                "users": [
                    "UBD8HB9C0"
                ],
                "count": 1
            }
        ]
    }
]