[
    {
        "type": "message",
        "user": "UBD8GMVNC",
        "text": "20180704 PM 2:45 기준 변경\n1. 주소 변경됐습니다.\n<https:\/\/github.com\/YoungestSalon\/TIL\/blob\/master\/Python_Youtube_LeftHand_1.md>\n2. 유튜브 왼손코딩 유기농냠냠파이썬 전체 71강 모두 정리 완료됐습니다. :slightly_smiling_face:",
        "client_msg_id": "40dbe418-7e32-4c71-9bfd-d145a9191399",
        "attachments": [
            {
                "service_name": "GitHub",
                "title": "YoungestSalon\/TIL",
                "title_link": "https:\/\/github.com\/YoungestSalon\/TIL\/blob\/master\/Python_Youtube_LeftHand_1.md",
                "text": "TIL - Today I Learned",
                "fallback": "GitHub: YoungestSalon\/TIL",
                "from_url": "https:\/\/github.com\/YoungestSalon\/TIL\/blob\/master\/Python_Youtube_LeftHand_1.md",
                "thumb_url": "https:\/\/avatars2.githubusercontent.com\/u\/39959286?s=400&v=4",
                "thumb_width": 250,
                "thumb_height": 250,
                "service_icon": "https:\/\/cfr.slack-edge.com\/bfaba\/img\/unfurl_icons\/github.png",
                "id": 1,
                "original_url": "https:\/\/github.com\/YoungestSalon\/TIL\/blob\/master\/Python_Youtube_LeftHand_1.md"
            }
        ],
        "thread_ts": "1530508448.000042",
        "parent_user_id": "UBD8GMVNC",
        "ts": "1530683191.000117",
        "reactions": [
            {
                "name": "+1",
                "users": [
                    "UBDRXTD8B"
                ],
                "count": 1
            }
        ]
    }
]