[
    {
        "user": "U9UFEBXGF",
        "text": "<@U9UFEBXGF> has joined the channel",
        "type": "message",
        "subtype": "channel_join",
        "ts": "1530260666.000073"
    },
    {
        "user": "U9SN17L0M",
        "text": "<@U9SN17L0M> has joined the channel",
        "type": "message",
        "subtype": "channel_join",
        "ts": "1530260868.000085"
    },
    {
        "user": "UBD5C2LH5",
        "inviter": "U9UFEBXGF",
        "text": "<@UBD5C2LH5> has joined the channel",
        "type": "message",
        "subtype": "channel_join",
        "ts": "1530261702.000056"
    },
    {
        "user": "UBDCWMFND",
        "inviter": "U9UFEBXGF",
        "text": "<@UBDCWMFND> has joined the channel",
        "type": "message",
        "subtype": "channel_join",
        "ts": "1530261702.000073"
    },
    {
        "user": "UA4EGE85S",
        "inviter": "U9UFEBXGF",
        "text": "<@UA4EGE85S> has joined the channel",
        "type": "message",
        "subtype": "channel_join",
        "ts": "1530261702.000078"
    },
    {
        "user": "UAMRJQYTE",
        "inviter": "U9UFEBXGF",
        "text": "<@UAMRJQYTE> has joined the channel",
        "type": "message",
        "subtype": "channel_join",
        "ts": "1530261702.000098"
    },
    {
        "user": "UBDN8T42G",
        "inviter": "U9UFEBXGF",
        "text": "<@UBDN8T42G> has joined the channel",
        "type": "message",
        "subtype": "channel_join",
        "ts": "1530261702.000122"
    },
    {
        "user": "UBD8HB9C0",
        "inviter": "U9UFEBXGF",
        "text": "<@UBD8HB9C0> has joined the channel",
        "type": "message",
        "subtype": "channel_join",
        "ts": "1530261702.000144"
    },
    {
        "user": "UBBH69509",
        "inviter": "U9UFEBXGF",
        "text": "<@UBBH69509> has joined the channel",
        "type": "message",
        "subtype": "channel_join",
        "ts": "1530261702.000167"
    },
    {
        "user": "UBDN8PAN8",
        "inviter": "U9UFEBXGF",
        "text": "<@UBDN8PAN8> has joined the channel",
        "type": "message",
        "subtype": "channel_join",
        "ts": "1530261702.000178"
    },
    {
        "user": "UBDRWRE3D",
        "inviter": "U9UFEBXGF",
        "text": "<@UBDRWRE3D> has joined the channel",
        "type": "message",
        "subtype": "channel_join",
        "ts": "1530261702.000223"
    },
    {
        "user": "UBDRWBNRZ",
        "inviter": "U9UFEBXGF",
        "text": "<@UBDRWBNRZ> has joined the channel",
        "type": "message",
        "subtype": "channel_join",
        "ts": "1530261702.000320"
    },
    {
        "user": "UAMPGHJRJ",
        "inviter": "U9UFEBXGF",
        "text": "<@UAMPGHJRJ> has joined the channel",
        "type": "message",
        "subtype": "channel_join",
        "ts": "1530261702.000341"
    },
    {
        "user": "UBCVC8UQ3",
        "inviter": "U9UFEBXGF",
        "text": "<@UBCVC8UQ3> has joined the channel",
        "type": "message",
        "subtype": "channel_join",
        "ts": "1530261702.000354"
    },
    {
        "user": "UBDRVLD1R",
        "inviter": "U9UFEBXGF",
        "text": "<@UBDRVLD1R> has joined the channel",
        "type": "message",
        "subtype": "channel_join",
        "ts": "1530261702.000371"
    },
    {
        "user": "UBDUUHX4J",
        "inviter": "U9UFEBXGF",
        "text": "<@UBDUUHX4J> has joined the channel",
        "type": "message",
        "subtype": "channel_join",
        "ts": "1530261703.000126"
    },
    {
        "user": "UBDUU7X7U",
        "inviter": "U9UFEBXGF",
        "text": "<@UBDUU7X7U> has joined the channel",
        "type": "message",
        "subtype": "channel_join",
        "ts": "1530261703.000127"
    },
    {
        "user": "UBELL5EF5",
        "inviter": "U9UFEBXGF",
        "text": "<@UBELL5EF5> has joined the channel",
        "type": "message",
        "subtype": "channel_join",
        "ts": "1530261703.000146"
    },
    {
        "user": "UBD8GLUEL",
        "inviter": "U9UFEBXGF",
        "text": "<@UBD8GLUEL> has joined the channel",
        "type": "message",
        "subtype": "channel_join",
        "ts": "1530261703.000267"
    },
    {
        "user": "UBDRXTD8B",
        "inviter": "U9UFEBXGF",
        "text": "<@UBDRXTD8B> has joined the channel",
        "type": "message",
        "subtype": "channel_join",
        "ts": "1530261704.000056"
    },
    {
        "user": "UBDUVKQAE",
        "inviter": "U9UFEBXGF",
        "text": "<@UBDUVKQAE> has joined the channel",
        "type": "message",
        "subtype": "channel_join",
        "ts": "1530261704.000215"
    },
    {
        "user": "UBF1K97FH",
        "inviter": "U9UFEBXGF",
        "text": "<@UBF1K97FH> has joined the channel",
        "type": "message",
        "subtype": "channel_join",
        "ts": "1530261704.000407"
    },
    {
        "user": "UBF0XHZD5",
        "inviter": "U9UFEBXGF",
        "text": "<@UBF0XHZD5> has joined the channel",
        "type": "message",
        "subtype": "channel_join",
        "ts": "1530261705.000094"
    },
    {
        "user": "UBDN90RJQ",
        "inviter": "U9UFEBXGF",
        "text": "<@UBDN90RJQ> has joined the channel",
        "type": "message",
        "subtype": "channel_join",
        "ts": "1530261705.000246"
    },
    {
        "user": "UBDCWPPNV",
        "inviter": "U9UFEBXGF",
        "text": "<@UBDCWPPNV> has joined the channel",
        "type": "message",
        "subtype": "channel_join",
        "ts": "1530261706.000010"
    },
    {
        "user": "UA4NE8C74",
        "inviter": "U9UFEBXGF",
        "text": "<@UA4NE8C74> has joined the channel",
        "type": "message",
        "subtype": "channel_join",
        "ts": "1530261706.000156"
    },
    {
        "user": "UBDN9579S",
        "inviter": "U9UFEBXGF",
        "text": "<@UBDN9579S> has joined the channel",
        "type": "message",
        "subtype": "channel_join",
        "ts": "1530261706.000302"
    },
    {
        "user": "UBF0XFP7Z",
        "inviter": "U9UFEBXGF",
        "text": "<@UBF0XFP7Z> has joined the channel",
        "type": "message",
        "subtype": "channel_join",
        "ts": "1530261706.000322"
    },
    {
        "user": "UBE3NMLCD",
        "inviter": "U9UFEBXGF",
        "text": "<@UBE3NMLCD> has joined the channel",
        "type": "message",
        "subtype": "channel_join",
        "ts": "1530261707.000077"
    },
    {
        "user": "UBDUU48UA",
        "inviter": "U9UFEBXGF",
        "text": "<@UBDUU48UA> has joined the channel",
        "type": "message",
        "subtype": "channel_join",
        "ts": "1530261707.000217"
    },
    {
        "user": "UBE3NCBKP",
        "inviter": "U9UFEBXGF",
        "text": "<@UBE3NCBKP> has joined the channel",
        "type": "message",
        "subtype": "channel_join",
        "ts": "1530261707.000363"
    },
    {
        "user": "UBD8GHGBA",
        "inviter": "U9UFEBXGF",
        "text": "<@UBD8GHGBA> has joined the channel",
        "type": "message",
        "subtype": "channel_join",
        "ts": "1530261708.000147"
    },
    {
        "user": "U9TKQU99V",
        "inviter": "U9UFEBXGF",
        "text": "<@U9TKQU99V> has joined the channel",
        "type": "message",
        "subtype": "channel_join",
        "ts": "1530261708.000318"
    },
    {
        "user": "UBDUUV802",
        "inviter": "U9UFEBXGF",
        "text": "<@UBDUUV802> has joined the channel",
        "type": "message",
        "subtype": "channel_join",
        "ts": "1530261709.000102"
    },
    {
        "user": "UBDN8UG4C",
        "inviter": "U9UFEBXGF",
        "text": "<@UBDN8UG4C> has joined the channel",
        "type": "message",
        "subtype": "channel_join",
        "ts": "1530261709.000258"
    },
    {
        "user": "UBDUUUCMQ",
        "inviter": "U9UFEBXGF",
        "text": "<@UBDUUUCMQ> has joined the channel",
        "type": "message",
        "subtype": "channel_join",
        "ts": "1530261709.000404"
    },
    {
        "user": "UBD8GMVNC",
        "inviter": "U9UFEBXGF",
        "text": "<@UBD8GMVNC> has joined the channel",
        "type": "message",
        "subtype": "channel_join",
        "ts": "1530261710.000131"
    },
    {
        "user": "UBDRWADQB",
        "inviter": "U9UFEBXGF",
        "text": "<@UBDRWADQB> has joined the channel",
        "type": "message",
        "subtype": "channel_join",
        "ts": "1530261710.000285"
    },
    {
        "user": "UBF0XKTP1",
        "inviter": "U9UFEBXGF",
        "text": "<@UBF0XKTP1> has joined the channel",
        "type": "message",
        "subtype": "channel_join",
        "ts": "1530261711.000047"
    },
    {
        "user": "UBDRWU3GT",
        "inviter": "U9UFEBXGF",
        "text": "<@UBDRWU3GT> has joined the channel",
        "type": "message",
        "subtype": "channel_join",
        "ts": "1530261711.000182"
    },
    {
        "user": "UBES4Q6LE",
        "inviter": "U9UFEBXGF",
        "text": "<@UBES4Q6LE> has joined the channel",
        "type": "message",
        "subtype": "channel_join",
        "ts": "1530261711.000326"
    },
    {
        "user": "UBDRWK8SX",
        "inviter": "U9UFEBXGF",
        "text": "<@UBDRWK8SX> has joined the channel",
        "type": "message",
        "subtype": "channel_join",
        "ts": "1530261712.000094"
    },
    {
        "user": "UBF0Y7GMD",
        "inviter": "U9UFEBXGF",
        "text": "<@UBF0Y7GMD> has joined the channel",
        "type": "message",
        "subtype": "channel_join",
        "ts": "1530261712.000237"
    },
    {
        "user": "U9USRM6AW",
        "inviter": "U9UFEBXGF",
        "text": "<@U9USRM6AW> has joined the channel",
        "type": "message",
        "subtype": "channel_join",
        "ts": "1530261712.000260"
    },
    {
        "type": "message",
        "user": "U9SN17L0M",
        "text": "<https:\/\/www.facebook.com\/djangogirlsseoul\/photos\/a.1515974685332232.1073741828.1514102055519495\/1957752147821148\/?type=3&amp;theater> 혹시 장고걸스 워크숍에 관심있는 분들은 신청해 보세요. 이번주 일요일이 마감입니다. 저도 코치로 참여합니다. 장고걸스는 여성분들에게 파이썬 장고 웹프레임워크로 블로그를 개발해보는 워크샵으로 서버, DB, CSS, HTML 을 배울 수 있는 과정입니다. 장고걸스가 궁금하신 분들은 따로 문의주셔도 됩니다.",
        "client_msg_id": "10197c9f-4a13-4f6c-aae7-d907edbe9ad8",
        "attachments": [
            {
                "title": "Django Girls Seoul",
                "title_link": "https:\/\/www.facebook.com\/djangogirlsseoul\/photos\/a.1515974685332232.1073741828.1514102055519495\/1957752147821148\/?type=3&theater",
                "text": ":balloon:장고걸스 워크샵 신청링크가 :star:오픈:star:되었습니다!:confetti_ball: 참가자 선정은 선착순이 아닌, 신청서를 토대로 선정되는 방식입니다. 선정 방식에 대해 궁금하시다면 장고걸스 블로그를 참조해주세요! <http:\/\/blog.djangogirls.org\/post\/91067112853\/> 첫째날은 설치데이로 함께 개발할 수 있는 환경을 셋팅하며 네트워킹을 진행하고, 둘째날에...",
                "fallback": "Django Girls Seoul",
                "image_url": "https:\/\/scontent-iad3-1.xx.fbcdn.net\/v\/t1.0-9\/35114006_1957752151154481_650791865804652544_n.png?_nc_cat=0&oh=85f602c7ee12534363eae406191e9659&oe=5BE4E36F",
                "from_url": "https:\/\/www.facebook.com\/djangogirlsseoul\/photos\/a.1515974685332232.1073741828.1514102055519495\/1957752147821148\/?type=3&theater",
                "image_width": 188,
                "image_height": 250,
                "image_bytes": 374924,
                "service_icon": "https:\/\/static.xx.fbcdn.net\/rsrc.php\/yz\/r\/KFyVIAWzntM.ico",
                "service_name": "facebook.com",
                "id": 1,
                "original_url": "https:\/\/www.facebook.com\/djangogirlsseoul\/photos\/a.1515974685332232.1073741828.1514102055519495\/1957752147821148\/?type=3&amp;theater"
            }
        ],
        "ts": "1530267307.000064",
        "reactions": [
            {
                "name": "+1",
                "users": [
                    "UBELL5EF5",
                    "U9UFEBXGF",
                    "UBDRVLD1R",
                    "UBDN9579S",
                    "UBES4Q6LE",
                    "UBDN8T42G",
                    "UBDUUV802",
                    "UBF1K97FH",
                    "UBDUVKQAE",
                    "UBDRWK8SX",
                    "UBBH69509",
                    "UBF0Y7GMD"
                ],
                "count": 12
            }
        ]
    }
]