[
    {
        "type": "message",
        "text": "",
        "files": [
            {
                "id": "FBT2AKR0B",
                "created": 1531976104,
                "timestamp": 1531976104,
                "name": "_____________________________________________.py",
                "title": "베스트셀러\/국내도서\/도서명\/추출",
                "mimetype": "text\/plain",
                "filetype": "python",
                "pretty_type": "Python",
                "user": "UBDN9579S",
                "editable": true,
                "size": 516,
                "mode": "snippet",
                "is_external": false,
                "external_type": "",
                "is_public": true,
                "public_url_shared": false,
                "display_as_bot": false,
                "username": "",
                "url_private": "https:\/\/files.slack.com\/files-pri\/T9SHC5F9S-FBT2AKR0B\/_____________________________________________.py?t=xoxe-332590185332-430098056850-431139793783-a3ecafe0d0f66efa522a67af632228d7",
                "url_private_download": "https:\/\/files.slack.com\/files-pri\/T9SHC5F9S-FBT2AKR0B\/download\/_____________________________________________.py?t=xoxe-332590185332-430098056850-431139793783-a3ecafe0d0f66efa522a67af632228d7",
                "permalink": "https:\/\/daitgirls.slack.com\/files\/UBDN9579S\/FBT2AKR0B\/_____________________________________________.py",
                "permalink_public": "https:\/\/slack-files.com\/T9SHC5F9S-FBT2AKR0B-1ffd1e114b",
                "edit_link": "https:\/\/daitgirls.slack.com\/files\/UBDN9579S\/FBT2AKR0B\/_____________________________________________.py\/edit",
                "preview": "from urllib import request\r\nfrom bs4 import BeautifulSoup\r\n\r\nurl = \"http:\/\/www.yes24.com\/24\/category\/bestseller?CategoryNumber=001\"\r\nwith request.urlopen(url) as f:\r",
                "preview_highlight": "<div class=\"CodeMirror cm-s-default CodeMirrorServer\" oncopy=\"if(event.clipboardData){event.clipboardData.setData('text\/plain',window.getSelection().toString().replace(\/\\u200b\/g,''));event.preventDefault();event.stopPropagation();}\">\n<div class=\"CodeMirror-code\">\n<div><pre><span class=\"cm-keyword\">from<\/span> <span class=\"cm-variable\">urllib<\/span> <span class=\"cm-keyword\">import<\/span> <span class=\"cm-variable\">request<\/span><\/pre><\/div>\n<div><pre><span class=\"cm-keyword\">from<\/span> <span class=\"cm-variable\">bs4<\/span> <span class=\"cm-keyword\">import<\/span> <span class=\"cm-variable\">BeautifulSoup<\/span><\/pre><\/div>\n<div><pre>&#8203;<\/pre><\/div>\n<div><pre><span class=\"cm-variable\">url<\/span> = <span class=\"cm-string\">&quot;http:\/\/www.yes24.com\/24\/category\/bestseller?CategoryNumber=001&quot;<\/span><\/pre><\/div>\n<div><pre><span class=\"cm-keyword\">with<\/span> <span class=\"cm-variable\">request<\/span>.<span class=\"cm-property\">urlopen<\/span>(<span class=\"cm-variable\">url<\/span>) <span class=\"cm-keyword\">as<\/span> <span class=\"cm-variable\">f<\/span>:<\/pre><\/div>\n<\/div>\n<\/div>\n",
                "lines": 18,
                "lines_more": 13,
                "preview_is_truncated": false,
                "reactions": [
                    {
                        "name": "+1",
                        "users": [
                            "UBDRVLD1R",
                            "UBDRWK8SX",
                            "UBDUU7X7U",
                            "U9SN17L0M",
                            "UBDN9579S"
                        ],
                        "count": 5
                    }
                ]
            }
        ],
        "upload": true,
        "user": "UBDN9579S",
        "display_as_bot": false,
        "reactions": [
            {
                "name": "+1",
                "users": [
                    "UBDRVLD1R",
                    "UBDRWK8SX",
                    "UBDUU7X7U",
                    "U9SN17L0M",
                    "UBDN9579S"
                ],
                "count": 5
            }
        ],
        "ts": "1531976104.000174"
    },
    {
        "type": "message",
        "user": "U9TKQU99V",
        "text": "<https:\/\/html-color-codes.info\/Korean\/>",
        "client_msg_id": "ffa683b9-6d66-4604-adc9-95382682c3ac",
        "attachments": [
            {
                "title": "HTML 컬러 코드 ",
                "title_link": "https:\/\/html-color-codes.info\/Korean\/",
                "text": "HTML 컬러 코드 웹사이트에서는 홈페이지 제작 시 HTML 컬러를 찾아 볼 수 있는 무료 컬러 툴 기능을 제공해 드리고 있습니다. 최고의 툴 HTML 컬러 차트 및 HTML 컬러 픽커를 사용하면 컬러 선택이 아주 쉽고 간편합니다.",
                "fallback": "HTML 컬러 코드 ",
                "from_url": "https:\/\/html-color-codes.info\/Korean\/",
                "service_icon": "https:\/\/html-color-codes.info\/favicon.ico",
                "service_name": "html-color-codes.info",
                "id": 1,
                "original_url": "https:\/\/html-color-codes.info\/Korean\/"
            }
        ],
        "ts": "1531982208.000026",
        "reactions": [
            {
                "name": "+1",
                "users": [
                    "UBDRWK8SX",
                    "U9SN17L0M",
                    "UBDN9579S"
                ],
                "count": 3
            }
        ]
    }
]