[
    {
        "type": "message",
        "user": "UBELL5EF5",
        "text": "<https:\/\/github.com\/r-spacex\/SpaceX-API> Elon Musk의 SpaceX에서 자사가 보유한 우주항공 관련 데이터를 API 형태로 공개했어요.",
        "client_msg_id": "e383287e-4611-413f-bf6c-83800886f0c3",
        "attachments": [
            {
                "fallback": "r-spacex\/SpaceX-API",
                "text": ":rocket: Open Source REST API for rocket, core, capsule, pad, and launch data",
                "title": "r-spacex\/SpaceX-API",
                "footer": "<https:\/\/github.com\/r-spacex\/SpaceX-API|r-spacex\/SpaceX-API>",
                "id": 1,
                "footer_icon": "https:\/\/assets-cdn.github.com\/favicon.ico",
                "ts": 1497899063,
                "color": "24292f",
                "fields": [
                    {
                        "title": "Website",
                        "value": "<https:\/\/api.spacexdata.com\/v2\/launches>",
                        "short": true
                    },
                    {
                        "title": "Stars",
                        "value": "1734",
                        "short": true
                    }
                ],
                "mrkdwn_in": [
                    "text",
                    "fields"
                ],
                "bot_id": "BBNDHKJQ3",
                "app_unfurl_url": "https:\/\/github.com\/r-spacex\/SpaceX-API",
                "is_app_unfurl": true
            }
        ],
        "ts": "1535096736.000100",
        "reactions": [
            {
                "name": "thumbsup_all",
                "users": [
                    "UBF0XFP7Z",
                    "UBDUVKQAE",
                    "UA4EGE85S"
                ],
                "count": 3
            },
            {
                "name": "satellite",
                "users": [
                    "UBDRXTD8B",
                    "UBDCWPPNV",
                    "UBF0XKTP1",
                    "UBDCWMFND",
                    "UBF0XFP7Z",
                    "UA4EGE85S"
                ],
                "count": 6
            },
            {
                "name": "sob",
                "users": [
                    "UBDRVLD1R",
                    "UA4EGE85S"
                ],
                "count": 2
            },
            {
                "name": "rocket",
                "users": [
                    "UBDUU48UA",
                    "UBDUUHX4J",
                    "UBF0XFP7Z",
                    "UA4EGE85S"
                ],
                "count": 4
            }
        ]
    }
]