[
    {
        "type": "message",
        "user": "U9SN17L0M",
        "text": "판다스 스프린트 가시는 분들 <https:\/\/github.com\/pandas-dev\/pandas> 미리 포크 받고 로컬에 origin, upstream 설정하시고 가시면 작업에 도움이 될거 같아요. 코엑스 와이파이가 생각보다 느릴 수 있어서 미리 포크&amp;클론 받아 놓으시는거 추천해요.",
        "client_msg_id": "e474d847-4502-410a-a945-c1fac1eea109",
        "attachments": [
            {
                "fallback": "pandas-dev\/pandas",
                "text": "Flexible and powerful data analysis \/ manipulation library for Python, providing labeled data structures similar to R data.frame objects, statistical functions, and much more",
                "title": "pandas-dev\/pandas",
                "footer": "<https:\/\/github.com\/pandas-dev\/pandas|pandas-dev\/pandas>",
                "id": 1,
                "footer_icon": "https:\/\/assets-cdn.github.com\/favicon.ico",
                "ts": 1282613853,
                "color": "24292f",
                "fields": [
                    {
                        "title": "Website",
                        "value": "<http:\/\/pandas.pydata.org>",
                        "short": true
                    },
                    {
                        "title": "Stars",
                        "value": "15494",
                        "short": true
                    }
                ],
                "mrkdwn_in": [
                    "text",
                    "fields"
                ],
                "bot_id": "BBNDHKJQ3",
                "app_unfurl_url": "https:\/\/github.com\/pandas-dev\/pandas",
                "is_app_unfurl": true
            }
        ],
        "thread_ts": "1533692461.000176",
        "parent_user_id": "UBD8GMVNC",
        "ts": "1533980290.000039",
        "reactions": [
            {
                "name": "slightly_smiling_face",
                "users": [
                    "U9UFEBXGF",
                    "UBDUVKQAE"
                ],
                "count": 2
            },
            {
                "name": "blue_heart",
                "users": [
                    "U9UFEBXGF"
                ],
                "count": 1
            }
        ]
    },
    {
        "type": "message",
        "text": "Cheat_Sheet라고 해서 빠르게 Library 컨셉과 명령어들을 볼 수 있는 자료입니다. 어느 사이트에서 다운받아서 모아뒀는데 Library를 좀 더 잘 활용하고 싶으신 분들이면 참고하시면 좋을 듯 합니다. 아마 어떤 분이 올리신 사이트인 것 같네요 ㅎㅎㅎ",
        "files": [
            {
                "id": "FC772U3T7",
                "created": 1534046507,
                "timestamp": 1534046507,
                "name": "Cheat_Sheet.zip",
                "title": "Cheat_Sheet.zip",
                "mimetype": "application\/zip",
                "filetype": "zip",
                "pretty_type": "Zip",
                "user": "UBDUVKQAE",
                "editable": false,
                "size": 2272392,
                "mode": "hosted",
                "is_external": false,
                "external_type": "",
                "is_public": true,
                "public_url_shared": false,
                "display_as_bot": false,
                "username": "",
                "url_private": "https:\/\/files.slack.com\/files-pri\/T9SHC5F9S-FC772U3T7\/cheat_sheet.zip?t=xoxe-332590185332-430098056850-431139793783-a3ecafe0d0f66efa522a67af632228d7",
                "url_private_download": "https:\/\/files.slack.com\/files-pri\/T9SHC5F9S-FC772U3T7\/download\/cheat_sheet.zip?t=xoxe-332590185332-430098056850-431139793783-a3ecafe0d0f66efa522a67af632228d7",
                "permalink": "https:\/\/daitgirls.slack.com\/files\/UBDUVKQAE\/FC772U3T7\/cheat_sheet.zip",
                "permalink_public": "https:\/\/slack-files.com\/T9SHC5F9S-FC772U3T7-c660300d58"
            }
        ],
        "upload": true,
        "user": "UBDUVKQAE",
        "display_as_bot": false,
        "ts": "1534046507.000069",
        "reactions": [
            {
                "name": "thumbsup_all",
                "users": [
                    "UA4EGE85S",
                    "UBD8GLUEL",
                    "UBDUUHX4J",
                    "UBELL5EF5",
                    "UBDN90RJQ",
                    "UBDUU7X7U",
                    "UBDRVLD1R",
                    "UBDRWK8SX",
                    "UBDRWADQB",
                    "UBDRWBNRZ",
                    "UBDCWPPNV"
                ],
                "count": 11
            },
            {
                "name": "+1",
                "users": [
                    "UBDN8T42G",
                    "UBDUUV802"
                ],
                "count": 2
            }
        ]
    }
]