[
    {
        "type": "message",
        "user": "UBELL5EF5",
        "text": "k-means clustering 알고리즘의 작동 방식을 애니메이션으로 만들어봤어요. 피셔의 분꽃 데이터(iris)를 사용했습니다.\n\n<https:\/\/beta.observablehq.com\/@akngs\/k-means-clustering>",
        "client_msg_id": "016249ae-916b-491a-8faf-311b741307fc",
        "attachments": [
            {
                "title": "k-means clustering",
                "title_link": "https:\/\/beta.observablehq.com\/@akngs\/k-means-clustering",
                "text": "An Observable notebook by Alan Kang",
                "fallback": "k-means clustering",
                "image_url": "https:\/\/static.observableusercontent.com\/thumbnail\/f3623799bd53d55579144d49fc8dc51b1f503b70c42d60dae95d258ad9dbb106.jpg",
                "from_url": "https:\/\/beta.observablehq.com\/@akngs\/k-means-clustering",
                "image_width": 400,
                "image_height": 250,
                "image_bytes": 9174,
                "service_icon": "https:\/\/static.observablehq.com\/favicon-512.b4b8a27b9471915dbb91d3f2c9a20472512ae9549f182056f10bf3c7d6857437.png",
                "service_name": "beta.observablehq.com",
                "id": 1,
                "original_url": "https:\/\/beta.observablehq.com\/@akngs\/k-means-clustering"
            }
        ],
        "ts": "1535088825.000100",
        "reactions": [
            {
                "name": "thumbsup_all",
                "users": [
                    "UA4EGE85S",
                    "UBDRWADQB",
                    "UBDN9579S",
                    "U9SN17L0M",
                    "UBE3NMLCD",
                    "UBF0XFP7Z",
                    "UBDN8UG4C"
                ],
                "count": 7
            }
        ]
    },
    {
        "text": "This message was deleted.",
        "edited": {
            "user": "UBF0XFP7Z",
            "ts": "1535093668.000000"
        },
        "type": "message",
        "subtype": "tombstone",
        "user": "USLACKBOT",
        "hidden": true,
        "thread_ts": "1535093529.000100",
        "reply_count": 2,
        "replies": [
            {
                "user": "UBF1K97FH",
                "ts": "1535093633.000100"
            },
            {
                "user": "UBF0XFP7Z",
                "ts": "1535093660.000200"
            }
        ],
        "unread_count": 2,
        "ts": "1535093529.000100"
    },
    {
        "type": "message",
        "user": "UBF1K97FH",
        "text": "<@UBF0XFP7Z> 여기 techskill인데?!!!",
        "client_msg_id": "7d365813-22c8-4bda-82f1-947ea47bf563",
        "thread_ts": "1535093529.000100",
        "parent_user_id": "UBF0XFP7Z",
        "ts": "1535093633.000100"
    },
    {
        "type": "message",
        "user": "UBF0XFP7Z",
        "text": "앗",
        "client_msg_id": "E5922F8D-8375-4F82-A9D0-D3DD9F50873A",
        "thread_ts": "1535093529.000100",
        "parent_user_id": "UBF0XFP7Z",
        "ts": "1535093660.000200"
    }
]