[
    {
        "type": "message",
        "user": "UBD8HB9C0",
        "text": "방금 문득 기사보다가 생각난건데",
        "client_msg_id": "A59B891B-D50D-4CF8-AC48-552E9AC7B0DB",
        "ts": "1533292424.000033"
    },
    {
        "type": "message",
        "user": "UBD8HB9C0",
        "text": "이영자 맛집 크롤링해서 지도 해도 재밌을거같아여..",
        "client_msg_id": "6385EF21-DC39-4445-9502-99490FBCD08D",
        "ts": "1533292436.000060",
        "reactions": [
            {
                "name": "+1",
                "users": [
                    "UBDUUV802",
                    "UBDRVLD1R"
                ],
                "count": 2
            }
        ]
    },
    {
        "type": "message",
        "user": "UBDRVLD1R",
        "text": "허억~! ",
        "client_msg_id": "3475AD78-7D5E-46E1-87EC-2CB493E8F3D3",
        "ts": "1533294236.000287"
    },
    {
        "type": "message",
        "user": "UBD8HB9C0",
        "text": "ㅋㅋㅋㅋㅋㅋㅋㅋㅋㅋ배고팠나 저런거만 눈에 들어와ㅏ,,",
        "client_msg_id": "17E5B0EB-D941-48EF-8BD8-3FFF2843003B",
        "ts": "1533296886.000144"
    }
]