[
    {
        "type": "message",
        "user": "UBDRVLD1R",
        "text": "<https:\/\/cryptosan.github.io\/pythondocuments\/documents\/beautifulsoup4\/#>",
        "client_msg_id": "9b482fa4-1937-4641-883f-97e57ec18921",
        "ts": "1534419990.000100"
    },
    {
        "type": "message",
        "user": "UBDRVLD1R",
        "text": "I found this",
        "client_msg_id": "df146667-624f-49c7-9a15-b3937cbc1d35",
        "ts": "1534419997.000100",
        "reactions": [
            {
                "name": "chicken",
                "users": [
                    "UBDUUV802",
                    "UBD8HB9C0"
                ],
                "count": 2
            },
            {
                "name": "ddongule2",
                "users": [
                    "UBDUUV802",
                    "UBD8HB9C0"
                ],
                "count": 2
            }
        ]
    },
    {
        "type": "message",
        "user": "UBD8HB9C0",
        "text": "yeeeesssgoooodo",
        "client_msg_id": "5b3c4e43-8f5d-49b4-9fec-7975844ef538",
        "ts": "1534468239.000100"
    },
    {
        "type": "message",
        "user": "UBDRVLD1R",
        "text": "<http:\/\/blog.naver.com\/kiddwannabe\/221170986734>",
        "client_msg_id": "e6de6031-e04f-4f7f-af63-bf292e02e027",
        "ts": "1534472921.000200"
    },
    {
        "type": "message",
        "user": "UBDRVLD1R",
        "text": "<https:\/\/blog.naver.com\/vividxenon\/221155297784>",
        "client_msg_id": "54c82a0a-b742-4dab-bbb7-a56dcbc9c7c4",
        "ts": "1534472977.000100"
    },
    {
        "type": "message",
        "user": "UBDUUV802",
        "text": "If you do not want to use API,you can try other ways or other’s software such as ContenBom,it can crawl pictures,videose,text on the website.Yes,the program can scrape anything and convert it into any format of new content.",
        "client_msg_id": "595bb3be-52eb-4438-a84a-02874b1aea4f",
        "ts": "1534474054.000100"
    },
    {
        "type": "message",
        "user": "UBDRVLD1R",
        "text": "<https:\/\/scrapy.org\/>",
        "client_msg_id": "dbe5f6ab-e175-43d9-8ca4-4b3d9fc77fa3",
        "ts": "1534474055.000100"
    },
    {
        "type": "message",
        "user": "UBDUUV802",
        "text": "<http:\/\/www.contentbomb.com>",
        "client_msg_id": "91ea2cbf-2ebf-4bd6-b8f5-ec12205f052b",
        "ts": "1534474085.000100"
    },
    {
        "type": "message",
        "user": "UBDRVLD1R",
        "text": "<https:\/\/www.linkedin.com\/pulse\/scraping-instagram-selenuim-aman-khalid\/>",
        "client_msg_id": "e17fa2b4-0c8c-4dfd-af9b-8af9e611f337",
        "ts": "1534474203.000100"
    },
    {
        "type": "message",
        "user": "UBDUUV802",
        "text": "<https:\/\/github.com\/timgrossmann\/InstaPy\/blob\/master\/README.md>\n\n\ninstapy",
        "client_msg_id": "9694089c-7414-40ca-b6e1-06bbdfec6d6e",
        "attachments": [
            {
                "fallback": "[timgrossmann\/InstaPy] README.md",
                "text": "```\n&lt;img src=\"https:\/\/i.imgur.com\/sJzfZsL.jpg\" width=\"150\" align=\"right\"&gt;\n\n# InstaPy\n[![MIT license](<https:\/\/img.shields.io\/badge\/license-MIT-blue.svg>)](<https:\/\/github.com\/timgrossmann\/InstaPy\/blob\/master\/LICENSE>)\n[![built with Selenium](<https:\/\/img.shields.io\/badge\/built%20with-Selenium-yellow.svg>)](<https:\/\/github.com\/SeleniumHQ\/selenium>)\n[![built with Python3](<https:\/\/img.shields.io\/badge\/built%20with-Python3-red.svg>)](<https:\/\/www.python.org\/>)\n[![Travis](<https:\/\/img.shields.io\/travis\/rust-lang\/rust.svg>)](<https:\/\/travis-ci.org\/timgrossmann\/InstaPy>)\n\n### Automation Script for “farming” Likes, Comments and Followers on Instagram\nImplemented in Python using the Selenium module.\n\n**Think this tool is worth supporting?**\nHead over to <https:\/\/github.com\/timgrossmann\/InstaPy\/wiki\/How-to-Contribute> to find out how you can help.\n**Become a part of InstaPy!**\n\n**Have an issue?**\nHead over to <https:\/\/github.com\/timgrossmann\/InstaPy\/wiki\/Reporting-An-Issue> to find out how to report this to us and get help.\n\n**Disclaimer**: Please Note that this is a research project. I am by no means responsible for any usage of this tool. Use on your own behalf. I’m also not responsible if your accounts get banned due to extensive use of this tool.\n\n#### Newsletter: [SignUp for the Newsletter here!](<http:\/\/eepurl.com\/cZbV_v>)\n\n### Social\n\n#### [Slack Workspace](<https:\/\/join.slack.com\/t\/instapy\/shared_invite\/enQtMjYzNTgwMDg3MDEyLTk2NWI0MjY2MTVjYmM2NjFlYjVmMmE0ZjU1OGQ0OWM2MTQwOTc1NTIyOGVhZDEwMTFkYzFmODE5ZWIxZjhjMTQ>) | [InstaPy Twitter](<https:\/\/twitter.com\/InstaPy>) | [My Twitter](<https:\/\/twitter.com\/timigrossmann>) | [How it works (Medium)](<https:\/\/medium.freecodecamp.com\/my-open-source-instagram-bot-got-me-2-500-real-followers-for-5-in-server-costs-e40491358340>) | [Check out the talk](<https:\/\/youtu.be\/4TmKFZy-ioQ>) |\n[Listen to the \"Talk Python to me\"-Episode](<https:\/\/talkpython.fm\/episodes\/show\/142\/automating-the-web-with-selenium-and-instapy>) | [Support InstaPy!](<https:\/\/www.paypal.me\/supportInstaPy>)\n\n[![paypal](<https:\/\/img.shields.io\/badge\/-PayPal-blue.svg>)](<https:\/\/www.paypal.me\/supportInstaPy>)\n\nTable of Contents\n=================\n\n* [Getting Started](#getting-started)\n  * [Basic Installation](#basic-installation)\n  * [Basic Setup](#basic-setup)\n* [InstaPy Available Features](#instapy-available-features)\n  * [Commenting](#commenting)\n  * [Following](#following)\n  * [Following by a list](#following-by-a-list)\n  * [Follow someone else's followers](#follow-someone-elses-followers)\n  * [Follow users that someone else is following](#follow-users-that-someone-else-is-following)\n  * [Follow someone else's followers\/following](#follow-someone-elses-followersfollowing)  \n  * [Follow the likers of photos of users](#follow-the-likers-of-photos-of-users)  \n  * [Follow the commenters of photos of users](#follow-the-commenters-of-photos-of-users)  \n  * [Interact with specific users](#interact-with-specific-users)\n  * [Interact with users that someone else is following](#interact-with-users-that-someone-else-is-following)\n  * [Interact with someone else's followers](#interact-with-someone-elses-followers)\n  * [Interact on posts at given URLs](#interact-on-posts-at-given-urls)\n  * [Unfollowing](#unfollowing)\n  * [Don't unfollow active users](#dont-unfollow-active-users)\n  * [Interactions based on the number of followers and\/or following a user has](#interactions-based-on-the-number-of-followers-andor-following-a-user-has)\n  * [Liking based on the number of existing likes a post has](#liking-based-on-the-number-of-existing-likes-a-post-has)\n  * [Commenting based on the number of existing comments a post has](#commenting-based-on-the-number-of-existing-comments-a-post-has)\n  * [Comment by Locations](#comment-by-locations)\n  * [Like by Locations](#like-by-locations)\n  * [Like by Tags](#like-by-tags)\n  * [Like by Feeds](#like-by-feeds)\n  * [Mandatory Words](#mandatory-words)\n  * [Restricting Likes](#restricting-likes)\n  * [Ignoring Users](#ignoring-users)\n  * [Ignoring Restrictions](#ignoring-restrictions)\n  * [Excluding friends](#excluding-friends)\n  * [Blacklist Campaign](#blacklist-campaign)\n  * [Smart Hashtags](#smart-hashtags)\n  * [Follow\/Unfollow\/exclude not working?](#followunfollowexclude-not-working)\n  * [Bypass Suspicious Login Attempt](#bypass-suspicious-login-attempt)\n* [Relationship tools](#relationship-tools)\n  * [Grab Followers of a user](#grab-followers-of-a-user)\n  * [Grab Following of a user](#grab-following-of-a-user)\n  * [Pick Unfollowers of a user](#pick-unfollowers-of-a-user)\n  * [Pick Nonfollowers of a user](#pick-nonfollowers-of-a-user)\n  * [Pick Fans of a user](#pick-fans-of-a-user)\n  * [Pick Mutual Following of a user](#pick-mutual-following-of-a-user)\n* [Third Party InstaPy GUI for Windows](#third-party-instapy-gui-for-windows)\n* [Use a proxy](#use-a-proxy)\n* [Switching to Firefox](#switching-to-firefox)\n* [Emoji Support](#emoji-support)\n* [Clarifai ImageAPI](#clarifai-imageapi)\n* [Running on a Server](#running-on-a-server)\n* [Running on a Headless Browser](#running-on-a-headless-browser)\n* [Running Multiple Accounts](#running-multiple-accounts)\n* [Running with Docker microservices manual](#running-with-docker-microservices-manual)\n* [Running all-in-one with Docker (obsolete)](#running-all-in-one-with-docker-obsolete)\n* [Automate InstaPy](#automate-instapy)\n  * [Windows Task Scheduler](#windows-task-scheduler)\n  * [cron](#cron)\n  * [Schedule](#schedule)\n* [Extra Information](#extra-information)  \n  * [Simulation](#simulation)\n\n## Getting started\n\n### Video tutorials:\n**[Setting up InstaPy for OSX](<https:\/\/www.youtube.com\/watch?v=I025CEBJCvQ>)**\n\n**[Setting up InstaPy at Digital Ocean (for Debian)](<https:\/\/www.youtube.com\/watch?v=2Ci-hXU1IEY>)**\n\n### Guides:\n**[How to Ubuntu (64-Bit)](.\/docs\/How_To_DO_Ubuntu_on_Digital_Ocean.md) &amp;nbsp;&amp;nbsp;&amp;nbsp;&amp;nbsp;&amp;nbsp;&amp;nbsp;**\n\n**[How to RaspberryPi](.\/docs\/How_to_Raspberry.md) &amp;nbsp;&amp;nbsp;&amp;nbsp;&amp;nbsp;&amp;nbsp;&amp;nbsp;**\n\n**[How to Windows](.\/docs\/How_to_Windows.md)**\n\n### Basic Installation:\n\n```bash\n1. git clone <https:\/\/github.com\/timgrossmann\/InstaPy.git>\n2. cd InstaPy\n3. pip install .\nor\n3. python setup.py install\n```\n4. Download ```chromedriver``` for your system [from here](<https:\/\/sites.google.com\/a\/chromium.org\/chromedriver\/downloads>). Extract the .zip file and put it in ```\/assets``` folder.\n\n### Preferred Installation:\n\nThe best way to install InstaPy is to create a virtualenv, install InstaPy there and run it from a separate file:\n\n```bash\n1. virtualenv venv\n2. source venv\/bin\/activate\n3. pip install git+<https:\/\/github.com\/timgrossmann\/InstaPy.git>\n```\n\nIf you're not familiar with virtualenv, please [read about it here](<https:\/\/virtualenv.pypa.io\/en\/stable\/>) and use it to your advantage.\nIn essence, this is be the _only_ Python library you should install as root (e.g., with sudo). All other Python libraries should be inside a virtualenv.\nNow copy\/paste the `quickstart.py` Python code below and run your first InstaPy script. Remember to run it with Python from the virtualenv, so from `venv\/bin\/python`. To make sure which Python is used, run `which python`, it will tell you which Python is 'active'.\nRunning `source venv\/bin\/activate` will activate the correct Python to run InstaPy. To exit an activated virtualenv run `deactivate'.\n\n### Set it up yourself with this Basic Setup\n\nBasic setup is a good way to test the tool. At project root folder open `quickstart.py` and update with your username and password.\n\n```python\nfrom instapy import InstaPy\n\ninsta_username = ''\ninsta_password = ''\n\n# if you want to run this script on a server,\n# simply add nogui=True to the InstaPy() constructor\nsession = InstaPy(username=insta_username, password=insta_password)\nsession.login()\n\n# set up all the settings\nsession.set_relationship_bounds(enabled=True,\n\t\t\t\t potency_ratio=-1.21,\n\t\t\t\t  delimit_by_numbers=True,\n\t\t\t\t   max_followers=4590,\n\t\t\t\t  …",
                "title": "README.md",
                "footer": "<https:\/\/github.com\/timgrossmann\/InstaPy|timgrossmann\/InstaPy>",
                "id": 1,
                "title_link": "https:\/\/github.com\/timgrossmann\/InstaPy\/blob\/master\/README.md",
                "footer_icon": "https:\/\/assets-cdn.github.com\/favicon.ico",
                "color": "24292f",
                "mrkdwn_in": [
                    "text"
                ],
                "bot_id": "BBNDHKJQ3",
                "app_unfurl_url": "https:\/\/github.com\/timgrossmann\/InstaPy\/blob\/master\/README.md",
                "is_app_unfurl": true
            }
        ],
        "ts": "1534475254.000100"
    }
]