[
    {
        "type": "message",
        "user": "UBDUUV802",
        "text": "[서울시 빅데이터 데이터셋]\n<https:\/\/bigdata.seoul.go.kr\/data\/selectPageListDataSet.do?r_id=P211>",
        "client_msg_id": "31d47191-360b-4f53-a708-5f45ef26a559",
        "attachments": [
            {
                "title": "서울특별시 빅데이터 캠퍼스 &gt; 빅데이터\/분석서비스 &gt; 데이터셋목록",
                "title_link": "https:\/\/bigdata.seoul.go.kr\/data\/selectPageListDataSet.do?r_id=P211",
                "text": "서울시가 확보한 유용한 빅데이터를 시민·시민사회가 활용할 수 있도록 제공하여 사회문제를 함께 해결하기 위하여 함께 참여하고 협력하는 캠퍼스",
                "fallback": "서울특별시 빅데이터 캠퍼스 &gt; 빅데이터\/분석서비스 &gt; 데이터셋목록",
                "from_url": "https:\/\/bigdata.seoul.go.kr\/data\/selectPageListDataSet.do?r_id=P211",
                "service_icon": "https:\/\/bigdata.seoul.go.kr\/common\/images\/common\/favicon_16x16.png",
                "service_name": "bigdata.seoul.go.kr",
                "id": 1,
                "original_url": "https:\/\/bigdata.seoul.go.kr\/data\/selectPageListDataSet.do?r_id=P211"
            }
        ],
        "ts": "1533540901.000312"
    }
]