[
    {
        "type": "message",
        "user": "UBDUUHX4J",
        "text": "activity2 = activity.groupby(\"acc_id\").mean()",
        "client_msg_id": "4be17f34-558b-49c5-b210-204d29d0e910",
        "ts": "1534069058.000004"
    },
    {
        "type": "message",
        "user": "UBDUUHX4J",
        "text": "가빈님 혹시 여기서 왜 mean으로 하신건지 여쭤봐도 될까여",
        "client_msg_id": "4f0bccad-8a9b-48aa-885f-9a8fa14484ff",
        "ts": "1534069164.000038"
    },
    {
        "type": "message",
        "user": "UBDUU7X7U",
        "text": "각 주마다 몇번 접속했는지랑 각 변수마다의 값들을 우선 모두 합쳐서 평균값으로 상관도를 보려고 했어요!",
        "client_msg_id": "34709589-442e-4505-9ccd-e821950f3785",
        "ts": "1534070281.000007"
    },
    {
        "type": "message",
        "user": "UBDUU7X7U",
        "text": "제 수준에서 처음부터 주단위로 패턴을 보는게 어려워서 ㅠㅠ",
        "client_msg_id": "0420318a-974b-43a4-8b85-21b362fb562e",
        "ts": "1534070306.000003"
    },
    {
        "type": "message",
        "user": "UBDUUHX4J",
        "text": "아 그럼 흠 라벨에 따른 패턴을 보신거네요 흠 아 머리가 안돌아가는 것 같아요 ㅎㅎ",
        "client_msg_id": "f9773338-857a-489b-85b1-3c245a499e9f",
        "ts": "1534072040.000003"
    },
    {
        "type": "message",
        "user": "UBDUU7X7U",
        "text": "네네 맞아욥ㅎㅎ",
        "client_msg_id": "9401f4c0-11d0-4f49-9802-ae8326ff6924",
        "ts": "1534072208.000033"
    },
    {
        "type": "message",
        "user": "UBDUUHX4J",
        "text": "가빈님 qanda에 질문하신거",
        "client_msg_id": "C0297BE6-CFA3-41A9-8DFA-93168554AB7F",
        "ts": "1534072224.000017"
    },
    {
        "type": "message",
        "user": "UBDUU7X7U",
        "text": "근데 이탈 라벨을 숫자로 어떻게 적어야할지 애매해서 그냥 1,2,3,4로 했는데 이렇게 하면 왠지 안될것 같아여...",
        "client_msg_id": "78097def-cd05-43bc-ab02-d5aac16ba155",
        "ts": "1534072228.000006"
    },
    {
        "type": "message",
        "user": "UBDUUHX4J",
        "text": "혹시 .T",
        "client_msg_id": "79EB3F7A-3B7F-498E-9481-E4C4FEA1D644",
        "ts": "1534072228.000010"
    },
    {
        "type": "message",
        "user": "UBDUUHX4J",
        "text": "해보셧어요?",
        "client_msg_id": "E5890BA6-305E-479C-B0B9-E565E4DB6FE7",
        "ts": "1534072231.000007"
    },
    {
        "type": "message",
        "user": "UBDUU7X7U",
        "text": "반나절동안 찾아서 하고 있는데",
        "client_msg_id": "c7507514-ecf8-4a15-a789-fde5bdf2a58a",
        "ts": "1534072238.000011"
    },
    {
        "type": "message",
        "user": "UBDUUHX4J",
        "text": "아 왜요???언제 문제가 될까요?",
        "client_msg_id": "7884E75C-DB29-44DF-95C2-13F90C7017FC",
        "ts": "1534072243.000002"
    },
    {
        "type": "message",
        "user": "UBDUU7X7U",
        "text": "계속 이상하게 안되여....",
        "client_msg_id": "084ca5e5-6883-4af5-b433-d721677b3d42",
        "ts": "1534072243.000017"
    },
    {
        "type": "message",
        "user": "UBDUUHX4J",
        "text": "음? .T 해도 안되나요",
        "client_msg_id": "B34A9BCC-5A4F-4C2D-9ADA-697FED4C48BB",
        "ts": "1534072255.000004"
    },
    {
        "type": "message",
        "user": "UBDUU7X7U",
        "text": "아아 저 그거 지금 오타인줄 알고",
        "client_msg_id": "0659f591-c933-4fe4-abd3-4ebee4c0a324",
        "ts": "1534072271.000025"
    },
    {
        "type": "message",
        "user": "UBDUUHX4J",
        "text": "앜ㅋㅋㅋㅋㅋ",
        "client_msg_id": "6eba2c08-d3d3-49b1-a094-e3dcd2574d8d",
        "ts": "1534072275.000039"
    },
    {
        "type": "message",
        "user": "UBDUU7X7U",
        "text": ".T이거 한번 해볼게여ㅋㅋㅋ 그거는 생각못했,,",
        "client_msg_id": "46ff73bb-b805-40e4-b5de-9d356550f2b7",
        "ts": "1534072280.000006"
    },
    {
        "type": "message",
        "user": "UBDUUHX4J",
        "text": "한번 해보세요 네엔ㅇ!",
        "client_msg_id": "91b5a4b8-8b49-47d2-8bd9-68b1a95b9d17",
        "ts": "1534072288.000016"
    },
    {
        "type": "message",
        "text": "",
        "files": [
            {
                "id": "FC74HHUCS",
                "created": 1534072610,
                "timestamp": 1534072610,
                "name": "스크린샷 2018-08-12 20.16.14.png",
                "title": "스크린샷 2018-08-12 20.16.14.png",
                "mimetype": "image\/png",
                "filetype": "png",
                "pretty_type": "PNG",
                "user": "UBDUU7X7U",
                "editable": false,
                "size": 113993,
                "mode": "hosted",
                "is_external": false,
                "external_type": "",
                "is_public": true,
                "public_url_shared": false,
                "display_as_bot": false,
                "username": "",
                "url_private": "https:\/\/files.slack.com\/files-pri\/T9SHC5F9S-FC74HHUCS\/_____________2018-08-12_20.16.14.png?t=xoxe-332590185332-430098056850-431139793783-a3ecafe0d0f66efa522a67af632228d7",
                "url_private_download": "https:\/\/files.slack.com\/files-pri\/T9SHC5F9S-FC74HHUCS\/download\/_____________2018-08-12_20.16.14.png?t=xoxe-332590185332-430098056850-431139793783-a3ecafe0d0f66efa522a67af632228d7",
                "thumb_64": "https:\/\/files.slack.com\/files-tmb\/T9SHC5F9S-FC74HHUCS-9c37e6395c\/_____________2018-08-12_20.16.14_64.png?t=xoxe-332590185332-430098056850-431139793783-a3ecafe0d0f66efa522a67af632228d7",
                "thumb_80": "https:\/\/files.slack.com\/files-tmb\/T9SHC5F9S-FC74HHUCS-9c37e6395c\/_____________2018-08-12_20.16.14_80.png?t=xoxe-332590185332-430098056850-431139793783-a3ecafe0d0f66efa522a67af632228d7",
                "thumb_360": "https:\/\/files.slack.com\/files-tmb\/T9SHC5F9S-FC74HHUCS-9c37e6395c\/_____________2018-08-12_20.16.14_360.png?t=xoxe-332590185332-430098056850-431139793783-a3ecafe0d0f66efa522a67af632228d7",
                "thumb_360_w": 360,
                "thumb_360_h": 202,
                "thumb_480": "https:\/\/files.slack.com\/files-tmb\/T9SHC5F9S-FC74HHUCS-9c37e6395c\/_____________2018-08-12_20.16.14_480.png?t=xoxe-332590185332-430098056850-431139793783-a3ecafe0d0f66efa522a67af632228d7",
                "thumb_480_w": 480,
                "thumb_480_h": 270,
                "thumb_160": "https:\/\/files.slack.com\/files-tmb\/T9SHC5F9S-FC74HHUCS-9c37e6395c\/_____________2018-08-12_20.16.14_160.png?t=xoxe-332590185332-430098056850-431139793783-a3ecafe0d0f66efa522a67af632228d7",
                "thumb_720": "https:\/\/files.slack.com\/files-tmb\/T9SHC5F9S-FC74HHUCS-9c37e6395c\/_____________2018-08-12_20.16.14_720.png?t=xoxe-332590185332-430098056850-431139793783-a3ecafe0d0f66efa522a67af632228d7",
                "thumb_720_w": 720,
                "thumb_720_h": 405,
                "thumb_800": "https:\/\/files.slack.com\/files-tmb\/T9SHC5F9S-FC74HHUCS-9c37e6395c\/_____________2018-08-12_20.16.14_800.png?t=xoxe-332590185332-430098056850-431139793783-a3ecafe0d0f66efa522a67af632228d7",
                "thumb_800_w": 800,
                "thumb_800_h": 450,
                "thumb_960": "https:\/\/files.slack.com\/files-tmb\/T9SHC5F9S-FC74HHUCS-9c37e6395c\/_____________2018-08-12_20.16.14_960.png?t=xoxe-332590185332-430098056850-431139793783-a3ecafe0d0f66efa522a67af632228d7",
                "thumb_960_w": 960,
                "thumb_960_h": 540,
                "thumb_1024": "https:\/\/files.slack.com\/files-tmb\/T9SHC5F9S-FC74HHUCS-9c37e6395c\/_____________2018-08-12_20.16.14_1024.png?t=xoxe-332590185332-430098056850-431139793783-a3ecafe0d0f66efa522a67af632228d7",
                "thumb_1024_w": 1024,
                "thumb_1024_h": 576,
                "image_exif_rotation": 1,
                "original_w": 1366,
                "original_h": 768,
                "permalink": "https:\/\/daitgirls.slack.com\/files\/UBDUU7X7U\/FC74HHUCS\/_____________2018-08-12_20.16.14.png",
                "permalink_public": "https:\/\/slack-files.com\/T9SHC5F9S-FC74HHUCS-8196e3eb51"
            }
        ],
        "upload": true,
        "user": "UBDUU7X7U",
        "display_as_bot": false,
        "ts": "1534072613.000062"
    },
    {
        "type": "message",
        "user": "UBDUU7X7U",
        "text": "다혜님 혹시 데이터프레임 맨 위에있는 0~27 숫자 라인 없애는거 아시나욤...",
        "client_msg_id": "e31f0acf-df4d-41d3-8372-547add53b226",
        "ts": "1534072634.000009"
    },
    {
        "type": "message",
        "user": "UBDUU7X7U",
        "text": ".T 썼더니 원하는대로 모양이 바귀는데 성공했어요!",
        "client_msg_id": "0bae6b62-a53e-4d10-8fa5-b0a34e8acab3",
        "ts": "1534072648.000039"
    },
    {
        "type": "message",
        "user": "UBDUUHX4J",
        "text": "그것만 없애면 되는건가요? 질문 다시 읽어보니 통행량이 와이축인데",
        "client_msg_id": "5af268f1-1e07-4963-9bb7-29e083f9009f",
        "ts": "1534072650.000025"
    },
    {
        "type": "message",
        "user": "UBDUUHX4J",
        "text": "아그래요 ?",
        "client_msg_id": "5ed09f89-ddf6-44a1-934c-2ce5b765ab8e",
        "ts": "1534072652.000035"
    },
    {
        "type": "message",
        "user": "UBDUUHX4J",
        "text": "아아 그럼 저거 하 어떻게 하더라 ㅎ 잠만 ㅕ",
        "client_msg_id": "4aaa89a0-4378-48b2-92c0-6cb45ae285c9",
        "ts": "1534072660.000060"
    },
    {
        "type": "message",
        "user": "UBDUU7X7U",
        "text": "하...모양은 바뀌었는데 여전히 그래프는 안그려지네염..",
        "client_msg_id": "10951d99-f0f3-4ed3-a880-a2dbdcaa92df",
        "ts": "1534072674.000013"
    },
    {
        "type": "message",
        "user": "UBDUUHX4J",
        "text": "저거 이상한 숫자 없애보면 될거에요",
        "client_msg_id": "d86aa86b-1d44-4c25-a9ce-4462b8d6ef9f",
        "ts": "1534072683.000070"
    },
    {
        "type": "message",
        "user": "UBDUUHX4J",
        "text": "ㅋㅋㅋㅋㅋ",
        "client_msg_id": "1f8d836d-3ec8-4273-b564-e9229d682246",
        "ts": "1534072685.000020"
    },
    {
        "type": "message",
        "user": "UBDUUHX4J",
        "text": "아닐수도 ..",
        "client_msg_id": "13c78031-7b1c-4812-9575-ea2bec77f1c8",
        "ts": "1534072688.000012"
    },
    {
        "type": "message",
        "user": "UBDUUHX4J",
        "text": "혹시 .drop(df.index[0])",
        "client_msg_id": "551047a4-f6f7-4203-9d2e-325617fc1d66",
        "ts": "1534072752.000046"
    },
    {
        "type": "message",
        "user": "UBDUUHX4J",
        "text": "한번 해보시겟어요",
        "client_msg_id": "55ca5f7d-012c-48e3-99f3-15c4e84c8ad1",
        "ts": "1534072755.000008"
    },
    {
        "type": "message",
        "user": "UBDUUHX4J",
        "text": "아, drop 앞에 df 해주시구영",
        "client_msg_id": "f6632a28-6f5b-4d9a-8b8f-169eb70b4000",
        "ts": "1534072771.000018"
    },
    {
        "type": "message",
        "user": "UBDUU7X7U",
        "text": "옹 없어졌어여!!",
        "client_msg_id": "3bc3666e-3f7f-4be8-b83c-5e6a4e5cd602",
        "ts": "1534072812.000029"
    },
    {
        "type": "message",
        "user": "UBDUU7X7U",
        "text": "다혜님 대단쓰....",
        "client_msg_id": "df8289af-4c86-4ec1-9f1a-9a1814871dac",
        "ts": "1534072816.000050"
    },
    {
        "type": "message",
        "user": "UBDUU7X7U",
        "text": "제 머리는 그냥 이제 굳은것 같아여",
        "client_msg_id": "79de78d0-2faf-4d50-97d7-c30afbd8f0d7",
        "ts": "1534072822.000048"
    },
    {
        "type": "message",
        "user": "UBDUUHX4J",
        "text": "아녜옄ㅋㅋㅋㅋ우연히 내가 했던 일일 뿐 ...",
        "client_msg_id": "1a4a1b80-f846-4947-acae-00d368b6b75b",
        "ts": "1534072825.000031"
    },
    {
        "type": "message",
        "user": "UBDUU7X7U",
        "text": "이쉬운걸 하루종일 하다니....",
        "client_msg_id": "321f4f3f-fad2-4bf1-a22c-17c6eab11ae1",
        "ts": "1534072825.000044"
    },
    {
        "type": "message",
        "user": "UBDUUHX4J",
        "text": "저도 엄청난 삽질을 햇엇습ㄴ디ㅏ..",
        "client_msg_id": "dfdb6296-ab8f-4f1f-a7ff-63f0251c7227",
        "ts": "1534072835.000060"
    },
    {
        "type": "message",
        "user": "UBDUU7X7U",
        "text": "이제 다시 그래프 그려야.....",
        "client_msg_id": "8bd0f35e-1860-4396-ad87-acb0478b7606",
        "ts": "1534072839.000049"
    },
    {
        "type": "message",
        "user": "UBDUUHX4J",
        "text": "다 똑같져 뭐 ㅜㅜ",
        "client_msg_id": "453bf58e-2f6f-4083-9152-7416433972df",
        "ts": "1534072840.000007"
    },
    {
        "type": "message",
        "user": "UBDUU7X7U",
        "text": "인정...ㅠㅠ",
        "client_msg_id": "99ccbad6-173e-4391-ad26-5052e845e716",
        "ts": "1534072844.000033"
    },
    {
        "type": "message",
        "user": "UBE3NCBKP",
        "text": "아니 두분 완전 열일 중이셨어....",
        "client_msg_id": "986b668e-0e35-40f0-9550-afca79a2f725",
        "ts": "1534072852.000035"
    },
    {
        "type": "message",
        "user": "UBDUUHX4J",
        "text": "후..저히 공모전이거",
        "client_msg_id": "df0f62ef-24f2-44ff-8994-29b54d18c989",
        "ts": "1534072855.000031"
    },
    {
        "type": "message",
        "user": "UBDUUHX4J",
        "text": "어케해야할지",
        "client_msg_id": "e13ed555-6ef3-4e85-9b7a-2b2273ad0dcb",
        "ts": "1534072857.000030"
    },
    {
        "type": "message",
        "user": "UBDUUHX4J",
        "text": "방향을 잃었다(생각하기싫은 걸 수도)",
        "client_msg_id": "93183e72-19fe-4017-9eec-b6f1cccfc011",
        "ts": "1534072866.000044"
    },
    {
        "type": "message",
        "user": "UBE3NCBKP",
        "text": "ㅠㅠㅠㅠㅠㅠㅠㅠ생각하기 싫은거 너무 당연 ㅠㅠㅠㅠㅠ",
        "client_msg_id": "9197f14e-720d-41bd-9bf3-c599641de887",
        "ts": "1534072873.000049"
    },
    {
        "type": "message",
        "user": "UBE3NCBKP",
        "text": "전 취준 포폴도 언넝 해야 돼서 자꾸 공모전을 못 보고 있네엽 ㅠㅠㅠ 죄송 ㅠㅠㅠ 저녁에라도 탐색해보겠습니다 ㅠㅠㅠ",
        "client_msg_id": "f3635d62-23fe-476f-99e4-f7f66c682f33",
        "ts": "1534072903.000035"
    },
    {
        "type": "message",
        "user": "UBDUUHX4J",
        "text": "이거 시각화 하려고햇는데 col 이 너무 많아서 손톱만하게 보여요 ㅎㅎ",
        "client_msg_id": "0878ba81-7b6f-4c63-a3ce-03c41f78e5a3",
        "ts": "1534072946.000054"
    },
    {
        "type": "message",
        "user": "UBDUU7X7U",
        "text": "우선 필요없어보이는(상관관계 낮게 나오는) 변수를 제거하고 나면",
        "client_msg_id": "f8740b98-2e23-40dc-8480-8efb6bdc2a1a",
        "ts": "1534073170.000049"
    },
    {
        "type": "message",
        "user": "UBDUU7X7U",
        "text": "그래도 좀 할만할것 같아요...",
        "client_msg_id": "7cc101e9-f187-4478-8ebb-af75814c571d",
        "ts": "1534073176.000003"
    },
    {
        "type": "message",
        "user": "UBDUU7X7U",
        "text": "저 타이타닉 좀 봤는데 보고 나서 우리데이터 보면 다시 원점...",
        "client_msg_id": "b06a28e3-a879-498d-89a5-a868d75efe8b",
        "ts": "1534073200.000002"
    },
    {
        "type": "message",
        "user": "UBDUU7X7U",
        "text": "방향성 안잡혀요...ㅠ",
        "client_msg_id": "98b60e82-502b-44b3-8935-b2eb5f40bd32",
        "ts": "1534073208.000050"
    },
    {
        "type": "message",
        "user": "UBDUUHX4J",
        "text": "ㅋㅋㅋㅋㅋㅋㅋㅋ",
        "client_msg_id": "1f3e7e14-32ea-4bb2-a77e-21b2bf21aeaf",
        "ts": "1534073737.000005"
    },
    {
        "type": "message",
        "user": "UBDUUHX4J",
        "text": "방향성...",
        "client_msg_id": "aef1d998-52bd-4113-ae62-296787d95b6b",
        "ts": "1534073739.000057"
    },
    {
        "type": "message",
        "user": "UBDUUHX4J",
        "text": "흠 ...",
        "client_msg_id": "bf6e2eb8-3707-4ff1-9211-6ec415ea8cc6",
        "ts": "1534073741.000013"
    },
    {
        "type": "message",
        "user": "UBDUUHX4J",
        "text": "헤헤헤헤",
        "client_msg_id": "7fb0c103-86c9-4f98-b1fe-3f0f2841a7dc",
        "ts": "1534073746.000013"
    },
    {
        "type": "message",
        "user": "UBDUUHX4J",
        "text": "행복",
        "client_msg_id": "70d7b5cc-5611-4925-bf5c-1a44fed8d9e9",
        "ts": "1534073746.000059"
    },
    {
        "type": "message",
        "user": "UBDUUHX4J",
        "text": "저 근데",
        "client_msg_id": "9f872190-2ba8-42a9-bd9b-442909c13162",
        "ts": "1534074017.000009"
    },
    {
        "type": "message",
        "user": "UBDUUHX4J",
        "text": "궁금한게",
        "client_msg_id": "4c3a33e4-0122-49d4-9bbb-ceb2e2273f8e",
        "ts": "1534074018.000032"
    },
    {
        "type": "message",
        "user": "UBDUUHX4J",
        "text": "생겼는데.. 흠",
        "client_msg_id": "c7d35177-88a1-4304-bb03-ea2dfb7e198f",
        "ts": "1534074020.000036"
    },
    {
        "type": "message",
        "user": "UBDUUHX4J",
        "text": "label 에서는 비이탈이라고 뜨고\ntrain_activity 에서 wk(활동주) 가 3이란 얘기는",
        "client_msg_id": "aa44fc70-6847-4d3c-ba61-cd220c1702de",
        "ts": "1534074048.000059"
    },
    {
        "type": "message",
        "user": "UBDUUHX4J",
        "text": "무슨 말이져 ;;",
        "client_msg_id": "91f4bf66-e75c-49da-89ea-91d708377c7a",
        "ts": "1534074058.000024"
    },
    {
        "type": "message",
        "user": "UBDUUHX4J",
        "text": "데이터 수집기간내에 그렇단 얘긴가여",
        "client_msg_id": "0a46e0ad-0cd3-46fc-9b29-2632333ac7ce",
        "ts": "1534074072.000009"
    },
    {
        "type": "message",
        "user": "UBDUU7X7U",
        "text": "아마 주가 총 8주 수집되어있을거에여",
        "client_msg_id": "810b5029-7482-477a-96f7-b14e850c6b7d",
        "ts": "1534074563.000022"
    },
    {
        "type": "message",
        "user": "UBDUUHX4J",
        "text": "넹넹 마자야",
        "client_msg_id": "fa6d279f-1bae-4c98-acf0-dda4bd24bea0",
        "ts": "1534074578.000028"
    },
    {
        "type": "message",
        "user": "UBDUU7X7U",
        "text": "해당하는 주에 3번 들어왔다는 이야기에욥",
        "client_msg_id": "02a62c9b-e000-4d3d-8697-0980377e3859",
        "ts": "1534074580.000030"
    },
    {
        "type": "message",
        "user": "UBDUUHX4J",
        "text": "아 그럼 해당하는 주라는 건  데이터 수집기간이 8주였단 얘기가 맞나요 ?",
        "client_msg_id": "a84f62a0-0687-434f-9d24-768514cf2960",
        "ts": "1534074614.000033"
    },
    {
        "type": "message",
        "user": "UBDUUHX4J",
        "text": "아아질무이",
        "client_msg_id": "d14023fd-2da7-4b56-8427-505f21d3a8c6",
        "ts": "1534074655.000035"
    },
    {
        "type": "message",
        "user": "UBDUUHX4J",
        "text": "질문이 잘 못 됫네요",
        "client_msg_id": "c7926c01-07d8-43e2-bb48-59609d6a860d",
        "ts": "1534074660.000017"
    },
    {
        "type": "message",
        "user": "UBDUUHX4J",
        "text": "얘네가 8주동안 데이터 수집한 거",
        "client_msg_id": "160bd237-f913-4dfc-acfd-4b899c0272cf",
        "ts": "1534074666.000003"
    },
    {
        "type": "message",
        "user": "UBDUU7X7U",
        "text": "아아 다혜님 지금 wk=3일때 3의 의미를 물으시는건가영?",
        "client_msg_id": "d9fdd62f-7476-4dd9-92ae-3c3cab2b6066",
        "ts": "1534074670.000019"
    },
    {
        "type": "message",
        "user": "UBDUUHX4J",
        "text": "맞죵?",
        "client_msg_id": "d72dedd7-9919-4a93-8902-310987bd8239",
        "ts": "1534074671.000026"
    },
    {
        "type": "message",
        "user": "UBDUUHX4J",
        "text": "아 네네",
        "client_msg_id": "64823653-b4b5-4720-b3cf-b025906108d8",
        "ts": "1534074673.000026"
    },
    {
        "type": "message",
        "user": "UBDUU7X7U",
        "text": "네네 맞아여!",
        "client_msg_id": "6529d8ba-4de0-4e1d-b7fd-cc716950288e",
        "ts": "1534074684.000054"
    },
    {
        "type": "message",
        "user": "UBDUUHX4J",
        "text": "아",
        "client_msg_id": "e572a2d1-1b30-4d8b-a27a-d9f571bd4779",
        "ts": "1534074700.000021"
    },
    {
        "type": "message",
        "user": "UBDUUHX4J",
        "text": "오오 ..",
        "client_msg_id": "9226c6de-045e-4884-bdcb-84af7ccf4a79",
        "ts": "1534074702.000022"
    },
    {
        "type": "message",
        "user": "UBDUUHX4J",
        "text": "그렇구나",
        "client_msg_id": "a190a36e-25a5-40cb-b46b-77a0682a71da",
        "ts": "1534074703.000034"
    },
    {
        "type": "message",
        "user": "UBDUU7X7U",
        "text": "wk는 활동주에요 총 8주의 자료를 수집한거구, 1이 수집기간 중 첫째 주, 8이 마지막주!",
        "client_msg_id": "11095632-d33f-4f8a-8b7e-fdf6d3767741",
        "ts": "1534074708.000024"
    },
    {
        "type": "message",
        "user": "UBDUUHX4J",
        "text": "압 네네",
        "client_msg_id": "da6025da-a42d-40f9-a504-74ebf0e32c39",
        "ts": "1534074724.000034"
    },
    {
        "type": "message",
        "user": "UBDUU7X7U",
        "text": "그리고 요일 표시가 좀 이상하게 되어있더라구요",
        "client_msg_id": "5b88c964-b555-4391-a180-af3771a5702b",
        "ts": "1534074736.000052"
    },
    {
        "type": "message",
        "user": "UBDUUHX4J",
        "text": "activity ㅔㅇ 있나요? 요일",
        "client_msg_id": "8d79edce-7a5d-4502-8353-13b0242195a8",
        "ts": "1534074749.000032"
    },
    {
        "type": "message",
        "user": "UBDUUHX4J",
        "text": "?",
        "client_msg_id": "361efd5d-4b42-4c40-9be9-11f83599a356",
        "ts": "1534074750.000021"
    },
    {
        "type": "message",
        "user": "UBDUU7X7U",
        "text": "1: 수요일이구",
        "client_msg_id": "52fcdf46-7bbc-494d-881f-55d0391373e6",
        "ts": "1534074752.000059"
    },
    {
        "type": "message",
        "user": "UBDUUHX4J",
        "text": "어떻게 되어있어요 ?",
        "client_msg_id": "41275425-88ec-43ca-8566-9d4cfb197955",
        "ts": "1534074753.000034"
    },
    {
        "type": "message",
        "user": "UBDUUHX4J",
        "text": "어 넵",
        "client_msg_id": "fc4fbe6d-2670-490b-88f1-9407bf0d4737",
        "ts": "1534074757.000005"
    },
    {
        "type": "message",
        "user": "UBDUUHX4J",
        "text": "왜 1이 수요일이얔ㅋㅋㅋ",
        "client_msg_id": "787ae68a-9fe4-48a4-afba-66bb83aca755",
        "ts": "1534074762.000032"
    },
    {
        "type": "message",
        "user": "UBDUU7X7U",
        "text": "Day가 요일이에여 ㅋㅋㅋㅋ",
        "client_msg_id": "2dc93028-c017-412d-8823-95f9a9ef5670",
        "ts": "1534074778.000052"
    },
    {
        "type": "message",
        "user": "UBDUU7X7U",
        "text": "그래서 1이 수요일, 7이 화요일",
        "client_msg_id": "dc3a920e-4bcc-49cd-9080-31b48fb13616",
        "ts": "1534074783.000023"
    },
    {
        "type": "message",
        "user": "UBDUU7X7U",
        "text": "이것도 우리가 보기 편하게 정제하면 좋을듯 해욥",
        "client_msg_id": "488829c0-7d5a-48f3-8d56-aac56f3d569e",
        "ts": "1534074792.000010"
    },
    {
        "type": "message",
        "user": "UBDUU7X7U",
        "text": "이상하게 수집해가지고...",
        "client_msg_id": "5e2919e1-095c-4b75-940e-ca54a9fd1fd2",
        "ts": "1534074797.000036"
    },
    {
        "type": "message",
        "user": "UBDUUHX4J",
        "text": "ㅎ 아ㅏ니 시각화가",
        "client_msg_id": "7320f6cd-e681-414a-a242-7b25cf79f9ce",
        "ts": "1534074800.000035"
    },
    {
        "type": "message",
        "user": "UBDUUHX4J",
        "text": "안되넹",
        "client_msg_id": "32e56ea9-2512-4d23-9211-d85a02fec4a5",
        "ts": "1534074804.000014"
    },
    {
        "type": "message",
        "user": "UBDUUHX4J",
        "text": "걍 수로 봐야할 것 같아요 후",
        "client_msg_id": "94d3563b-e4f1-4547-b827-e860ce91b12f",
        "ts": "1534074809.000061"
    },
    {
        "type": "message",
        "user": "UBDUUHX4J",
        "text": "지금 빡치니깡 feature selection ㅂ터 해보겟씁니다 ^",
        "client_msg_id": "86718690-b5bc-4392-90de-a2cb106dc5bb",
        "ts": "1534074849.000022"
    },
    {
        "type": "message",
        "user": "UBDUUHX4J",
        "text": "^^^^^^^^^^^^^",
        "client_msg_id": "7b71a596-b1e1-4a3f-8182-b71449683229",
        "ts": "1534074852.000019"
    },
    {
        "type": "message",
        "user": "UBDUU7X7U",
        "text": "ㅋㅋㅋㅋㅋㅋㅋㅋㅋㅋㅋ다혜님 수고하세용....",
        "client_msg_id": "0fc843e6-0b5d-43a9-90b1-913dcfb72831",
        "ts": "1534075188.000064"
    },
    {
        "type": "message",
        "user": "UBDUU7X7U",
        "text": "저도 빅콘 더 파보고 싶었는데",
        "client_msg_id": "4d821882-d75a-4a39-9053-487a5f7acc2c",
        "ts": "1534075205.000110"
    },
    {
        "type": "message",
        "user": "UBDUU7X7U",
        "text": "저희조꺼 그래프 안그려져서...후...",
        "client_msg_id": "c41633d0-3705-4f9c-a71c-f2e1685707a0",
        "ts": "1534075214.000064"
    },
    {
        "type": "message",
        "user": "UBDUUHX4J",
        "text": "아 빅콘 데이터 너무컼ㅋㅋㅋㅋ킨짜!!!",
        "client_msg_id": "412926cc-9393-4dc3-aa05-c01f2067f7e7",
        "ts": "1534075227.000017",
        "reactions": [
            {
                "name": "drooling_face",
                "users": [
                    "UBDUU7X7U"
                ],
                "count": 1
            }
        ]
    },
    {
        "type": "message",
        "user": "UBDUUHX4J",
        "text": "혹시 지금 얘기 나누실 수있는 분..?",
        "client_msg_id": "44a9cff4-546a-460b-83cc-d8f6f139f143",
        "ts": "1534076611.000046"
    },
    {
        "type": "message",
        "user": "UBDUUHX4J",
        "text": "제가 paymet랑 activity와 label 을 merge 했는데",
        "client_msg_id": "dd410708-36eb-4aa3-bd0b-d7fc7c4bfd55",
        "ts": "1534076635.000057"
    },
    {
        "type": "message",
        "user": "UBDUUHX4J",
        "text": "payment_amount, week 이 nan 인 행이 있네요",
        "client_msg_id": "6c65078a-7e4e-49c2-bb4a-fbfa9a02af47",
        "ts": "1534076658.000018"
    },
    {
        "type": "message",
        "user": "UBDUU7X7U",
        "text": "띠로리.....payment_amount가 tran_payment데이터고, week이 train_activity 데이터 인가여?",
        "client_msg_id": "ea619f2e-88f9-4a37-9d42-211ed71d884c",
        "ts": "1534077689.000063"
    },
    {
        "type": "message",
        "user": "UBDUUHX4J",
        "text": "넵 .. 심지어 NAN 값이 지금 440323 중에 40706 개에요!",
        "client_msg_id": "29980bea-d6bd-4ee9-999a-3bcde840aa4f",
        "ts": "1534077729.000026"
    },
    {
        "type": "message",
        "user": "UBDUUHX4J",
        "text": "유후~",
        "client_msg_id": "d551cddc-0d5b-4a63-a2f8-ae3168c3b0bd",
        "ts": "1534077731.000033"
    },
    {
        "type": "message",
        "user": "UBE3NCBKP",
        "text": "Week가 접속한 주인가요???",
        "client_msg_id": "13f33dd8-c270-42d2-9ed4-e62fb154d2ac",
        "ts": "1534077764.000042"
    },
    {
        "type": "message",
        "user": "UBE3NCBKP",
        "text": "페이먼트 0이면 결제 안 한 칭구들인가보네요... 그냥 0으로 대체하면 문제가 생기려나요???",
        "client_msg_id": "fe96573a-9963-4e63-93dc-acb3e483b2b4",
        "ts": "1534077786.000011"
    },
    {
        "type": "message",
        "user": "UBDUUHX4J",
        "text": "흠 그건 아니에요!",
        "client_msg_id": "07498c55-8dec-4cbd-a62e-2a65e8c71271",
        "ts": "1534077877.000031"
    },
    {
        "type": "message",
        "user": "UBE3NCBKP",
        "text": "아 위크 위에서 얘기하셨네용 ㅠㅠ 저도 좀따 엑셀 파일 다시 열어봐야겠다....",
        "client_msg_id": "cb0cced2-73e4-47e9-9b6b-3294e38333f2",
        "ts": "1534077883.000006"
    },
    {
        "type": "message",
        "user": "UBDUUHX4J",
        "text": "흑 FEATURE SELECTION 해서 F값이랑, P 값 뽑았는데",
        "client_msg_id": "041d5bae-316b-44c8-be6e-8867da031eb6",
        "ts": "1534077888.000003"
    },
    {
        "type": "message",
        "user": "UBDUUHX4J",
        "text": "이걸로 뭘해야하져",
        "client_msg_id": "aaf223b2-bd15-4fc6-a06d-66632f02d647",
        "ts": "1534077890.000051"
    },
    {
        "type": "message",
        "user": "UBDUUHX4J",
        "text": "그래서 다른 걸로 바꿔서 하는중이에요",
        "client_msg_id": "f6f67437-1a95-4106-b630-9a9fcadfe60c",
        "ts": "1534077897.000073"
    },
    {
        "type": "message",
        "user": "UBE3NCBKP",
        "text": "F 랑 p가 뭔가요...?",
        "client_msg_id": "91b0ad36-09f9-4c4b-8382-c9caaf42b4d9",
        "ts": "1534077907.000072"
    },
    {
        "type": "message",
        "user": "UBDUUHX4J",
        "text": "그 우리 분산분석이랑 가설검정에서 배운 거용!!",
        "client_msg_id": "73a0835e-9d39-45cf-983f-34b001e8b7c2",
        "ts": "1534077918.000003"
    },
    {
        "type": "message",
        "user": "UBE3NCBKP",
        "text": "ㅎ.... 여기서 통계가.....",
        "client_msg_id": "2c1ea8c7-41fe-4646-a734-5604e6e67ea5",
        "ts": "1534077930.000063"
    },
    {
        "type": "message",
        "user": "UBDUU7X7U",
        "text": "음 그런데 week에서 NaN인거면은 접속을 안했다는 의미가 되는건가요?",
        "client_msg_id": "6668cb6d-4835-4b7f-8472-cfdedf4277be",
        "ts": "1534077998.000029"
    },
    {
        "type": "message",
        "user": "UBDUUHX4J",
        "text": "후 왜이렂 ?",
        "client_msg_id": "04c4d33f-14d4-43d1-9448-b86d9d846d20",
        "ts": "1534078182.000015"
    },
    {
        "type": "message",
        "user": "UBDUUHX4J",
        "text": "PAYMENT 는 주간 결제 금액을 집계 했대요",
        "client_msg_id": "d430b020-efb8-484f-ab2e-8bf5253e6009",
        "ts": "1534078197.000054"
    },
    {
        "type": "message",
        "user": "UBE3NCBKP",
        "text": "기록이 없는 거니까 접속을 안 한 게 맞지않을까요!",
        "client_msg_id": "7d41e12c-4e91-4bb5-8a89-47964f874cda",
        "ts": "1534078440.000026"
    },
    {
        "type": "message",
        "user": "UBDUUHX4J",
        "text": "흠 근데 아니 접속을 안했는데 왜 WK 은 뜨냐리?",
        "client_msg_id": "0a21ac96-3af5-49d4-b923-d0f947856def",
        "ts": "1534078469.000019"
    },
    {
        "type": "message",
        "user": "UBDUUHX4J",
        "text": "후 트레인 시켜야되는데 카페에서 나가래여 ㅠ",
        "client_msg_id": "e94def3b-81b7-4d58-8a85-4a19c7a7abf0",
        "ts": "1534078477.000017"
    },
    {
        "type": "message",
        "user": "UBE3NCBKP",
        "text": "아 밖에서 하고 계세요??ㅠㅠㅠ",
        "client_msg_id": "2a70551f-6444-4aea-8350-d4e264ea7648",
        "ts": "1534078879.000010"
    },
    {
        "type": "message",
        "user": "UBDUUHX4J",
        "text": "넵넵 집에선 달봉이가 기다려요 ",
        "client_msg_id": "26C7DF93-1810-4441-8A60-A3CEF51D28AD",
        "ts": "1534078939.000054"
    },
    {
        "type": "message",
        "user": "UBDUUHX4J",
        "text": "되게 데이터 다양하다 엑셀만잘열렷다 닫혓다하면 예쁜마음으로볼텢데",
        "client_msg_id": "80871AB1-483C-4CF4-9E78-5D55D118B749",
        "ts": "1534078967.000034"
    },
    {
        "type": "message",
        "user": "UBE3NCBKP",
        "text": "그쵸 진짴ㅋㅋㅋㅋㅋㅋㅋ엑셀 안 열려 증말.....",
        "client_msg_id": "9edb5594-1e76-4fbd-a118-4359d3257991",
        "ts": "1534079088.000041"
    },
    {
        "type": "message",
        "user": "UBE3NCBKP",
        "text": "달봉쓰....",
        "client_msg_id": "2e3197ae-50b8-4e34-bd3e-4a7063c2eecc",
        "ts": "1534079091.000021"
    },
    {
        "type": "message",
        "user": "UBDUUHX4J",
        "text": "전집가서 마저 또 보겟습니다.. 다들 생각해보고 말해주세요 (지은님머해여)",
        "client_msg_id": "A7BF5E0E-D1DD-4D5E-B4A6-13F75482F42F",
        "ts": "1534079199.000012"
    },
    {
        "type": "message",
        "user": "UBE3NCBKP",
        "text": "저 지금 엑셀 보고 있는데 액티비티에 day가 혹시 어디 있나욤 ㅠㅠㅠ 전 cnt_dt밖에 ㅇ나 보여서 ㅠㅠ",
        "client_msg_id": "144abb5f-3ec3-41bc-8169-8e04c01ff317",
        "ts": "1534082219.000003"
    },
    {
        "type": "message",
        "user": "UBE3NCBKP",
        "text": "그리고 보면서 한 가지 든 생각인데 week 되게 귀찮게 되어있는데 이걸 그냥 w1, w2, w3 이런 식으로 여덟개의 열로 만들어서 정리해버리면 어떨까요?? 너무 비효율적이려나요 ㅠㅠ",
        "client_msg_id": "e02add1a-e0e4-4bc0-b5bf-f1abc05b25fd",
        "ts": "1534082378.000082"
    },
    {
        "type": "message",
        "user": "UBE3NCBKP",
        "text": "페이먼트도 마찬가지로 8개의 열로 만들어버리구요!",
        "client_msg_id": "b5a36150-0d71-4b82-9143-dcd5e7b3db25",
        "ts": "1534082435.000089"
    },
    {
        "type": "message",
        "user": "UBDUUHX4J",
        "text": "week 가 무슨 week 이에요?",
        "client_msg_id": "ef842ec1-16d3-4597-838d-8fa8ff8d4831",
        "ts": "1534082935.000008"
    },
    {
        "type": "message",
        "user": "UBE3NCBKP",
        "text": "접속한 주요!",
        "client_msg_id": "98b888a0-589a-46d7-b6c8-1a390f36cc1e",
        "ts": "1534117406.000007"
    },
    {
        "type": "message",
        "user": "UBE3NCBKP",
        "text": "activity 1열 보고 말한 거였어용!",
        "client_msg_id": "5e8e850c-3aab-4400-b6de-4574dc7dcaf4",
        "ts": "1534117418.000035"
    },
    {
        "type": "message",
        "user": "UBDUUHX4J",
        "text": "아아 흠 ",
        "client_msg_id": "03BBD155-771B-4E12-82EB-BF525382CFC3",
        "ts": "1534117421.000005"
    },
    {
        "type": "message",
        "user": "UBDUUHX4J",
        "text": "그럼 ",
        "client_msg_id": "96A4F11F-4DEB-49EC-9ADE-7686DEDE5C80",
        "ts": "1534117422.000008"
    },
    {
        "type": "message",
        "user": "UBDUUHX4J",
        "text": "8개 ",
        "client_msg_id": "4BD428B7-407E-4049-9F3D-71F3501C4FAE",
        "ts": "1534117423.000070"
    },
    {
        "type": "message",
        "user": "UBDUUHX4J",
        "text": "로 ",
        "client_msg_id": "756E789C-50B7-4F94-A953-3735406C9452",
        "ts": "1534117425.000082"
    },
    {
        "type": "message",
        "user": "UBDUUHX4J",
        "text": "늘리자는 말씀이죠 ",
        "client_msg_id": "741CC6BA-FC0A-4244-8FED-A3D4A174A45C",
        "ts": "1534117429.000008"
    },
    {
        "type": "message",
        "user": "UBDUUHX4J",
        "text": "그래서 아이디 당 true false 적용하는걸루?",
        "client_msg_id": "8B326787-0157-4F97-94C7-A723109ACB8C",
        "ts": "1534117452.000092"
    },
    {
        "type": "message",
        "user": "UBE3NCBKP",
        "text": "넹 그냥 1열에 1~8로 적혀있는 걸 w1~w8이라고 적힌 8개의 열로 만들고 접속했음 1, 안 했음 0 이런 식으로",
        "client_msg_id": "8b658b6f-9c70-4602-8a82-7759628eba94",
        "ts": "1534117459.000085"
    },
    {
        "type": "message",
        "user": "UBE3NCBKP",
        "text": "네넹",
        "client_msg_id": "c52dc294-d215-4eb6-b05f-a1dcd5758c0c",
        "ts": "1534117461.000056"
    },
    {
        "type": "message",
        "user": "UBE3NCBKP",
        "text": "페이먼트도 마찬가지!",
        "client_msg_id": "babcbfb2-bc29-44f5-b095-09330de65dc8",
        "ts": "1534117469.000003"
    },
    {
        "type": "message",
        "user": "UBDUUHX4J",
        "text": "억 근데 이게 왜 필요하다고 생각하신거게요??",
        "client_msg_id": "7731778E-BA5A-4B47-A240-A85A26F1CBC8",
        "ts": "1534117475.000035"
    },
    {
        "type": "message",
        "user": "UBE3NCBKP",
        "text": "row갯수랑 피쳐 정리하는 느낌으로 언급해봤어용",
        "client_msg_id": "4e3f7011-cf6c-409b-b5f4-b15cb62dc382",
        "ts": "1534117490.000060"
    },
    {
        "type": "message",
        "user": "UBE3NCBKP",
        "text": "학습할 때 굳이 이렇게 안 해도 되면 상관은 없겠지만용 ㅎㅎㅎ",
        "client_msg_id": "be22f8e1-9cf5-49f1-a415-44c9a844b55b",
        "ts": "1534117506.000089"
    },
    {
        "type": "message",
        "user": "UBDUUHX4J",
        "text": "아 학습할때는 아마 상관은없을거에요 전 이유가 궁금햇어요~~~~",
        "client_msg_id": "ACCA8671-CE58-4C2A-85B8-7BB321C3F953",
        "ts": "1534117528.000026"
    },
    {
        "type": "message",
        "user": "UBE3NCBKP",
        "text": "그냥 레이블이 딱 10만줄로 고정되어있으니까 유저들에 대한 정보도 한 row에 정리되면 우리도 편하고 학습시키기도 편하지 않을까 했습니당",
        "client_msg_id": "a1e2583e-5f10-4a37-8d44-eb0bebe66025",
        "ts": "1534117534.000104"
    },
    {
        "type": "message",
        "user": "UBDUUHX4J",
        "text": "피쳐 라벨도 안줘도 된다고...",
        "client_msg_id": "525C8198-2012-40B4-95E1-DE7B957FD98F",
        "ts": "1534117538.000069"
    },
    {
        "type": "message",
        "user": "UBE3NCBKP",
        "text": "오?",
        "client_msg_id": "e7b48522-5f0c-47a1-831e-a96a4e651c66",
        "ts": "1534117544.000082"
    },
    {
        "type": "message",
        "user": "UBDUUHX4J",
        "text": "아아 그런ㅋㅋㅋㅋㅋ",
        "client_msg_id": "BA2B32DD-D113-44ED-8EB4-7A4E0BB0DA48",
        "ts": "1534117562.000008"
    },
    {
        "type": "message",
        "user": "UBDUUHX4J",
        "text": "이해해써여 ~.~",
        "client_msg_id": "C0989447-7EA6-408A-A6DA-037934A4F577",
        "ts": "1534117567.000043"
    },
    {
        "type": "message",
        "user": "UBE3NCBKP",
        "text": "그럼 한 유저에 해당되는 피쳐를 알아서 찾아주나요...?",
        "client_msg_id": "1084c3b0-fcec-4475-9d84-9060d124aadb",
        "ts": "1534117570.000085"
    },
    {
        "type": "message",
        "user": "UBE3NCBKP",
        "text": "저는 한 row로 해놔야 코드 짜기 편하지 않을까 싶었긔 ㅋㅋㅋㅋㅋㅋㅋㅋㅋㅋ",
        "client_msg_id": "f268d6b0-b24d-4a26-8669-891c3582584b",
        "ts": "1534117583.000030"
    },
    {
        "type": "message",
        "user": "UBDUUHX4J",
        "text": "그게.. 블랙박스인디...",
        "client_msg_id": "D5A63286-B535-4D85-AF7B-B7D9B1C3A69E",
        "ts": "1534117584.000022"
    },
    {
        "type": "message",
        "user": "UBDUUHX4J",
        "text": "저도",
        "client_msg_id": "CBFA169E-67BD-4545-AEC3-2E4BB729B91C",
        "ts": "1534117585.000086"
    },
    {
        "type": "message",
        "user": "UBDUUHX4J",
        "text": "어케하는지",
        "client_msg_id": "3F2B4915-5751-4EF5-9B35-5C79C4502D94",
        "ts": "1534117587.000071"
    },
    {
        "type": "message",
        "user": "UBDUUHX4J",
        "text": "몰라요",
        "client_msg_id": "8B91A493-5941-44F1-934B-18B281130D9A",
        "ts": "1534117588.000082"
    },
    {
        "type": "message",
        "user": "UBDUUHX4J",
        "text": "ㅎㅎ",
        "client_msg_id": "4709E6AB-DE11-46F5-982A-31D3C3DA808B",
        "ts": "1534117590.000011"
    },
    {
        "type": "message",
        "user": "UBDUUHX4J",
        "text": "기계쓰가알아요",
        "client_msg_id": "4575278D-2BBF-46AB-BC9F-6084D7C830AA",
        "ts": "1534117593.000026"
    },
    {
        "type": "message",
        "user": "UBE3NCBKP",
        "text": "여기서부터는 완전 제 영역 밖이긴 하네요 허허...",
        "client_msg_id": "225e8a1d-bf48-49e9-9330-1e6b2463510c",
        "ts": "1534117608.000082"
    },
    {
        "type": "message",
        "user": "UBDUUHX4J",
        "text": "아 드디어 학습이 됫어요",
        "client_msg_id": "39a9b950-adfa-409e-860f-8122513163b3",
        "ts": "1534118860.000054"
    },
    {
        "type": "message",
        "user": "UBDUUHX4J",
        "text": "몇시간",
        "client_msg_id": "9b879ac4-e002-40ce-a562-1941b349edfc",
        "ts": "1534118861.000012"
    },
    {
        "type": "message",
        "user": "UBDUUHX4J",
        "text": "걸린듯",
        "client_msg_id": "4d84cd2b-5879-4ce4-b920-a804fe5aff7b",
        "ts": "1534118864.000039"
    },
    {
        "type": "message",
        "user": "UBDUUHX4J",
        "text": "feature selection 햇는데 아무래도 얘 이상한듯요",
        "client_msg_id": "b4351e36-50e8-45f4-8a8d-87c393fa63f0",
        "ts": "1534118873.000085"
    },
    {
        "type": "message",
        "text": "",
        "files": [
            {
                "id": "FC8978R1V",
                "created": 1534118871,
                "timestamp": 1534118871,
                "name": "image.png",
                "title": "Pasted image at 2018-08-13, 9:07 AM",
                "mimetype": "image\/png",
                "filetype": "png",
                "pretty_type": "PNG",
                "user": "UBDUUHX4J",
                "editable": false,
                "size": 216652,
                "mode": "hosted",
                "is_external": false,
                "external_type": "",
                "is_public": true,
                "public_url_shared": false,
                "display_as_bot": false,
                "username": "",
                "url_private": "https:\/\/files.slack.com\/files-pri\/T9SHC5F9S-FC8978R1V\/image.png?t=xoxe-332590185332-430098056850-431139793783-a3ecafe0d0f66efa522a67af632228d7",
                "url_private_download": "https:\/\/files.slack.com\/files-pri\/T9SHC5F9S-FC8978R1V\/download\/image.png?t=xoxe-332590185332-430098056850-431139793783-a3ecafe0d0f66efa522a67af632228d7",
                "thumb_64": "https:\/\/files.slack.com\/files-tmb\/T9SHC5F9S-FC8978R1V-13a14c8634\/image_64.png?t=xoxe-332590185332-430098056850-431139793783-a3ecafe0d0f66efa522a67af632228d7",
                "thumb_80": "https:\/\/files.slack.com\/files-tmb\/T9SHC5F9S-FC8978R1V-13a14c8634\/image_80.png?t=xoxe-332590185332-430098056850-431139793783-a3ecafe0d0f66efa522a67af632228d7",
                "thumb_360": "https:\/\/files.slack.com\/files-tmb\/T9SHC5F9S-FC8978R1V-13a14c8634\/image_360.png?t=xoxe-332590185332-430098056850-431139793783-a3ecafe0d0f66efa522a67af632228d7",
                "thumb_360_w": 360,
                "thumb_360_h": 203,
                "thumb_480": "https:\/\/files.slack.com\/files-tmb\/T9SHC5F9S-FC8978R1V-13a14c8634\/image_480.png?t=xoxe-332590185332-430098056850-431139793783-a3ecafe0d0f66efa522a67af632228d7",
                "thumb_480_w": 480,
                "thumb_480_h": 270,
                "thumb_160": "https:\/\/files.slack.com\/files-tmb\/T9SHC5F9S-FC8978R1V-13a14c8634\/image_160.png?t=xoxe-332590185332-430098056850-431139793783-a3ecafe0d0f66efa522a67af632228d7",
                "thumb_720": "https:\/\/files.slack.com\/files-tmb\/T9SHC5F9S-FC8978R1V-13a14c8634\/image_720.png?t=xoxe-332590185332-430098056850-431139793783-a3ecafe0d0f66efa522a67af632228d7",
                "thumb_720_w": 720,
                "thumb_720_h": 405,
                "thumb_800": "https:\/\/files.slack.com\/files-tmb\/T9SHC5F9S-FC8978R1V-13a14c8634\/image_800.png?t=xoxe-332590185332-430098056850-431139793783-a3ecafe0d0f66efa522a67af632228d7",
                "thumb_800_w": 800,
                "thumb_800_h": 450,
                "thumb_960": "https:\/\/files.slack.com\/files-tmb\/T9SHC5F9S-FC8978R1V-13a14c8634\/image_960.png?t=xoxe-332590185332-430098056850-431139793783-a3ecafe0d0f66efa522a67af632228d7",
                "thumb_960_w": 960,
                "thumb_960_h": 540,
                "thumb_1024": "https:\/\/files.slack.com\/files-tmb\/T9SHC5F9S-FC8978R1V-13a14c8634\/image_1024.png?t=xoxe-332590185332-430098056850-431139793783-a3ecafe0d0f66efa522a67af632228d7",
                "thumb_1024_w": 1024,
                "thumb_1024_h": 576,
                "image_exif_rotation": 1,
                "original_w": 1920,
                "original_h": 1080,
                "permalink": "https:\/\/daitgirls.slack.com\/files\/UBDUUHX4J\/FC8978R1V\/image.png",
                "permalink_public": "https:\/\/slack-files.com\/T9SHC5F9S-FC8978R1V-5aca89505f"
            }
        ],
        "upload": true,
        "user": "UBDUUHX4J",
        "display_as_bot": false,
        "ts": "1534118875.000034"
    },
    {
        "type": "message",
        "user": "UBDUUHX4J",
        "text": "이따 말씀 드릴게요",
        "client_msg_id": "60465b07-7b89-4322-84d4-a323b635d13c",
        "ts": "1534118876.000102"
    },
    {
        "type": "message",
        "user": "UBDUUHX4J",
        "text": "cnt_enter_raid\ncnt_enter_inzone_skilled\ncnt_clear_inzon_skilled 가 랭킹1위인 feature에요",
        "client_msg_id": "f756a610-a698-4e49-bd59-34f7afaceb71",
        "ts": "1534119813.000002"
    },
    {
        "type": "message",
        "user": "UBE3NCBKP",
        "text": "오 저게 레이블에 가장 영향을 크게 미친다는 건가용??",
        "client_msg_id": "900b17cd-ab94-457d-9806-d65a31ccac6b",
        "ts": "1534120381.000057"
    },
    {
        "type": "message",
        "user": "UBDUUHX4J",
        "text": "네네",
        "client_msg_id": "de72aa8f-a79b-47c3-b27b-8afb02c82af3",
        "ts": "1534120436.000057"
    },
    {
        "type": "message",
        "user": "UBE3NCBKP",
        "text": "저 피쳐들이 뭐였는지 다시 한번 봐야겠네욥! 싱기방기... 역시 레이드가 고인물의 상징인가봐욬ㅋㅋㅋㅋㅋㅋ",
        "client_msg_id": "15edca56-d3b0-4bd9-9df0-512cb62ef8da",
        "ts": "1534120597.000052"
    },
    {
        "type": "message",
        "user": "UBDUUHX4J",
        "text": "이해할 수없군 !",
        "client_msg_id": "dc24dec8-fcdb-4e59-bb54-3d6d0b5782ef",
        "ts": "1534122262.000029"
    },
    {
        "type": "message",
        "user": "UBE3NCBKP",
        "text": "ㅋㅋㅋㅋㅋㅋㅋㅋㅋㅋ",
        "client_msg_id": "26472192-71aa-4e1d-adcc-0c05d7d2051f",
        "ts": "1534123262.000122"
    },
    {
        "type": "message",
        "user": "UBE3NCBKP",
        "text": "피쳐 보니까 어려운 레이드 입장 많이 하고 클리어도 많이 한 사람이라는 소리네요! 고인물 인정",
        "client_msg_id": "b3a982e4-6f15-445e-96ef-2b22c4e2b08a",
        "ts": "1534123318.000060"
    },
    {
        "type": "message",
        "user": "UBDUUHX4J",
        "text": "ㅋㅋㅋㅋㅋㅋㅋㅋ",
        "client_msg_id": "59fcd75e-5f5d-4ddc-ac70-a91dd2825978",
        "ts": "1534123327.000085"
    },
    {
        "type": "message",
        "user": "UBDUUHX4J",
        "text": "개ㅅ겨 ㅋㅋㅋㅋㅋ아 근데",
        "client_msg_id": "3c8b8b40-7a76-439a-b52a-2594ebb2627e",
        "ts": "1534123329.000108"
    },
    {
        "type": "message",
        "user": "UBDUUHX4J",
        "text": "이거 세개말고 더 뽑을 수있긴 하거든요",
        "client_msg_id": "04e908eb-e055-4cac-aab5-98fdbed1d8f1",
        "ts": "1534123335.000018"
    },
    {
        "type": "message",
        "user": "UBDUUHX4J",
        "text": "유의미한 순대로 ? (아마)근데 제 컴이 똥 컴이라",
        "client_msg_id": "bc7e392e-591c-41e7-b55e-1eba3edbfc5e",
        "ts": "1534123343.000054"
    },
    {
        "type": "message",
        "user": "UBDUUHX4J",
        "text": "자고 일어나니 되잇엇어요 !",
        "client_msg_id": "d58a73db-228b-4a50-b4a6-4e41203c9bff",
        "ts": "1534123352.000125"
    },
    {
        "type": "message",
        "user": "UBE3NCBKP",
        "text": "순서대로 쫙 뽑으려면 오래 걸릴까요!",
        "client_msg_id": "a7b6cb31-5df9-4152-8da3-436eb4d243f2",
        "ts": "1534123376.000050"
    },
    {
        "type": "message",
        "user": "UBE3NCBKP",
        "text": "자고 일어났더니 3개만 뽑혀있었던 건가용!",
        "client_msg_id": "7b80f720-1525-4f4f-b200-81f142934332",
        "ts": "1534123391.000037"
    },
    {
        "type": "message",
        "user": "UBE3NCBKP",
        "text": "이거 activity파일의 피쳐들만 본 건가용",
        "client_msg_id": "f269e658-a345-4d2d-84aa-c562db0be5f8",
        "ts": "1534123406.000136"
    },
    {
        "type": "message",
        "user": "UBDUUHX4J",
        "text": "아뇨 제가 3개로 지정을 해주면 세개를 뱉어준ㄴ거에요",
        "client_msg_id": "8d73f53d-ced6-4823-8e02-2e628c18d921",
        "ts": "1534123408.000001"
    },
    {
        "type": "message",
        "user": "UBE3NCBKP",
        "text": "ㅋㅋㅋㅋㅋㅋㅋㅋㅋㅋㅋㅋㅋㅋㅋㅋㅋㅋㅋㅋ저희도 막 보니까 저 세개랑 페이먼트, 플레이타임만 넣으면 젤 잘 나오는 거 아니에요????ㅋㅋㅋㅋㅋㅋㅋㅋㅋㅋㅋ",
        "client_msg_id": "3a0cd424-b20f-4e81-9fa7-8da4dd073544",
        "ts": "1534127847.000023"
    },
    {
        "type": "message",
        "user": "UBE3NCBKP",
        "text": "고인물의 상징인 것만 뽑아야되나",
        "client_msg_id": "2e8b2311-0b14-4007-8d4a-6a5a01ffd34c",
        "ts": "1534127856.000079"
    },
    {
        "type": "message",
        "user": "UBDUU7X7U",
        "text": "오 다혜님 하신거 되게 신기하네요! 대박ㅋㅋㅋㅋㅋ",
        "client_msg_id": "62658942-935e-4be7-81a0-d7b34d2e8f5f",
        "ts": "1534128222.000033"
    },
    {
        "type": "message",
        "user": "UBDUU7X7U",
        "text": "이따가 우리 잠깐 모여서 이야기하나욥?",
        "client_msg_id": "a64a090a-8c49-478d-ba54-5be2709b7d88",
        "ts": "1534128239.000044"
    },
    {
        "type": "message",
        "user": "UBDUU7X7U",
        "text": "저오늘 늦잠자다가 지금 가는중이라..",
        "client_msg_id": "f17fab3e-20ee-41cf-9700-e97318775172",
        "ts": "1534128248.000081"
    },
    {
        "type": "message",
        "user": "UBE3NCBKP",
        "text": "머르겠어여ㅠㅠㅠㅠㅠㅠC조도 좀이따 얘기하자 그러던데...!",
        "client_msg_id": "04f651cf-5a81-4b45-90c3-07ee3dc99f54",
        "ts": "1534128264.000106"
    },
    {
        "type": "message",
        "user": "UBDUU7X7U",
        "text": "움.....공모전두 해야할것 같아여 지은님은 어디에...",
        "client_msg_id": "cdc1aeda-0ede-42fd-bcc7-72f48db94e52",
        "ts": "1534128279.000076"
    },
    {
        "type": "message",
        "user": "UBE3NCBKP",
        "text": "슬랙을 안 켜두셨나봐용ㅋㅋㅋㅋ저도 주말동안 가끔 까먹고 그럴 때 있어섴ㅋㅋㅋ",
        "client_msg_id": "78f7c630-0599-49df-9dd8-3c89d4e990bf",
        "ts": "1534128309.000064"
    },
    {
        "type": "message",
        "user": "UBDUU7X7U",
        "text": "ㅋㅋㅋㅋㅋ 마자여 저두 의식.못하고 있을땐 진짜 계속꺼둬서",
        "client_msg_id": "8d306508-ed56-495f-a97e-c5ba87d83714",
        "ts": "1534131137.000110"
    }
]