[
    {
        "user": "UBDUVKQAE",
        "text": "<@UBDUVKQAE> has joined the channel",
        "type": "message",
        "subtype": "channel_join",
        "ts": "1532175170.000007"
    },
    {
        "user": "UBDUVKQAE",
        "purpose": "빅데이터콘테스트에 나가는 aboo조입니다",
        "text": "<@UBDUVKQAE> set the channel purpose: 빅데이터콘테스트에 나가는 aboo조입니다",
        "type": "message",
        "subtype": "channel_purpose",
        "ts": "1532175170.000094"
    },
    {
        "user": "UBE3NCBKP",
        "inviter": "UBDUVKQAE",
        "text": "<@UBE3NCBKP> has joined the channel",
        "type": "message",
        "subtype": "channel_join",
        "ts": "1532175171.000005"
    },
    {
        "user": "UBDUUHX4J",
        "inviter": "UBDUVKQAE",
        "text": "<@UBDUUHX4J> has joined the channel",
        "type": "message",
        "subtype": "channel_join",
        "ts": "1532175171.000016"
    },
    {
        "user": "UBDUU7X7U",
        "inviter": "UBDUVKQAE",
        "text": "<@UBDUU7X7U> has joined the channel",
        "type": "message",
        "subtype": "channel_join",
        "ts": "1532175171.000038"
    },
    {
        "type": "message",
        "user": "UBDUVKQAE",
        "text": "시간 날 때 데이터 보고 오세염 ㅎㅎㅎㅎ",
        "client_msg_id": "e6d97bab-bef2-4dba-a093-eeac0d4322cc",
        "ts": "1532182163.000033"
    },
    {
        "type": "message",
        "user": "UBDUU7X7U",
        "text": "넹~! 압축 푸는데도 꽤 걸리네욤 ㅎ",
        "client_msg_id": "ac5e62fc-dcc1-40f5-ad4f-b59b26dbbc50",
        "ts": "1532182759.000032"
    },
    {
        "type": "message",
        "user": "UBDUUHX4J",
        "text": "오잇",
        "client_msg_id": "f5b886fb-4253-4dc5-ab63-14a4d9e2a281",
        "ts": "1532232349.000036"
    },
    {
        "type": "message",
        "user": "UBDUUHX4J",
        "text": "좋아요",
        "client_msg_id": "388fc0f4-2457-4b9b-ad2f-eb02834d494f",
        "ts": "1532232350.000049"
    }
]