[
    {
        "type": "message",
        "user": "UBDUU7X7U",
        "text": "for i,v in enumerate(pre):\n    pre_ans = v.argmax()  #예측한 레이블\n    ans = y_test[i].argmax()  #정답 레이블\n    dat = X_test[i]  #이미지 데이터",
        "client_msg_id": "21c81eec-7ca9-417b-b9a5-03c5d40ea48d",
        "ts": "1534230268.000100"
    },
    {
        "type": "message",
        "user": "UBDUU7X7U",
        "text": "다혜님 말처럼",
        "client_msg_id": "adb3fc9d-14a3-4ccc-8cfb-07be1ea8987f",
        "ts": "1534230277.000100"
    },
    {
        "type": "message",
        "user": "UBDUU7X7U",
        "text": "아 이거는 test이긴 한데",
        "client_msg_id": "13a977bf-7419-467e-b5dc-d1e3e485b2aa",
        "ts": "1534230287.000100"
    },
    {
        "type": "message",
        "user": "UBDUU7X7U",
        "text": "y에 정답 레이블 넣는게 맞네요",
        "client_msg_id": "6b086084-0ee3-40e9-8787-19333bd796e8",
        "ts": "1534230294.000100"
    },
    {
        "type": "message",
        "user": "UBE3NCBKP",
        "text": "아하 그럼 데이터프레임을 합치지 않고 별개로 두고 저렇게 따로 지정을 하는 거군용!",
        "client_msg_id": "d783db0a-0ef1-46c8-8373-2b59f3d51059",
        "ts": "1534230332.000100"
    },
    {
        "type": "message",
        "user": "UBDUU7X7U",
        "text": "그리고 아까 mean값 관련해서는 이탈 예측 모형에서는 시계열분석(시간의 흐름별) 중요하다고 하셔서",
        "client_msg_id": "4baed744-bfef-466a-849f-7123423da4e3",
        "ts": "1534230336.000100"
    },
    {
        "type": "message",
        "user": "UBDUU7X7U",
        "text": "평균값을 내버리면 데이터가 점점 둔해지니까 그렇게하면 안될것 같아요",
        "client_msg_id": "4f3b818e-1bf6-42dd-85ff-08118a39fc83",
        "ts": "1534230347.000100"
    },
    {
        "type": "message",
        "user": "UBDUU7X7U",
        "text": "네넹",
        "client_msg_id": "306d894e-f531-4b70-88f6-81fa5adb18b5",
        "ts": "1534230350.000200"
    },
    {
        "type": "message",
        "user": "UBE3NCBKP",
        "text": "크 할 게 많아졌네요^^",
        "client_msg_id": "28253134-fac9-4c70-9af5-c1c289a4743e",
        "ts": "1534230356.000100"
    },
    {
        "type": "message",
        "user": "UBDUUHX4J",
        "text": "그럼 훔 wk 뽑는게 좋겠죠 아무래도 ?",
        "client_msg_id": "4f674e45-7ee9-4e33-b062-c3d9d52ee18c",
        "ts": "1534230380.000100"
    },
    {
        "type": "message",
        "user": "UBDUUHX4J",
        "text": "간간히 예기해봐요가빈님바쁘시다고 했웅꼐루",
        "client_msg_id": "d5209eb0-616d-407c-938b-58524f83cd1f",
        "ts": "1534230391.000100"
    },
    {
        "type": "message",
        "user": "UBDUVKQAE",
        "text": "아님 쌤한테 DM 보내도 될 듯 해여",
        "client_msg_id": "337e78ee-2d80-44f3-a674-c7ca96377bb3",
        "ts": "1534230410.000100"
    },
    {
        "type": "message",
        "user": "UBDUU7X7U",
        "text": "ㅋㅋㅋㅋㅋㅋㅋㅋㅋ소현님 웃는게 웃는게 ㅏㅇ니야",
        "client_msg_id": "4550bd9b-7762-4e7e-a47a-20c20ac8a0c5",
        "ts": "1534230416.000100"
    },
    {
        "type": "message",
        "user": "UBDUVKQAE",
        "text": "^^",
        "client_msg_id": "4b99d96c-7723-48a3-a7f4-ead83723dbca",
        "ts": "1534230422.000100"
    },
    {
        "type": "message",
        "user": "UBE3NCBKP",
        "text": "^^",
        "client_msg_id": "1235101b-95ab-41d5-b6c9-e5bed7a6a331",
        "ts": "1534230422.000200"
    },
    {
        "type": "message",
        "user": "UBE3NCBKP",
        "text": "^^^^^^^^^^^6",
        "client_msg_id": "64601367-ed81-49d5-9297-b11965c273ea",
        "ts": "1534230426.000100"
    },
    {
        "type": "message",
        "user": "UBDUU7X7U",
        "text": "아 지은님 이따가 수업 끝나구 저 셀레니움 좀만 알려주실 수 있나욥!",
        "client_msg_id": "184fb87f-b2dc-4210-8e08-bd7de46fb622",
        "ts": "1534230431.000100"
    },
    {
        "type": "message",
        "user": "UBDUU7X7U",
        "text": "애란쌤 설명 들었는데 그래서 어케하라는건지 모르겠,,",
        "client_msg_id": "c87ace12-87a7-4931-b776-c1cde4d89f7d",
        "ts": "1534230440.000100"
    },
    {
        "type": "message",
        "user": "UBDUUHX4J",
        "text": "꾸루루루루룰룩",
        "client_msg_id": "66c9f64d-afcc-4859-b6d7-a0619bede82b",
        "ts": "1534230442.000100"
    },
    {
        "type": "message",
        "user": "UBDUUHX4J",
        "text": "6 주먹",
        "client_msg_id": "7a41794b-8e91-4569-b442-71fafd3f1f79",
        "ts": "1534230448.000300"
    },
    {
        "type": "message",
        "user": "UBDUUHX4J",
        "text": "?",
        "client_msg_id": "0eb6c176-700e-4570-88c3-8e96fbe4f84c",
        "ts": "1534230449.000100"
    },
    {
        "type": "message",
        "user": "UBDUVKQAE",
        "text": "바로 가보셔야 하는 거 아닌가 모르겠네여",
        "client_msg_id": "76ede447-4d5c-4a6c-840a-6b5949703dab",
        "ts": "1534230450.000100"
    },
    {
        "type": "message",
        "user": "UBDUUHX4J",
        "text": "ㅑㄲㄲ1",
        "client_msg_id": "ec6d5a19-f3fb-48ab-806c-6122aa75ba1e",
        "ts": "1534230457.000100"
    },
    {
        "type": "message",
        "user": "UBDUVKQAE",
        "text": "사실 저도.. 일단 General에 올릴게요",
        "client_msg_id": "aae6f108-b376-4ecf-8315-6bda14d0a5a1",
        "ts": "1534230458.000100"
    },
    {
        "type": "message",
        "user": "UBDUVKQAE",
        "text": "엄빠가 장어 먹으러 오래여",
        "client_msg_id": "44530939-ac80-44f3-b42a-265a1154de29",
        "ts": "1534230477.000100"
    },
    {
        "type": "message",
        "user": "UBDUVKQAE",
        "text": "ㅋㅋㅋㅋㅋㅋㅋㅋㅋㅋㅋ",
        "client_msg_id": "9d55a1ee-5163-49ff-937b-4abb20558c9b",
        "ts": "1534230479.000100"
    },
    {
        "type": "message",
        "user": "UBE3NCBKP",
        "text": "6은 오타",
        "client_msg_id": "1a3f929d-2c18-4f88-8ec0-ddf74def9c23",
        "ts": "1534230482.000100"
    },
    {
        "type": "message",
        "user": "UBE3NCBKP",
        "text": "^^",
        "client_msg_id": "a15de84a-4706-41fe-936a-548e157ee2dc",
        "ts": "1534230483.000100"
    },
    {
        "type": "message",
        "user": "UBE3NCBKP",
        "text": "크 장어 조켓다",
        "client_msg_id": "4ff1e733-07fa-4187-b85e-bb8bfa021f78",
        "ts": "1534230493.000100"
    },
    {
        "type": "message",
        "user": "UBE3NCBKP",
        "text": "장어 꼬리 존맛탱",
        "client_msg_id": "2161c9d7-3554-422d-b37b-3ec1b5ac3351",
        "ts": "1534230496.000100"
    },
    {
        "type": "message",
        "user": "UBDUU7X7U",
        "text": "와 헐 대박ㅋㅋㅋㅋㅋㅋ",
        "client_msg_id": "05a65909-28e0-4502-a033-31cc64a00695",
        "ts": "1534230508.000100"
    },
    {
        "type": "message",
        "user": "UBDUU7X7U",
        "text": "장어 비싼데",
        "client_msg_id": "32a04c14-9d8c-42fb-9bd4-77009bce49c4",
        "ts": "1534230517.000100"
    },
    {
        "type": "message",
        "user": "UBDUU7X7U",
        "text": "맛있겠다...",
        "client_msg_id": "7986b579-2d61-4fd3-aef2-6421834ca110",
        "ts": "1534230522.000100"
    },
    {
        "type": "message",
        "user": "UBDUVKQAE",
        "text": "<https:\/\/github.com\/oranjieunk\/m3-F\/tree\/master\/crawling_store_name>",
        "client_msg_id": "ddf266e2-da00-4be8-ac3e-dfcc940abea4",
        "ts": "1534230524.000100"
    },
    {
        "type": "message",
        "user": "UBDUVKQAE",
        "text": "여기 있는 ipynb 파일 참조하시고, selenium 한번 검색해서 알아보셔용",
        "client_msg_id": "e59a5b9a-d04c-42f0-9b6b-5a548596201d",
        "ts": "1534230543.000100"
    },
    {
        "type": "message",
        "user": "UBE3NCBKP",
        "text": "그러면 아까 저희 한 아이디에 해당하는 8주의 내용을 한 row로 만들 필요 없다고 했었으니까 딱히 wk에 맞춰서 전처리를 해줄 건 더 없는 걸까요??",
        "client_msg_id": "aa69cbe1-0e27-4edf-8539-0f31d57f9087",
        "ts": "1534230545.000100"
    },
    {
        "type": "message",
        "user": "UBDUVKQAE",
        "text": "javascript 아시나요?",
        "client_msg_id": "d9cd37dd-250e-4a9b-ac4f-8215a03553a6",
        "ts": "1534230550.000100"
    },
    {
        "type": "message",
        "user": "UBDUU7X7U",
        "text": "저 자바스크립트 몰라욥....",
        "client_msg_id": "598c2c70-54e5-46b9-965b-966129388c7a",
        "ts": "1534230603.000100"
    },
    {
        "type": "message",
        "user": "UBDUU7X7U",
        "text": "소현님 네네! 우선 각 유저별로 week별 특징을 뽑아봐야할것 같아요",
        "client_msg_id": "ea212110-e807-48c4-9ce0-911672e27470",
        "ts": "1534230624.000100"
    },
    {
        "type": "message",
        "user": "UBDUU7X7U",
        "text": "예를들면 주차별 접속패턴이 어때졌는지",
        "client_msg_id": "832935e5-b984-4d2e-8b6d-b5340a6d166a",
        "ts": "1534230633.000100"
    },
    {
        "type": "message",
        "user": "UBE3NCBKP",
        "text": "예인님 크롤링 어케하신건지 넘나 궁금ㅋㅋㅋㅋㅋㅋㅋㅋㅋㅋㅋㅋㅋㅋ",
        "client_msg_id": "ce8d1c7c-9fe4-4a62-ac15-dc24cc62d6ff",
        "ts": "1534230734.000100"
    },
    {
        "type": "message",
        "user": "UBE3NCBKP",
        "text": "셀레니움 안 쓰신 거 같던데 어케 하신 걸까욥",
        "client_msg_id": "4161c119-bd58-4bb3-927f-3c8a5fde5a70",
        "ts": "1534230739.000100"
    },
    {
        "type": "message",
        "user": "UBDUVKQAE",
        "text": "셀레니움 써도 될 거, 안해도 될 페이지들이 있어여",
        "client_msg_id": "a2f10534-01a8-401c-bb37-5425b559649f",
        "ts": "1534230753.000100"
    },
    {
        "type": "message",
        "user": "UBDUVKQAE",
        "text": "쉬워요",
        "client_msg_id": "bc798c99-162d-431f-b9da-2a0c5d461baa",
        "ts": "1534230769.000100"
    },
    {
        "type": "message",
        "user": "UBE3NCBKP",
        "text": "검색해보면 나오겟죵??",
        "client_msg_id": "b52cb37c-184a-411b-b8b2-3d831dfdde3d",
        "ts": "1534230785.000200"
    },
    {
        "type": "message",
        "user": "UBE3NCBKP",
        "text": "함 찾아봐야게써여!",
        "client_msg_id": "650b9f18-064e-467c-b134-2509020545a5",
        "ts": "1534230790.000100"
    },
    {
        "type": "message",
        "user": "UBDUVKQAE",
        "text": "한번 제 노트북 보고 따라하셔도?ㅋㅋㅋ",
        "client_msg_id": "274fe311-7236-43d7-a16b-354694406372",
        "ts": "1534230803.000100"
    },
    {
        "type": "message",
        "user": "UBDUVKQAE",
        "text": "블로그 써보려고염",
        "client_msg_id": "5790fd6b-980c-4da9-931d-676a674381a4",
        "ts": "1534230815.000200"
    },
    {
        "type": "message",
        "user": "UBDUU7X7U",
        "text": "지은님꺼 한번 참고해볼려구욥",
        "client_msg_id": "acb7124f-dc7a-417c-9f45-d436263acd93",
        "ts": "1534230823.000100"
    },
    {
        "type": "message",
        "user": "UBDUU7X7U",
        "text": "스벅페이지는 셀레니움없이는 안될것 같은뎁ㅋㅋㅋㅋㅋ",
        "client_msg_id": "3763debc-44f4-4592-abd7-77a911a1b706",
        "ts": "1534230830.000100"
    },
    {
        "type": "message",
        "user": "UBDUU7X7U",
        "text": "예인님은 전국적으로는 어렵다고 그러셨어여 그거 기밀이라 우리는 모르지만?ㅋㅋ",
        "client_msg_id": "266d6f98-1015-4dd9-9067-874ebda97453",
        "ts": "1534230840.000100"
    },
    {
        "type": "message",
        "user": "UBDUVKQAE",
        "text": "ㅋㅋㅋㅋㅋㅋㅋㅋㅋㅋㅋ전국적?",
        "client_msg_id": "83d68821-2efb-4013-8cab-dadfeae5c512",
        "ts": "1534230848.000100"
    },
    {
        "type": "message",
        "user": "UBE3NCBKP",
        "text": "아 그럼 한 페이지만 url링크로 긁어오셨나부다",
        "client_msg_id": "9513957a-ed53-4b57-a1f4-769fefa7c12d",
        "ts": "1534230887.000100"
    },
    {
        "type": "message",
        "user": "UBE3NCBKP",
        "text": "나머지는 수동으로 지역 눌러가면서 다시 똑같은 걸 돌려야되나바요",
        "client_msg_id": "d3dfd531-148f-4692-b91c-1f25c94dc285",
        "ts": "1534230898.000100"
    },
    {
        "type": "message",
        "user": "UBE3NCBKP",
        "text": "이건 결국 페이지마다 어케 생겼나에 따라 다르겠네요 ㅠㅠ",
        "client_msg_id": "434df4a4-fe24-499b-a1b9-a219fbb0d8b0",
        "ts": "1534230908.000100"
    },
    {
        "type": "message",
        "user": "UBDUU7X7U",
        "text": "맞아여 그런것 같아요 ㅠㅠ",
        "client_msg_id": "b5bce314-e3c4-4a39-939a-059c506c729c",
        "ts": "1534230948.000100"
    },
    {
        "type": "message",
        "user": "UBDUU7X7U",
        "text": "페이지가 동적이냐 정적이냐에 따라서 크롤링 방법이 다르더라구요!",
        "client_msg_id": "dd2740e2-9ca6-4e99-82ea-be9ecb8dc21b",
        "ts": "1534230962.000100"
    },
    {
        "type": "message",
        "user": "UBDUVKQAE",
        "text": "<https:\/\/www.starfield.co.kr\/hanam\/tenant\/categoryInfo.do>\n이 페이지 가보시면 '더보기'라는 게 있거든요! 그래야 모든 가게 이름들이 다 표시됩니당",
        "client_msg_id": "bf00e01d-e883-44c9-a3b6-5c8ab1bd0c0b",
        "ts": "1534230978.000100"
    },
    {
        "type": "message",
        "text": "",
        "files": [
            {
                "id": "FC9DB1KU6",
                "created": 1534230981,
                "timestamp": 1534230981,
                "name": "image.png",
                "title": "Pasted image at 2018-08-14, 4:16 PM",
                "mimetype": "image\/png",
                "filetype": "png",
                "pretty_type": "PNG",
                "user": "UBDUVKQAE",
                "editable": false,
                "size": 9644,
                "mode": "hosted",
                "is_external": false,
                "external_type": "",
                "is_public": true,
                "public_url_shared": false,
                "display_as_bot": false,
                "username": "",
                "url_private": "https:\/\/files.slack.com\/files-pri\/T9SHC5F9S-FC9DB1KU6\/image.png?t=xoxe-332590185332-430098056850-431139793783-a3ecafe0d0f66efa522a67af632228d7",
                "url_private_download": "https:\/\/files.slack.com\/files-pri\/T9SHC5F9S-FC9DB1KU6\/download\/image.png?t=xoxe-332590185332-430098056850-431139793783-a3ecafe0d0f66efa522a67af632228d7",
                "thumb_64": "https:\/\/files.slack.com\/files-tmb\/T9SHC5F9S-FC9DB1KU6-d85808b9c1\/image_64.png?t=xoxe-332590185332-430098056850-431139793783-a3ecafe0d0f66efa522a67af632228d7",
                "thumb_80": "https:\/\/files.slack.com\/files-tmb\/T9SHC5F9S-FC9DB1KU6-d85808b9c1\/image_80.png?t=xoxe-332590185332-430098056850-431139793783-a3ecafe0d0f66efa522a67af632228d7",
                "thumb_360": "https:\/\/files.slack.com\/files-tmb\/T9SHC5F9S-FC9DB1KU6-d85808b9c1\/image_360.png?t=xoxe-332590185332-430098056850-431139793783-a3ecafe0d0f66efa522a67af632228d7",
                "thumb_360_w": 360,
                "thumb_360_h": 67,
                "thumb_480": "https:\/\/files.slack.com\/files-tmb\/T9SHC5F9S-FC9DB1KU6-d85808b9c1\/image_480.png?t=xoxe-332590185332-430098056850-431139793783-a3ecafe0d0f66efa522a67af632228d7",
                "thumb_480_w": 480,
                "thumb_480_h": 90,
                "thumb_160": "https:\/\/files.slack.com\/files-tmb\/T9SHC5F9S-FC9DB1KU6-d85808b9c1\/image_160.png?t=xoxe-332590185332-430098056850-431139793783-a3ecafe0d0f66efa522a67af632228d7",
                "image_exif_rotation": 1,
                "original_w": 648,
                "original_h": 121,
                "permalink": "https:\/\/daitgirls.slack.com\/files\/UBDUVKQAE\/FC9DB1KU6\/image.png",
                "permalink_public": "https:\/\/slack-files.com\/T9SHC5F9S-FC9DB1KU6-87659deac3"
            }
        ],
        "upload": true,
        "user": "UBDUVKQAE",
        "display_as_bot": false,
        "ts": "1534230982.000100"
    },
    {
        "type": "message",
        "user": "UBE3NCBKP",
        "text": "더보기 ㅂㄷㅂㄷ",
        "client_msg_id": "ae76c63b-2678-49f4-87c0-459dc92b2e80",
        "ts": "1534230990.000100"
    },
    {
        "type": "message",
        "user": "UBDUVKQAE",
        "text": "근데 더보기는 'onclick'하려면 javascript로 more();이라는 소스가 필요하거든요",
        "client_msg_id": "9e8de83f-4116-4844-8cf3-21558b610386",
        "ts": "1534231015.000100"
    },
    {
        "type": "message",
        "user": "UBDUVKQAE",
        "text": "그래서 selenium을 이용해서",
        "client_msg_id": "e130691c-b6bd-454e-ac72-51c2589758bb",
        "ts": "1534231030.000100"
    },
    {
        "type": "message",
        "user": "UBDUVKQAE",
        "text": "driver.execute_script(\"more();\")",
        "client_msg_id": "9e31ed9b-6ab3-47c2-b541-51ef231e4a21",
        "ts": "1534231045.000100"
    },
    {
        "type": "message",
        "user": "UBDUVKQAE",
        "text": "more(); 명령어를 대신 입력하게 하는 거에요",
        "client_msg_id": "42656529-7443-4113-981b-124d74fd4f34",
        "ts": "1534231071.000100"
    },
    {
        "type": "message",
        "user": "UBE3NCBKP",
        "text": "오 명령어 차원에서 매크로가 돌아가주는 거였나요 대박",
        "client_msg_id": "f63f9480-fd8c-49ac-8cc2-6920d715c1bf",
        "ts": "1534231083.000100"
    },
    {
        "type": "message",
        "user": "UBE3NCBKP",
        "text": "전 그냥 막 위치로만 클릭클릭 시키는줄ㅋㅋㅋㅋㅋㅋㅋㅋㅋㅋㅋㅋ",
        "client_msg_id": "c9ad6607-7114-4765-beb1-81d5149ca7c6",
        "ts": "1534231091.000200"
    },
    {
        "type": "message",
        "user": "UBDUVKQAE",
        "text": "driver는 chromedriver설치하셔야대여",
        "client_msg_id": "9e6ecea3-1912-4af4-8c20-de2ae9f017c9",
        "ts": "1534231092.000100"
    },
    {
        "type": "message",
        "user": "UBDUVKQAE",
        "text": "ㅋㅋㅋㅋㅋㅋㅋㅋ엑 그거 매크로네요",
        "client_msg_id": "d86abdb0-d4ed-4e92-a9e6-f459c33fc230",
        "ts": "1534231109.000100"
    },
    {
        "type": "message",
        "user": "UBDUVKQAE",
        "text": "<https:\/\/chromedriver.storage.googleapis.com\/index.html?path=2.41\/>",
        "client_msg_id": "6936f54a-c051-4a9e-9c30-8fd88ad897ba",
        "ts": "1534231131.000100"
    },
    {
        "type": "message",
        "user": "UBDUVKQAE",
        "text": "여기서 맞는 거 받으시고, chromedriver.exe 경로를 소스에서 설정해주셔서 돌리게 해야합니당",
        "client_msg_id": "b9b34c27-8e02-416b-aa8c-3d8c16f64d2c",
        "ts": "1534231164.000100"
    },
    {
        "type": "message",
        "user": "UBDUVKQAE",
        "text": "driver = webdriver.Chrome('C:\/\/Users\/USER\/Desktop\/chromedriver.exe')",
        "client_msg_id": "33d770ca-03a0-4267-865a-452c2410b568",
        "ts": "1534231177.000100"
    },
    {
        "type": "message",
        "user": "UBDUVKQAE",
        "text": "요런 소스 써서요",
        "client_msg_id": "0d7585b4-a662-4892-a561-4433155b140a",
        "ts": "1534231182.000100"
    },
    {
        "type": "message",
        "user": "UBDUU7X7U",
        "text": "호어.....지은님 감사해용ㅎㅎㅎㅎㅎ",
        "client_msg_id": "397e8b97-cc54-402b-9d9d-3156678f0c71",
        "ts": "1534231259.000100"
    },
    {
        "type": "message",
        "user": "UBDUVKQAE",
        "text": "저는 selenium으로 사이트에 있는 가게 이름 10개 다 뽑았어요",
        "client_msg_id": "5bdbbb73-93c0-43ba-9d3b-7e26634be52b",
        "ts": "1534231334.000100"
    },
    {
        "type": "message",
        "user": "UBDUVKQAE",
        "text": "블로그 써야징ㅋㅋㅋㅋ",
        "client_msg_id": "dad1295a-bb87-414c-b76b-cc0662a3454a",
        "ts": "1534231340.000100"
    },
    {
        "type": "message",
        "user": "UBDUU7X7U",
        "text": "근데 우리 그러면 시계열 분석하는거면",
        "client_msg_id": "9a4a01c4-a0b3-4c5d-b788-af2b1909bbf7",
        "ts": "1534233590.000100"
    },
    {
        "type": "message",
        "user": "UBDUU7X7U",
        "text": "RNN 해야되는거에여??",
        "client_msg_id": "82f3de50-cd79-4a30-aa75-52db81dea681",
        "ts": "1534233595.000100"
    },
    {
        "type": "message",
        "user": "UBE3NCBKP",
        "text": ":drooling_face:",
        "client_msg_id": "b457b806-8d0f-44da-83b0-3dd9cf491296",
        "ts": "1534234138.000100"
    },
    {
        "type": "message",
        "user": "UBDUU7X7U",
        "text": "소현님ㅋㅋㅋㅋㅋㅋㅋㅋㅋㅋ",
        "client_msg_id": "4a8e6ea6-2315-4aa6-b9e8-9238d4dbe843",
        "ts": "1534234172.000100"
    },
    {
        "type": "message",
        "user": "UBDUUHX4J",
        "text": "으음 ?... 시계열 ...",
        "client_msg_id": "c9b99c80-5280-4898-9c7f-e73596936a24",
        "ts": "1534234265.000100"
    },
    {
        "type": "message",
        "user": "UBDUU7X7U",
        "text": "<https:\/\/www.istarbucks.co.kr\/store\/store_map.do?disp=locale>",
        "client_msg_id": "227610a9-672f-44ea-8c84-b30421c21be3",
        "attachments": [
            {
                "title": "Starbucks",
                "title_link": "https:\/\/www.istarbucks.co.kr\/store\/store_map.do?disp=locale",
                "text": "Starbucks",
                "fallback": "Starbucks",
                "image_url": "http:\/\/www.istarbucks.co.kr\/common\/img\/kakaotalk.png",
                "from_url": "https:\/\/www.istarbucks.co.kr\/store\/store_map.do?disp=locale",
                "image_width": 250,
                "image_height": 250,
                "image_bytes": 813915,
                "service_icon": "https:\/\/www.istarbucks.co.kr\/common\/img\/common\/favicon.ico",
                "service_name": "istarbucks.co.kr",
                "id": 1,
                "original_url": "https:\/\/www.istarbucks.co.kr\/store\/store_map.do?disp=locale"
            }
        ],
        "ts": "1534241967.000100"
    },
    {
        "type": "message",
        "user": "UBDUU7X7U",
        "text": "지은님 아까 말씀드렸던 스타벅스입니다!",
        "client_msg_id": "1d833bd0-0319-4da5-9ccf-baeab7790343",
        "ts": "1534241977.000100"
    },
    {
        "type": "message",
        "user": "UBDUUHX4J",
        "text": "모야 ㅋㅋㅋㅋㅋㅋㅋㅋ개웃곀ㅋㅋㅋㅋㅋㅋㅋㅋ",
        "client_msg_id": "9cf7db87-f87b-4883-b485-bf45f5c6e800",
        "ts": "1534242010.000100"
    },
    {
        "type": "message",
        "user": "UBDUU7X7U",
        "text": "아닠ㅋㅋㅋㅋ 크롤링하려고 말씀드린거에여 ㅋㅋㅋㅋㅋㅋㅋ",
        "client_msg_id": "39d19db9-5f23-481a-a8b2-8fffb6372e07",
        "ts": "1534243266.000100"
    },
    {
        "type": "message",
        "user": "UBDUVKQAE",
        "text": "와 봤더니 jQuery로 해놨네여... 대단쓰",
        "client_msg_id": "071388ce-2031-407d-affc-eb6756238b07",
        "ts": "1534251395.000100"
    },
    {
        "type": "message",
        "user": "UBDUVKQAE",
        "text": "selenium으로도 jQuery 돌릴 수 있어요!",
        "client_msg_id": "4a5846d4-fbeb-4d40-8277-1f05c6d3f29a",
        "ts": "1534251838.000100"
    },
    {
        "type": "message",
        "user": "UBDUVKQAE",
        "text": "음 일단 첫 페이지를 들어가면 서울 -&gt; 구를 선택해야 하는데 그걸 jQuery로 짜놨거든요! 그래서 서울이랑 구들 selector들로 짚어보시면 data-sido랑 data-guguncd가 달라요! 그게 <https:\/\/cjh5414.github.io\/html-jquery-add-custom-attribute\/> 때문인데....",
        "client_msg_id": "9ab9beb7-1bad-4f35-8648-8e872b6f3f15",
        "attachments": [
            {
                "service_name": "Jihun's Development Blog",
                "title": "HTML 태그에 커스텀 속성 추가하여 JQuery에서 사용하기",
                "title_link": "https:\/\/cjh5414.github.io\/html-jquery-add-custom-attribute\/",
                "text": "Jihun's Development Blog",
                "fallback": "Jihun's Development Blog: HTML 태그에 커스텀 속성 추가하여 JQuery에서 사용하기",
                "from_url": "https:\/\/cjh5414.github.io\/html-jquery-add-custom-attribute\/",
                "service_icon": "https:\/\/cjh5414.github.io\/images\/apple-touch-icon-precomposed.png",
                "id": 1,
                "original_url": "https:\/\/cjh5414.github.io\/html-jquery-add-custom-attribute\/"
            }
        ],
        "ts": "1534251998.000100"
    },
    {
        "type": "message",
        "user": "UBDUUHX4J",
        "text": "대체 셀레니움이머에여",
        "client_msg_id": "3AD17529-DFA5-4409-98A6-80527359CF27",
        "ts": "1534252024.000100"
    },
    {
        "type": "message",
        "user": "UBDUVKQAE",
        "text": "개발자 도구에서 Sources라는 위에 탭 가시고, <http:\/\/www.istarbucks.co.kr|www.istarbucks.co.kr> -&gt; common -&gt; js -&gt; store -&gt; store_core.js가서 sidocd를 Ctrl+F하면",
        "client_msg_id": "954443f3-e73e-4c73-a6dc-3669320b81b4",
        "ts": "1534252036.000100"
    },
    {
        "type": "message",
        "text": "",
        "files": [
            {
                "id": "FC8CKU2JH",
                "created": 1534252039,
                "timestamp": 1534252039,
                "name": "image.png",
                "title": "Pasted image at 2018-08-14, 10:07 PM",
                "mimetype": "image\/png",
                "filetype": "png",
                "pretty_type": "PNG",
                "user": "UBDUVKQAE",
                "editable": false,
                "size": 19263,
                "mode": "hosted",
                "is_external": false,
                "external_type": "",
                "is_public": true,
                "public_url_shared": false,
                "display_as_bot": false,
                "username": "",
                "url_private": "https:\/\/files.slack.com\/files-pri\/T9SHC5F9S-FC8CKU2JH\/image.png?t=xoxe-332590185332-430098056850-431139793783-a3ecafe0d0f66efa522a67af632228d7",
                "url_private_download": "https:\/\/files.slack.com\/files-pri\/T9SHC5F9S-FC8CKU2JH\/download\/image.png?t=xoxe-332590185332-430098056850-431139793783-a3ecafe0d0f66efa522a67af632228d7",
                "thumb_64": "https:\/\/files.slack.com\/files-tmb\/T9SHC5F9S-FC8CKU2JH-3f887e1d3b\/image_64.png?t=xoxe-332590185332-430098056850-431139793783-a3ecafe0d0f66efa522a67af632228d7",
                "thumb_80": "https:\/\/files.slack.com\/files-tmb\/T9SHC5F9S-FC8CKU2JH-3f887e1d3b\/image_80.png?t=xoxe-332590185332-430098056850-431139793783-a3ecafe0d0f66efa522a67af632228d7",
                "thumb_360": "https:\/\/files.slack.com\/files-tmb\/T9SHC5F9S-FC8CKU2JH-3f887e1d3b\/image_360.png?t=xoxe-332590185332-430098056850-431139793783-a3ecafe0d0f66efa522a67af632228d7",
                "thumb_360_w": 360,
                "thumb_360_h": 94,
                "thumb_480": "https:\/\/files.slack.com\/files-tmb\/T9SHC5F9S-FC8CKU2JH-3f887e1d3b\/image_480.png?t=xoxe-332590185332-430098056850-431139793783-a3ecafe0d0f66efa522a67af632228d7",
                "thumb_480_w": 480,
                "thumb_480_h": 125,
                "thumb_160": "https:\/\/files.slack.com\/files-tmb\/T9SHC5F9S-FC8CKU2JH-3f887e1d3b\/image_160.png?t=xoxe-332590185332-430098056850-431139793783-a3ecafe0d0f66efa522a67af632228d7",
                "image_exif_rotation": 1,
                "original_w": 490,
                "original_h": 128,
                "permalink": "https:\/\/daitgirls.slack.com\/files\/UBDUVKQAE\/FC8CKU2JH\/image.png",
                "permalink_public": "https:\/\/slack-files.com\/T9SHC5F9S-FC8CKU2JH-cd046e288d"
            }
        ],
        "upload": true,
        "user": "UBDUVKQAE",
        "display_as_bot": false,
        "ts": "1534252040.000100"
    },
    {
        "type": "message",
        "user": "UBDUVKQAE",
        "text": "이런 소스가 뜨는데 이게 jQuery에여 ㅜㅜ <http:\/\/exploreselenium.com\/selenium\/run-jquery-in-selenium-webdriver\/>\n이 문서에 가서 한번 크롤링하는 법 알아봐야할 것 같아요",
        "client_msg_id": "e1d1e007-c032-4c7d-bc6d-273fc1186793",
        "attachments": [
            {
                "service_name": "Explore Selenium",
                "title": "Run jQuery in Selenium WebDriver - Explore Selenium",
                "title_link": "http:\/\/exploreselenium.com\/selenium\/run-jquery-in-selenium-webdriver\/",
                "text": "jQuery is just a Java Script Library, it simplifies the task with less code,reads and manipulated the DOM easily. How to run jQuery in Selenium WebDriver...",
                "fallback": "Explore Selenium: Run jQuery in Selenium WebDriver - Explore Selenium",
                "thumb_url": "http:\/\/exploreselenium.com\/wp-content\/uploads\/2017\/01\/jquery-min-js-path-218x300.png",
                "ts": 1483716931,
                "from_url": "http:\/\/exploreselenium.com\/selenium\/run-jquery-in-selenium-webdriver\/",
                "thumb_width": 218,
                "thumb_height": 300,
                "id": 1,
                "original_url": "http:\/\/exploreselenium.com\/selenium\/run-jquery-in-selenium-webdriver\/"
            }
        ],
        "ts": "1534252074.000100"
    },
    {
        "type": "message",
        "user": "UBDUVKQAE",
        "text": "라이브러리에요! beautifulsoup처럼 크롤링해주거나 javascript, jQuery에서 사용하는 소스들 대신 돌려주는 친구? 주로 테스팅할 때 많이 쓰여요",
        "client_msg_id": "8eadcaa0-8b0f-4865-b236-674a47041be8",
        "thread_ts": "1534252174.000100",
        "reply_count": 1,
        "replies": [
            {
                "user": "UBDUVKQAE",
                "ts": "1534252491.000100"
            }
        ],
        "unread_count": 1,
        "ts": "1534252174.000100"
    },
    {
        "type": "message",
        "user": "UBDUVKQAE",
        "text": "음 혹시 하시다가 잘 안되시면 제가 같이 해드릴게여! 저도 해보고 싶어서 ㅎㅎㅎ",
        "client_msg_id": "92e04918-efaf-486d-9f95-4e224c87e86d",
        "ts": "1534252202.000100"
    },
    {
        "type": "message",
        "user": "UBDUU7X7U",
        "text": "핳ㅋㅋㅋㅋㅋㅋㅋㅋㅋ",
        "client_msg_id": "924f2dd6-1ebf-4e88-8d95-3a498add2562",
        "ts": "1534252438.000100"
    },
    {
        "type": "message",
        "user": "UBDUU7X7U",
        "text": "이거 진짜 어려운거여써....",
        "client_msg_id": "b589b9c4-44c7-4fe8-9a38-6ee964b2886d",
        "ts": "1534252443.000100"
    },
    {
        "type": "message",
        "user": "UBDUVKQAE",
        "text": "저도 jQuery는 잘 몰라서.... 근데 재밌을 것 같아여",
        "client_msg_id": "c550434b-98bc-4ab4-b5af-a230b7cdd7e5",
        "ts": "1534252467.000100"
    },
    {
        "type": "message",
        "user": "UBDUVKQAE",
        "text": "<@UBDUUHX4J>",
        "client_msg_id": "4c622892-6607-452b-9385-8f7e23b77570",
        "thread_ts": "1534252174.000100",
        "parent_user_id": "UBDUVKQAE",
        "ts": "1534252491.000100"
    },
    {
        "type": "message",
        "user": "UBDUU7X7U",
        "text": "ㅋㅋㅋㅋㅋㅋㅋㅋㅋ한번 해볼게여",
        "client_msg_id": "bcbbfd39-8875-436b-9bdc-b7043a2ed1cb",
        "ts": "1534252615.000100"
    },
    {
        "type": "message",
        "user": "UBDUU7X7U",
        "text": "오늘내일 하면 되겠져...ㅎㅎ",
        "client_msg_id": "bb03ff80-4f67-4cb9-b2c3-63ed921b307d",
        "ts": "1534252619.000200"
    },
    {
        "type": "message",
        "user": "UBDUVKQAE",
        "text": "넵!! 홧팅ㅋㅋㅋㅋㅋ",
        "client_msg_id": "ad23cadc-009f-4415-b74f-c5ad40940052",
        "ts": "1534252631.000100"
    },
    {
        "type": "message",
        "user": "UBDUU7X7U",
        "text": "하아 근데 저희 빅콘은 이제 어케할까여",
        "client_msg_id": "a9995998-d332-4877-8413-4946bedb0180",
        "ts": "1534252634.000100"
    },
    {
        "type": "message",
        "user": "UBDUU7X7U",
        "text": "배로쌤한테 도움 요청해야하남...",
        "client_msg_id": "e3b15656-4ab3-4025-baf0-a8d6febaa3a0",
        "ts": "1534252646.000100"
    },
    {
        "type": "message",
        "user": "UBDUVKQAE",
        "text": "일단 레파지토리 팔게염",
        "client_msg_id": "4d9a7e13-7e54-4c32-bb88-d3fcfb0ec9e2",
        "ts": "1534252655.000100"
    },
    {
        "type": "message",
        "user": "UBDUVKQAE",
        "text": "<https:\/\/github.com\/oranjieunk\/BIGcontest>\n아 만들어둔 거에요",
        "client_msg_id": "4f3fc437-5964-410d-919a-bb3187e18f5f",
        "attachments": [
            {
                "fallback": "oranjieunk\/BIGcontest",
                "text": "save codes for BIGcontest 2018",
                "title": "oranjieunk\/BIGcontest",
                "footer": "<https:\/\/github.com\/oranjieunk\/BIGcontest|oranjieunk\/BIGcontest>",
                "id": 1,
                "footer_icon": "https:\/\/assets-cdn.github.com\/favicon.ico",
                "ts": 1533736790,
                "color": "24292f",
                "fields": [
                    {
                        "title": "Language",
                        "value": "Jupyter Notebook",
                        "short": true
                    },
                    {
                        "title": "Last updated",
                        "value": "6 days ago",
                        "short": true
                    }
                ],
                "mrkdwn_in": [
                    "text",
                    "fields"
                ],
                "bot_id": "BBNDHKJQ3",
                "app_unfurl_url": "https:\/\/github.com\/oranjieunk\/BIGcontest",
                "is_app_unfurl": true
            }
        ],
        "ts": "1534252710.000100"
    },
    {
        "type": "message",
        "user": "UBDUVKQAE",
        "text": "이거 fork 하셔서 쓰셔요",
        "client_msg_id": "22b448a8-bbc0-439b-be97-bad21fe53848",
        "ts": "1534252726.000100"
    },
    {
        "type": "message",
        "user": "UBDUUHX4J",
        "text": "가빈님",
        "client_msg_id": "BC255DFA-8A3C-43C4-847D-DA689BE83910",
        "ts": "1534253495.000100"
    },
    {
        "type": "message",
        "user": "UBDUUHX4J",
        "text": "애란쌤이뭐라고하셧는지",
        "client_msg_id": "313AAC98-B8A3-4E9F-835C-E9B281C41B89",
        "ts": "1534253501.000100"
    },
    {
        "type": "message",
        "user": "UBDUUHX4J",
        "text": "기억나세요?",
        "client_msg_id": "2434453F-0CC1-43A9-B422-912B24E006C5",
        "ts": "1534253504.000100"
    },
    {
        "type": "message",
        "user": "UBDUU7X7U",
        "text": "어떤 질문이용?",
        "client_msg_id": "57255d88-16f1-496d-be3d-fbbb4a273c06",
        "ts": "1534254437.000100"
    },
    {
        "type": "message",
        "user": "UBDUUHX4J",
        "text": "그 평균용",
        "client_msg_id": "4104CE5B-7F69-4717-A35F-B7EE9E1BA536",
        "ts": "1534254467.000100"
    },
    {
        "type": "message",
        "user": "UBDUU7X7U",
        "text": "그거 mean값 관련해서는 평균으로 데이터보게되면 데이터가 둔해지니까",
        "client_msg_id": "295ce5b9-ee06-4398-beb3-c69652df803b",
        "ts": "1534254473.000100"
    },
    {
        "type": "message",
        "user": "UBDUU7X7U",
        "text": "각 주마다 패턴을 보는게 중요하다하시면서",
        "client_msg_id": "57c7c4a5-61da-48b5-bc72-0728953d467f",
        "ts": "1534254484.000100"
    },
    {
        "type": "message",
        "user": "UBDUUHX4J",
        "text": "네네 ",
        "client_msg_id": "7C739611-1371-49AF-8555-6517DD0F38D7",
        "ts": "1534254487.000200"
    },
    {
        "type": "message",
        "user": "UBDUUHX4J",
        "text": "아끝?ㅋㅋㅋㅋ무슨방법을알랴주신건",
        "client_msg_id": "E85FEE12-84C6-437C-A3AA-6AB493795CD9",
        "ts": "1534254513.000100"
    },
    {
        "type": "message",
        "user": "UBDUUHX4J",
        "text": "아니군요",
        "client_msg_id": "48A06D20-4E22-4173-8E85-0B22B82D2A51",
        "ts": "1534254515.000100"
    },
    {
        "type": "message",
        "user": "UBDUU7X7U",
        "text": "네네",
        "client_msg_id": "daf2e64b-55ec-4950-8eac-40b6a7ff5a7d",
        "ts": "1534254520.000100"
    },
    {
        "type": "message",
        "user": "UBDUU7X7U",
        "text": "잘 모르신데옄ㅋㅋㅋㅋㅋㅋ",
        "client_msg_id": "e5eac9d3-6e6b-4ae9-aa64-980cce269481",
        "ts": "1534254523.000100"
    },
    {
        "type": "message",
        "user": "UBDUU7X7U",
        "text": "유저이탈예측 한다햇더니",
        "client_msg_id": "71dfbc6c-2201-4826-b966-f96cabe423ce",
        "ts": "1534254529.000100"
    },
    {
        "type": "message",
        "user": "UBDUU7X7U",
        "text": "시계열데이터는 그 패턴이 중요하다고",
        "client_msg_id": "49cb85e3-79e8-47f8-9545-82459f1714a3",
        "ts": "1534254538.000100"
    },
    {
        "type": "message",
        "user": "UBDUU7X7U",
        "text": "결론: mean값으로 보는건 위험함",
        "client_msg_id": "f48ba5f5-b566-440e-b9e1-859be29dd769",
        "ts": "1534254547.000100"
    },
    {
        "type": "message",
        "user": "UBDUU7X7U",
        "text": "아까 이야기한대로 가설 세워서 패턴을 먼저 봐야할듯 싶네요",
        "client_msg_id": "057f6784-1d18-4723-ab8c-a6f6005fc1f4",
        "ts": "1534254557.000100"
    },
    {
        "type": "message",
        "user": "UBDUUHX4J",
        "text": "여러분 우리 너무 힘들어 하는 것같아서 제가 하나 뽑아 봤어요 (개생색)",
        "client_msg_id": "de056ad7-da81-452f-b417-5850ecb1a167",
        "ts": "1534255852.000100"
    },
    {
        "type": "message",
        "text": "",
        "files": [
            {
                "id": "FC7J58NAC",
                "created": 1534255857,
                "timestamp": 1534255857,
                "name": "image.png",
                "title": "Pasted image at 2018-08-14, 11:10 PM",
                "mimetype": "image\/png",
                "filetype": "png",
                "pretty_type": "PNG",
                "user": "UBDUUHX4J",
                "editable": false,
                "size": 297767,
                "mode": "hosted",
                "is_external": false,
                "external_type": "",
                "is_public": true,
                "public_url_shared": false,
                "display_as_bot": false,
                "username": "",
                "url_private": "https:\/\/files.slack.com\/files-pri\/T9SHC5F9S-FC7J58NAC\/image.png?t=xoxe-332590185332-430098056850-431139793783-a3ecafe0d0f66efa522a67af632228d7",
                "url_private_download": "https:\/\/files.slack.com\/files-pri\/T9SHC5F9S-FC7J58NAC\/download\/image.png?t=xoxe-332590185332-430098056850-431139793783-a3ecafe0d0f66efa522a67af632228d7",
                "thumb_64": "https:\/\/files.slack.com\/files-tmb\/T9SHC5F9S-FC7J58NAC-cb8b4f8dbd\/image_64.png?t=xoxe-332590185332-430098056850-431139793783-a3ecafe0d0f66efa522a67af632228d7",
                "thumb_80": "https:\/\/files.slack.com\/files-tmb\/T9SHC5F9S-FC7J58NAC-cb8b4f8dbd\/image_80.png?t=xoxe-332590185332-430098056850-431139793783-a3ecafe0d0f66efa522a67af632228d7",
                "thumb_360": "https:\/\/files.slack.com\/files-tmb\/T9SHC5F9S-FC7J58NAC-cb8b4f8dbd\/image_360.png?t=xoxe-332590185332-430098056850-431139793783-a3ecafe0d0f66efa522a67af632228d7",
                "thumb_360_w": 360,
                "thumb_360_h": 203,
                "thumb_480": "https:\/\/files.slack.com\/files-tmb\/T9SHC5F9S-FC7J58NAC-cb8b4f8dbd\/image_480.png?t=xoxe-332590185332-430098056850-431139793783-a3ecafe0d0f66efa522a67af632228d7",
                "thumb_480_w": 480,
                "thumb_480_h": 270,
                "thumb_160": "https:\/\/files.slack.com\/files-tmb\/T9SHC5F9S-FC7J58NAC-cb8b4f8dbd\/image_160.png?t=xoxe-332590185332-430098056850-431139793783-a3ecafe0d0f66efa522a67af632228d7",
                "thumb_720": "https:\/\/files.slack.com\/files-tmb\/T9SHC5F9S-FC7J58NAC-cb8b4f8dbd\/image_720.png?t=xoxe-332590185332-430098056850-431139793783-a3ecafe0d0f66efa522a67af632228d7",
                "thumb_720_w": 720,
                "thumb_720_h": 405,
                "thumb_800": "https:\/\/files.slack.com\/files-tmb\/T9SHC5F9S-FC7J58NAC-cb8b4f8dbd\/image_800.png?t=xoxe-332590185332-430098056850-431139793783-a3ecafe0d0f66efa522a67af632228d7",
                "thumb_800_w": 800,
                "thumb_800_h": 450,
                "thumb_960": "https:\/\/files.slack.com\/files-tmb\/T9SHC5F9S-FC7J58NAC-cb8b4f8dbd\/image_960.png?t=xoxe-332590185332-430098056850-431139793783-a3ecafe0d0f66efa522a67af632228d7",
                "thumb_960_w": 960,
                "thumb_960_h": 540,
                "thumb_1024": "https:\/\/files.slack.com\/files-tmb\/T9SHC5F9S-FC7J58NAC-cb8b4f8dbd\/image_1024.png?t=xoxe-332590185332-430098056850-431139793783-a3ecafe0d0f66efa522a67af632228d7",
                "thumb_1024_w": 1024,
                "thumb_1024_h": 576,
                "image_exif_rotation": 1,
                "original_w": 1920,
                "original_h": 1080,
                "permalink": "https:\/\/daitgirls.slack.com\/files\/UBDUUHX4J\/FC7J58NAC\/image.png",
                "permalink_public": "https:\/\/slack-files.com\/T9SHC5F9S-FC7J58NAC-bbff09b544"
            }
        ],
        "upload": true,
        "user": "UBDUUHX4J",
        "display_as_bot": false,
        "ts": "1534255861.000100"
    },
    {
        "type": "message",
        "user": "UBDUUHX4J",
        "text": "retained에 어마어마하네요",
        "client_msg_id": "0ae10bf8-52f3-4f26-8839-84e133488529",
        "ts": "1534255866.000100"
    },
    {
        "type": "message",
        "user": "UBDUU7X7U",
        "text": "와ㅋㅋㅋㅋㅋㅋ 엄청난 차이ㅋㅋㅋㅋㅋ",
        "client_msg_id": "e0781148-fc51-4e84-b703-0e7a314d8e97",
        "ts": "1534259310.000100"
    },
    {
        "type": "message",
        "user": "UBDUUHX4J",
        "text": "ㅋㅋㅋㅋㅋㅋㅋ그니까 피쳐10개뽑고 시각화좀해보려고햇더니",
        "client_msg_id": "482F8689-F50F-4C4D-90A8-7E5B4926627C",
        "ts": "1534259388.000100"
    },
    {
        "type": "message",
        "user": "UBDUUHX4J",
        "text": "컴이",
        "client_msg_id": "0A97EAFC-9D55-4A89-B14E-FCE20796050D",
        "ts": "1534259390.000100"
    },
    {
        "type": "message",
        "user": "UBDUUHX4J",
        "text": "불같이화를내네....",
        "client_msg_id": "9DDFEF0F-5BEC-4AB2-B0E5-DF2CADA56573",
        "ts": "1534259395.000100"
    },
    {
        "type": "message",
        "user": "UBDUU7X7U",
        "text": "다혜님! 혹시 코드 공유 부탁드려도 될까욥 ㅎ",
        "client_msg_id": "e0de8c38-6faa-422b-b2a1-8467c698abcf",
        "ts": "1534288935.000100"
    },
    {
        "type": "message",
        "user": "UBDUU7X7U",
        "text": "왜 두번가지 ㅜ",
        "client_msg_id": "d276c3cf-a441-43c9-acfd-ae788742cd72",
        "ts": "1534288941.000200"
    },
    {
        "type": "message",
        "user": "UBDUUHX4J",
        "text": "어떤 ㅋ드용~",
        "client_msg_id": "f5fc72d2-cfdc-4d4b-aadf-56f329c143c4",
        "ts": "1534294520.000100"
    },
    {
        "type": "message",
        "user": "UBDUUHX4J",
        "text": "quest_exp\tgame_combat_time\tduel_win\tcnt_enter_inzone_light\tcnt_enter_inzone_skilled\tcnt_enter_raid\tcnt_enter_bam\tcnt_clear_inzone_light\tcnt_clear_inzone_skilled\tcnt_clear_raid\tcnt_clear_bam\tparty_chat",
        "client_msg_id": "ae2bdf7e-f71b-4215-a7b8-4a8e1d113902",
        "ts": "1534294522.000100"
    },
    {
        "type": "message",
        "user": "UBDUUHX4J",
        "text": "저희 RANKING 10 COL 이에요",
        "client_msg_id": "af19e657-9976-4aa8-9de6-089867066291",
        "ts": "1534294535.000100"
    },
    {
        "type": "message",
        "user": "UBE3NCBKP",
        "text": "어 저번이랑 약간 달라진 이유가 wk 를 살려서에용??",
        "client_msg_id": "22320369-8bd8-47a2-9551-4c29fed77280",
        "ts": "1534294585.000100"
    },
    {
        "type": "message",
        "user": "UBDUUHX4J",
        "text": "똑같지 않아요?",
        "client_msg_id": "a649a2b9-7df0-4f2d-8c74-3450029cab40",
        "ts": "1534294596.000200"
    },
    {
        "type": "message",
        "user": "UBDUUHX4J",
        "text": "3개 다 포함 되어있지 ㅇ낳아요?",
        "client_msg_id": "dfffa707-d424-45a0-8a7f-b526a5d19fff",
        "ts": "1534294600.000100"
    },
    {
        "type": "message",
        "user": "UBDUUHX4J",
        "text": "제가 그떄 skilled inzone 이랑 enter raid 랑",
        "client_msg_id": "c8795b83-2119-4216-9a36-82f5b23e8030",
        "ts": "1534294610.000100"
    },
    {
        "type": "message",
        "user": "UBE3NCBKP",
        "text": "아 순위가 아닌 거죵??",
        "client_msg_id": "0fd6a958-3f1b-4dd0-b3ca-11029d118ba3",
        "ts": "1534294611.000100"
    },
    {
        "type": "message",
        "user": "UBDUUHX4J",
        "text": "하나가 기억이",
        "client_msg_id": "543b57eb-0c39-4e9c-b8c4-50ee374eac76",
        "ts": "1534294614.000100"
    },
    {
        "type": "message",
        "user": "UBDUUHX4J",
        "text": "아 네네",
        "client_msg_id": "45de55bb-3372-4344-b1d8-e76c8072a353",
        "ts": "1534294615.000200"
    },
    {
        "type": "message",
        "user": "UBDUUHX4J",
        "text": "익",
        "client_msg_id": "858d491b-3409-4a72-9a81-c6f4a9c8c0bd",
        "ts": "1534294616.000100"
    },
    {
        "type": "message",
        "user": "UBDUUHX4J",
        "text": "1위 10개 있고",
        "client_msg_id": "84690e73-c891-433e-b58d-18b47b922083",
        "ts": "1534294620.000100"
    },
    {
        "type": "message",
        "user": "UBDUUHX4J",
        "text": "2,3 위 또 있어요",
        "client_msg_id": "81fd69d0-cd32-425c-86f9-682cfa93e586",
        "ts": "1534294624.000100"
    },
    {
        "type": "message",
        "user": "UBDUUHX4J",
        "text": "일단 이거하고 컴퓨터 죽어서",
        "client_msg_id": "81a57da0-6778-49c6-b82c-1e7c76415160",
        "ts": "1534294631.000100"
    },
    {
        "type": "message",
        "user": "UBDUUHX4J",
        "text": "오늘 살아성",
        "client_msg_id": "fad03c30-dedc-4c10-86da-93307a35c960",
        "ts": "1534294635.000100"
    },
    {
        "type": "message",
        "user": "UBDUUHX4J",
        "text": "ㅋㅋㅋㅋㅋ개웃굥 ㅠㅠ",
        "client_msg_id": "a0cfb887-7472-40a2-bdd2-badc715fee78",
        "ts": "1534294640.000100"
    },
    {
        "type": "message",
        "user": "UBE3NCBKP",
        "text": "저것만 해도 엄청나네요ㅠㅠㅠㅠㅠ",
        "client_msg_id": "2307d6a8-faac-4c9c-850d-d5fc89f12896",
        "ts": "1534294646.000100"
    },
    {
        "type": "message",
        "user": "UBDUUHX4J",
        "text": "진짜 죽더라구여 ..",
        "client_msg_id": "a057df25-6e02-4129-b674-eb60f4022171",
        "ts": "1534294647.000100"
    },
    {
        "type": "message",
        "user": "UBE3NCBKP",
        "text": "파티챗도 있네요",
        "client_msg_id": "20f75b7d-5176-4eb2-bd35-9863a3eb8ef2",
        "ts": "1534294649.000100"
    },
    {
        "type": "message",
        "user": "UBE3NCBKP",
        "text": "역시...",
        "client_msg_id": "5338dd95-f5e9-432b-aab0-98d2e3296fd5",
        "ts": "1534294653.000100"
    },
    {
        "type": "message",
        "user": "UBDUUHX4J",
        "text": "귀여워",
        "client_msg_id": "b590168b-56eb-4234-b697-13d74ca37399",
        "ts": "1534294653.000400"
    },
    {
        "type": "message",
        "user": "UBE3NCBKP",
        "text": "고인물....",
        "client_msg_id": "d514842b-ed26-4e97-b4a3-9529b87bd495",
        "ts": "1534294654.000100"
    },
    {
        "type": "message",
        "user": "UBDUUHX4J",
        "text": "파티챗",
        "client_msg_id": "f6266251-b61d-40ae-934c-f0528eb41cbd",
        "ts": "1534294654.000200"
    },
    {
        "type": "message",
        "user": "UBDUUHX4J",
        "text": "ㅋㅋㅋㅋㅋㅋ",
        "client_msg_id": "04cd4215-22ac-45b2-83c0-c438dfd3c65a",
        "ts": "1534294656.000100"
    },
    {
        "type": "message",
        "user": "UBE3NCBKP",
        "text": "저도 제가 고여있을 시절에 파티챗 엄청 떠들었어서...",
        "client_msg_id": "4098a6af-0967-49c7-8be5-2bbb420028e9",
        "ts": "1534294671.000100"
    },
    {
        "type": "message",
        "user": "UBDUUHX4J",
        "text": "룰루 지금 시가고하 해보려고여 ㅋㅋㅋㅋ",
        "client_msg_id": "52765b07-33b5-4e52-bebd-429a23fe2e9a",
        "ts": "1534294674.000100"
    },
    {
        "type": "message",
        "user": "UBDUUHX4J",
        "text": "아낙ㅋㅋㅋㅋ",
        "client_msg_id": "6450659a-fdee-48a9-8f76-b4427c3ebfd9",
        "ts": "1534294676.000100"
    },
    {
        "type": "message",
        "user": "UBDUUHX4J",
        "text": "역시 경험 중욯...",
        "client_msg_id": "085d929f-f1ea-4ffc-afc2-b7ac9f2ca66d",
        "ts": "1534294679.000100"
    },
    {
        "type": "message",
        "user": "UBE3NCBKP",
        "text": "ㅋㅋㅋㅋㅋㅋㅋㅋㅋㅋ고인물경험ㅋㅋㅋㅋㅋㅋㅋㅋㅋㅋ",
        "client_msg_id": "5186a11b-346e-4cf3-8094-88c249d459f8",
        "ts": "1534294687.000100"
    },
    {
        "type": "message",
        "user": "UBE3NCBKP",
        "text": "다혜님 하드캐리 감사해용 ㅠㅠㅠㅠ",
        "client_msg_id": "a5b87b5b-d9b4-4310-aafe-67660a79b7dc",
        "ts": "1534294694.000200"
    },
    {
        "type": "message",
        "user": "UBDUUHX4J",
        "text": "으음 아니에요 ...정말",
        "client_msg_id": "4a7d7ebe-959a-41e2-ac1f-b90d22b70384",
        "ts": "1534294864.000200"
    },
    {
        "type": "message",
        "user": "UBDUU7X7U",
        "text": "그거 랭킹 구하신거욥!!",
        "client_msg_id": "9c7598a6-aff8-4d5b-94c5-0d5ee3cda96e",
        "ts": "1534294870.000100"
    },
    {
        "type": "message",
        "user": "UBDUUHX4J",
        "text": "여튼 가빈ㄴ님 오셧네",
        "client_msg_id": "022525cb-2714-4660-b992-fae191574d98",
        "ts": "1534294870.000300"
    },
    {
        "type": "message",
        "user": "UBDUUHX4J",
        "text": "코듭뭐드릴강ㅇ앙",
        "client_msg_id": "5a6a6097-1f19-40b0-b473-08a07006cdc3",
        "ts": "1534294873.000100"
    },
    {
        "type": "message",
        "user": "UBDUUHX4J",
        "text": "ㅇㅋㅇㅋ",
        "client_msg_id": "c4a7ef4b-86c9-4241-ba6e-10c7c40def5c",
        "ts": "1534294874.000200"
    },
    {
        "type": "message",
        "user": "UBDUU7X7U",
        "text": "다혜님 오타 ㅋㅋㅋㅋㅋㅋㅋ",
        "client_msg_id": "9b21dc79-ee9e-4169-87f2-e55699dbe134",
        "ts": "1534294903.000100"
    },
    {
        "type": "message",
        "user": "UBDUUHX4J",
        "text": "from sklearn.feature_selection import RFE\nfrom sklearn.linear_model import LogisticRegression",
        "client_msg_id": "11f9f89c-f4be-4a82-b7bc-a407651f0913",
        "ts": "1534294906.000100"
    },
    {
        "type": "message",
        "user": "UBDUUHX4J",
        "text": "model = LogisticRegression()\nrfe = RFE(model, 10)\nfit = rfe.fit(act_label, label)",
        "client_msg_id": "7b30eeb2-8502-424f-bae0-cd61f2dc9730",
        "ts": "1534294909.000200"
    },
    {
        "type": "message",
        "user": "UBDUUHX4J",
        "text": "fit.ranking_",
        "client_msg_id": "3db5bd0a-06a0-40bb-bc82-3ddc705dcc5c",
        "ts": "1534294917.000200"
    },
    {
        "type": "message",
        "user": "UBDUUHX4J",
        "text": "입니다!",
        "client_msg_id": "5cdfbf59-96c7-4668-81ea-8cabba33554f",
        "ts": "1534294919.000100"
    },
    {
        "type": "message",
        "user": "UBDUU7X7U",
        "text": "그럼 저는 오늘 유저 주차별 패턴? 뽑아볼게유 ㅠㅠ",
        "client_msg_id": "7f0d6cb2-6cf0-458b-842e-5b6202621844",
        "ts": "1534294925.000100"
    },
    {
        "type": "message",
        "user": "UBDUUHX4J",
        "text": "근데 저기서",
        "client_msg_id": "d1fb1f58-b67e-45a6-8c54-0e26a467e500",
        "ts": "1534294928.000200"
    },
    {
        "type": "message",
        "user": "UBDUU7X7U",
        "text": "잘 될지는 모르겠,,",
        "client_msg_id": "6e1b16e7-ed6c-4901-80ec-32b4545ba343",
        "ts": "1534294931.000100"
    },
    {
        "type": "message",
        "user": "UBDUU7X7U",
        "text": "감사합니닷",
        "client_msg_id": "0e3bc66f-0422-42a3-979d-d03431731f49",
        "ts": "1534294934.000100"
    },
    {
        "type": "message",
        "user": "UBDUUHX4J",
        "text": "결과가 이제 col 마다 랭킹이",
        "client_msg_id": "c383da34-b128-49a1-8706-b32585891fdb",
        "ts": "1534294936.000100"
    },
    {
        "type": "message",
        "user": "UBDUUHX4J",
        "text": "나오거든요 ?",
        "client_msg_id": "e2bc069b-672c-425d-b7fa-5cd4625a6f83",
        "ts": "1534294938.000100"
    },
    {
        "type": "message",
        "user": "UBDUUHX4J",
        "text": "array([22, 13, 11, 10,  1,  6, 20,  2,  7, 25,  3, 12, 14, 15,  1,  1,  5,\n        1,  9,  1, 26,  1,  1,  4,  1, 19,  1, 27, 23, 18,  1, 21, 16, 24,\n       17, 28,  8])",
        "client_msg_id": "a6fa61bd-c6c1-46e9-ab51-76e7213763c3",
        "ts": "1534294944.000100"
    },
    {
        "type": "message",
        "user": "UBDUUHX4J",
        "text": "이런식으로",
        "client_msg_id": "73d86fab-510a-4672-a3e9-40c5d7715adc",
        "ts": "1534294945.000300"
    },
    {
        "type": "message",
        "user": "UBDUUHX4J",
        "text": "전 일일이 셋어요 ㅎㅎ",
        "client_msg_id": "455ccc50-1cd3-4e17-9cdb-18b5facb1783",
        "ts": "1534294948.000100"
    },
    {
        "type": "message",
        "user": "UBDUU7X7U",
        "text": "읭",
        "client_msg_id": "d825b1dc-e618-4110-8d27-bbcfe7bad810",
        "ts": "1534294950.000100"
    },
    {
        "type": "message",
        "user": "UBDUUHX4J",
        "text": "해결법 아시면 해결점~",
        "client_msg_id": "e8bec816-ad4a-4fad-83a1-f4ca2d0f7570",
        "ts": "1534294951.000100"
    },
    {
        "type": "message",
        "user": "UBDUU7X7U",
        "text": "아아아 ㅋㅋㅋㅋㅋㅋㅋㅋ",
        "client_msg_id": "2e5a3f0a-d720-48b0-8330-abf242b65645",
        "ts": "1534294957.000100"
    },
    {
        "type": "message",
        "user": "UBDUUHX4J",
        "text": "넵넵",
        "client_msg_id": "bb05e9c9-970b-4cce-951e-f6630c499795",
        "ts": "1534294960.000200"
    },
    {
        "type": "message",
        "user": "UBDUUHX4J",
        "text": "ㅎㅎ",
        "client_msg_id": "458a3600-4259-4fe1-9148-ef2a722e42ad",
        "ts": "1534294961.000100"
    },
    {
        "type": "message",
        "user": "UBDUU7X7U",
        "text": "좀 노가다구나...",
        "client_msg_id": "9d9b1497-a061-4e71-b5d1-7d2ad918a849",
        "ts": "1534294962.000100"
    },
    {
        "type": "message",
        "user": "UBDUUHX4J",
        "text": "얍얍~~",
        "client_msg_id": "6f235cce-0d50-4eb6-a18a-656b569bc42d",
        "ts": "1534294968.000100"
    },
    {
        "type": "message",
        "user": "UBDUU7X7U",
        "text": "돌려보고 알게되면 공유해드림!",
        "client_msg_id": "fa0a4c1e-0646-4d41-a152-7f1200168a36",
        "ts": "1534294974.000100"
    },
    {
        "type": "message",
        "user": "UBDUUHX4J",
        "text": "ㅋㅋㅋㅋㅋㅋㅋ 약간 조 프로젝트",
        "client_msg_id": "550514bd-7069-49a4-8990-8f9493887bf7",
        "ts": "1534294975.000100"
    },
    {
        "type": "message",
        "user": "UBDUUHX4J",
        "text": "소홀해 진 것같다 .. 다시 조프로젝트로..",
        "client_msg_id": "f642fd10-3234-4ef1-984b-23f36c1230c5",
        "ts": "1534294985.000100"
    },
    {
        "type": "message",
        "user": "UBDUUHX4J",
        "text": "cnn 개어렵던데여 ?",
        "client_msg_id": "c0c77ddc-e9df-4551-b235-eb323386ad70",
        "ts": "1534294991.000200"
    },
    {
        "type": "message",
        "user": "UBDUUHX4J",
        "text": "미친 합성곱을 내가 왜",
        "client_msg_id": "3f3d7be3-d3e0-4fde-a3c8-3ecd2744e33b",
        "ts": "1534294996.000200"
    },
    {
        "type": "message",
        "user": "UBDUUHX4J",
        "text": "...",
        "client_msg_id": "9996971e-2b16-44f6-b8a0-ce36c468d1ef",
        "ts": "1534294999.000100"
    },
    {
        "type": "message",
        "user": "UBDUU7X7U",
        "text": "저도 뭔지 모르고 걍 했어여 진짜",
        "client_msg_id": "7ea1e55a-e149-4980-80a4-bdd01aa87372",
        "ts": "1534295133.000100"
    },
    {
        "type": "message",
        "user": "UBDUU7X7U",
        "text": "그거 원리 하나하나 알고하면 미쳐요...",
        "client_msg_id": "8cb4c4ab-64f4-4c34-9407-bb05c21bca8c",
        "ts": "1534295140.000100"
    },
    {
        "type": "message",
        "user": "UBDUUHX4J",
        "text": "음 그정도는 아니지만 cross correlation이랑 convolution이 비슷한듯 다르다는데",
        "client_msg_id": "7d5fbc8a-7665-4177-8139-b1bfb2287dd9",
        "ts": "1534295182.000100"
    },
    {
        "type": "message",
        "user": "UBDUUHX4J",
        "text": "그걸 몰라..",
        "client_msg_id": "2fe1cc14-33e3-47ff-aaaf-86fc9167bbed",
        "ts": "1534295191.000200"
    },
    {
        "type": "message",
        "user": "UBDUUHX4J",
        "text": "오늘 스터디가서 물어볼게 있을까요",
        "client_msg_id": "a7901945-9802-48dd-b0d2-c9673d31786b",
        "ts": "1534295199.000100"
    },
    {
        "type": "message",
        "user": "UBDUUHX4J",
        "text": "혹시",
        "client_msg_id": "5d8f0258-0c6c-474c-af39-44c6226df192",
        "ts": "1534295200.000200"
    },
    {
        "type": "message",
        "user": "UBDUUHX4J",
        "text": "거기 좀 잘하는 오바들 많아서",
        "client_msg_id": "29f838bc-6fc4-485c-9e51-b2324cf74e6a",
        "ts": "1534295206.000100"
    },
    {
        "type": "message",
        "user": "UBDUUHX4J",
        "text": "제가 저 10개 열의 pairplot",
        "client_msg_id": "c36ac008-2885-4b35-9692-e215b01866ad",
        "ts": "1534296733.000200"
    },
    {
        "type": "message",
        "user": "UBDUUHX4J",
        "text": "그러니까, 열간의 회귀 정도?",
        "client_msg_id": "b072adcb-5ddb-428e-99ad-becdc40e1ed7",
        "ts": "1534296742.000200"
    },
    {
        "type": "message",
        "user": "UBDUUHX4J",
        "text": "를 찍어 봤는데",
        "client_msg_id": "56e4b6cc-aa1e-4c40-9b79-662f85c252f4",
        "ts": "1534296747.000100"
    },
    {
        "type": "message",
        "user": "UBDUUHX4J",
        "text": "회귀정도가 아니라 상관관계겠다",
        "client_msg_id": "90c5cb3b-cbc7-45cc-ba41-ae5276d1acd4",
        "ts": "1534296759.000200"
    },
    {
        "type": "message",
        "user": "UBDUUHX4J",
        "text": "근데 대부분 양의 관계를 보이네요",
        "client_msg_id": "850bba1c-3918-4275-9268-fa4b55b162a0",
        "ts": "1534296794.000100"
    },
    {
        "type": "message",
        "user": "UBDUUHX4J",
        "text": "아니면 꾸준히 증가하거나",
        "client_msg_id": "279ba621-0050-4eab-acc9-0ebed91f4b55",
        "ts": "1534296798.000100"
    },
    {
        "type": "message",
        "user": "UBDUUHX4J",
        "text": "혹시 이거 결과 파일로 저장하시는 법 아세요 ?",
        "client_msg_id": "09d5ceb1-f74f-472d-b434-33c9747c2f61",
        "ts": "1534296807.000100"
    },
    {
        "type": "message",
        "user": "UBDUVKQAE",
        "text": "소스 있을텐데!!!",
        "client_msg_id": "1cacf294-9b35-4399-8a77-1b7233bb82a9",
        "ts": "1534298698.000100"
    },
    {
        "type": "message",
        "user": "UBDUVKQAE",
        "text": "제 소스 참고하세염",
        "client_msg_id": "f4fe0fd4-da1c-4029-9742-8b01dc29617b",
        "ts": "1534298711.000100"
    },
    {
        "type": "message",
        "user": "UBDUUHX4J",
        "text": "지은님 깃헙",
        "client_msg_id": "afa6bfb7-736f-46e3-b3bf-ee9ecaaa827f",
        "ts": "1534299827.000100"
    },
    {
        "type": "message",
        "user": "UBDUUHX4J",
        "text": "가서",
        "client_msg_id": "97785fa8-a97d-4f10-9001-5b6ab60f6f9b",
        "ts": "1534299828.000100"
    },
    {
        "type": "message",
        "user": "UBDUUHX4J",
        "text": "찾으면되는거 맞졍",
        "client_msg_id": "c5e0758b-4ba2-40ef-b10b-6b7f0c89060e",
        "ts": "1534299835.000100"
    },
    {
        "type": "message",
        "user": "UBDUVKQAE",
        "text": "네넹!",
        "client_msg_id": "7c7fedd3-e0a0-4f55-b20c-f8e73bff836c",
        "ts": "1534301017.000100"
    },
    {
        "type": "message",
        "user": "UBDUVKQAE",
        "text": "어 제가 contributor로 BIG-contest라는 레파지토릴",
        "client_msg_id": "799f70e0-af2e-46e7-8ccd-f8855aea6b9e",
        "ts": "1534301031.000100"
    },
    {
        "type": "message",
        "user": "UBDUVKQAE",
        "text": "에 등록해뒀어요",
        "client_msg_id": "9f2f80b6-27cb-4bd3-b793-99abe4818186",
        "ts": "1534301053.000100"
    },
    {
        "type": "message",
        "user": "UBDUVKQAE",
        "text": "거기에 csv 파일로 import 하는 파일 ㅇㅆ어요",
        "client_msg_id": "74ff909f-bc3c-46d2-9e63-4535f06a834a",
        "ts": "1534301535.000100"
    },
    {
        "type": "message",
        "user": "UBDUUHX4J",
        "text": "아아니 그 시각화한거요!",
        "client_msg_id": "66ACDC61-C5C7-41C0-91B1-93EF276A9085",
        "ts": "1534303920.000100"
    },
    {
        "type": "message",
        "user": "UBDUUHX4J",
        "text": "찾앗어요 ㅎㅎㅎ",
        "client_msg_id": "C6F3EC68-E479-4360-AE44-C9AB615950EB",
        "ts": "1534303922.000100"
    }
]