[
    {
        "type": "message",
        "user": "UBN0T9AG1",
        "text": "",
        "bot_id": "BBNDHKJQ3",
        "attachments": [
            {
                "author_name": "YoungestSalon",
                "fallback": "[dataitgirls2\/TWL] #396 20180727 TWL by YoungestSalon",
                "pretext": "Pull request opened by YoungestSalon",
                "title": "#396 20180727 TWL by YoungestSalon",
                "footer": "<https:\/\/github.com\/dataitgirls2\/TWL|dataitgirls2\/TWL>",
                "id": 1,
                "title_link": "https:\/\/github.com\/dataitgirls2\/TWL\/pull\/396",
                "author_link": "https:\/\/github.com\/YoungestSalon",
                "author_icon": "https:\/\/avatars3.githubusercontent.com\/u\/39959286?v=4",
                "footer_icon": "https:\/\/assets-cdn.github.com\/favicon.ico",
                "ts": 1532680032,
                "color": "36a64f",
                "mrkdwn_in": [
                    "text"
                ]
            }
        ],
        "ts": "1532680034.000254"
    },
    {
        "type": "message",
        "user": "UBN0T9AG1",
        "text": "",
        "bot_id": "BBNDHKJQ3",
        "attachments": [
            {
                "fallback": "[dataitgirls2\/TWL] #396 20180727 TWL by YoungestSalon",
                "pretext": "Pull request merged by YoungestSalon",
                "title": "#396 20180727 TWL by YoungestSalon",
                "footer": "<https:\/\/github.com\/dataitgirls2\/TWL|dataitgirls2\/TWL>",
                "id": 1,
                "title_link": "https:\/\/github.com\/dataitgirls2\/TWL\/pull\/396",
                "footer_icon": "https:\/\/assets-cdn.github.com\/favicon.ico",
                "ts": 1532680032,
                "color": "6f42c1",
                "mrkdwn_in": [
                    "text"
                ]
            }
        ],
        "ts": "1532680041.000052"
    },
    {
        "type": "message",
        "user": "UBN0T9AG1",
        "text": "",
        "bot_id": "BBNDHKJQ3",
        "attachments": [
            {
                "author_name": "YoungestSalon",
                "fallback": "[dataitgirls2\/TWL] <https:\/\/github.com\/dataitgirls2\/TWL\/compare\/36a1059beaa8...fc4847c5a38a|3 new commits> pushed to <https:\/\/github.com\/dataitgirls2\/TWL\/tree\/master|`master`>",
                "text": "*<https:\/\/github.com\/dataitgirls2\/TWL\/compare\/36a1059beaa8...fc4847c5a38a|3 new commits> pushed to <https:\/\/github.com\/dataitgirls2\/TWL\/tree\/master|`master`>*\n<https:\/\/github.com\/dataitgirls2\/TWL\/commit\/4cdb104afec920c7941b8851867ed3264aac2912|`4cdb104a`> - Add files via upload\n<https:\/\/github.com\/dataitgirls2\/TWL\/commit\/6013b8ec9ccf1f296883977f1318413a8a53ae88|`6013b8ec`> - Rename 20180727.md to 20180727_MachineLearning.md\n<https:\/\/github.com\/dataitgirls2\/TWL\/commit\/fc4847c5a38a2c59cd2ba6da33cbf5707526633f|`fc4847c5`> - Merge pull request #396 from YoungestSalon\/master",
                "footer": "<https:\/\/github.com\/dataitgirls2\/TWL|dataitgirls2\/TWL>",
                "id": 1,
                "author_link": "https:\/\/github.com\/YoungestSalon",
                "author_icon": "https:\/\/avatars3.githubusercontent.com\/u\/39959286?v=4",
                "footer_icon": "https:\/\/assets-cdn.github.com\/favicon.ico",
                "color": "24292f",
                "mrkdwn_in": [
                    "text"
                ]
            }
        ],
        "ts": "1532680041.000158"
    },
    {
        "type": "message",
        "user": "UBN0T9AG1",
        "text": "",
        "bot_id": "BBNDHKJQ3",
        "attachments": [
            {
                "fallback": "[dataitgirls2\/10minutes2pandas] Issue closed by YoungestSalon",
                "pretext": "Issue closed by YoungestSalon",
                "title": "#51 180723_A조 가드닝",
                "footer": "<https:\/\/github.com\/dataitgirls2\/10minutes2pandas|dataitgirls2\/10minutes2pandas>",
                "id": 1,
                "title_link": "https:\/\/github.com\/dataitgirls2\/10minutes2pandas\/issues\/51",
                "footer_icon": "https:\/\/assets-cdn.github.com\/favicon.ico",
                "ts": 1532333362,
                "color": "cb2431",
                "mrkdwn_in": [
                    "text"
                ]
            }
        ],
        "ts": "1532680673.000178"
    },
    {
        "type": "message",
        "user": "UBN0T9AG1",
        "text": "",
        "bot_id": "BBNDHKJQ3",
        "attachments": [
            {
                "author_name": "YoungestSalon",
                "fallback": "[dataitgirls2\/10minutes2pandas] Issue opened by YoungestSalon",
                "text": "10 Minutes to Pandas H조 가드닝 이슈입니다 :smile:\n\n☐ 참고 자료 추가 (Vimeo 영상, Cheat Sheet 등 \/ 예정)\n☐ Readme.md 파일 생성 (데잇걸즈 Copyright 기재 등 \/ 예정)",
                "pretext": "Issue opened by YoungestSalon",
                "title": "#52 180726_H조 가드닝",
                "footer": "<https:\/\/github.com\/dataitgirls2\/10minutes2pandas|dataitgirls2\/10minutes2pandas>",
                "id": 1,
                "title_link": "https:\/\/github.com\/dataitgirls2\/10minutes2pandas\/issues\/52",
                "author_link": "https:\/\/github.com\/YoungestSalon",
                "author_icon": "https:\/\/avatars3.githubusercontent.com\/u\/39959286?v=4",
                "footer_icon": "https:\/\/assets-cdn.github.com\/favicon.ico",
                "ts": 1532681022,
                "color": "36a64f",
                "fields": [
                    {
                        "title": "Assignees",
                        "value": "oranjieunk, seoyeongsong, HeeYoungK",
                        "short": true
                    }
                ],
                "mrkdwn_in": [
                    "text"
                ]
            }
        ],
        "ts": "1532681024.000006",
        "reactions": [
            {
                "name": "100",
                "users": [
                    "U9SN17L0M"
                ],
                "count": 1
            },
            {
                "name": "blue_heart",
                "users": [
                    "U9SN17L0M"
                ],
                "count": 1
            },
            {
                "name": "star-struck",
                "users": [
                    "U9SN17L0M"
                ],
                "count": 1
            }
        ]
    },
    {
        "type": "message",
        "user": "UBN0T9AG1",
        "text": "",
        "bot_id": "BBNDHKJQ3",
        "attachments": [
            {
                "author_name": "honeybeat1",
                "fallback": "[dataitgirls2\/TWL] #397 20180727_commit",
                "text": "Machine Learning <https:\/\/github.com\/dataitgirls2\/TWL\/pull\/1|#1>",
                "pretext": "Pull request opened by honeybeat1",
                "title": "#397 20180727_commit",
                "footer": "<https:\/\/github.com\/dataitgirls2\/TWL|dataitgirls2\/TWL>",
                "id": 1,
                "title_link": "https:\/\/github.com\/dataitgirls2\/TWL\/pull\/397",
                "author_link": "https:\/\/github.com\/honeybeat1",
                "author_icon": "https:\/\/avatars0.githubusercontent.com\/u\/40647396?v=4",
                "footer_icon": "https:\/\/assets-cdn.github.com\/favicon.ico",
                "ts": 1532697533,
                "color": "36a64f",
                "mrkdwn_in": [
                    "text"
                ]
            }
        ],
        "ts": "1532697536.000092"
    },
    {
        "type": "message",
        "user": "UBN0T9AG1",
        "text": "",
        "bot_id": "BBNDHKJQ3",
        "attachments": [
            {
                "fallback": "[dataitgirls2\/TWL] #397 20180727_commit",
                "pretext": "Pull request merged by honeybeat1",
                "title": "#397 20180727_commit",
                "footer": "<https:\/\/github.com\/dataitgirls2\/TWL|dataitgirls2\/TWL>",
                "id": 1,
                "title_link": "https:\/\/github.com\/dataitgirls2\/TWL\/pull\/397",
                "footer_icon": "https:\/\/assets-cdn.github.com\/favicon.ico",
                "ts": 1532697533,
                "color": "6f42c1",
                "mrkdwn_in": [
                    "text"
                ]
            }
        ],
        "ts": "1532697545.000117"
    },
    {
        "type": "message",
        "user": "UBN0T9AG1",
        "text": "",
        "bot_id": "BBNDHKJQ3",
        "attachments": [
            {
                "author_name": "honeybeat1",
                "fallback": "[dataitgirls2\/TWL] <https:\/\/github.com\/dataitgirls2\/TWL\/compare\/fc4847c5a38a...c64def58099d|8 new commits> pushed to <https:\/\/github.com\/dataitgirls2\/TWL\/tree\/master|`master`>",
                "text": "*<https:\/\/github.com\/dataitgirls2\/TWL\/compare\/fc4847c5a38a...c64def58099d|8 new commits> pushed to <https:\/\/github.com\/dataitgirls2\/TWL\/tree\/master|`master`>*\n<https:\/\/github.com\/dataitgirls2\/TWL\/commit\/a1d084f861154a9e3c3faebeabc0989a5ad498fb|`a1d084f8`> - Uploaded by <https:\/\/stackedit.io\/>\n<https:\/\/github.com\/dataitgirls2\/TWL\/commit\/ea35a99123e9304e34fd71f15c76c6e3866df973|`ea35a991`> - Update and rename 180724_정규표현식 기초.md to 20180724_정규표현식 기초.md\n<https:\/\/github.com\/dataitgirls2\/TWL\/commit\/e307aef91f6bd6eeac3bb0adbb5f0ccf27818831|`e307aef9`> - Rename 20180628_statistics.md to 20180628_github작성하기.md\n<https:\/\/github.com\/dataitgirls2\/TWL\/commit\/5f7f1ff1b8d8266e25897c27895237c2ec83e411|`5f7f1ff1`> - Rename 20180629_honeybeat1.md to 20180629_git사용방법.md\n<https:\/\/github.com\/dataitgirls2\/TWL\/commit\/7beee2d167f681d52ebcb7a5efd0d6a37ed5a349|`7beee2d1`> - Update and rename 20180702_honeybeat1.md to 20180702_프로그래밍기초.md\n<https:\/\/github.com\/dataitgirls2\/TWL\/commit\/29e6a9c48624d7f8a83e7778bb5c23d6c544bb62|`29e6a9c4`> - Update and rename 20180703_honeybeat1.md to 20180703_파이썬기초.md\n<https:\/\/github.com\/dataitgirls2\/TWL\/commit\/36a976988e06f3d03354ba396199783d90779e02|`36a97698`> - Uploaded by <https:\/\/stackedit.io\/>\n<https:\/\/github.com\/dataitgirls2\/TWL\/commit\/c64def58099d4c1f3ac94495e9b79165e4f9b930|`c64def58`> - Merge pull request #397 from honeybeat1\/master",
                "footer": "<https:\/\/github.com\/dataitgirls2\/TWL|dataitgirls2\/TWL>",
                "id": 1,
                "author_link": "https:\/\/github.com\/honeybeat1",
                "author_icon": "https:\/\/avatars0.githubusercontent.com\/u\/40647396?v=4",
                "footer_icon": "https:\/\/assets-cdn.github.com\/favicon.ico",
                "color": "24292f",
                "mrkdwn_in": [
                    "text"
                ]
            }
        ],
        "ts": "1532697545.000235"
    },
    {
        "type": "message",
        "user": "UBN0T9AG1",
        "text": "",
        "bot_id": "BBNDHKJQ3",
        "attachments": [
            {
                "author_name": "Dalbongjooin",
                "fallback": "[dataitgirls2\/tutorial] #23 20180726_library",
                "text": "제일 위쪽에 콜랩을 여시면 댓글로 달아 놓았습니다  \n콜랩으로 봐주세요",
                "pretext": "Pull request opened by Dalbongjooin",
                "title": "#23 20180726_library",
                "footer": "<https:\/\/github.com\/dataitgirls2\/tutorial|dataitgirls2\/tutorial>",
                "id": 1,
                "title_link": "https:\/\/github.com\/dataitgirls2\/tutorial\/pull\/23",
                "author_link": "https:\/\/github.com\/Dalbongjooin",
                "author_icon": "https:\/\/avatars2.githubusercontent.com\/u\/39826978?v=4",
                "footer_icon": "https:\/\/assets-cdn.github.com\/favicon.ico",
                "ts": 1532698561,
                "color": "36a64f",
                "mrkdwn_in": [
                    "text"
                ]
            }
        ],
        "ts": "1532698563.000019"
    },
    {
        "type": "message",
        "user": "UBN0T9AG1",
        "text": "",
        "bot_id": "BBNDHKJQ3",
        "attachments": [
            {
                "fallback": "[dataitgirls2\/tutorial] #23 20180726_library",
                "pretext": "Pull request merged by Dalbongjooin",
                "title": "#23 20180726_library",
                "footer": "<https:\/\/github.com\/dataitgirls2\/tutorial|dataitgirls2\/tutorial>",
                "id": 1,
                "title_link": "https:\/\/github.com\/dataitgirls2\/tutorial\/pull\/23",
                "footer_icon": "https:\/\/assets-cdn.github.com\/favicon.ico",
                "ts": 1532698561,
                "color": "6f42c1",
                "mrkdwn_in": [
                    "text"
                ]
            }
        ],
        "ts": "1532698676.000143"
    },
    {
        "type": "message",
        "user": "UBN0T9AG1",
        "text": "",
        "bot_id": "BBNDHKJQ3",
        "attachments": [
            {
                "author_name": "Dalbongjooin",
                "fallback": "[dataitgirls2\/tutorial] <https:\/\/github.com\/dataitgirls2\/tutorial\/compare\/92ed8c7730be...5468cf6bb719|3 new commits> pushed to <https:\/\/github.com\/dataitgirls2\/tutorial\/tree\/master|`master`>",
                "text": "*<https:\/\/github.com\/dataitgirls2\/tutorial\/compare\/92ed8c7730be...5468cf6bb719|3 new commits> pushed to <https:\/\/github.com\/dataitgirls2\/tutorial\/tree\/master|`master`>*\n<https:\/\/github.com\/dataitgirls2\/tutorial\/commit\/7dc96a552335837058d21e1d2f2298c44cfb3305|`7dc96a55`> - Colaboratory를 통해 생성됨\n<https:\/\/github.com\/dataitgirls2\/tutorial\/commit\/b30b7a19eb4620fe27e5db0d376a25940cfdf8d5|`b30b7a19`> - Rename 20180726_library.ipynb to Tutorial_20180726_library.ipynb\n<https:\/\/github.com\/dataitgirls2\/tutorial\/commit\/5468cf6bb7191fde5fb6830c32bcaaf03c4b8263|`5468cf6b`> - Merge pull request #23 from Dalbongjooin\/master",
                "footer": "<https:\/\/github.com\/dataitgirls2\/tutorial|dataitgirls2\/tutorial>",
                "id": 1,
                "author_link": "https:\/\/github.com\/Dalbongjooin",
                "author_icon": "https:\/\/avatars2.githubusercontent.com\/u\/39826978?v=4",
                "footer_icon": "https:\/\/assets-cdn.github.com\/favicon.ico",
                "color": "24292f",
                "mrkdwn_in": [
                    "text"
                ]
            }
        ],
        "ts": "1532698676.000336"
    },
    {
        "type": "message",
        "user": "UBN0T9AG1",
        "text": "",
        "bot_id": "BBNDHKJQ3",
        "attachments": [
            {
                "author_name": "Yoonkimove",
                "fallback": "[dataitgirls2\/TWL] #398 20180727 Git&amp;MLPractice",
                "pretext": "Pull request opened by Yoonkimove",
                "title": "#398 20180727 Git&amp;MLPractice",
                "footer": "<https:\/\/github.com\/dataitgirls2\/TWL|dataitgirls2\/TWL>",
                "id": 1,
                "title_link": "https:\/\/github.com\/dataitgirls2\/TWL\/pull\/398",
                "author_link": "https:\/\/github.com\/Yoonkimove",
                "author_icon": "https:\/\/avatars3.githubusercontent.com\/u\/39266586?v=4",
                "footer_icon": "https:\/\/assets-cdn.github.com\/favicon.ico",
                "ts": 1532699421,
                "color": "36a64f",
                "mrkdwn_in": [
                    "text"
                ]
            }
        ],
        "ts": "1532699424.000029"
    },
    {
        "type": "message",
        "user": "UBN0T9AG1",
        "text": "",
        "bot_id": "BBNDHKJQ3",
        "attachments": [
            {
                "fallback": "[dataitgirls2\/TWL] #398 20180727 Git&amp;MLPractice",
                "pretext": "Pull request merged by Yoonkimove",
                "title": "#398 20180727 Git&amp;MLPractice",
                "footer": "<https:\/\/github.com\/dataitgirls2\/TWL|dataitgirls2\/TWL>",
                "id": 1,
                "title_link": "https:\/\/github.com\/dataitgirls2\/TWL\/pull\/398",
                "footer_icon": "https:\/\/assets-cdn.github.com\/favicon.ico",
                "ts": 1532699421,
                "color": "6f42c1",
                "mrkdwn_in": [
                    "text"
                ]
            }
        ],
        "ts": "1532699452.000305"
    },
    {
        "type": "message",
        "user": "UBN0T9AG1",
        "text": "",
        "bot_id": "BBNDHKJQ3",
        "attachments": [
            {
                "author_name": "Yoonkimove",
                "fallback": "[dataitgirls2\/TWL] <https:\/\/github.com\/dataitgirls2\/TWL\/compare\/c64def58099d...937c518c461a|2 new commits> pushed to <https:\/\/github.com\/dataitgirls2\/TWL\/tree\/master|`master`>",
                "text": "*<https:\/\/github.com\/dataitgirls2\/TWL\/compare\/c64def58099d...937c518c461a|2 new commits> pushed to <https:\/\/github.com\/dataitgirls2\/TWL\/tree\/master|`master`>*\n<https:\/\/github.com\/dataitgirls2\/TWL\/commit\/49d878901861dbd3638f1acb4ecf5fb8eb4105e2|`49d87890`> - 20180727 Git&amp;MLPractice\n<https:\/\/github.com\/dataitgirls2\/TWL\/commit\/937c518c461afb0cfc00281c36761d20eeab155f|`937c518c`> - Merge pull request #398 from Yoonkimove\/master",
                "footer": "<https:\/\/github.com\/dataitgirls2\/TWL|dataitgirls2\/TWL>",
                "id": 1,
                "author_link": "https:\/\/github.com\/Yoonkimove",
                "author_icon": "https:\/\/avatars3.githubusercontent.com\/u\/39266586?v=4",
                "footer_icon": "https:\/\/assets-cdn.github.com\/favicon.ico",
                "color": "24292f",
                "mrkdwn_in": [
                    "text"
                ]
            }
        ],
        "ts": "1532699452.000437"
    },
    {
        "type": "message",
        "user": "UBN0T9AG1",
        "text": "",
        "bot_id": "BBNDHKJQ3",
        "attachments": [
            {
                "author_name": "pje1740",
                "fallback": "[dataitgirls2\/TWL] #399 20180727 update",
                "text": "20180727 update",
                "pretext": "Pull request opened by pje1740",
                "title": "#399 20180727 update",
                "footer": "<https:\/\/github.com\/dataitgirls2\/TWL|dataitgirls2\/TWL>",
                "id": 1,
                "title_link": "https:\/\/github.com\/dataitgirls2\/TWL\/pull\/399",
                "author_link": "https:\/\/github.com\/pje1740",
                "author_icon": "https:\/\/avatars1.githubusercontent.com\/u\/38778829?v=4",
                "footer_icon": "https:\/\/assets-cdn.github.com\/favicon.ico",
                "ts": 1532702763,
                "color": "36a64f",
                "mrkdwn_in": [
                    "text"
                ]
            }
        ],
        "ts": "1532702766.000146"
    },
    {
        "type": "message",
        "user": "UBN0T9AG1",
        "text": "",
        "bot_id": "BBNDHKJQ3",
        "attachments": [
            {
                "fallback": "[dataitgirls2\/TWL] #399 20180727 update",
                "pretext": "Pull request merged by pje1740",
                "title": "#399 20180727 update",
                "footer": "<https:\/\/github.com\/dataitgirls2\/TWL|dataitgirls2\/TWL>",
                "id": 1,
                "title_link": "https:\/\/github.com\/dataitgirls2\/TWL\/pull\/399",
                "footer_icon": "https:\/\/assets-cdn.github.com\/favicon.ico",
                "ts": 1532702763,
                "color": "6f42c1",
                "mrkdwn_in": [
                    "text"
                ]
            }
        ],
        "ts": "1532702775.000142"
    },
    {
        "type": "message",
        "user": "UBN0T9AG1",
        "text": "",
        "bot_id": "BBNDHKJQ3",
        "attachments": [
            {
                "author_name": "pje1740",
                "fallback": "[dataitgirls2\/TWL] <https:\/\/github.com\/dataitgirls2\/TWL\/compare\/937c518c461a...636cff1f827d|2 new commits> pushed to <https:\/\/github.com\/dataitgirls2\/TWL\/tree\/master|`master`>",
                "text": "*<https:\/\/github.com\/dataitgirls2\/TWL\/compare\/937c518c461a...636cff1f827d|2 new commits> pushed to <https:\/\/github.com\/dataitgirls2\/TWL\/tree\/master|`master`>*\n<https:\/\/github.com\/dataitgirls2\/TWL\/commit\/1235772673efaf74b535d86fad4401082c16d5a5|`12357726`> - 20180727 update\n<https:\/\/github.com\/dataitgirls2\/TWL\/commit\/636cff1f827d3a72d06482e3eea387abdf9ca667|`636cff1f`> - Merge pull request #399 from pje1740\/master",
                "footer": "<https:\/\/github.com\/dataitgirls2\/TWL|dataitgirls2\/TWL>",
                "id": 1,
                "author_link": "https:\/\/github.com\/pje1740",
                "author_icon": "https:\/\/avatars1.githubusercontent.com\/u\/38778829?v=4",
                "footer_icon": "https:\/\/assets-cdn.github.com\/favicon.ico",
                "color": "24292f",
                "mrkdwn_in": [
                    "text"
                ]
            }
        ],
        "ts": "1532702775.000168"
    },
    {
        "type": "message",
        "user": "UBN0T9AG1",
        "text": "",
        "bot_id": "BBNDHKJQ3",
        "attachments": [
            {
                "author_name": "snakefeet42",
                "fallback": "[dataitgirls2\/tutorial] <https:\/\/github.com\/dataitgirls2\/tutorial\/compare\/5468cf6bb719...12e3f7986fe4|1 new commit> pushed to <https:\/\/github.com\/dataitgirls2\/tutorial\/tree\/master|`master`>",
                "text": "*<https:\/\/github.com\/dataitgirls2\/tutorial\/compare\/5468cf6bb719...12e3f7986fe4|1 new commit> pushed to <https:\/\/github.com\/dataitgirls2\/tutorial\/tree\/master|`master`>*\n<https:\/\/github.com\/dataitgirls2\/tutorial\/commit\/12e3f7986fe4821d87fb9829f32e2199a013561c|`12e3f798`> - Update Tutorial_180719_ BeautifulSoup.md",
                "footer": "<https:\/\/github.com\/dataitgirls2\/tutorial|dataitgirls2\/tutorial>",
                "id": 1,
                "author_link": "https:\/\/github.com\/snakefeet42",
                "author_icon": "https:\/\/avatars2.githubusercontent.com\/u\/40568860?v=4",
                "footer_icon": "https:\/\/assets-cdn.github.com\/favicon.ico",
                "color": "24292f",
                "mrkdwn_in": [
                    "text"
                ]
            }
        ],
        "ts": "1532703603.000309"
    },
    {
        "type": "message",
        "user": "UBN0T9AG1",
        "text": "",
        "bot_id": "BBNDHKJQ3",
        "attachments": [
            {
                "author_name": "jyw7664",
                "fallback": "[dataitgirls2\/TWL] #400 20180727_기계학습&amp;통계",
                "text": "20180727_기계학습&amp;통계 TWL 풀리퀘",
                "pretext": "Pull request opened by jyw7664",
                "title": "#400 20180727_기계학습&amp;통계",
                "footer": "<https:\/\/github.com\/dataitgirls2\/TWL|dataitgirls2\/TWL>",
                "id": 1,
                "title_link": "https:\/\/github.com\/dataitgirls2\/TWL\/pull\/400",
                "author_link": "https:\/\/github.com\/jyw7664",
                "author_icon": "https:\/\/avatars2.githubusercontent.com\/u\/40629153?v=4",
                "footer_icon": "https:\/\/assets-cdn.github.com\/favicon.ico",
                "ts": 1532704744,
                "color": "36a64f",
                "mrkdwn_in": [
                    "text"
                ]
            }
        ],
        "ts": "1532704746.000084"
    },
    {
        "type": "message",
        "user": "UBN0T9AG1",
        "text": "",
        "bot_id": "BBNDHKJQ3",
        "attachments": [
            {
                "fallback": "[dataitgirls2\/TWL] #400 20180727_기계학습&amp;통계",
                "pretext": "Pull request merged by jyw7664",
                "title": "#400 20180727_기계학습&amp;통계",
                "footer": "<https:\/\/github.com\/dataitgirls2\/TWL|dataitgirls2\/TWL>",
                "id": 1,
                "title_link": "https:\/\/github.com\/dataitgirls2\/TWL\/pull\/400",
                "footer_icon": "https:\/\/assets-cdn.github.com\/favicon.ico",
                "ts": 1532704744,
                "color": "6f42c1",
                "mrkdwn_in": [
                    "text"
                ]
            }
        ],
        "ts": "1532704765.000033"
    },
    {
        "type": "message",
        "user": "UBN0T9AG1",
        "text": "",
        "bot_id": "BBNDHKJQ3",
        "attachments": [
            {
                "author_name": "jyw7664",
                "fallback": "[dataitgirls2\/TWL] <https:\/\/github.com\/dataitgirls2\/TWL\/compare\/636cff1f827d...76b95050c252|3 new commits> pushed to <https:\/\/github.com\/dataitgirls2\/TWL\/tree\/master|`master`>",
                "text": "*<https:\/\/github.com\/dataitgirls2\/TWL\/compare\/636cff1f827d...76b95050c252|3 new commits> pushed to <https:\/\/github.com\/dataitgirls2\/TWL\/tree\/master|`master`>*\n<https:\/\/github.com\/dataitgirls2\/TWL\/commit\/1fb14a4992be2d93942428a20f855977c5bdf1a4|`1fb14a49`> - Create 20180727기계학습&amp;통계.md\n<https:\/\/github.com\/dataitgirls2\/TWL\/commit\/fd2fa302a88061222c92fba596cdb0b7f149d277|`fd2fa302`> - Rename 20180727기계학습&amp;통계.md to 20180727_기계학습&amp;통계.md\n<https:\/\/github.com\/dataitgirls2\/TWL\/commit\/76b95050c252f8ce44d2b4c2e4ecf0dab2e4cfd8|`76b95050`> - Merge pull request #400 from jyw7664\/master",
                "footer": "<https:\/\/github.com\/dataitgirls2\/TWL|dataitgirls2\/TWL>",
                "id": 1,
                "author_link": "https:\/\/github.com\/jyw7664",
                "author_icon": "https:\/\/avatars2.githubusercontent.com\/u\/40629153?v=4",
                "footer_icon": "https:\/\/assets-cdn.github.com\/favicon.ico",
                "color": "24292f",
                "mrkdwn_in": [
                    "text"
                ]
            }
        ],
        "ts": "1532704765.000122"
    },
    {
        "type": "message",
        "user": "UBN0T9AG1",
        "text": "",
        "bot_id": "BBNDHKJQ3",
        "attachments": [
            {
                "author_name": "snakefeet42",
                "fallback": "[dataitgirls2\/tutorial] <https:\/\/github.com\/dataitgirls2\/tutorial\/compare\/12e3f7986fe4...e75533fbec7d|1 new commit> pushed to <https:\/\/github.com\/dataitgirls2\/tutorial\/tree\/master|`master`>",
                "text": "*<https:\/\/github.com\/dataitgirls2\/tutorial\/compare\/12e3f7986fe4...e75533fbec7d|1 new commit> pushed to <https:\/\/github.com\/dataitgirls2\/tutorial\/tree\/master|`master`>*\n<https:\/\/github.com\/dataitgirls2\/tutorial\/commit\/e75533fbec7dd31894da988abb27d9c879e8c5ec|`e75533fb`> - Update Tutorial_180719_ BeautifulSoup.md",
                "footer": "<https:\/\/github.com\/dataitgirls2\/tutorial|dataitgirls2\/tutorial>",
                "id": 1,
                "author_link": "https:\/\/github.com\/snakefeet42",
                "author_icon": "https:\/\/avatars2.githubusercontent.com\/u\/40568860?v=4",
                "footer_icon": "https:\/\/assets-cdn.github.com\/favicon.ico",
                "color": "24292f",
                "mrkdwn_in": [
                    "text"
                ]
            }
        ],
        "ts": "1532705309.000247"
    },
    {
        "type": "message",
        "user": "UBN0T9AG1",
        "text": "",
        "bot_id": "BBNDHKJQ3",
        "attachments": [
            {
                "author_name": "jiyoung-choi",
                "fallback": "[dataitgirls2\/tutorial] #24 Create Tutorial_180726_naver.md",
                "text": "배수민 디렉터님의 오후 특강 내용을 정리했습니다. :)",
                "pretext": "Pull request opened by jiyoung-choi",
                "title": "#24 Create Tutorial_180726_naver.md",
                "footer": "<https:\/\/github.com\/dataitgirls2\/tutorial|dataitgirls2\/tutorial>",
                "id": 1,
                "title_link": "https:\/\/github.com\/dataitgirls2\/tutorial\/pull\/24",
                "author_link": "https:\/\/github.com\/jiyoung-choi",
                "author_icon": "https:\/\/avatars2.githubusercontent.com\/u\/40564943?v=4",
                "footer_icon": "https:\/\/assets-cdn.github.com\/favicon.ico",
                "ts": 1532708228,
                "color": "36a64f",
                "mrkdwn_in": [
                    "text"
                ]
            }
        ],
        "ts": "1532708230.000313"
    },
    {
        "type": "message",
        "user": "UBN0T9AG1",
        "text": "",
        "bot_id": "BBNDHKJQ3",
        "attachments": [
            {
                "fallback": "[dataitgirls2\/tutorial] #24 Create Tutorial_180726_naver.md",
                "pretext": "Pull request merged by jiyoung-choi",
                "title": "#24 Create Tutorial_180726_naver.md",
                "footer": "<https:\/\/github.com\/dataitgirls2\/tutorial|dataitgirls2\/tutorial>",
                "id": 1,
                "title_link": "https:\/\/github.com\/dataitgirls2\/tutorial\/pull\/24",
                "footer_icon": "https:\/\/assets-cdn.github.com\/favicon.ico",
                "ts": 1532708228,
                "color": "6f42c1",
                "mrkdwn_in": [
                    "text"
                ]
            }
        ],
        "ts": "1532708260.000109"
    },
    {
        "type": "message",
        "user": "UBN0T9AG1",
        "text": "",
        "bot_id": "BBNDHKJQ3",
        "attachments": [
            {
                "author_name": "jiyoung-choi",
                "fallback": "[dataitgirls2\/tutorial] <https:\/\/github.com\/dataitgirls2\/tutorial\/compare\/e75533fbec7d...0c3a4ea5ff97|2 new commits> pushed to <https:\/\/github.com\/dataitgirls2\/tutorial\/tree\/master|`master`>",
                "text": "*<https:\/\/github.com\/dataitgirls2\/tutorial\/compare\/e75533fbec7d...0c3a4ea5ff97|2 new commits> pushed to <https:\/\/github.com\/dataitgirls2\/tutorial\/tree\/master|`master`>*\n<https:\/\/github.com\/dataitgirls2\/tutorial\/commit\/ae7cb7d81eae238b9adc90ca11eba698b9189baa|`ae7cb7d8`> - Create Tutorial_180726_naver.md\n<https:\/\/github.com\/dataitgirls2\/tutorial\/commit\/0c3a4ea5ff97173d7c9db3b7ac5086ee577ae453|`0c3a4ea5`> - Merge pull request #24 from jiyoung-choi\/master",
                "footer": "<https:\/\/github.com\/dataitgirls2\/tutorial|dataitgirls2\/tutorial>",
                "id": 1,
                "author_link": "https:\/\/github.com\/jiyoung-choi",
                "author_icon": "https:\/\/avatars2.githubusercontent.com\/u\/40564943?v=4",
                "footer_icon": "https:\/\/assets-cdn.github.com\/favicon.ico",
                "color": "24292f",
                "mrkdwn_in": [
                    "text"
                ]
            }
        ],
        "ts": "1532708260.000207"
    }
]