[
    {
        "type": "message",
        "user": "UBN0T9AG1",
        "text": "",
        "bot_id": "BBNDHKJQ3",
        "attachments": [
            {
                "author_name": "YoungestSalon",
                "fallback": "[dataitgirls2\/TWL] <https:\/\/github.com\/dataitgirls2\/TWL\/compare\/f60d02503f19...b844479f40a1|1 new commit> pushed to <https:\/\/github.com\/dataitgirls2\/TWL\/tree\/master|`master`>",
                "text": "*<https:\/\/github.com\/dataitgirls2\/TWL\/compare\/f60d02503f19...b844479f40a1|1 new commit> pushed to <https:\/\/github.com\/dataitgirls2\/TWL\/tree\/master|`master`>*\n<https:\/\/github.com\/dataitgirls2\/TWL\/commit\/b844479f40a1f50200d8cb594be046ad1a6fddcb|`b844479f`> - Add files via upload",
                "footer": "<https:\/\/github.com\/dataitgirls2\/TWL|dataitgirls2\/TWL>",
                "id": 1,
                "author_link": "https:\/\/github.com\/YoungestSalon",
                "author_icon": "https:\/\/avatars3.githubusercontent.com\/u\/39959286?v=4",
                "footer_icon": "https:\/\/assets-cdn.github.com\/favicon.ico",
                "color": "24292f",
                "mrkdwn_in": [
                    "text"
                ]
            }
        ],
        "ts": "1533283460.000025"
    },
    {
        "type": "message",
        "user": "UBN0T9AG1",
        "text": "",
        "bot_id": "BBNDHKJQ3",
        "attachments": [
            {
                "author_name": "YoungestSalon",
                "fallback": "[dataitgirls2\/TWL] <https:\/\/github.com\/dataitgirls2\/TWL\/compare\/b844479f40a1...180d36448d0a|1 new commit> pushed to <https:\/\/github.com\/dataitgirls2\/TWL\/tree\/master|`master`>",
                "text": "*<https:\/\/github.com\/dataitgirls2\/TWL\/compare\/b844479f40a1...180d36448d0a|1 new commit> pushed to <https:\/\/github.com\/dataitgirls2\/TWL\/tree\/master|`master`>*\n<https:\/\/github.com\/dataitgirls2\/TWL\/commit\/180d36448d0a51b767b9159938c87c22eb010eaa|`180d3644`> - Rename 20180803.md to 20180803_LinearRegression.md",
                "footer": "<https:\/\/github.com\/dataitgirls2\/TWL|dataitgirls2\/TWL>",
                "id": 1,
                "author_link": "https:\/\/github.com\/YoungestSalon",
                "author_icon": "https:\/\/avatars3.githubusercontent.com\/u\/39959286?v=4",
                "footer_icon": "https:\/\/assets-cdn.github.com\/favicon.ico",
                "color": "24292f",
                "mrkdwn_in": [
                    "text"
                ]
            }
        ],
        "ts": "1533283494.000300"
    },
    {
        "type": "message",
        "user": "UBN0T9AG1",
        "text": "",
        "bot_id": "BBNDHKJQ3",
        "attachments": [
            {
                "author_name": "YoungestSalon",
                "fallback": "[dataitgirls2\/TWL] <https:\/\/github.com\/dataitgirls2\/TWL\/compare\/180d36448d0a...18ab56609436|1 new commit> pushed to <https:\/\/github.com\/dataitgirls2\/TWL\/tree\/master|`master`>",
                "text": "*<https:\/\/github.com\/dataitgirls2\/TWL\/compare\/180d36448d0a...18ab56609436|1 new commit> pushed to <https:\/\/github.com\/dataitgirls2\/TWL\/tree\/master|`master`>*\n<https:\/\/github.com\/dataitgirls2\/TWL\/commit\/18ab5660943633a3b3124d71d3cd6e8bded1c68b|`18ab5660`> - Delete 20180803_LinearRegression.md",
                "footer": "<https:\/\/github.com\/dataitgirls2\/TWL|dataitgirls2\/TWL>",
                "id": 1,
                "author_link": "https:\/\/github.com\/YoungestSalon",
                "author_icon": "https:\/\/avatars3.githubusercontent.com\/u\/39959286?v=4",
                "footer_icon": "https:\/\/assets-cdn.github.com\/favicon.ico",
                "color": "24292f",
                "mrkdwn_in": [
                    "text"
                ]
            }
        ],
        "ts": "1533283550.000280"
    },
    {
        "type": "message",
        "user": "UBN0T9AG1",
        "text": "",
        "bot_id": "BBNDHKJQ3",
        "attachments": [
            {
                "author_name": "YoungestSalon",
                "fallback": "[dataitgirls2\/TWL] #424 20180803 TWL by YoungestSalon",
                "pretext": "Pull request opened by YoungestSalon",
                "title": "#424 20180803 TWL by YoungestSalon",
                "footer": "<https:\/\/github.com\/dataitgirls2\/TWL|dataitgirls2\/TWL>",
                "id": 1,
                "title_link": "https:\/\/github.com\/dataitgirls2\/TWL\/pull\/424",
                "author_link": "https:\/\/github.com\/YoungestSalon",
                "author_icon": "https:\/\/avatars3.githubusercontent.com\/u\/39959286?v=4",
                "footer_icon": "https:\/\/assets-cdn.github.com\/favicon.ico",
                "ts": 1533283682,
                "color": "36a64f",
                "mrkdwn_in": [
                    "text"
                ]
            }
        ],
        "ts": "1533283684.000235"
    },
    {
        "type": "message",
        "user": "UBN0T9AG1",
        "text": "",
        "bot_id": "BBNDHKJQ3",
        "attachments": [
            {
                "fallback": "[dataitgirls2\/TWL] #424 20180803 TWL by YoungestSalon",
                "pretext": "Pull request merged by YoungestSalon",
                "title": "#424 20180803 TWL by YoungestSalon",
                "footer": "<https:\/\/github.com\/dataitgirls2\/TWL|dataitgirls2\/TWL>",
                "id": 1,
                "title_link": "https:\/\/github.com\/dataitgirls2\/TWL\/pull\/424",
                "footer_icon": "https:\/\/assets-cdn.github.com\/favicon.ico",
                "ts": 1533283682,
                "color": "6f42c1",
                "mrkdwn_in": [
                    "text"
                ]
            }
        ],
        "ts": "1533283692.000127"
    },
    {
        "type": "message",
        "user": "UBN0T9AG1",
        "text": "",
        "bot_id": "BBNDHKJQ3",
        "attachments": [
            {
                "author_name": "YoungestSalon",
                "fallback": "[dataitgirls2\/TWL] <https:\/\/github.com\/dataitgirls2\/TWL\/compare\/18ab56609436...53e77c791275|3 new commits> pushed to <https:\/\/github.com\/dataitgirls2\/TWL\/tree\/master|`master`>",
                "text": "*<https:\/\/github.com\/dataitgirls2\/TWL\/compare\/18ab56609436...53e77c791275|3 new commits> pushed to <https:\/\/github.com\/dataitgirls2\/TWL\/tree\/master|`master`>*\n<https:\/\/github.com\/dataitgirls2\/TWL\/commit\/1c3f8b2897598249ff83f193073bcfc802963620|`1c3f8b28`> - Add files via upload\n<https:\/\/github.com\/dataitgirls2\/TWL\/commit\/367d2f1b77793b991436dae70095c0dd7f718fba|`367d2f1b`> - Rename 20180803.md to 20180803_LinearRegression.md\n<https:\/\/github.com\/dataitgirls2\/TWL\/commit\/53e77c791275c9a6551fa214170af7fb36ba4cbd|`53e77c79`> - Merge pull request #424 from YoungestSalon\/master",
                "footer": "<https:\/\/github.com\/dataitgirls2\/TWL|dataitgirls2\/TWL>",
                "id": 1,
                "author_link": "https:\/\/github.com\/YoungestSalon",
                "author_icon": "https:\/\/avatars3.githubusercontent.com\/u\/39959286?v=4",
                "footer_icon": "https:\/\/assets-cdn.github.com\/favicon.ico",
                "color": "24292f",
                "mrkdwn_in": [
                    "text"
                ]
            }
        ],
        "ts": "1533283692.000244"
    },
    {
        "type": "message",
        "user": "UBN0T9AG1",
        "text": "",
        "bot_id": "BBNDHKJQ3",
        "attachments": [
            {
                "author_name": "oranjieunk",
                "fallback": "[dataitgirls2\/tutorial] #28 Create Tutorial_180803",
                "pretext": "Pull request opened by oranjieunk",
                "title": "#28 Create Tutorial_180803",
                "footer": "<https:\/\/github.com\/dataitgirls2\/tutorial|dataitgirls2\/tutorial>",
                "id": 1,
                "title_link": "https:\/\/github.com\/dataitgirls2\/tutorial\/pull\/28",
                "author_link": "https:\/\/github.com\/oranjieunk",
                "author_icon": "https:\/\/avatars0.githubusercontent.com\/u\/19404865?v=4",
                "footer_icon": "https:\/\/assets-cdn.github.com\/favicon.ico",
                "ts": 1533285885,
                "color": "36a64f",
                "mrkdwn_in": [
                    "text"
                ]
            }
        ],
        "ts": "1533285886.000289"
    },
    {
        "type": "message",
        "user": "UBN0T9AG1",
        "text": "",
        "bot_id": "BBNDHKJQ3",
        "attachments": [
            {
                "fallback": "[dataitgirls2\/tutorial] #28 Create Tutorial_180803",
                "pretext": "Pull request merged by oranjieunk",
                "title": "#28 Create Tutorial_180803",
                "footer": "<https:\/\/github.com\/dataitgirls2\/tutorial|dataitgirls2\/tutorial>",
                "id": 1,
                "title_link": "https:\/\/github.com\/dataitgirls2\/tutorial\/pull\/28",
                "footer_icon": "https:\/\/assets-cdn.github.com\/favicon.ico",
                "ts": 1533285885,
                "color": "6f42c1",
                "mrkdwn_in": [
                    "text"
                ]
            }
        ],
        "ts": "1533285893.000149"
    },
    {
        "type": "message",
        "user": "UBN0T9AG1",
        "text": "",
        "bot_id": "BBNDHKJQ3",
        "attachments": [
            {
                "author_name": "oranjieunk",
                "fallback": "[dataitgirls2\/tutorial] <https:\/\/github.com\/dataitgirls2\/tutorial\/compare\/6839646fa392...1523d7d39b46|2 new commits> pushed to <https:\/\/github.com\/dataitgirls2\/tutorial\/tree\/master|`master`>",
                "text": "*<https:\/\/github.com\/dataitgirls2\/tutorial\/compare\/6839646fa392...1523d7d39b46|2 new commits> pushed to <https:\/\/github.com\/dataitgirls2\/tutorial\/tree\/master|`master`>*\n<https:\/\/github.com\/dataitgirls2\/tutorial\/commit\/94c4ae206fccb713d3c86367d000b2d768dfbf48|`94c4ae20`> - Create Tutorial_180803\n<https:\/\/github.com\/dataitgirls2\/tutorial\/commit\/1523d7d39b464092fec0c95e32547680013a8769|`1523d7d3`> - Merge pull request #28 from oranjieunk\/master",
                "footer": "<https:\/\/github.com\/dataitgirls2\/tutorial|dataitgirls2\/tutorial>",
                "id": 1,
                "author_link": "https:\/\/github.com\/oranjieunk",
                "author_icon": "https:\/\/avatars0.githubusercontent.com\/u\/19404865?v=4",
                "footer_icon": "https:\/\/assets-cdn.github.com\/favicon.ico",
                "color": "24292f",
                "mrkdwn_in": [
                    "text"
                ]
            }
        ],
        "ts": "1533285893.000258"
    },
    {
        "type": "message",
        "user": "UBN0T9AG1",
        "text": "",
        "bot_id": "BBNDHKJQ3",
        "attachments": [
            {
                "author_name": "oranjieunk",
                "fallback": "[dataitgirls2\/tutorial] <https:\/\/github.com\/dataitgirls2\/tutorial\/compare\/1523d7d39b46...442535e3ef6a|1 new commit> pushed to <https:\/\/github.com\/dataitgirls2\/tutorial\/tree\/master|`master`>",
                "text": "*<https:\/\/github.com\/dataitgirls2\/tutorial\/compare\/1523d7d39b46...442535e3ef6a|1 new commit> pushed to <https:\/\/github.com\/dataitgirls2\/tutorial\/tree\/master|`master`>*\n<https:\/\/github.com\/dataitgirls2\/tutorial\/commit\/442535e3ef6afa815de72e29b2774b4786756223|`442535e3`> - Rename Tutorial_180803_Statistics3.md to Tutorial_180803_Statistics4.md",
                "footer": "<https:\/\/github.com\/dataitgirls2\/tutorial|dataitgirls2\/tutorial>",
                "id": 1,
                "author_link": "https:\/\/github.com\/oranjieunk",
                "author_icon": "https:\/\/avatars0.githubusercontent.com\/u\/19404865?v=4",
                "footer_icon": "https:\/\/assets-cdn.github.com\/favicon.ico",
                "color": "24292f",
                "mrkdwn_in": [
                    "text"
                ]
            }
        ],
        "ts": "1533286187.000061"
    },
    {
        "type": "message",
        "user": "UBN0T9AG1",
        "text": "",
        "bot_id": "BBNDHKJQ3",
        "attachments": [
            {
                "author_name": "Yoonkimove",
                "fallback": "[dataitgirls2\/tutorial] <https:\/\/github.com\/dataitgirls2\/tutorial\/compare\/442535e3ef6a...d02ed5b4d274|1 new commit> pushed to <https:\/\/github.com\/dataitgirls2\/tutorial\/tree\/master|`master`>",
                "text": "*<https:\/\/github.com\/dataitgirls2\/tutorial\/compare\/442535e3ef6a...d02ed5b4d274|1 new commit> pushed to <https:\/\/github.com\/dataitgirls2\/tutorial\/tree\/master|`master`>*\n<https:\/\/github.com\/dataitgirls2\/tutorial\/commit\/d02ed5b4d2749d880259a5f6c4d462956f2f632c|`d02ed5b4`> - docs : Commit message writing update",
                "footer": "<https:\/\/github.com\/dataitgirls2\/tutorial|dataitgirls2\/tutorial>",
                "id": 1,
                "author_link": "https:\/\/github.com\/Yoonkimove",
                "author_icon": "https:\/\/avatars3.githubusercontent.com\/u\/39266586?v=4",
                "footer_icon": "https:\/\/assets-cdn.github.com\/favicon.ico",
                "color": "24292f",
                "mrkdwn_in": [
                    "text"
                ]
            }
        ],
        "ts": "1533287528.000195"
    },
    {
        "type": "message",
        "user": "UBN0T9AG1",
        "text": "",
        "bot_id": "BBNDHKJQ3",
        "attachments": [
            {
                "author_name": "oranjieunk",
                "fallback": "[dataitgirls2\/TWL] #425 Updates all names and Create 180803Fri_oranjieunk_GettingJobGithb_Statistics4.md",
                "pretext": "Pull request opened by oranjieunk",
                "title": "#425 Updates all names and Create 180803Fri_oranjieunk_GettingJobGithb_Statistics4.md",
                "footer": "<https:\/\/github.com\/dataitgirls2\/TWL|dataitgirls2\/TWL>",
                "id": 1,
                "title_link": "https:\/\/github.com\/dataitgirls2\/TWL\/pull\/425",
                "author_link": "https:\/\/github.com\/oranjieunk",
                "author_icon": "https:\/\/avatars0.githubusercontent.com\/u\/19404865?v=4",
                "footer_icon": "https:\/\/assets-cdn.github.com\/favicon.ico",
                "ts": 1533289322,
                "color": "36a64f",
                "mrkdwn_in": [
                    "text"
                ]
            }
        ],
        "ts": "1533289325.000211"
    },
    {
        "type": "message",
        "user": "UBN0T9AG1",
        "text": "",
        "bot_id": "BBNDHKJQ3",
        "attachments": [
            {
                "fallback": "[dataitgirls2\/TWL] #425 Updates all names and Create 180803Fri_oranjieunk_GettingJobGithb_Statistics4.md",
                "pretext": "Pull request merged by oranjieunk",
                "title": "#425 Updates all names and Create 180803Fri_oranjieunk_GettingJobGithb_Statistics4.md",
                "footer": "<https:\/\/github.com\/dataitgirls2\/TWL|dataitgirls2\/TWL>",
                "id": 1,
                "title_link": "https:\/\/github.com\/dataitgirls2\/TWL\/pull\/425",
                "footer_icon": "https:\/\/assets-cdn.github.com\/favicon.ico",
                "ts": 1533289322,
                "color": "6f42c1",
                "mrkdwn_in": [
                    "text"
                ]
            }
        ],
        "ts": "1533289339.000234"
    },
    {
        "type": "message",
        "user": "UBN0T9AG1",
        "text": "",
        "bot_id": "BBNDHKJQ3",
        "attachments": [
            {
                "author_name": "oranjieunk",
                "fallback": "[dataitgirls2\/TWL] <https:\/\/github.com\/dataitgirls2\/TWL\/compare\/53e77c791275...ce9758da04e6|4 new commits> pushed to <https:\/\/github.com\/dataitgirls2\/TWL\/tree\/master|`master`>",
                "text": "*<https:\/\/github.com\/dataitgirls2\/TWL\/compare\/53e77c791275...ce9758da04e6|4 new commits> pushed to <https:\/\/github.com\/dataitgirls2\/TWL\/tree\/master|`master`>*\n<https:\/\/github.com\/dataitgirls2\/TWL\/commit\/f0e41181b9ec792a00815e0a7a4806b814eb990d|`f0e41181`> - Create 180720Fri_oranjieunk\n<https:\/\/github.com\/dataitgirls2\/TWL\/commit\/6a708e26e117198f06d2ee4eb86d39662b3e2d0c|`6a708e26`> - Update 180720Fri_oranjieunk\n<https:\/\/github.com\/dataitgirls2\/TWL\/commit\/dd1db8ff4f6253daaeb9a162e74aec5de23812d0|`dd1db8ff`> - Updates\n<https:\/\/github.com\/dataitgirls2\/TWL\/commit\/ce9758da04e6149385131e10a8be56dddd35aa65|`ce9758da`> - Merge pull request #425 from oranjieunk\/master",
                "footer": "<https:\/\/github.com\/dataitgirls2\/TWL|dataitgirls2\/TWL>",
                "id": 1,
                "author_link": "https:\/\/github.com\/oranjieunk",
                "author_icon": "https:\/\/avatars0.githubusercontent.com\/u\/19404865?v=4",
                "footer_icon": "https:\/\/assets-cdn.github.com\/favicon.ico",
                "color": "24292f",
                "mrkdwn_in": [
                    "text"
                ]
            }
        ],
        "ts": "1533289339.000269"
    },
    {
        "type": "message",
        "user": "UBN0T9AG1",
        "text": "",
        "bot_id": "BBNDHKJQ3",
        "attachments": [
            {
                "author_name": "seoyeongsong",
                "fallback": "[dataitgirls2\/TWL] #426 rename file",
                "pretext": "Pull request opened by seoyeongsong",
                "title": "#426 rename file",
                "footer": "<https:\/\/github.com\/dataitgirls2\/TWL|dataitgirls2\/TWL>",
                "id": 1,
                "title_link": "https:\/\/github.com\/dataitgirls2\/TWL\/pull\/426",
                "author_link": "https:\/\/github.com\/seoyeongsong",
                "author_icon": "https:\/\/avatars2.githubusercontent.com\/u\/40572558?v=4",
                "footer_icon": "https:\/\/assets-cdn.github.com\/favicon.ico",
                "ts": 1533306750,
                "color": "36a64f",
                "mrkdwn_in": [
                    "text"
                ]
            }
        ],
        "ts": "1533306754.000162"
    },
    {
        "type": "message",
        "user": "UBN0T9AG1",
        "text": "",
        "bot_id": "BBNDHKJQ3",
        "attachments": [
            {
                "author_name": "seoyeongsong",
                "fallback": "[dataitgirls2\/TWL] <https:\/\/github.com\/dataitgirls2\/TWL\/compare\/ce9758da04e6...9fe52b6bafbd|2 new commits> pushed to <https:\/\/github.com\/dataitgirls2\/TWL\/tree\/master|`master`>",
                "text": "*<https:\/\/github.com\/dataitgirls2\/TWL\/compare\/ce9758da04e6...9fe52b6bafbd|2 new commits> pushed to <https:\/\/github.com\/dataitgirls2\/TWL\/tree\/master|`master`>*\n<https:\/\/github.com\/dataitgirls2\/TWL\/commit\/47ba3f57d81385c0b919c8cf3ec1cc824c47af04|`47ba3f57`> - rename file\n<https:\/\/github.com\/dataitgirls2\/TWL\/commit\/9fe52b6bafbd61fc462c85ab081f3228d430570a|`9fe52b6b`> - Merge pull request #426 from seoyeongsong\/master",
                "footer": "<https:\/\/github.com\/dataitgirls2\/TWL|dataitgirls2\/TWL>",
                "id": 1,
                "author_link": "https:\/\/github.com\/seoyeongsong",
                "author_icon": "https:\/\/avatars2.githubusercontent.com\/u\/40572558?v=4",
                "footer_icon": "https:\/\/assets-cdn.github.com\/favicon.ico",
                "color": "24292f",
                "mrkdwn_in": [
                    "text"
                ]
            }
        ],
        "ts": "1533306765.000127"
    },
    {
        "type": "message",
        "user": "UBN0T9AG1",
        "text": "",
        "bot_id": "BBNDHKJQ3",
        "attachments": [
            {
                "fallback": "[dataitgirls2\/TWL] #426 rename file",
                "pretext": "Pull request merged by seoyeongsong",
                "title": "#426 rename file",
                "footer": "<https:\/\/github.com\/dataitgirls2\/TWL|dataitgirls2\/TWL>",
                "id": 1,
                "title_link": "https:\/\/github.com\/dataitgirls2\/TWL\/pull\/426",
                "footer_icon": "https:\/\/assets-cdn.github.com\/favicon.ico",
                "ts": 1533306750,
                "color": "6f42c1",
                "mrkdwn_in": [
                    "text"
                ]
            }
        ],
        "ts": "1533306765.000247"
    },
    {
        "type": "message",
        "user": "UBN0T9AG1",
        "text": "",
        "bot_id": "BBNDHKJQ3",
        "attachments": [
            {
                "author_name": "jyw7664",
                "fallback": "[dataitgirls2\/TWL] #427 20180803_TWL",
                "text": "20180803 TWL 업로드합니다.",
                "pretext": "Pull request opened by jyw7664",
                "title": "#427 20180803_TWL",
                "footer": "<https:\/\/github.com\/dataitgirls2\/TWL|dataitgirls2\/TWL>",
                "id": 1,
                "title_link": "https:\/\/github.com\/dataitgirls2\/TWL\/pull\/427",
                "author_link": "https:\/\/github.com\/jyw7664",
                "author_icon": "https:\/\/avatars2.githubusercontent.com\/u\/40629153?v=4",
                "footer_icon": "https:\/\/assets-cdn.github.com\/favicon.ico",
                "ts": 1533313381,
                "color": "36a64f",
                "mrkdwn_in": [
                    "text"
                ]
            }
        ],
        "ts": "1533313383.000366"
    },
    {
        "type": "message",
        "user": "UBN0T9AG1",
        "text": "",
        "bot_id": "BBNDHKJQ3",
        "attachments": [
            {
                "fallback": "[dataitgirls2\/TWL] #427 20180803_TWL",
                "pretext": "Pull request merged by jyw7664",
                "title": "#427 20180803_TWL",
                "footer": "<https:\/\/github.com\/dataitgirls2\/TWL|dataitgirls2\/TWL>",
                "id": 1,
                "title_link": "https:\/\/github.com\/dataitgirls2\/TWL\/pull\/427",
                "footer_icon": "https:\/\/assets-cdn.github.com\/favicon.ico",
                "ts": 1533313381,
                "color": "6f42c1",
                "mrkdwn_in": [
                    "text"
                ]
            }
        ],
        "ts": "1533313391.000481"
    },
    {
        "type": "message",
        "user": "UBN0T9AG1",
        "text": "",
        "bot_id": "BBNDHKJQ3",
        "attachments": [
            {
                "author_name": "jyw7664",
                "fallback": "[dataitgirls2\/TWL] <https:\/\/github.com\/dataitgirls2\/TWL\/compare\/9fe52b6bafbd...3cc449a75847|3 new commits> pushed to <https:\/\/github.com\/dataitgirls2\/TWL\/tree\/master|`master`>",
                "text": "*<https:\/\/github.com\/dataitgirls2\/TWL\/compare\/9fe52b6bafbd...3cc449a75847|3 new commits> pushed to <https:\/\/github.com\/dataitgirls2\/TWL\/tree\/master|`master`>*\n<https:\/\/github.com\/dataitgirls2\/TWL\/commit\/3d886af82a02f470836c4b10a6dbbae8c6614582|`3d886af8`> - Create 20180803_GitHub으로취업하기, 통계.md\n<https:\/\/github.com\/dataitgirls2\/TWL\/commit\/bf281bf389d8f32663c98185ce26cf7bec5f89e1|`bf281bf3`> - Rename 20180803_GitHub으로취업하기, 통계.md to 20180803_GitHub으로취업하기&amp;통계.md\n<https:\/\/github.com\/dataitgirls2\/TWL\/commit\/3cc449a758473dbe2cb1f0dc45511c30d1c5ff2e|`3cc449a7`> - Merge pull request #427 from jyw7664\/master",
                "footer": "<https:\/\/github.com\/dataitgirls2\/TWL|dataitgirls2\/TWL>",
                "id": 1,
                "author_link": "https:\/\/github.com\/jyw7664",
                "author_icon": "https:\/\/avatars2.githubusercontent.com\/u\/40629153?v=4",
                "footer_icon": "https:\/\/assets-cdn.github.com\/favicon.ico",
                "color": "24292f",
                "mrkdwn_in": [
                    "text"
                ]
            }
        ],
        "ts": "1533313392.000132"
    },
    {
        "type": "message",
        "user": "UBN0T9AG1",
        "text": "",
        "bot_id": "BBNDHKJQ3",
        "attachments": [
            {
                "author_name": "Yoonkimove",
                "fallback": "[dataitgirls2\/TWL] #428 20180801 Special lecture &amp; Cover letter",
                "text": "20180801 Special lecture &amp; Cover letter",
                "pretext": "Pull request opened by Yoonkimove",
                "title": "#428 20180801 Special lecture &amp; Cover letter",
                "footer": "<https:\/\/github.com\/dataitgirls2\/TWL|dataitgirls2\/TWL>",
                "id": 1,
                "title_link": "https:\/\/github.com\/dataitgirls2\/TWL\/pull\/428",
                "author_link": "https:\/\/github.com\/Yoonkimove",
                "author_icon": "https:\/\/avatars3.githubusercontent.com\/u\/39266586?v=4",
                "footer_icon": "https:\/\/assets-cdn.github.com\/favicon.ico",
                "ts": 1533315329,
                "color": "36a64f",
                "mrkdwn_in": [
                    "text"
                ]
            }
        ],
        "ts": "1533315332.000020"
    },
    {
        "type": "message",
        "user": "UBN0T9AG1",
        "text": "",
        "bot_id": "BBNDHKJQ3",
        "attachments": [
            {
                "fallback": "[dataitgirls2\/TWL] #428 20180801 Special lecture &amp; Cover letter",
                "pretext": "Pull request merged by Yoonkimove",
                "title": "#428 20180801 Special lecture &amp; Cover letter",
                "footer": "<https:\/\/github.com\/dataitgirls2\/TWL|dataitgirls2\/TWL>",
                "id": 1,
                "title_link": "https:\/\/github.com\/dataitgirls2\/TWL\/pull\/428",
                "footer_icon": "https:\/\/assets-cdn.github.com\/favicon.ico",
                "ts": 1533315329,
                "color": "6f42c1",
                "mrkdwn_in": [
                    "text"
                ]
            }
        ],
        "ts": "1533315339.000502"
    },
    {
        "type": "message",
        "user": "UBN0T9AG1",
        "text": "",
        "bot_id": "BBNDHKJQ3",
        "attachments": [
            {
                "author_name": "Yoonkimove",
                "fallback": "[dataitgirls2\/TWL] <https:\/\/github.com\/dataitgirls2\/TWL\/compare\/3cc449a75847...72cd65f5cba0|2 new commits> pushed to <https:\/\/github.com\/dataitgirls2\/TWL\/tree\/master|`master`>",
                "text": "*<https:\/\/github.com\/dataitgirls2\/TWL\/compare\/3cc449a75847...72cd65f5cba0|2 new commits> pushed to <https:\/\/github.com\/dataitgirls2\/TWL\/tree\/master|`master`>*\n<https:\/\/github.com\/dataitgirls2\/TWL\/commit\/d101b79ff6eb4c213c4bcb26781370037c5437a4|`d101b79f`> - 20180801 Special lecture &amp; Cover letter\n<https:\/\/github.com\/dataitgirls2\/TWL\/commit\/72cd65f5cba0a7295efe51a44ab82ea2bd21c56f|`72cd65f5`> - Merge pull request #428 from Yoonkimove\/master",
                "footer": "<https:\/\/github.com\/dataitgirls2\/TWL|dataitgirls2\/TWL>",
                "id": 1,
                "author_link": "https:\/\/github.com\/Yoonkimove",
                "author_icon": "https:\/\/avatars3.githubusercontent.com\/u\/39266586?v=4",
                "footer_icon": "https:\/\/assets-cdn.github.com\/favicon.ico",
                "color": "24292f",
                "mrkdwn_in": [
                    "text"
                ]
            }
        ],
        "ts": "1533315340.000106"
    },
    {
        "type": "message",
        "user": "UBN0T9AG1",
        "text": "",
        "bot_id": "BBNDHKJQ3",
        "attachments": [
            {
                "author_name": "seoyeongsong",
                "fallback": "[dataitgirls2\/TWL] #429 rename files",
                "pretext": "Pull request opened by seoyeongsong",
                "title": "#429 rename files",
                "footer": "<https:\/\/github.com\/dataitgirls2\/TWL|dataitgirls2\/TWL>",
                "id": 1,
                "title_link": "https:\/\/github.com\/dataitgirls2\/TWL\/pull\/429",
                "author_link": "https:\/\/github.com\/seoyeongsong",
                "author_icon": "https:\/\/avatars2.githubusercontent.com\/u\/40572558?v=4",
                "footer_icon": "https:\/\/assets-cdn.github.com\/favicon.ico",
                "ts": 1533360762,
                "color": "36a64f",
                "mrkdwn_in": [
                    "text"
                ]
            }
        ],
        "ts": "1533360764.000026"
    }
]