[
    {
        "type": "message",
        "user": "UBN0T9AG1",
        "text": "",
        "bot_id": "BBNDHKJQ3",
        "attachments": [
            {
                "fallback": "[dataitgirls2\/TWL] #441 Open_data_analysis_commercial(medical)",
                "pretext": "Pull request merged by seoyeongsong",
                "title": "#441 Open_data_analysis_commercial(medical)",
                "footer": "<https:\/\/github.com\/dataitgirls2\/TWL|dataitgirls2\/TWL>",
                "id": 1,
                "title_link": "https:\/\/github.com\/dataitgirls2\/TWL\/pull\/441",
                "footer_icon": "https:\/\/assets-cdn.github.com\/favicon.ico",
                "ts": 1533986472,
                "color": "6f42c1",
                "mrkdwn_in": [
                    "text"
                ]
            }
        ],
        "ts": "1534078135.000023"
    },
    {
        "type": "message",
        "user": "UBN0T9AG1",
        "text": "",
        "bot_id": "BBNDHKJQ3",
        "attachments": [
            {
                "author_name": "seoyeongsong",
                "fallback": "[dataitgirls2\/TWL] <https:\/\/github.com\/dataitgirls2\/TWL\/compare\/2d04dea89dd3...e146739366db|2 new commits> pushed to <https:\/\/github.com\/dataitgirls2\/TWL\/tree\/master|`master`>",
                "text": "*<https:\/\/github.com\/dataitgirls2\/TWL\/compare\/2d04dea89dd3...e146739366db|2 new commits> pushed to <https:\/\/github.com\/dataitgirls2\/TWL\/tree\/master|`master`>*\n<https:\/\/github.com\/dataitgirls2\/TWL\/commit\/c2411dbf938a39f370f46c1fe6ad6b001dffac8e|`c2411dbf`> - Open_data_analysis_commercial(medical)\n<https:\/\/github.com\/dataitgirls2\/TWL\/commit\/e146739366db482456a74e121019494327b4f92a|`e1467393`> - Merge pull request #441 from seoyeongsong\/master",
                "footer": "<https:\/\/github.com\/dataitgirls2\/TWL|dataitgirls2\/TWL>",
                "id": 1,
                "author_link": "https:\/\/github.com\/seoyeongsong",
                "author_icon": "https:\/\/avatars2.githubusercontent.com\/u\/40572558?v=4",
                "footer_icon": "https:\/\/assets-cdn.github.com\/favicon.ico",
                "color": "24292f",
                "mrkdwn_in": [
                    "text"
                ]
            }
        ],
        "ts": "1534078135.000036"
    },
    {
        "type": "message",
        "user": "UBN0T9AG1",
        "text": "",
        "bot_id": "BBNDHKJQ3",
        "attachments": [
            {
                "author_name": "corazzon",
                "fallback": "[dataitgirls2\/tutorial] <https:\/\/github.com\/dataitgirls2\/tutorial\/compare\/6e8e16ac815b...7f8083765421|1 new commit> pushed to <https:\/\/github.com\/dataitgirls2\/tutorial\/tree\/master|`master`>",
                "text": "*<https:\/\/github.com\/dataitgirls2\/tutorial\/compare\/6e8e16ac815b...7f8083765421|1 new commit> pushed to <https:\/\/github.com\/dataitgirls2\/tutorial\/tree\/master|`master`>*\n<https:\/\/github.com\/dataitgirls2\/tutorial\/commit\/7f8083765421db5f57629d20f8e46bc3fe4c5151|`7f808376`> - Set theme jekyll-theme-cayman",
                "footer": "<https:\/\/github.com\/dataitgirls2\/tutorial|dataitgirls2\/tutorial>",
                "id": 1,
                "author_link": "https:\/\/github.com\/corazzon",
                "author_icon": "https:\/\/avatars3.githubusercontent.com\/u\/1324021?v=4",
                "footer_icon": "https:\/\/assets-cdn.github.com\/favicon.ico",
                "color": "24292f",
                "mrkdwn_in": [
                    "text"
                ]
            }
        ],
        "ts": "1534078143.000107"
    },
    {
        "type": "message",
        "user": "UBN0T9AG1",
        "text": "",
        "bot_id": "BBNDHKJQ3",
        "attachments": [
            {
                "author_name": "corazzon",
                "fallback": "[dataitgirls2\/tutorial] Successfully deployed 7f80837 to github-pages",
                "text": "Successfully deployed <https:\/\/github.com\/dataitgirls2\/tutorial\/commit\/7f8083765421db5f57629d20f8e46bc3fe4c5151|`7f80837`> to github-pages",
                "footer": "<https:\/\/github.com\/dataitgirls2\/tutorial|dataitgirls2\/tutorial>",
                "id": 1,
                "author_link": "https:\/\/github.com\/corazzon",
                "author_icon": "https:\/\/avatars3.githubusercontent.com\/u\/1324021?v=4",
                "footer_icon": "https:\/\/assets-cdn.github.com\/favicon.ico",
                "color": "28a745",
                "mrkdwn_in": [
                    "text"
                ]
            }
        ],
        "ts": "1534078153.000068"
    },
    {
        "type": "message",
        "user": "UBN0T9AG1",
        "text": "",
        "bot_id": "BBNDHKJQ3",
        "attachments": [
            {
                "author_name": "jyeeee95",
                "fallback": "[dataitgirls2\/m3] <https:\/\/github.com\/dataitgirls2\/m3\/compare\/7a6810fb28d5...bf404616745e|1 new commit> pushed to <https:\/\/github.com\/dataitgirls2\/m3\/tree\/master|`master`>",
                "text": "*<https:\/\/github.com\/dataitgirls2\/m3\/compare\/7a6810fb28d5...bf404616745e|1 new commit> pushed to <https:\/\/github.com\/dataitgirls2\/m3\/tree\/master|`master`>*\n<https:\/\/github.com\/dataitgirls2\/m3\/commit\/bf404616745eced923118f4035430a518425021a|`bf404616`> - Rename E\/ATC Code.md to E\/medicine\/ATC Code.md",
                "footer": "<https:\/\/github.com\/dataitgirls2\/m3|dataitgirls2\/m3>",
                "id": 1,
                "author_link": "https:\/\/github.com\/jyeeee95",
                "author_icon": "https:\/\/avatars1.githubusercontent.com\/u\/40637201?v=4",
                "footer_icon": "https:\/\/assets-cdn.github.com\/favicon.ico",
                "color": "24292f",
                "mrkdwn_in": [
                    "text"
                ]
            }
        ],
        "ts": "1534092356.000038"
    },
    {
        "type": "message",
        "user": "UBN0T9AG1",
        "text": "",
        "bot_id": "BBNDHKJQ3",
        "attachments": [
            {
                "fallback": "[dataitgirls2\/m3] Issue closed by jyw7664",
                "pretext": "Issue closed by jyw7664",
                "title": "#19 &lt;배달&gt; DF머지 문제해결하기",
                "footer": "<https:\/\/github.com\/dataitgirls2\/m3|dataitgirls2\/m3>",
                "id": 1,
                "title_link": "https:\/\/github.com\/dataitgirls2\/m3\/issues\/19",
                "footer_icon": "https:\/\/assets-cdn.github.com\/favicon.ico",
                "ts": 1533803565,
                "color": "cb2431",
                "mrkdwn_in": [
                    "text"
                ]
            }
        ],
        "ts": "1534094179.000059"
    },
    {
        "type": "message",
        "user": "UBN0T9AG1",
        "text": "",
        "bot_id": "BBNDHKJQ3",
        "attachments": [
            {
                "fallback": "[dataitgirls2\/m3] Issue closed by jyw7664",
                "pretext": "Issue closed by jyw7664",
                "title": "#21 &lt;배달&gt;  날씨와 콜 수 데이터를 통해 도출하면 좋을 인사이트 방향",
                "footer": "<https:\/\/github.com\/dataitgirls2\/m3|dataitgirls2\/m3>",
                "id": 1,
                "title_link": "https:\/\/github.com\/dataitgirls2\/m3\/issues\/21",
                "footer_icon": "https:\/\/assets-cdn.github.com\/favicon.ico",
                "ts": 1533803989,
                "color": "cb2431",
                "mrkdwn_in": [
                    "text"
                ]
            }
        ],
        "ts": "1534094250.000069"
    },
    {
        "type": "message",
        "user": "UBN0T9AG1",
        "text": "",
        "bot_id": "BBNDHKJQ3",
        "attachments": [
            {
                "author_name": "jyw7664",
                "fallback": "[dataitgirls2\/m3] Issue opened by jyw7664",
                "pretext": "Issue opened by jyw7664",
                "title": "#41 &lt;배달&gt; 배달 사각지대(콜수)와 오프라인 맛집의 관계?",
                "footer": "<https:\/\/github.com\/dataitgirls2\/m3|dataitgirls2\/m3>",
                "id": 1,
                "title_link": "https:\/\/github.com\/dataitgirls2\/m3\/issues\/41",
                "author_link": "https:\/\/github.com\/jyw7664",
                "author_icon": "https:\/\/avatars2.githubusercontent.com\/u\/40629153?v=4",
                "footer_icon": "https:\/\/assets-cdn.github.com\/favicon.ico",
                "ts": 1534094390,
                "color": "36a64f",
                "mrkdwn_in": [
                    "text"
                ]
            }
        ],
        "ts": "1534094392.000019"
    },
    {
        "type": "message",
        "user": "UBN0T9AG1",
        "text": "",
        "bot_id": "BBNDHKJQ3",
        "attachments": [
            {
                "author_name": "jyw7664",
                "fallback": "[dataitgirls2\/m3] Issue opened by jyw7664",
                "pretext": "Issue opened by jyw7664",
                "title": "#42 &lt;배달&gt; df코드 try during",
                "footer": "<https:\/\/github.com\/dataitgirls2\/m3|dataitgirls2\/m3>",
                "id": 1,
                "title_link": "https:\/\/github.com\/dataitgirls2\/m3\/issues\/42",
                "author_link": "https:\/\/github.com\/jyw7664",
                "author_icon": "https:\/\/avatars2.githubusercontent.com\/u\/40629153?v=4",
                "footer_icon": "https:\/\/assets-cdn.github.com\/favicon.ico",
                "ts": 1534094394,
                "color": "36a64f",
                "mrkdwn_in": [
                    "text"
                ]
            }
        ],
        "ts": "1534094395.000054"
    },
    {
        "type": "message",
        "user": "UBN0T9AG1",
        "text": "",
        "bot_id": "BBNDHKJQ3",
        "attachments": [
            {
                "author_name": "jyw7664",
                "fallback": "[dataitgirls2\/m3] Issue opened by jyw7664",
                "pretext": "Issue opened by jyw7664",
                "title": "#43 &lt;배달&gt; 유명 프랜차이즈 배달가능지역과 ??의 상관관계",
                "footer": "<https:\/\/github.com\/dataitgirls2\/m3|dataitgirls2\/m3>",
                "id": 1,
                "title_link": "https:\/\/github.com\/dataitgirls2\/m3\/issues\/43",
                "author_link": "https:\/\/github.com\/jyw7664",
                "author_icon": "https:\/\/avatars2.githubusercontent.com\/u\/40629153?v=4",
                "footer_icon": "https:\/\/assets-cdn.github.com\/favicon.ico",
                "ts": 1534094400,
                "color": "36a64f",
                "mrkdwn_in": [
                    "text"
                ]
            }
        ],
        "ts": "1534094401.000043"
    },
    {
        "type": "message",
        "user": "UBN0T9AG1",
        "text": "",
        "bot_id": "BBNDHKJQ3",
        "attachments": [
            {
                "author_name": "jyw7664",
                "fallback": "[dataitgirls2\/m3] Issue opened by jyw7664",
                "pretext": "Issue opened by jyw7664",
                "title": "#44 &lt;배달&gt; 배달과 관련될 것 같은 data찾기(머신러닝 고려)",
                "footer": "<https:\/\/github.com\/dataitgirls2\/m3|dataitgirls2\/m3>",
                "id": 1,
                "title_link": "https:\/\/github.com\/dataitgirls2\/m3\/issues\/44",
                "author_link": "https:\/\/github.com\/jyw7664",
                "author_icon": "https:\/\/avatars2.githubusercontent.com\/u\/40629153?v=4",
                "footer_icon": "https:\/\/assets-cdn.github.com\/favicon.ico",
                "ts": 1534094406,
                "color": "36a64f",
                "mrkdwn_in": [
                    "text"
                ]
            }
        ],
        "ts": "1534094407.000038"
    },
    {
        "type": "message",
        "user": "UBN0T9AG1",
        "text": "",
        "bot_id": "BBNDHKJQ3",
        "attachments": [
            {
                "author_name": "ahlumcho",
                "fallback": "[dataitgirls2\/m3] #45 아름 사진추가 3, 4_0812",
                "pretext": "Pull request opened by ahlumcho",
                "title": "#45 아름 사진추가 3, 4_0812",
                "footer": "<https:\/\/github.com\/dataitgirls2\/m3|dataitgirls2\/m3>",
                "id": 1,
                "title_link": "https:\/\/github.com\/dataitgirls2\/m3\/pull\/45",
                "author_link": "https:\/\/github.com\/ahlumcho",
                "author_icon": "https:\/\/avatars0.githubusercontent.com\/u\/40629293?v=4",
                "footer_icon": "https:\/\/assets-cdn.github.com\/favicon.ico",
                "ts": 1534094434,
                "color": "36a64f",
                "mrkdwn_in": [
                    "text"
                ]
            }
        ],
        "ts": "1534094436.000051"
    },
    {
        "type": "message",
        "user": "UBN0T9AG1",
        "text": "",
        "bot_id": "BBNDHKJQ3",
        "attachments": [
            {
                "fallback": "[dataitgirls2\/m3] #45 아름 사진추가 3, 4_0812",
                "pretext": "Pull request merged by ahlumcho",
                "title": "#45 아름 사진추가 3, 4_0812",
                "footer": "<https:\/\/github.com\/dataitgirls2\/m3|dataitgirls2\/m3>",
                "id": 1,
                "title_link": "https:\/\/github.com\/dataitgirls2\/m3\/pull\/45",
                "footer_icon": "https:\/\/assets-cdn.github.com\/favicon.ico",
                "ts": 1534094434,
                "color": "6f42c1",
                "mrkdwn_in": [
                    "text"
                ]
            }
        ],
        "ts": "1534094443.000007"
    },
    {
        "type": "message",
        "user": "UBN0T9AG1",
        "text": "",
        "bot_id": "BBNDHKJQ3",
        "attachments": [
            {
                "author_name": "ahlumcho",
                "fallback": "[dataitgirls2\/m3] <https:\/\/github.com\/dataitgirls2\/m3\/compare\/bf404616745e...9c67cfeac0c2|2 new commits> pushed to <https:\/\/github.com\/dataitgirls2\/m3\/tree\/master|`master`>",
                "text": "*<https:\/\/github.com\/dataitgirls2\/m3\/compare\/bf404616745e...9c67cfeac0c2|2 new commits> pushed to <https:\/\/github.com\/dataitgirls2\/m3\/tree\/master|`master`>*\n<https:\/\/github.com\/dataitgirls2\/m3\/commit\/e1ddbc8629478b5504f897ec558b0e45e511f3d6|`e1ddbc86`> - 아름 사진추가 3, 4_0812\n<https:\/\/github.com\/dataitgirls2\/m3\/commit\/9c67cfeac0c2561c85e1bd47e6669d905d7df2b4|`9c67cfea`> - Merge pull request #45 from ahlumcho\/master",
                "footer": "<https:\/\/github.com\/dataitgirls2\/m3|dataitgirls2\/m3>",
                "id": 1,
                "author_link": "https:\/\/github.com\/ahlumcho",
                "author_icon": "https:\/\/avatars0.githubusercontent.com\/u\/40629293?v=4",
                "footer_icon": "https:\/\/assets-cdn.github.com\/favicon.ico",
                "color": "24292f",
                "mrkdwn_in": [
                    "text"
                ]
            }
        ],
        "ts": "1534094443.000031"
    },
    {
        "type": "message",
        "user": "UBN0T9AG1",
        "text": "",
        "bot_id": "BBNDHKJQ3",
        "attachments": [
            {
                "author_name": "jyeeee95",
                "fallback": "[dataitgirls2\/m3] <https:\/\/github.com\/dataitgirls2\/m3\/compare\/9c67cfeac0c2...bb08b0880fb5|1 new commit> pushed to <https:\/\/github.com\/dataitgirls2\/m3\/tree\/master|`master`>",
                "text": "*<https:\/\/github.com\/dataitgirls2\/m3\/compare\/9c67cfeac0c2...bb08b0880fb5|1 new commit> pushed to <https:\/\/github.com\/dataitgirls2\/m3\/tree\/master|`master`>*\n<https:\/\/github.com\/dataitgirls2\/m3\/commit\/bb08b0880fb5aebf02d3e1ed617937203c43bb2b|`bb08b088`> - Rename ATC Code.md to ATC_Code.md",
                "footer": "<https:\/\/github.com\/dataitgirls2\/m3|dataitgirls2\/m3>",
                "id": 1,
                "author_link": "https:\/\/github.com\/jyeeee95",
                "author_icon": "https:\/\/avatars1.githubusercontent.com\/u\/40637201?v=4",
                "footer_icon": "https:\/\/assets-cdn.github.com\/favicon.ico",
                "color": "24292f",
                "mrkdwn_in": [
                    "text"
                ]
            }
        ],
        "ts": "1534094467.000010"
    },
    {
        "type": "message",
        "user": "UBN0T9AG1",
        "text": "",
        "bot_id": "BBNDHKJQ3",
        "attachments": [
            {
                "author_name": "jyeeee95",
                "fallback": "[dataitgirls2\/m3] <https:\/\/github.com\/dataitgirls2\/m3\/compare\/bb08b0880fb5...b323ac8e52d0|1 new commit> pushed to <https:\/\/github.com\/dataitgirls2\/m3\/tree\/master|`master`>",
                "text": "*<https:\/\/github.com\/dataitgirls2\/m3\/compare\/bb08b0880fb5...b323ac8e52d0|1 new commit> pushed to <https:\/\/github.com\/dataitgirls2\/m3\/tree\/master|`master`>*\n<https:\/\/github.com\/dataitgirls2\/m3\/commit\/b323ac8e52d0d3144d4d213417fbb0b5aa8d7a76|`b323ac8e`> - Update and rename Readme.md to README.md",
                "footer": "<https:\/\/github.com\/dataitgirls2\/m3|dataitgirls2\/m3>",
                "id": 1,
                "author_link": "https:\/\/github.com\/jyeeee95",
                "author_icon": "https:\/\/avatars1.githubusercontent.com\/u\/40637201?v=4",
                "footer_icon": "https:\/\/assets-cdn.github.com\/favicon.ico",
                "color": "24292f",
                "mrkdwn_in": [
                    "text"
                ]
            }
        ],
        "ts": "1534095214.000070"
    },
    {
        "type": "message",
        "user": "UBN0T9AG1",
        "text": "",
        "bot_id": "BBNDHKJQ3",
        "attachments": [
            {
                "author_name": "soryeongk",
                "fallback": "[dataitgirls2\/m3] #46 soryeong add the images",
                "text": "soryeong add the images",
                "pretext": "Pull request opened by soryeongk",
                "title": "#46 soryeong add the images",
                "footer": "<https:\/\/github.com\/dataitgirls2\/m3|dataitgirls2\/m3>",
                "id": 1,
                "title_link": "https:\/\/github.com\/dataitgirls2\/m3\/pull\/46",
                "author_link": "https:\/\/github.com\/soryeongk",
                "author_icon": "https:\/\/avatars3.githubusercontent.com\/u\/40630964?v=4",
                "footer_icon": "https:\/\/assets-cdn.github.com\/favicon.ico",
                "ts": 1534130444,
                "color": "36a64f",
                "mrkdwn_in": [
                    "text"
                ]
            }
        ],
        "ts": "1534130446.000034"
    },
    {
        "type": "message",
        "user": "UBN0T9AG1",
        "text": "",
        "bot_id": "BBNDHKJQ3",
        "attachments": [
            {
                "fallback": "[dataitgirls2\/m3] #46 soryeong add the images",
                "pretext": "Pull request merged by soryeongk",
                "title": "#46 soryeong add the images",
                "footer": "<https:\/\/github.com\/dataitgirls2\/m3|dataitgirls2\/m3>",
                "id": 1,
                "title_link": "https:\/\/github.com\/dataitgirls2\/m3\/pull\/46",
                "footer_icon": "https:\/\/assets-cdn.github.com\/favicon.ico",
                "ts": 1534130444,
                "color": "6f42c1",
                "mrkdwn_in": [
                    "text"
                ]
            }
        ],
        "ts": "1534130451.000064"
    },
    {
        "type": "message",
        "user": "UBN0T9AG1",
        "text": "",
        "bot_id": "BBNDHKJQ3",
        "attachments": [
            {
                "author_name": "soryeongk",
                "fallback": "[dataitgirls2\/m3] <https:\/\/github.com\/dataitgirls2\/m3\/compare\/b323ac8e52d0...62fa902f21cd|2 new commits> pushed to <https:\/\/github.com\/dataitgirls2\/m3\/tree\/master|`master`>",
                "text": "*<https:\/\/github.com\/dataitgirls2\/m3\/compare\/b323ac8e52d0...62fa902f21cd|2 new commits> pushed to <https:\/\/github.com\/dataitgirls2\/m3\/tree\/master|`master`>*\n<https:\/\/github.com\/dataitgirls2\/m3\/commit\/5f4b0238b30ec23d6e9d02f9ba8e1c4fa88d474f|`5f4b0238`> - soryeong add the images\n<https:\/\/github.com\/dataitgirls2\/m3\/commit\/62fa902f21cdfd84798cefdca64f8f1fcb9edba6|`62fa902f`> - Merge pull request #46 from soryeongk\/master",
                "footer": "<https:\/\/github.com\/dataitgirls2\/m3|dataitgirls2\/m3>",
                "id": 1,
                "author_link": "https:\/\/github.com\/soryeongk",
                "author_icon": "https:\/\/avatars3.githubusercontent.com\/u\/40630964?v=4",
                "footer_icon": "https:\/\/assets-cdn.github.com\/favicon.ico",
                "color": "24292f",
                "mrkdwn_in": [
                    "text"
                ]
            }
        ],
        "ts": "1534130451.000104"
    },
    {
        "type": "message",
        "user": "UBN0T9AG1",
        "text": "",
        "bot_id": "BBNDHKJQ3",
        "attachments": [
            {
                "author_name": "chacha816",
                "fallback": "[dataitgirls2\/tutorial] <https:\/\/github.com\/dataitgirls2\/tutorial\/compare\/7f8083765421...690f44475d65|1 new commit> pushed to <https:\/\/github.com\/dataitgirls2\/tutorial\/tree\/master|`master`>",
                "text": "*<https:\/\/github.com\/dataitgirls2\/tutorial\/compare\/7f8083765421...690f44475d65|1 new commit> pushed to <https:\/\/github.com\/dataitgirls2\/tutorial\/tree\/master|`master`>*\n<https:\/\/github.com\/dataitgirls2\/tutorial\/commit\/690f44475d65d5bec0f006fc1e38379c46da6941|`690f4447`> - Add files via upload",
                "footer": "<https:\/\/github.com\/dataitgirls2\/tutorial|dataitgirls2\/tutorial>",
                "id": 1,
                "author_link": "https:\/\/github.com\/chacha816",
                "author_icon": "https:\/\/avatars0.githubusercontent.com\/u\/40636908?v=4",
                "footer_icon": "https:\/\/assets-cdn.github.com\/favicon.ico",
                "color": "24292f",
                "mrkdwn_in": [
                    "text"
                ]
            }
        ],
        "ts": "1534140035.000001"
    },
    {
        "type": "message",
        "user": "UBN0T9AG1",
        "text": "",
        "bot_id": "BBNDHKJQ3",
        "attachments": [
            {
                "author_name": "chacha816",
                "fallback": "[dataitgirls2\/tutorial] Successfully deployed 690f444 to github-pages",
                "text": "Successfully deployed <https:\/\/github.com\/dataitgirls2\/tutorial\/commit\/690f44475d65d5bec0f006fc1e38379c46da6941|`690f444`> to github-pages",
                "footer": "<https:\/\/github.com\/dataitgirls2\/tutorial|dataitgirls2\/tutorial>",
                "id": 1,
                "author_link": "https:\/\/github.com\/chacha816",
                "author_icon": "https:\/\/avatars0.githubusercontent.com\/u\/40636908?v=4",
                "footer_icon": "https:\/\/assets-cdn.github.com\/favicon.ico",
                "color": "28a745",
                "mrkdwn_in": [
                    "text"
                ]
            }
        ],
        "ts": "1534140048.000101"
    },
    {
        "type": "message",
        "user": "UBN0T9AG1",
        "text": "",
        "bot_id": "BBNDHKJQ3",
        "attachments": [
            {
                "author_name": "chacha816",
                "fallback": "[dataitgirls2\/tutorial] <https:\/\/github.com\/dataitgirls2\/tutorial\/compare\/690f44475d65...894f801c1b7d|1 new commit> pushed to <https:\/\/github.com\/dataitgirls2\/tutorial\/tree\/master|`master`>",
                "text": "*<https:\/\/github.com\/dataitgirls2\/tutorial\/compare\/690f44475d65...894f801c1b7d|1 new commit> pushed to <https:\/\/github.com\/dataitgirls2\/tutorial\/tree\/master|`master`>*\n<https:\/\/github.com\/dataitgirls2\/tutorial\/commit\/894f801c1b7dd3f290c67f1695718a2764386dc1|`894f801c`> - Rename Tutorial_0813_kaggle Titanic.md to Tutorial_180813_kaggle_Titanic.md",
                "footer": "<https:\/\/github.com\/dataitgirls2\/tutorial|dataitgirls2\/tutorial>",
                "id": 1,
                "author_link": "https:\/\/github.com\/chacha816",
                "author_icon": "https:\/\/avatars0.githubusercontent.com\/u\/40636908?v=4",
                "footer_icon": "https:\/\/assets-cdn.github.com\/favicon.ico",
                "color": "24292f",
                "mrkdwn_in": [
                    "text"
                ]
            }
        ],
        "ts": "1534140060.000152"
    },
    {
        "type": "message",
        "user": "UBN0T9AG1",
        "text": "",
        "bot_id": "BBNDHKJQ3",
        "attachments": [
            {
                "author_name": "chacha816",
                "fallback": "[dataitgirls2\/tutorial] Successfully deployed 894f801 to github-pages",
                "text": "Successfully deployed <https:\/\/github.com\/dataitgirls2\/tutorial\/commit\/894f801c1b7dd3f290c67f1695718a2764386dc1|`894f801`> to github-pages",
                "footer": "<https:\/\/github.com\/dataitgirls2\/tutorial|dataitgirls2\/tutorial>",
                "id": 1,
                "author_link": "https:\/\/github.com\/chacha816",
                "author_icon": "https:\/\/avatars0.githubusercontent.com\/u\/40636908?v=4",
                "footer_icon": "https:\/\/assets-cdn.github.com\/favicon.ico",
                "color": "28a745",
                "mrkdwn_in": [
                    "text"
                ]
            }
        ],
        "ts": "1534140070.000171"
    },
    {
        "type": "message",
        "user": "UBN0T9AG1",
        "text": "",
        "bot_id": "BBNDHKJQ3",
        "attachments": [
            {
                "author_name": "chacha816",
                "fallback": "[dataitgirls2\/tutorial] <https:\/\/github.com\/dataitgirls2\/tutorial\/compare\/894f801c1b7d...f3a98d05a2a2|1 new commit> pushed to <https:\/\/github.com\/dataitgirls2\/tutorial\/tree\/master|`master`>",
                "text": "*<https:\/\/github.com\/dataitgirls2\/tutorial\/compare\/894f801c1b7d...f3a98d05a2a2|1 new commit> pushed to <https:\/\/github.com\/dataitgirls2\/tutorial\/tree\/master|`master`>*\n<https:\/\/github.com\/dataitgirls2\/tutorial\/commit\/f3a98d05a2a22585b23dbcb2f9042b3a5ff57082|`f3a98d05`> - Delete Tutorial_180813_kaggle_Titanic.md",
                "footer": "<https:\/\/github.com\/dataitgirls2\/tutorial|dataitgirls2\/tutorial>",
                "id": 1,
                "author_link": "https:\/\/github.com\/chacha816",
                "author_icon": "https:\/\/avatars0.githubusercontent.com\/u\/40636908?v=4",
                "footer_icon": "https:\/\/assets-cdn.github.com\/favicon.ico",
                "color": "24292f",
                "mrkdwn_in": [
                    "text"
                ]
            }
        ],
        "ts": "1534140200.000192"
    },
    {
        "type": "message",
        "user": "UBN0T9AG1",
        "text": "",
        "bot_id": "BBNDHKJQ3",
        "attachments": [
            {
                "author_name": "chacha816",
                "fallback": "[dataitgirls2\/tutorial] Successfully deployed f3a98d0 to github-pages",
                "text": "Successfully deployed <https:\/\/github.com\/dataitgirls2\/tutorial\/commit\/f3a98d05a2a22585b23dbcb2f9042b3a5ff57082|`f3a98d0`> to github-pages",
                "footer": "<https:\/\/github.com\/dataitgirls2\/tutorial|dataitgirls2\/tutorial>",
                "id": 1,
                "author_link": "https:\/\/github.com\/chacha816",
                "author_icon": "https:\/\/avatars0.githubusercontent.com\/u\/40636908?v=4",
                "footer_icon": "https:\/\/assets-cdn.github.com\/favicon.ico",
                "color": "28a745",
                "mrkdwn_in": [
                    "text"
                ]
            }
        ],
        "ts": "1534140208.000069"
    },
    {
        "type": "message",
        "user": "UBN0T9AG1",
        "text": "",
        "bot_id": "BBNDHKJQ3",
        "attachments": [
            {
                "author_name": "chacha816",
                "fallback": "[dataitgirls2\/tutorial] <https:\/\/github.com\/dataitgirls2\/tutorial\/compare\/f3a98d05a2a2...6e7170e00b63|1 new commit> pushed to <https:\/\/github.com\/dataitgirls2\/tutorial\/tree\/master|`master`>",
                "text": "*<https:\/\/github.com\/dataitgirls2\/tutorial\/compare\/f3a98d05a2a2...6e7170e00b63|1 new commit> pushed to <https:\/\/github.com\/dataitgirls2\/tutorial\/tree\/master|`master`>*\n<https:\/\/github.com\/dataitgirls2\/tutorial\/commit\/6e7170e00b63d1cdc4468ceae9abf1b129cd227a|`6e7170e0`> - Create Tutorial_180813_kaggle_Titanic",
                "footer": "<https:\/\/github.com\/dataitgirls2\/tutorial|dataitgirls2\/tutorial>",
                "id": 1,
                "author_link": "https:\/\/github.com\/chacha816",
                "author_icon": "https:\/\/avatars0.githubusercontent.com\/u\/40636908?v=4",
                "footer_icon": "https:\/\/assets-cdn.github.com\/favicon.ico",
                "color": "24292f",
                "mrkdwn_in": [
                    "text"
                ]
            }
        ],
        "ts": "1534140219.000118"
    },
    {
        "type": "message",
        "user": "UBN0T9AG1",
        "text": "",
        "bot_id": "BBNDHKJQ3",
        "attachments": [
            {
                "author_name": "chacha816",
                "fallback": "[dataitgirls2\/tutorial] Successfully deployed 6e7170e to github-pages",
                "text": "Successfully deployed <https:\/\/github.com\/dataitgirls2\/tutorial\/commit\/6e7170e00b63d1cdc4468ceae9abf1b129cd227a|`6e7170e`> to github-pages",
                "footer": "<https:\/\/github.com\/dataitgirls2\/tutorial|dataitgirls2\/tutorial>",
                "id": 1,
                "author_link": "https:\/\/github.com\/chacha816",
                "author_icon": "https:\/\/avatars0.githubusercontent.com\/u\/40636908?v=4",
                "footer_icon": "https:\/\/assets-cdn.github.com\/favicon.ico",
                "color": "28a745",
                "mrkdwn_in": [
                    "text"
                ]
            }
        ],
        "ts": "1534140228.000010"
    },
    {
        "type": "message",
        "user": "UBN0T9AG1",
        "text": "",
        "bot_id": "BBNDHKJQ3",
        "attachments": [
            {
                "author_name": "chacha816",
                "fallback": "[dataitgirls2\/tutorial] <https:\/\/github.com\/dataitgirls2\/tutorial\/compare\/6e7170e00b63...c67f476bcbea|1 new commit> pushed to <https:\/\/github.com\/dataitgirls2\/tutorial\/tree\/master|`master`>",
                "text": "*<https:\/\/github.com\/dataitgirls2\/tutorial\/compare\/6e7170e00b63...c67f476bcbea|1 new commit> pushed to <https:\/\/github.com\/dataitgirls2\/tutorial\/tree\/master|`master`>*\n<https:\/\/github.com\/dataitgirls2\/tutorial\/commit\/c67f476bcbea13834cede5394d67290050cfb822|`c67f476b`> - Delete Tutorial_180813_kaggle_Titanic",
                "footer": "<https:\/\/github.com\/dataitgirls2\/tutorial|dataitgirls2\/tutorial>",
                "id": 1,
                "author_link": "https:\/\/github.com\/chacha816",
                "author_icon": "https:\/\/avatars0.githubusercontent.com\/u\/40636908?v=4",
                "footer_icon": "https:\/\/assets-cdn.github.com\/favicon.ico",
                "color": "24292f",
                "mrkdwn_in": [
                    "text"
                ]
            }
        ],
        "ts": "1534140255.000103"
    },
    {
        "type": "message",
        "user": "UBN0T9AG1",
        "text": "",
        "bot_id": "BBNDHKJQ3",
        "attachments": [
            {
                "author_name": "chacha816",
                "fallback": "[dataitgirls2\/tutorial] Successfully deployed c67f476 to github-pages",
                "text": "Successfully deployed <https:\/\/github.com\/dataitgirls2\/tutorial\/commit\/c67f476bcbea13834cede5394d67290050cfb822|`c67f476`> to github-pages",
                "footer": "<https:\/\/github.com\/dataitgirls2\/tutorial|dataitgirls2\/tutorial>",
                "id": 1,
                "author_link": "https:\/\/github.com\/chacha816",
                "author_icon": "https:\/\/avatars0.githubusercontent.com\/u\/40636908?v=4",
                "footer_icon": "https:\/\/assets-cdn.github.com\/favicon.ico",
                "color": "28a745",
                "mrkdwn_in": [
                    "text"
                ]
            }
        ],
        "ts": "1534140266.000187"
    },
    {
        "type": "message",
        "user": "UBN0T9AG1",
        "text": "",
        "bot_id": "BBNDHKJQ3",
        "attachments": [
            {
                "author_name": "chacha816",
                "fallback": "[dataitgirls2\/tutorial] <https:\/\/github.com\/dataitgirls2\/tutorial\/compare\/c67f476bcbea...bdacb97edb68|1 new commit> pushed to <https:\/\/github.com\/dataitgirls2\/tutorial\/tree\/master|`master`>",
                "text": "*<https:\/\/github.com\/dataitgirls2\/tutorial\/compare\/c67f476bcbea...bdacb97edb68|1 new commit> pushed to <https:\/\/github.com\/dataitgirls2\/tutorial\/tree\/master|`master`>*\n<https:\/\/github.com\/dataitgirls2\/tutorial\/commit\/bdacb97edb68eb85cdc91885748dcdd4df6c0187|`bdacb97e`> - Add files via upload",
                "footer": "<https:\/\/github.com\/dataitgirls2\/tutorial|dataitgirls2\/tutorial>",
                "id": 1,
                "author_link": "https:\/\/github.com\/chacha816",
                "author_icon": "https:\/\/avatars0.githubusercontent.com\/u\/40636908?v=4",
                "footer_icon": "https:\/\/assets-cdn.github.com\/favicon.ico",
                "color": "24292f",
                "mrkdwn_in": [
                    "text"
                ]
            }
        ],
        "ts": "1534140289.000123"
    },
    {
        "type": "message",
        "user": "UBN0T9AG1",
        "text": "",
        "bot_id": "BBNDHKJQ3",
        "attachments": [
            {
                "author_name": "chacha816",
                "fallback": "[dataitgirls2\/tutorial] Successfully deployed bdacb97 to github-pages",
                "text": "Successfully deployed <https:\/\/github.com\/dataitgirls2\/tutorial\/commit\/bdacb97edb68eb85cdc91885748dcdd4df6c0187|`bdacb97`> to github-pages",
                "footer": "<https:\/\/github.com\/dataitgirls2\/tutorial|dataitgirls2\/tutorial>",
                "id": 1,
                "author_link": "https:\/\/github.com\/chacha816",
                "author_icon": "https:\/\/avatars0.githubusercontent.com\/u\/40636908?v=4",
                "footer_icon": "https:\/\/assets-cdn.github.com\/favicon.ico",
                "color": "28a745",
                "mrkdwn_in": [
                    "text"
                ]
            }
        ],
        "ts": "1534140298.000194"
    },
    {
        "type": "message",
        "user": "UBN0T9AG1",
        "text": "",
        "bot_id": "BBNDHKJQ3",
        "attachments": [
            {
                "author_name": "chacha816",
                "fallback": "[dataitgirls2\/tutorial] <https:\/\/github.com\/dataitgirls2\/tutorial\/compare\/bdacb97edb68...8439b9a1859b|1 new commit> pushed to <https:\/\/github.com\/dataitgirls2\/tutorial\/tree\/master|`master`>",
                "text": "*<https:\/\/github.com\/dataitgirls2\/tutorial\/compare\/bdacb97edb68...8439b9a1859b|1 new commit> pushed to <https:\/\/github.com\/dataitgirls2\/tutorial\/tree\/master|`master`>*\n<https:\/\/github.com\/dataitgirls2\/tutorial\/commit\/8439b9a1859b4311dc219cca60dda2b75e24d402|`8439b9a1`> - Update and rename Tutorial_0813_kaggle Titanic.md to Tutorial_180813_kaggle_Titanic.md",
                "footer": "<https:\/\/github.com\/dataitgirls2\/tutorial|dataitgirls2\/tutorial>",
                "id": 1,
                "author_link": "https:\/\/github.com\/chacha816",
                "author_icon": "https:\/\/avatars0.githubusercontent.com\/u\/40636908?v=4",
                "footer_icon": "https:\/\/assets-cdn.github.com\/favicon.ico",
                "color": "24292f",
                "mrkdwn_in": [
                    "text"
                ]
            }
        ],
        "ts": "1534140441.000057"
    },
    {
        "type": "message",
        "user": "UBN0T9AG1",
        "text": "",
        "bot_id": "BBNDHKJQ3",
        "attachments": [
            {
                "author_name": "chacha816",
                "fallback": "[dataitgirls2\/tutorial] Successfully deployed 8439b9a to github-pages",
                "text": "Successfully deployed <https:\/\/github.com\/dataitgirls2\/tutorial\/commit\/8439b9a1859b4311dc219cca60dda2b75e24d402|`8439b9a`> to github-pages",
                "footer": "<https:\/\/github.com\/dataitgirls2\/tutorial|dataitgirls2\/tutorial>",
                "id": 1,
                "author_link": "https:\/\/github.com\/chacha816",
                "author_icon": "https:\/\/avatars0.githubusercontent.com\/u\/40636908?v=4",
                "footer_icon": "https:\/\/assets-cdn.github.com\/favicon.ico",
                "color": "28a745",
                "mrkdwn_in": [
                    "text"
                ]
            }
        ],
        "ts": "1534140449.000152"
    },
    {
        "type": "message",
        "user": "UBN0T9AG1",
        "text": "",
        "bot_id": "BBNDHKJQ3",
        "attachments": [
            {
                "author_name": "chacha816",
                "fallback": "[dataitgirls2\/tutorial] <https:\/\/github.com\/dataitgirls2\/tutorial\/compare\/8439b9a1859b...2139da72ea81|1 new commit> pushed to <https:\/\/github.com\/dataitgirls2\/tutorial\/tree\/master|`master`>",
                "text": "*<https:\/\/github.com\/dataitgirls2\/tutorial\/compare\/8439b9a1859b...2139da72ea81|1 new commit> pushed to <https:\/\/github.com\/dataitgirls2\/tutorial\/tree\/master|`master`>*\n<https:\/\/github.com\/dataitgirls2\/tutorial\/commit\/2139da72ea81bb18570d7a37ab43d3cc1420af5b|`2139da72`> - Update Tutorial_180813_kaggle_Titanic.md",
                "footer": "<https:\/\/github.com\/dataitgirls2\/tutorial|dataitgirls2\/tutorial>",
                "id": 1,
                "author_link": "https:\/\/github.com\/chacha816",
                "author_icon": "https:\/\/avatars0.githubusercontent.com\/u\/40636908?v=4",
                "footer_icon": "https:\/\/assets-cdn.github.com\/favicon.ico",
                "color": "24292f",
                "mrkdwn_in": [
                    "text"
                ]
            }
        ],
        "ts": "1534140502.000155"
    },
    {
        "type": "message",
        "user": "UBN0T9AG1",
        "text": "",
        "bot_id": "BBNDHKJQ3",
        "attachments": [
            {
                "author_name": "chacha816",
                "fallback": "[dataitgirls2\/tutorial] Successfully deployed 2139da7 to github-pages",
                "text": "Successfully deployed <https:\/\/github.com\/dataitgirls2\/tutorial\/commit\/2139da72ea81bb18570d7a37ab43d3cc1420af5b|`2139da7`> to github-pages",
                "footer": "<https:\/\/github.com\/dataitgirls2\/tutorial|dataitgirls2\/tutorial>",
                "id": 1,
                "author_link": "https:\/\/github.com\/chacha816",
                "author_icon": "https:\/\/avatars0.githubusercontent.com\/u\/40636908?v=4",
                "footer_icon": "https:\/\/assets-cdn.github.com\/favicon.ico",
                "color": "28a745",
                "mrkdwn_in": [
                    "text"
                ]
            }
        ],
        "ts": "1534140511.000220"
    }
]