[
    {
        "type": "message",
        "user": "UBN0T9AG1",
        "text": "",
        "bot_id": "BBNDHKJQ3",
        "attachments": [
            {
                "author_name": "pje1740",
                "fallback": "[dataitgirls2\/TWL] #444 20180814 Update",
                "pretext": "Pull request opened by pje1740",
                "title": "#444 20180814 Update",
                "footer": "<https:\/\/github.com\/dataitgirls2\/TWL|dataitgirls2\/TWL>",
                "id": 1,
                "title_link": "https:\/\/github.com\/dataitgirls2\/TWL\/pull\/444",
                "author_link": "https:\/\/github.com\/pje1740",
                "author_icon": "https:\/\/avatars1.githubusercontent.com\/u\/38778829?v=4",
                "footer_icon": "https:\/\/assets-cdn.github.com\/favicon.ico",
                "ts": 1534234551,
                "color": "36a64f",
                "mrkdwn_in": [
                    "text"
                ]
            }
        ],
        "ts": "1534234553.000100"
    },
    {
        "type": "message",
        "user": "UBN0T9AG1",
        "text": "",
        "bot_id": "BBNDHKJQ3",
        "attachments": [
            {
                "fallback": "[dataitgirls2\/TWL] #444 20180814 Update",
                "pretext": "Pull request merged by pje1740",
                "title": "#444 20180814 Update",
                "footer": "<https:\/\/github.com\/dataitgirls2\/TWL|dataitgirls2\/TWL>",
                "id": 1,
                "title_link": "https:\/\/github.com\/dataitgirls2\/TWL\/pull\/444",
                "footer_icon": "https:\/\/assets-cdn.github.com\/favicon.ico",
                "ts": 1534234551,
                "color": "6f42c1",
                "mrkdwn_in": [
                    "text"
                ]
            }
        ],
        "ts": "1534234560.000100"
    },
    {
        "type": "message",
        "user": "UBN0T9AG1",
        "text": "",
        "bot_id": "BBNDHKJQ3",
        "attachments": [
            {
                "author_name": "pje1740",
                "fallback": "[dataitgirls2\/TWL] <https:\/\/github.com\/dataitgirls2\/TWL\/compare\/0150bc48cf3f...d2958aaa0d0f|2 new commits> pushed to <https:\/\/github.com\/dataitgirls2\/TWL\/tree\/master|`master`>",
                "text": "*<https:\/\/github.com\/dataitgirls2\/TWL\/compare\/0150bc48cf3f...d2958aaa0d0f|2 new commits> pushed to <https:\/\/github.com\/dataitgirls2\/TWL\/tree\/master|`master`>*\n<https:\/\/github.com\/dataitgirls2\/TWL\/commit\/230b8f0ef3e099217f6fa5e19c3ce5f11503b5ce|`230b8f0e`> - 20180814 Update\n<https:\/\/github.com\/dataitgirls2\/TWL\/commit\/d2958aaa0d0f4a6408f15b19b15587888baeb50c|`d2958aaa`> - Merge pull request #444 from pje1740\/master",
                "footer": "<https:\/\/github.com\/dataitgirls2\/TWL|dataitgirls2\/TWL>",
                "id": 1,
                "author_link": "https:\/\/github.com\/pje1740",
                "author_icon": "https:\/\/avatars1.githubusercontent.com\/u\/38778829?v=4",
                "footer_icon": "https:\/\/assets-cdn.github.com\/favicon.ico",
                "color": "24292f",
                "mrkdwn_in": [
                    "text"
                ]
            }
        ],
        "ts": "1534234560.000200"
    },
    {
        "type": "message",
        "user": "UBN0T9AG1",
        "text": "",
        "bot_id": "BBNDHKJQ3",
        "attachments": [
            {
                "author_name": "YoungestSalon",
                "fallback": "[dataitgirls2\/TWL] #445 20180814 TWL by YoungestSalon",
                "pretext": "Pull request opened by YoungestSalon",
                "title": "#445 20180814 TWL by YoungestSalon",
                "footer": "<https:\/\/github.com\/dataitgirls2\/TWL|dataitgirls2\/TWL>",
                "id": 1,
                "title_link": "https:\/\/github.com\/dataitgirls2\/TWL\/pull\/445",
                "author_link": "https:\/\/github.com\/YoungestSalon",
                "author_icon": "https:\/\/avatars3.githubusercontent.com\/u\/39959286?v=4",
                "footer_icon": "https:\/\/assets-cdn.github.com\/favicon.ico",
                "ts": 1534234773,
                "color": "36a64f",
                "mrkdwn_in": [
                    "text"
                ]
            }
        ],
        "ts": "1534234775.000100"
    },
    {
        "type": "message",
        "user": "UBN0T9AG1",
        "text": "",
        "bot_id": "BBNDHKJQ3",
        "attachments": [
            {
                "fallback": "[dataitgirls2\/TWL] #445 20180814 TWL by YoungestSalon",
                "pretext": "Pull request merged by YoungestSalon",
                "title": "#445 20180814 TWL by YoungestSalon",
                "footer": "<https:\/\/github.com\/dataitgirls2\/TWL|dataitgirls2\/TWL>",
                "id": 1,
                "title_link": "https:\/\/github.com\/dataitgirls2\/TWL\/pull\/445",
                "footer_icon": "https:\/\/assets-cdn.github.com\/favicon.ico",
                "ts": 1534234773,
                "color": "6f42c1",
                "mrkdwn_in": [
                    "text"
                ]
            }
        ],
        "ts": "1534234782.000100"
    },
    {
        "type": "message",
        "user": "UBN0T9AG1",
        "text": "",
        "bot_id": "BBNDHKJQ3",
        "attachments": [
            {
                "author_name": "YoungestSalon",
                "fallback": "[dataitgirls2\/TWL] <https:\/\/github.com\/dataitgirls2\/TWL\/compare\/d2958aaa0d0f...030c1796b2b0|3 new commits> pushed to <https:\/\/github.com\/dataitgirls2\/TWL\/tree\/master|`master`>",
                "text": "*<https:\/\/github.com\/dataitgirls2\/TWL\/compare\/d2958aaa0d0f...030c1796b2b0|3 new commits> pushed to <https:\/\/github.com\/dataitgirls2\/TWL\/tree\/master|`master`>*\n<https:\/\/github.com\/dataitgirls2\/TWL\/commit\/0ca1397b4fa8a9d697b454f951277f5352a726fc|`0ca1397b`> - Add files via upload\n<https:\/\/github.com\/dataitgirls2\/TWL\/commit\/16b3f0800d4c274e66519eb225efab951055a73d|`16b3f080`> - Rename 20180814.md to 20180814_PracticeTDD.md\n<https:\/\/github.com\/dataitgirls2\/TWL\/commit\/030c1796b2b0eb4bda0a38af964c438078640fdd|`030c1796`> - Merge pull request #445 from YoungestSalon\/master",
                "footer": "<https:\/\/github.com\/dataitgirls2\/TWL|dataitgirls2\/TWL>",
                "id": 1,
                "author_link": "https:\/\/github.com\/YoungestSalon",
                "author_icon": "https:\/\/avatars3.githubusercontent.com\/u\/39959286?v=4",
                "footer_icon": "https:\/\/assets-cdn.github.com\/favicon.ico",
                "color": "24292f",
                "mrkdwn_in": [
                    "text"
                ]
            }
        ],
        "ts": "1534234782.000200"
    },
    {
        "type": "message",
        "user": "UBN0T9AG1",
        "text": "",
        "bot_id": "BBNDHKJQ3",
        "attachments": [
            {
                "author_name": "aeranghang",
                "fallback": "[dataitgirls2\/10minutes2pandas] #62 기본적인 타이포그라피 개선",
                "pretext": "Pull request opened by aeranghang",
                "title": "#62 기본적인 타이포그라피 개선",
                "footer": "<https:\/\/github.com\/dataitgirls2\/10minutes2pandas|dataitgirls2\/10minutes2pandas>",
                "id": 1,
                "title_link": "https:\/\/github.com\/dataitgirls2\/10minutes2pandas\/pull\/62",
                "author_link": "https:\/\/github.com\/aeranghang",
                "author_icon": "https:\/\/avatars1.githubusercontent.com\/u\/40624307?v=4",
                "footer_icon": "https:\/\/assets-cdn.github.com\/favicon.ico",
                "ts": 1534242150,
                "color": "36a64f",
                "mrkdwn_in": [
                    "text"
                ]
            }
        ],
        "ts": "1534242152.000100"
    },
    {
        "type": "message",
        "user": "UBN0T9AG1",
        "text": "",
        "bot_id": "BBNDHKJQ3",
        "attachments": [
            {
                "fallback": "[dataitgirls2\/10minutes2pandas] #62 기본적인 타이포그라피 개선",
                "pretext": "Pull request merged by aeranghang",
                "title": "#62 기본적인 타이포그라피 개선",
                "footer": "<https:\/\/github.com\/dataitgirls2\/10minutes2pandas|dataitgirls2\/10minutes2pandas>",
                "id": 1,
                "title_link": "https:\/\/github.com\/dataitgirls2\/10minutes2pandas\/pull\/62",
                "footer_icon": "https:\/\/assets-cdn.github.com\/favicon.ico",
                "ts": 1534242150,
                "color": "6f42c1",
                "mrkdwn_in": [
                    "text"
                ]
            }
        ],
        "ts": "1534242158.000100",
        "reactions": [
            {
                "name": "thumbsup_all",
                "users": [
                    "U9SN17L0M"
                ],
                "count": 1
            }
        ]
    },
    {
        "type": "message",
        "user": "UBN0T9AG1",
        "text": "",
        "bot_id": "BBNDHKJQ3",
        "attachments": [
            {
                "author_name": "aeranghang",
                "fallback": "[dataitgirls2\/10minutes2pandas] <https:\/\/github.com\/dataitgirls2\/10minutes2pandas\/compare\/ca8a3951c5b8...bcbc4000b096|2 new commits> pushed to <https:\/\/github.com\/dataitgirls2\/10minutes2pandas\/tree\/master|`master`>",
                "text": "*<https:\/\/github.com\/dataitgirls2\/10minutes2pandas\/compare\/ca8a3951c5b8...bcbc4000b096|2 new commits> pushed to <https:\/\/github.com\/dataitgirls2\/10minutes2pandas\/tree\/master|`master`>*\n<https:\/\/github.com\/dataitgirls2\/10minutes2pandas\/commit\/3965c8ea15ff8f800760f44d600e3fff20989e96|`3965c8ea`> - 기본적인 타이포그라피 개선\n<https:\/\/github.com\/dataitgirls2\/10minutes2pandas\/commit\/bcbc4000b096609a1c5267d3ab93beac11377433|`bcbc4000`> - Merge pull request #62 from aeranghang\/master",
                "footer": "<https:\/\/github.com\/dataitgirls2\/10minutes2pandas|dataitgirls2\/10minutes2pandas>",
                "id": 1,
                "author_link": "https:\/\/github.com\/aeranghang",
                "author_icon": "https:\/\/avatars1.githubusercontent.com\/u\/40624307?v=4",
                "footer_icon": "https:\/\/assets-cdn.github.com\/favicon.ico",
                "color": "24292f",
                "mrkdwn_in": [
                    "text"
                ]
            }
        ],
        "ts": "1534242158.000200"
    },
    {
        "type": "message",
        "user": "UBN0T9AG1",
        "text": "",
        "bot_id": "BBNDHKJQ3",
        "attachments": [
            {
                "author_name": "aeranghang",
                "fallback": "[dataitgirls2\/10minutes2pandas] Successfully deployed bcbc400 to github-pages",
                "text": "Successfully deployed <https:\/\/github.com\/dataitgirls2\/10minutes2pandas\/commit\/bcbc4000b096609a1c5267d3ab93beac11377433|`bcbc400`> to github-pages",
                "footer": "<https:\/\/github.com\/dataitgirls2\/10minutes2pandas|dataitgirls2\/10minutes2pandas>",
                "id": 1,
                "author_link": "https:\/\/github.com\/aeranghang",
                "author_icon": "https:\/\/avatars1.githubusercontent.com\/u\/40624307?v=4",
                "footer_icon": "https:\/\/assets-cdn.github.com\/favicon.ico",
                "color": "28a745",
                "mrkdwn_in": [
                    "text"
                ]
            }
        ],
        "ts": "1534242169.000100"
    },
    {
        "type": "message",
        "user": "UBN0T9AG1",
        "text": "",
        "bot_id": "BBNDHKJQ3",
        "attachments": [
            {
                "author_name": "snakefeet42",
                "fallback": "[dataitgirls2\/m3] #58 성동구, 성북구, 송파구, 양천구, 영등포구 영업 현황 엑셀 파일로 올립니다",
                "text": "가공 하나도 안된 raw data입니다!",
                "pretext": "Pull request opened by snakefeet42",
                "title": "#58 성동구, 성북구, 송파구, 양천구, 영등포구 영업 현황 엑셀 파일로 올립니다",
                "footer": "<https:\/\/github.com\/dataitgirls2\/m3|dataitgirls2\/m3>",
                "id": 1,
                "title_link": "https:\/\/github.com\/dataitgirls2\/m3\/pull\/58",
                "author_link": "https:\/\/github.com\/snakefeet42",
                "author_icon": "https:\/\/avatars2.githubusercontent.com\/u\/40568860?v=4",
                "footer_icon": "https:\/\/assets-cdn.github.com\/favicon.ico",
                "ts": 1534248829,
                "color": "36a64f",
                "mrkdwn_in": [
                    "text"
                ]
            }
        ],
        "ts": "1534248831.000100"
    },
    {
        "type": "message",
        "user": "UBN0T9AG1",
        "text": "",
        "bot_id": "BBNDHKJQ3",
        "attachments": [
            {
                "fallback": "[dataitgirls2\/m3] #58 성동구, 성북구, 송파구, 양천구, 영등포구 영업 현황 엑셀 파일로 올립니다",
                "pretext": "Pull request merged by snakefeet42",
                "title": "#58 성동구, 성북구, 송파구, 양천구, 영등포구 영업 현황 엑셀 파일로 올립니다",
                "footer": "<https:\/\/github.com\/dataitgirls2\/m3|dataitgirls2\/m3>",
                "id": 1,
                "title_link": "https:\/\/github.com\/dataitgirls2\/m3\/pull\/58",
                "footer_icon": "https:\/\/assets-cdn.github.com\/favicon.ico",
                "ts": 1534248829,
                "color": "6f42c1",
                "mrkdwn_in": [
                    "text"
                ]
            }
        ],
        "ts": "1534248837.000100"
    },
    {
        "type": "message",
        "user": "UBN0T9AG1",
        "text": "",
        "bot_id": "BBNDHKJQ3",
        "attachments": [
            {
                "author_name": "snakefeet42",
                "fallback": "[dataitgirls2\/m3] <https:\/\/github.com\/dataitgirls2\/m3\/compare\/33f7f4dd50d7...4436a29380c5|2 new commits> pushed to <https:\/\/github.com\/dataitgirls2\/m3\/tree\/master|`master`>",
                "text": "*<https:\/\/github.com\/dataitgirls2\/m3\/compare\/33f7f4dd50d7...4436a29380c5|2 new commits> pushed to <https:\/\/github.com\/dataitgirls2\/m3\/tree\/master|`master`>*\n<https:\/\/github.com\/dataitgirls2\/m3\/commit\/2cfb5647ae6ba1f47628fbaf481f46ec8ab319ac|`2cfb5647`> - 성동구, 성북구, 송파구, 양천구, 영등포구 영업 현황 엑셀 파일로 올립니다\n<https:\/\/github.com\/dataitgirls2\/m3\/commit\/4436a29380c58e7f5a713c3b6ddbc569c1f14044|`4436a293`> - Merge pull request #58 from dataitgirls2\/snakefeet42-patch-1",
                "footer": "<https:\/\/github.com\/dataitgirls2\/m3|dataitgirls2\/m3>",
                "id": 1,
                "author_link": "https:\/\/github.com\/snakefeet42",
                "author_icon": "https:\/\/avatars2.githubusercontent.com\/u\/40568860?v=4",
                "footer_icon": "https:\/\/assets-cdn.github.com\/favicon.ico",
                "color": "24292f",
                "mrkdwn_in": [
                    "text"
                ]
            }
        ],
        "ts": "1534248837.000200"
    },
    {
        "type": "message",
        "user": "UBN0T9AG1",
        "text": "",
        "bot_id": "BBNDHKJQ3",
        "attachments": [
            {
                "author_name": "chacha816",
                "fallback": "[dataitgirls2\/m3] <https:\/\/github.com\/dataitgirls2\/m3\/compare\/4436a29380c5...0d5f89ca0eda|1 new commit> pushed to <https:\/\/github.com\/dataitgirls2\/m3\/tree\/master|`master`>",
                "text": "*<https:\/\/github.com\/dataitgirls2\/m3\/compare\/4436a29380c5...0d5f89ca0eda|1 new commit> pushed to <https:\/\/github.com\/dataitgirls2\/m3\/tree\/master|`master`>*\n<https:\/\/github.com\/dataitgirls2\/m3\/commit\/0d5f89ca0edaa03c5a47feb528950100c1eb9350|`0d5f89ca`> - 동대문구 영업현황 파일입니다.",
                "footer": "<https:\/\/github.com\/dataitgirls2\/m3|dataitgirls2\/m3>",
                "id": 1,
                "author_link": "https:\/\/github.com\/chacha816",
                "author_icon": "https:\/\/avatars0.githubusercontent.com\/u\/40636908?v=4",
                "footer_icon": "https:\/\/assets-cdn.github.com\/favicon.ico",
                "color": "24292f",
                "mrkdwn_in": [
                    "text"
                ]
            }
        ],
        "ts": "1534249313.000100"
    },
    {
        "type": "message",
        "user": "UBN0T9AG1",
        "text": "",
        "bot_id": "BBNDHKJQ3",
        "attachments": [
            {
                "author_name": "chacha816",
                "fallback": "[dataitgirls2\/m3] <https:\/\/github.com\/dataitgirls2\/m3\/compare\/0d5f89ca0eda...dbc3c2e1e6ef|1 new commit> pushed to <https:\/\/github.com\/dataitgirls2\/m3\/tree\/master|`master`>",
                "text": "*<https:\/\/github.com\/dataitgirls2\/m3\/compare\/0d5f89ca0eda...dbc3c2e1e6ef|1 new commit> pushed to <https:\/\/github.com\/dataitgirls2\/m3\/tree\/master|`master`>*\n<https:\/\/github.com\/dataitgirls2\/m3\/commit\/dbc3c2e1e6ef8d58cd47f02025e0c8eaddf8bf5c|`dbc3c2e1`> - 동작구 영업현황 파일입니다.",
                "footer": "<https:\/\/github.com\/dataitgirls2\/m3|dataitgirls2\/m3>",
                "id": 1,
                "author_link": "https:\/\/github.com\/chacha816",
                "author_icon": "https:\/\/avatars0.githubusercontent.com\/u\/40636908?v=4",
                "footer_icon": "https:\/\/assets-cdn.github.com\/favicon.ico",
                "color": "24292f",
                "mrkdwn_in": [
                    "text"
                ]
            }
        ],
        "ts": "1534249359.000100"
    },
    {
        "type": "message",
        "user": "UBN0T9AG1",
        "text": "",
        "bot_id": "BBNDHKJQ3",
        "attachments": [
            {
                "author_name": "chacha816",
                "fallback": "[dataitgirls2\/m3] <https:\/\/github.com\/dataitgirls2\/m3\/compare\/dbc3c2e1e6ef...b6162702f006|1 new commit> pushed to <https:\/\/github.com\/dataitgirls2\/m3\/tree\/master|`master`>",
                "text": "*<https:\/\/github.com\/dataitgirls2\/m3\/compare\/dbc3c2e1e6ef...b6162702f006|1 new commit> pushed to <https:\/\/github.com\/dataitgirls2\/m3\/tree\/master|`master`>*\n<https:\/\/github.com\/dataitgirls2\/m3\/commit\/b6162702f00621bd554cb7ca026f0bd22a947f0f|`b6162702`> - 마포구 영업현황 파일입니다.",
                "footer": "<https:\/\/github.com\/dataitgirls2\/m3|dataitgirls2\/m3>",
                "id": 1,
                "author_link": "https:\/\/github.com\/chacha816",
                "author_icon": "https:\/\/avatars0.githubusercontent.com\/u\/40636908?v=4",
                "footer_icon": "https:\/\/assets-cdn.github.com\/favicon.ico",
                "color": "24292f",
                "mrkdwn_in": [
                    "text"
                ]
            }
        ],
        "ts": "1534249395.000100"
    },
    {
        "type": "message",
        "user": "UBN0T9AG1",
        "text": "",
        "bot_id": "BBNDHKJQ3",
        "attachments": [
            {
                "author_name": "chacha816",
                "fallback": "[dataitgirls2\/m3] <https:\/\/github.com\/dataitgirls2\/m3\/compare\/b6162702f006...c29f14120509|1 new commit> pushed to <https:\/\/github.com\/dataitgirls2\/m3\/tree\/master|`master`>",
                "text": "*<https:\/\/github.com\/dataitgirls2\/m3\/compare\/b6162702f006...c29f14120509|1 new commit> pushed to <https:\/\/github.com\/dataitgirls2\/m3\/tree\/master|`master`>*\n<https:\/\/github.com\/dataitgirls2\/m3\/commit\/c29f1412050986827ba88fea20198e9562f76029|`c29f1412`> - 서대문구 영업현황 파일입니다.",
                "footer": "<https:\/\/github.com\/dataitgirls2\/m3|dataitgirls2\/m3>",
                "id": 1,
                "author_link": "https:\/\/github.com\/chacha816",
                "author_icon": "https:\/\/avatars0.githubusercontent.com\/u\/40636908?v=4",
                "footer_icon": "https:\/\/assets-cdn.github.com\/favicon.ico",
                "color": "24292f",
                "mrkdwn_in": [
                    "text"
                ]
            }
        ],
        "ts": "1534249470.000100"
    },
    {
        "type": "message",
        "user": "UBN0T9AG1",
        "text": "",
        "bot_id": "BBNDHKJQ3",
        "attachments": [
            {
                "author_name": "wo1ever",
                "fallback": "[dataitgirls2\/TWL] #446 180812, 180813, 180814 TWL 업로드",
                "pretext": "Pull request opened by wo1ever",
                "title": "#446 180812, 180813, 180814 TWL 업로드",
                "footer": "<https:\/\/github.com\/dataitgirls2\/TWL|dataitgirls2\/TWL>",
                "id": 1,
                "title_link": "https:\/\/github.com\/dataitgirls2\/TWL\/pull\/446",
                "author_link": "https:\/\/github.com\/wo1ever",
                "author_icon": "https:\/\/avatars3.githubusercontent.com\/u\/40650004?v=4",
                "footer_icon": "https:\/\/assets-cdn.github.com\/favicon.ico",
                "ts": 1534255178,
                "color": "36a64f",
                "mrkdwn_in": [
                    "text"
                ]
            }
        ],
        "ts": "1534255182.000100"
    },
    {
        "type": "message",
        "user": "UBN0T9AG1",
        "text": "",
        "bot_id": "BBNDHKJQ3",
        "attachments": [
            {
                "fallback": "[dataitgirls2\/TWL] #446 180812, 180813, 180814 TWL 업로드",
                "pretext": "Pull request merged by wo1ever",
                "title": "#446 180812, 180813, 180814 TWL 업로드",
                "footer": "<https:\/\/github.com\/dataitgirls2\/TWL|dataitgirls2\/TWL>",
                "id": 1,
                "title_link": "https:\/\/github.com\/dataitgirls2\/TWL\/pull\/446",
                "footer_icon": "https:\/\/assets-cdn.github.com\/favicon.ico",
                "ts": 1534255178,
                "color": "6f42c1",
                "mrkdwn_in": [
                    "text"
                ]
            }
        ],
        "ts": "1534255189.000100"
    },
    {
        "type": "message",
        "user": "UBN0T9AG1",
        "text": "",
        "bot_id": "BBNDHKJQ3",
        "attachments": [
            {
                "author_name": "wo1ever",
                "fallback": "[dataitgirls2\/TWL] <https:\/\/github.com\/dataitgirls2\/TWL\/compare\/030c1796b2b0...afb559f974c2|2 new commits> pushed to <https:\/\/github.com\/dataitgirls2\/TWL\/tree\/master|`master`>",
                "text": "*<https:\/\/github.com\/dataitgirls2\/TWL\/compare\/030c1796b2b0...afb559f974c2|2 new commits> pushed to <https:\/\/github.com\/dataitgirls2\/TWL\/tree\/master|`master`>*\n<https:\/\/github.com\/dataitgirls2\/TWL\/commit\/0fea29b04e82eb24981435fe9dbeeeda239b249d|`0fea29b0`> - 180812, 180813, 180814 TWL 업로드\n<https:\/\/github.com\/dataitgirls2\/TWL\/commit\/afb559f974c2ab303c605f4a817b62c6bea19fd4|`afb559f9`> - Merge pull request #446 from wo1ever\/master",
                "footer": "<https:\/\/github.com\/dataitgirls2\/TWL|dataitgirls2\/TWL>",
                "id": 1,
                "author_link": "https:\/\/github.com\/wo1ever",
                "author_icon": "https:\/\/avatars3.githubusercontent.com\/u\/40650004?v=4",
                "footer_icon": "https:\/\/assets-cdn.github.com\/favicon.ico",
                "color": "24292f",
                "mrkdwn_in": [
                    "text"
                ]
            }
        ],
        "ts": "1534255189.000200"
    },
    {
        "type": "message",
        "user": "UBN0T9AG1",
        "text": "",
        "bot_id": "BBNDHKJQ3",
        "attachments": [
            {
                "author_name": "DassomLee",
                "fallback": "[dataitgirls2\/m3] Issue opened by DassomLee",
                "text": "*분석기간*  \n2017년 1월~2018년 6월(약 18개월)\n\n*tv프로그램과 담당*\n\n• 수요미식회: 예빈\n• 맛있는 녀석들: 지영\n• 생생정보통: 다솜, 희영\n\n*8월 15일 수요일 과제*\n\n1. 정확한 앞뒤가 30일인 데이터 크롤링\n2. 샘플 데이터의 tidy, 그래프, 상관 분석  \n    (--&gt; 8월 18일 토요일 크롤링한 전체 데이터로 분석할 예정)",
                "pretext": "Issue opened by DassomLee",
                "title": "#59 분석기간 변경",
                "footer": "<https:\/\/github.com\/dataitgirls2\/m3|dataitgirls2\/m3>",
                "id": 1,
                "title_link": "https:\/\/github.com\/dataitgirls2\/m3\/issues\/59",
                "author_link": "https:\/\/github.com\/DassomLee",
                "author_icon": "https:\/\/avatars0.githubusercontent.com\/u\/40636618?v=4",
                "footer_icon": "https:\/\/assets-cdn.github.com\/favicon.ico",
                "ts": 1534255368,
                "color": "36a64f",
                "mrkdwn_in": [
                    "text"
                ]
            }
        ],
        "edited": {
            "user": "UBN0T9AG1",
            "ts": "1534255437.000000"
        },
        "ts": "1534255371.000100"
    },
    {
        "type": "message",
        "user": "UBN0T9AG1",
        "text": "",
        "bot_id": "BBNDHKJQ3",
        "attachments": [
            {
                "author_name": "wo1ever",
                "fallback": "[dataitgirls2\/m3] Issue opened by wo1ever",
                "text": "수집한 교통량 데이터로 전처리 및 분석\n\n☐ 통행속도: 다시 스벅에 맞게 전처리하기\n☐ 통행량: 다른 형식 자료 찾아보기\n☐ 속도 &amp; 통행량: 둘 사이 관계 분석",
                "pretext": "Issue opened by wo1ever",
                "title": "#60 세영",
                "footer": "<https:\/\/github.com\/dataitgirls2\/m3|dataitgirls2\/m3>",
                "id": 1,
                "title_link": "https:\/\/github.com\/dataitgirls2\/m3\/issues\/60",
                "author_link": "https:\/\/github.com\/wo1ever",
                "author_icon": "https:\/\/avatars3.githubusercontent.com\/u\/40650004?v=4",
                "footer_icon": "https:\/\/assets-cdn.github.com\/favicon.ico",
                "ts": 1534255467,
                "color": "36a64f",
                "mrkdwn_in": [
                    "text"
                ]
            }
        ],
        "ts": "1534255469.000100"
    },
    {
        "type": "message",
        "user": "UBN0T9AG1",
        "text": "",
        "bot_id": "BBNDHKJQ3",
        "attachments": [
            {
                "fallback": "[dataitgirls2\/10minutes2pandas] Issue opened by swyoon",
                "image_url": "https:\/\/user-images.githubusercontent.com\/10072033\/44128168-6d594b1e-a07c-11e8-99f1-293f343ea277.png",
                "image_width": 827,
                "image_height": 443,
                "image_bytes": 53431,
                "author_name": "swyoon",
                "text": "<https:\/\/dataitgirls2.github.io\/10minutes2pandas\/|10minutes2pandas> 를 잘 읽고 있던 도중 이슈를 발견하여 보고합니다.\n\n`<http:\/\/dataitgirls2.pagedemo.co\/>` 홈페이지로 이어지는 링크가 전체 문서에 여러 개 있는데, 이 홈페이지가 현재 작동이 되지 않습니다. `Looks like you're lost`라는 메세지가 보입니다. 이 홈페이지의 문제인 것 같습니다.\n\n<https:\/\/user-images.githubusercontent.com\/10072033\/44128168-6d594b1e-a07c-11e8-99f1-293f343ea277.png|image>",
                "pretext": "Issue opened by swyoon",
                "title": "#63 BUG: broken link to http:\/\/dataitgirls2.pagedemo.co\/ ",
                "footer": "<https:\/\/github.com\/dataitgirls2\/10minutes2pandas|dataitgirls2\/10minutes2pandas>",
                "id": 1,
                "title_link": "https:\/\/github.com\/dataitgirls2\/10minutes2pandas\/issues\/63",
                "author_link": "https:\/\/github.com\/swyoon",
                "author_icon": "https:\/\/avatars1.githubusercontent.com\/u\/10072033?v=4",
                "footer_icon": "https:\/\/assets-cdn.github.com\/favicon.ico",
                "ts": 1534299399,
                "color": "36a64f",
                "mrkdwn_in": [
                    "text"
                ]
            }
        ],
        "ts": "1534299401.000100"
    },
    {
        "type": "message",
        "user": "UBN0T9AG1",
        "text": "",
        "bot_id": "BBNDHKJQ3",
        "attachments": [
            {
                "fallback": "[dataitgirls2\/10minutes2pandas] Issue opened by swyoon",
                "image_url": "https:\/\/user-images.githubusercontent.com\/10072033\/44128257-fb7c6e4e-a07c-11e8-8c6d-2895f4746356.png",
                "image_width": 803,
                "image_height": 415,
                "image_bytes": 24141,
                "author_name": "swyoon",
                "text": "10 minutes to pandas의 화면 상 코드블록이 전부 스크롤바를 두 겹으로 가지고 있는 것으로 나타납니다. Chrome과 Firefox에서 둘 다 같은 현상이 나타납니다.\n\n<https:\/\/user-images.githubusercontent.com\/10072033\/44128257-fb7c6e4e-a07c-11e8-8c6d-2895f4746356.png|image>\n\n예상되는 원인은 main.css의 div tag에 붙어있는 overflow-x: scroll; 인 것 같습니다. 개발자도구에서 이 태그를 없애면 스크롤바가 없어집니다.\n\nbefore:\n\n<https:\/\/user-images.githubusercontent.com\/10072033\/44128351-83ef0192-a07d-11e8-86db-092b57981fdd.png|image>\n\nafter:\n\n<https:\/\/user-images.githubusercontent.com\/10072033\/44128423-dd9c4a2e-a07d-11e8-94eb-fe178803025d.png|image>",
                "pretext": "Issue opened by swyoon",
                "title": "#64 BUG: two scroll bars appear in code blocks",
                "footer": "<https:\/\/github.com\/dataitgirls2\/10minutes2pandas|dataitgirls2\/10minutes2pandas>",
                "id": 1,
                "title_link": "https:\/\/github.com\/dataitgirls2\/10minutes2pandas\/issues\/64",
                "author_link": "https:\/\/github.com\/swyoon",
                "author_icon": "https:\/\/avatars1.githubusercontent.com\/u\/10072033?v=4",
                "footer_icon": "https:\/\/assets-cdn.github.com\/favicon.ico",
                "ts": 1534299925,
                "color": "36a64f",
                "mrkdwn_in": [
                    "text"
                ]
            }
        ],
        "ts": "1534299927.000100"
    },
    {
        "type": "message",
        "user": "U9SN17L0M",
        "text": "헛…외부인의 이슈라니!",
        "client_msg_id": "758f5dfa-9351-47cd-b4dc-99f5d7f2f530",
        "thread_ts": "1534299978.000100",
        "reply_count": 4,
        "replies": [
            {
                "user": "UBDUVKQAE",
                "ts": "1534301011.000100"
            },
            {
                "user": "U9SN17L0M",
                "ts": "1534301059.000100"
            },
            {
                "user": "UBDUVKQAE",
                "ts": "1534301106.000100"
            },
            {
                "user": "U9SN17L0M",
                "ts": "1534301115.000100"
            }
        ],
        "unread_count": 4,
        "ts": "1534299978.000100",
        "reactions": [
            {
                "name": "fire",
                "users": [
                    "UBDCWMFND",
                    "UBDN8UG4C"
                ],
                "count": 2
            }
        ]
    },
    {
        "type": "message",
        "user": "UBDUVKQAE",
        "text": "파이콘 스프린트에서 판다스 contributor님을 영업했습니다 ^^v",
        "client_msg_id": "b3558ec9-7c2d-4496-aea2-4d4842da7693",
        "thread_ts": "1534299978.000100",
        "parent_user_id": "U9SN17L0M",
        "ts": "1534301011.000100",
        "reactions": [
            {
                "name": "thumbsup_all",
                "users": [
                    "U9SN17L0M",
                    "UBDN8UG4C"
                ],
                "count": 2
            }
        ]
    },
    {
        "type": "message",
        "user": "U9SN17L0M",
        "text": "10minutes to Pandas 번역본 영업하세요 ㅋㅋㅋ",
        "client_msg_id": "abef4b78-6d6c-408c-961b-8c3138781e9d",
        "thread_ts": "1534299978.000100",
        "parent_user_id": "U9SN17L0M",
        "ts": "1534301059.000100"
    },
    {
        "type": "message",
        "user": "UBDUVKQAE",
        "text": "넵!ㅋㅋㅋㅋ 오늘 귀인을 만났네요",
        "client_msg_id": "a66c15ee-aa38-45a1-be97-06cee370ccd2",
        "thread_ts": "1534299978.000100",
        "parent_user_id": "U9SN17L0M",
        "ts": "1534301106.000100"
    },
    {
        "type": "message",
        "user": "U9SN17L0M",
        "text": "ㅋㅋㅋㅋㅋㅋㅋ",
        "client_msg_id": "c9632c7c-c0f6-4ad9-a81a-a79437112922",
        "thread_ts": "1534299978.000100",
        "parent_user_id": "U9SN17L0M",
        "ts": "1534301115.000100"
    },
    {
        "type": "message",
        "user": "UBN0T9AG1",
        "text": "",
        "bot_id": "BBNDHKJQ3",
        "attachments": [
            {
                "author_name": "aeranghang",
                "fallback": "[dataitgirls2\/10minutes2pandas] #65 파이썬 코드 블럭과 출력 내용 구분하기",
                "pretext": "Pull request opened by aeranghang",
                "title": "#65 파이썬 코드 블럭과 출력 내용 구분하기",
                "footer": "<https:\/\/github.com\/dataitgirls2\/10minutes2pandas|dataitgirls2\/10minutes2pandas>",
                "id": 1,
                "title_link": "https:\/\/github.com\/dataitgirls2\/10minutes2pandas\/pull\/65",
                "author_link": "https:\/\/github.com\/aeranghang",
                "author_icon": "https:\/\/avatars1.githubusercontent.com\/u\/40624307?v=4",
                "footer_icon": "https:\/\/assets-cdn.github.com\/favicon.ico",
                "ts": 1534311679,
                "color": "36a64f",
                "mrkdwn_in": [
                    "text"
                ]
            }
        ],
        "ts": "1534311680.000100"
    },
    {
        "type": "message",
        "user": "UBN0T9AG1",
        "text": "",
        "bot_id": "BBNDHKJQ3",
        "attachments": [
            {
                "fallback": "[dataitgirls2\/10minutes2pandas] #65 파이썬 코드 블럭과 출력 내용 구분하기",
                "pretext": "Pull request merged by aeranghang",
                "title": "#65 파이썬 코드 블럭과 출력 내용 구분하기",
                "footer": "<https:\/\/github.com\/dataitgirls2\/10minutes2pandas|dataitgirls2\/10minutes2pandas>",
                "id": 1,
                "title_link": "https:\/\/github.com\/dataitgirls2\/10minutes2pandas\/pull\/65",
                "footer_icon": "https:\/\/assets-cdn.github.com\/favicon.ico",
                "ts": 1534311679,
                "color": "6f42c1",
                "mrkdwn_in": [
                    "text"
                ]
            }
        ],
        "ts": "1534311689.000100"
    },
    {
        "type": "message",
        "user": "UBN0T9AG1",
        "text": "",
        "bot_id": "BBNDHKJQ3",
        "attachments": [
            {
                "author_name": "aeranghang",
                "fallback": "[dataitgirls2\/10minutes2pandas] <https:\/\/github.com\/dataitgirls2\/10minutes2pandas\/compare\/bcbc4000b096...3674988ea947|2 new commits> pushed to <https:\/\/github.com\/dataitgirls2\/10minutes2pandas\/tree\/master|`master`>",
                "text": "*<https:\/\/github.com\/dataitgirls2\/10minutes2pandas\/compare\/bcbc4000b096...3674988ea947|2 new commits> pushed to <https:\/\/github.com\/dataitgirls2\/10minutes2pandas\/tree\/master|`master`>*\n<https:\/\/github.com\/dataitgirls2\/10minutes2pandas\/commit\/71822bf8a2d02d8b2dd40127b3229f2d72b9c3fb|`71822bf8`> - 파이썬 코드 블럭과 출력 내용 구분하기\n<https:\/\/github.com\/dataitgirls2\/10minutes2pandas\/commit\/3674988ea947a8416cd4f27a60ef67bd65cad632|`3674988e`> - Merge pull request #65 from aeranghang\/master",
                "footer": "<https:\/\/github.com\/dataitgirls2\/10minutes2pandas|dataitgirls2\/10minutes2pandas>",
                "id": 1,
                "author_link": "https:\/\/github.com\/aeranghang",
                "author_icon": "https:\/\/avatars1.githubusercontent.com\/u\/40624307?v=4",
                "footer_icon": "https:\/\/assets-cdn.github.com\/favicon.ico",
                "color": "24292f",
                "mrkdwn_in": [
                    "text"
                ]
            }
        ],
        "ts": "1534311689.000200",
        "reactions": [
            {
                "name": "thumbsup_all",
                "users": [
                    "U9SN17L0M"
                ],
                "count": 1
            }
        ]
    },
    {
        "type": "message",
        "user": "UBN0T9AG1",
        "text": "",
        "bot_id": "BBNDHKJQ3",
        "attachments": [
            {
                "author_name": "aeranghang",
                "fallback": "[dataitgirls2\/10minutes2pandas] Successfully deployed 3674988 to github-pages",
                "text": "Successfully deployed <https:\/\/github.com\/dataitgirls2\/10minutes2pandas\/commit\/3674988ea947a8416cd4f27a60ef67bd65cad632|`3674988`> to github-pages",
                "footer": "<https:\/\/github.com\/dataitgirls2\/10minutes2pandas|dataitgirls2\/10minutes2pandas>",
                "id": 1,
                "author_link": "https:\/\/github.com\/aeranghang",
                "author_icon": "https:\/\/avatars1.githubusercontent.com\/u\/40624307?v=4",
                "footer_icon": "https:\/\/assets-cdn.github.com\/favicon.ico",
                "color": "28a745",
                "mrkdwn_in": [
                    "text"
                ]
            }
        ],
        "ts": "1534311699.000100"
    },
    {
        "type": "message",
        "user": "UBN0T9AG1",
        "text": "",
        "bot_id": "BBNDHKJQ3",
        "attachments": [
            {
                "author_name": "aeranghang",
                "fallback": "[dataitgirls2\/10minutes2pandas] #66 윈도에서 스크롤바가 두 개 보이는 문제 수정",
                "text": "`overflow-x: scroll`을 `overflow-x: auto`로 수정하였습니다.\n\nClose <https:\/\/github.com\/dataitgirls2\/10minutes2pandas\/issues\/64|#64>",
                "pretext": "Pull request opened by aeranghang",
                "title": "#66 윈도에서 스크롤바가 두 개 보이는 문제 수정",
                "footer": "<https:\/\/github.com\/dataitgirls2\/10minutes2pandas|dataitgirls2\/10minutes2pandas>",
                "id": 1,
                "title_link": "https:\/\/github.com\/dataitgirls2\/10minutes2pandas\/pull\/66",
                "author_link": "https:\/\/github.com\/aeranghang",
                "author_icon": "https:\/\/avatars1.githubusercontent.com\/u\/40624307?v=4",
                "footer_icon": "https:\/\/assets-cdn.github.com\/favicon.ico",
                "ts": 1534312134,
                "color": "36a64f",
                "mrkdwn_in": [
                    "text"
                ]
            }
        ],
        "ts": "1534312136.000100",
        "reactions": [
            {
                "name": "hero",
                "users": [
                    "U9TKQU99V"
                ],
                "count": 1
            }
        ]
    },
    {
        "type": "message",
        "user": "UBN0T9AG1",
        "text": "",
        "bot_id": "BBNDHKJQ3",
        "attachments": [
            {
                "fallback": "[dataitgirls2\/10minutes2pandas] Issue closed by aeranghang",
                "pretext": "Issue closed by aeranghang",
                "title": "#64 BUG: two scroll bars appear in code blocks",
                "footer": "<https:\/\/github.com\/dataitgirls2\/10minutes2pandas|dataitgirls2\/10minutes2pandas>",
                "id": 1,
                "title_link": "https:\/\/github.com\/dataitgirls2\/10minutes2pandas\/issues\/64",
                "footer_icon": "https:\/\/assets-cdn.github.com\/favicon.ico",
                "ts": 1534299925,
                "color": "cb2431",
                "mrkdwn_in": [
                    "text"
                ]
            }
        ],
        "ts": "1534312255.000100"
    },
    {
        "type": "message",
        "user": "UBN0T9AG1",
        "text": "",
        "bot_id": "BBNDHKJQ3",
        "attachments": [
            {
                "fallback": "[dataitgirls2\/10minutes2pandas] #66 윈도에서 스크롤바가 두 개 보이는 문제 수정",
                "pretext": "Pull request merged by aeranghang",
                "title": "#66 윈도에서 스크롤바가 두 개 보이는 문제 수정",
                "footer": "<https:\/\/github.com\/dataitgirls2\/10minutes2pandas|dataitgirls2\/10minutes2pandas>",
                "id": 1,
                "title_link": "https:\/\/github.com\/dataitgirls2\/10minutes2pandas\/pull\/66",
                "footer_icon": "https:\/\/assets-cdn.github.com\/favicon.ico",
                "ts": 1534312134,
                "color": "6f42c1",
                "mrkdwn_in": [
                    "text"
                ]
            }
        ],
        "ts": "1534312255.000200"
    },
    {
        "type": "message",
        "user": "UBN0T9AG1",
        "text": "",
        "bot_id": "BBNDHKJQ3",
        "attachments": [
            {
                "author_name": "aeranghang",
                "fallback": "[dataitgirls2\/10minutes2pandas] <https:\/\/github.com\/dataitgirls2\/10minutes2pandas\/compare\/3674988ea947...95e98e3f2cab|2 new commits> pushed to <https:\/\/github.com\/dataitgirls2\/10minutes2pandas\/tree\/master|`master`>",
                "text": "*<https:\/\/github.com\/dataitgirls2\/10minutes2pandas\/compare\/3674988ea947...95e98e3f2cab|2 new commits> pushed to <https:\/\/github.com\/dataitgirls2\/10minutes2pandas\/tree\/master|`master`>*\n<https:\/\/github.com\/dataitgirls2\/10minutes2pandas\/commit\/62e87f4185e13cabfc9c925c309db82855bb2dcb|`62e87f41`> - 윈도에서 스크롤바 두 개가 항상 보이는 문제 수정\n<https:\/\/github.com\/dataitgirls2\/10minutes2pandas\/commit\/95e98e3f2cabefafa0cfe8188978250eb92c7bb4|`95e98e3f`> - Merge pull request #66 from aeranghang\/master",
                "footer": "<https:\/\/github.com\/dataitgirls2\/10minutes2pandas|dataitgirls2\/10minutes2pandas>",
                "id": 1,
                "author_link": "https:\/\/github.com\/aeranghang",
                "author_icon": "https:\/\/avatars1.githubusercontent.com\/u\/40624307?v=4",
                "footer_icon": "https:\/\/assets-cdn.github.com\/favicon.ico",
                "color": "24292f",
                "mrkdwn_in": [
                    "text"
                ]
            }
        ],
        "ts": "1534312255.000300"
    },
    {
        "type": "message",
        "user": "UBN0T9AG1",
        "text": "",
        "bot_id": "BBNDHKJQ3",
        "attachments": [
            {
                "author_name": "aeranghang",
                "fallback": "[dataitgirls2\/10minutes2pandas] Successfully deployed 95e98e3 to github-pages",
                "text": "Successfully deployed <https:\/\/github.com\/dataitgirls2\/10minutes2pandas\/commit\/95e98e3f2cabefafa0cfe8188978250eb92c7bb4|`95e98e3`> to github-pages",
                "footer": "<https:\/\/github.com\/dataitgirls2\/10minutes2pandas|dataitgirls2\/10minutes2pandas>",
                "id": 1,
                "author_link": "https:\/\/github.com\/aeranghang",
                "author_icon": "https:\/\/avatars1.githubusercontent.com\/u\/40624307?v=4",
                "footer_icon": "https:\/\/assets-cdn.github.com\/favicon.ico",
                "color": "28a745",
                "mrkdwn_in": [
                    "text"
                ]
            }
        ],
        "ts": "1534312266.000100"
    },
    {
        "type": "message",
        "user": "UBN0T9AG1",
        "text": "",
        "bot_id": "BBNDHKJQ3",
        "attachments": [
            {
                "author_name": "jy617lee",
                "fallback": "[dataitgirls2\/m3] #61 3개 방송, 12개 식당의 방송전후 블로그 포스팅 수 ",
                "pretext": "Pull request opened by jy617lee",
                "title": "#61 3개 방송, 12개 식당의 방송전후 블로그 포스팅 수 ",
                "footer": "<https:\/\/github.com\/dataitgirls2\/m3|dataitgirls2\/m3>",
                "id": 1,
                "title_link": "https:\/\/github.com\/dataitgirls2\/m3\/pull\/61",
                "author_link": "https:\/\/github.com\/jy617lee",
                "author_icon": "https:\/\/avatars2.githubusercontent.com\/u\/16264345?v=4",
                "footer_icon": "https:\/\/assets-cdn.github.com\/favicon.ico",
                "ts": 1534314065,
                "color": "36a64f",
                "mrkdwn_in": [
                    "text"
                ]
            }
        ],
        "ts": "1534314068.000100"
    },
    {
        "type": "message",
        "user": "UBN0T9AG1",
        "text": "",
        "bot_id": "BBNDHKJQ3",
        "attachments": [
            {
                "fallback": "[dataitgirls2\/10minutes2pandas] Issue closed by jyw7664",
                "pretext": "Issue closed by jyw7664",
                "title": "#53 180730_B조 가드닝",
                "footer": "<https:\/\/github.com\/dataitgirls2\/10minutes2pandas|dataitgirls2\/10minutes2pandas>",
                "id": 1,
                "title_link": "https:\/\/github.com\/dataitgirls2\/10minutes2pandas\/issues\/53",
                "footer_icon": "https:\/\/assets-cdn.github.com\/favicon.ico",
                "ts": 1532939958,
                "color": "cb2431",
                "mrkdwn_in": [
                    "text"
                ]
            }
        ],
        "ts": "1534314845.000100"
    },
    {
        "type": "message",
        "user": "UBN0T9AG1",
        "text": "",
        "bot_id": "BBNDHKJQ3",
        "attachments": [
            {
                "fallback": "[dataitgirls2\/m3] #61 3개 방송, 12개 식당의 방송전후 블로그 포스팅 수 ",
                "pretext": "Pull request merged by jy617lee",
                "title": "#61 3개 방송, 12개 식당의 방송전후 블로그 포스팅 수 ",
                "footer": "<https:\/\/github.com\/dataitgirls2\/m3|dataitgirls2\/m3>",
                "id": 1,
                "title_link": "https:\/\/github.com\/dataitgirls2\/m3\/pull\/61",
                "footer_icon": "https:\/\/assets-cdn.github.com\/favicon.ico",
                "ts": 1534314065,
                "color": "6f42c1",
                "mrkdwn_in": [
                    "text"
                ]
            }
        ],
        "ts": "1534315564.000100"
    }
]