[
    {
        "type": "message",
        "user": "UBN0T9AG1",
        "text": "",
        "bot_id": "BBNDHKJQ3",
        "attachments": [
            {
                "author_name": "YoungestSalon",
                "fallback": "[dataitgirls2\/TWL] #438 20180810 TWL by YoungestSalon",
                "pretext": "Pull request opened by YoungestSalon",
                "title": "#438 20180810 TWL by YoungestSalon",
                "footer": "<https:\/\/github.com\/dataitgirls2\/TWL|dataitgirls2\/TWL>",
                "id": 1,
                "title_link": "https:\/\/github.com\/dataitgirls2\/TWL\/pull\/438",
                "author_link": "https:\/\/github.com\/YoungestSalon",
                "author_icon": "https:\/\/avatars3.githubusercontent.com\/u\/39959286?v=4",
                "footer_icon": "https:\/\/assets-cdn.github.com\/favicon.ico",
                "ts": 1533888386,
                "color": "36a64f",
                "mrkdwn_in": [
                    "text"
                ]
            }
        ],
        "ts": "1533888388.000248"
    },
    {
        "type": "message",
        "user": "UBN0T9AG1",
        "text": "",
        "bot_id": "BBNDHKJQ3",
        "attachments": [
            {
                "fallback": "[dataitgirls2\/TWL] #438 20180810 TWL by YoungestSalon",
                "pretext": "Pull request merged by YoungestSalon",
                "title": "#438 20180810 TWL by YoungestSalon",
                "footer": "<https:\/\/github.com\/dataitgirls2\/TWL|dataitgirls2\/TWL>",
                "id": 1,
                "title_link": "https:\/\/github.com\/dataitgirls2\/TWL\/pull\/438",
                "footer_icon": "https:\/\/assets-cdn.github.com\/favicon.ico",
                "ts": 1533888386,
                "color": "6f42c1",
                "mrkdwn_in": [
                    "text"
                ]
            }
        ],
        "ts": "1533888394.000142"
    },
    {
        "type": "message",
        "user": "UBN0T9AG1",
        "text": "",
        "bot_id": "BBNDHKJQ3",
        "attachments": [
            {
                "author_name": "YoungestSalon",
                "fallback": "[dataitgirls2\/TWL] <https:\/\/github.com\/dataitgirls2\/TWL\/compare\/77c5a64a3cac...3fe7ff365876|3 new commits> pushed to <https:\/\/github.com\/dataitgirls2\/TWL\/tree\/master|`master`>",
                "text": "*<https:\/\/github.com\/dataitgirls2\/TWL\/compare\/77c5a64a3cac...3fe7ff365876|3 new commits> pushed to <https:\/\/github.com\/dataitgirls2\/TWL\/tree\/master|`master`>*\n<https:\/\/github.com\/dataitgirls2\/TWL\/commit\/42eb56869e0bea9c0246ef802742e52ff4374e54|`42eb5686`> - Add files via upload\n<https:\/\/github.com\/dataitgirls2\/TWL\/commit\/de1d09c56fbabfa5a34c25f2884267f6757487e4|`de1d09c5`> - Rename 20180810.md to 20180810_LinearRegression.md\n<https:\/\/github.com\/dataitgirls2\/TWL\/commit\/3fe7ff3658767f003b7dee59e762314d0d42d81d|`3fe7ff36`> - Merge pull request #438 from YoungestSalon\/master",
                "footer": "<https:\/\/github.com\/dataitgirls2\/TWL|dataitgirls2\/TWL>",
                "id": 1,
                "author_link": "https:\/\/github.com\/YoungestSalon",
                "author_icon": "https:\/\/avatars3.githubusercontent.com\/u\/39959286?v=4",
                "footer_icon": "https:\/\/assets-cdn.github.com\/favicon.ico",
                "color": "24292f",
                "mrkdwn_in": [
                    "text"
                ]
            }
        ],
        "ts": "1533888394.000200"
    },
    {
        "type": "message",
        "user": "UBN0T9AG1",
        "text": "",
        "bot_id": "BBNDHKJQ3",
        "attachments": [
            {
                "author_name": "pje1740",
                "fallback": "[dataitgirls2\/m3] <https:\/\/github.com\/dataitgirls2\/m3\/compare\/12fb0653f250...161389a84d87|1 new commit> pushed to <https:\/\/github.com\/dataitgirls2\/m3\/tree\/master|`master`>",
                "text": "*<https:\/\/github.com\/dataitgirls2\/m3\/compare\/12fb0653f250...161389a84d87|1 new commit> pushed to <https:\/\/github.com\/dataitgirls2\/m3\/tree\/master|`master`>*\n<https:\/\/github.com\/dataitgirls2\/m3\/commit\/161389a84d87e2fb46e1076f67c03cf099772104|`161389a8`> - Update README.md",
                "footer": "<https:\/\/github.com\/dataitgirls2\/m3|dataitgirls2\/m3>",
                "id": 1,
                "author_link": "https:\/\/github.com\/pje1740",
                "author_icon": "https:\/\/avatars1.githubusercontent.com\/u\/38778829?v=4",
                "footer_icon": "https:\/\/assets-cdn.github.com\/favicon.ico",
                "color": "24292f",
                "mrkdwn_in": [
                    "text"
                ]
            }
        ],
        "ts": "1533889598.000095"
    },
    {
        "type": "message",
        "user": "UBN0T9AG1",
        "text": "",
        "bot_id": "BBNDHKJQ3",
        "attachments": [
            {
                "author_name": "ChaeSongi",
                "fallback": "[dataitgirls2\/TWL] #439 20180810Stati",
                "text": "☐ 통계분석",
                "pretext": "Pull request opened by ChaeSongi",
                "title": "#439 20180810Stati",
                "footer": "<https:\/\/github.com\/dataitgirls2\/TWL|dataitgirls2\/TWL>",
                "id": 1,
                "title_link": "https:\/\/github.com\/dataitgirls2\/TWL\/pull\/439",
                "author_link": "https:\/\/github.com\/ChaeSongi",
                "author_icon": "https:\/\/avatars3.githubusercontent.com\/u\/40633205?v=4",
                "footer_icon": "https:\/\/assets-cdn.github.com\/favicon.ico",
                "ts": 1533892160,
                "color": "36a64f",
                "mrkdwn_in": [
                    "text"
                ]
            }
        ],
        "ts": "1533892162.000176"
    },
    {
        "type": "message",
        "user": "UBN0T9AG1",
        "text": "",
        "bot_id": "BBNDHKJQ3",
        "attachments": [
            {
                "fallback": "[dataitgirls2\/TWL] #439 20180810Stati",
                "pretext": "Pull request merged by ChaeSongi",
                "title": "#439 20180810Stati",
                "footer": "<https:\/\/github.com\/dataitgirls2\/TWL|dataitgirls2\/TWL>",
                "id": 1,
                "title_link": "https:\/\/github.com\/dataitgirls2\/TWL\/pull\/439",
                "footer_icon": "https:\/\/assets-cdn.github.com\/favicon.ico",
                "ts": 1533892160,
                "color": "6f42c1",
                "mrkdwn_in": [
                    "text"
                ]
            }
        ],
        "ts": "1533892170.000086"
    },
    {
        "type": "message",
        "user": "UBN0T9AG1",
        "text": "",
        "bot_id": "BBNDHKJQ3",
        "attachments": [
            {
                "author_name": "ChaeSongi",
                "fallback": "[dataitgirls2\/TWL] <https:\/\/github.com\/dataitgirls2\/TWL\/compare\/3fe7ff365876...c346bae4f38b|3 new commits> pushed to <https:\/\/github.com\/dataitgirls2\/TWL\/tree\/master|`master`>",
                "text": "*<https:\/\/github.com\/dataitgirls2\/TWL\/compare\/3fe7ff365876...c346bae4f38b|3 new commits> pushed to <https:\/\/github.com\/dataitgirls2\/TWL\/tree\/master|`master`>*\n<https:\/\/github.com\/dataitgirls2\/TWL\/commit\/3e9a4b6bf8e4c9de35c6d3b0ffd8353d98c0429b|`3e9a4b6b`> - Create 20180810_sta5.md\n<https:\/\/github.com\/dataitgirls2\/TWL\/commit\/da23c4dbfa90212c58f8f9f25d742615e5d788c6|`da23c4db`> - Update 20180810_sta5.md\n<https:\/\/github.com\/dataitgirls2\/TWL\/commit\/c346bae4f38b39efaf888466a4c67665c28f152e|`c346bae4`> - Merge pull request #439 from ChaeSongi\/master",
                "footer": "<https:\/\/github.com\/dataitgirls2\/TWL|dataitgirls2\/TWL>",
                "id": 1,
                "author_link": "https:\/\/github.com\/ChaeSongi",
                "author_icon": "https:\/\/avatars3.githubusercontent.com\/u\/40633205?v=4",
                "footer_icon": "https:\/\/assets-cdn.github.com\/favicon.ico",
                "color": "24292f",
                "mrkdwn_in": [
                    "text"
                ]
            }
        ],
        "ts": "1533892170.000198"
    },
    {
        "type": "message",
        "user": "UBN0T9AG1",
        "text": "",
        "bot_id": "BBNDHKJQ3",
        "attachments": [
            {
                "author_name": "SaeromB",
                "fallback": "[dataitgirls2\/m3] #29 image added",
                "text": "image added (강북과 동대문구)",
                "pretext": "Pull request opened by SaeromB",
                "title": "#29 image added",
                "footer": "<https:\/\/github.com\/dataitgirls2\/m3|dataitgirls2\/m3>",
                "id": 1,
                "title_link": "https:\/\/github.com\/dataitgirls2\/m3\/pull\/29",
                "author_link": "https:\/\/github.com\/SaeromB",
                "author_icon": "https:\/\/avatars3.githubusercontent.com\/u\/40649939?v=4",
                "footer_icon": "https:\/\/assets-cdn.github.com\/favicon.ico",
                "ts": 1533892602,
                "color": "36a64f",
                "mrkdwn_in": [
                    "text"
                ]
            }
        ],
        "ts": "1533892604.000016"
    },
    {
        "type": "message",
        "user": "UBN0T9AG1",
        "text": "",
        "bot_id": "BBNDHKJQ3",
        "attachments": [
            {
                "fallback": "[dataitgirls2\/m3] #29 image added",
                "pretext": "Pull request merged by SaeromB",
                "title": "#29 image added",
                "footer": "<https:\/\/github.com\/dataitgirls2\/m3|dataitgirls2\/m3>",
                "id": 1,
                "title_link": "https:\/\/github.com\/dataitgirls2\/m3\/pull\/29",
                "footer_icon": "https:\/\/assets-cdn.github.com\/favicon.ico",
                "ts": 1533892602,
                "color": "6f42c1",
                "mrkdwn_in": [
                    "text"
                ]
            }
        ],
        "ts": "1533892612.000267"
    },
    {
        "type": "message",
        "user": "UBN0T9AG1",
        "text": "",
        "bot_id": "BBNDHKJQ3",
        "attachments": [
            {
                "author_name": "SaeromB",
                "fallback": "[dataitgirls2\/m3] <https:\/\/github.com\/dataitgirls2\/m3\/compare\/161389a84d87...bb392af8dfb2|2 new commits> pushed to <https:\/\/github.com\/dataitgirls2\/m3\/tree\/master|`master`>",
                "text": "*<https:\/\/github.com\/dataitgirls2\/m3\/compare\/161389a84d87...bb392af8dfb2|2 new commits> pushed to <https:\/\/github.com\/dataitgirls2\/m3\/tree\/master|`master`>*\n<https:\/\/github.com\/dataitgirls2\/m3\/commit\/ada755952062864eee5c3617843af65b8cdbdea6|`ada75595`> - image added\n<https:\/\/github.com\/dataitgirls2\/m3\/commit\/bb392af8dfb251454607eb16f62f41cab465783c|`bb392af8`> - Merge pull request #29 from SaeromB\/master",
                "footer": "<https:\/\/github.com\/dataitgirls2\/m3|dataitgirls2\/m3>",
                "id": 1,
                "author_link": "https:\/\/github.com\/SaeromB",
                "author_icon": "https:\/\/avatars3.githubusercontent.com\/u\/40649939?v=4",
                "footer_icon": "https:\/\/assets-cdn.github.com\/favicon.ico",
                "color": "24292f",
                "mrkdwn_in": [
                    "text"
                ]
            }
        ],
        "ts": "1533892613.000036"
    },
    {
        "type": "message",
        "user": "UBN0T9AG1",
        "text": "",
        "bot_id": "BBNDHKJQ3",
        "attachments": [
            {
                "author_name": "ahlumcho",
                "fallback": "[dataitgirls2\/m3] #30 아름 사진 추가1",
                "pretext": "Pull request opened by ahlumcho",
                "title": "#30 아름 사진 추가1",
                "footer": "<https:\/\/github.com\/dataitgirls2\/m3|dataitgirls2\/m3>",
                "id": 1,
                "title_link": "https:\/\/github.com\/dataitgirls2\/m3\/pull\/30",
                "author_link": "https:\/\/github.com\/ahlumcho",
                "author_icon": "https:\/\/avatars0.githubusercontent.com\/u\/40629293?v=4",
                "footer_icon": "https:\/\/assets-cdn.github.com\/favicon.ico",
                "ts": 1533893117,
                "color": "36a64f",
                "mrkdwn_in": [
                    "text"
                ]
            }
        ],
        "ts": "1533893119.000112"
    },
    {
        "type": "message",
        "user": "UBN0T9AG1",
        "text": "",
        "bot_id": "BBNDHKJQ3",
        "attachments": [
            {
                "fallback": "[dataitgirls2\/m3] #30 아름 사진 추가1",
                "pretext": "Pull request merged by ahlumcho",
                "title": "#30 아름 사진 추가1",
                "footer": "<https:\/\/github.com\/dataitgirls2\/m3|dataitgirls2\/m3>",
                "id": 1,
                "title_link": "https:\/\/github.com\/dataitgirls2\/m3\/pull\/30",
                "footer_icon": "https:\/\/assets-cdn.github.com\/favicon.ico",
                "ts": 1533893117,
                "color": "6f42c1",
                "mrkdwn_in": [
                    "text"
                ]
            }
        ],
        "ts": "1533893127.000410"
    },
    {
        "type": "message",
        "user": "UBN0T9AG1",
        "text": "",
        "bot_id": "BBNDHKJQ3",
        "attachments": [
            {
                "author_name": "ahlumcho",
                "fallback": "[dataitgirls2\/m3] <https:\/\/github.com\/dataitgirls2\/m3\/compare\/bb392af8dfb2...730a0b28700e|2 new commits> pushed to <https:\/\/github.com\/dataitgirls2\/m3\/tree\/master|`master`>",
                "text": "*<https:\/\/github.com\/dataitgirls2\/m3\/compare\/bb392af8dfb2...730a0b28700e|2 new commits> pushed to <https:\/\/github.com\/dataitgirls2\/m3\/tree\/master|`master`>*\n<https:\/\/github.com\/dataitgirls2\/m3\/commit\/52e025f239b05ac96e33296221e6669883b97748|`52e025f2`> - 아름 사진 추가1\n<https:\/\/github.com\/dataitgirls2\/m3\/commit\/730a0b28700e38bc63925b374f23bb1892b2236a|`730a0b28`> - Merge pull request #30 from ahlumcho\/master",
                "footer": "<https:\/\/github.com\/dataitgirls2\/m3|dataitgirls2\/m3>",
                "id": 1,
                "author_link": "https:\/\/github.com\/ahlumcho",
                "author_icon": "https:\/\/avatars0.githubusercontent.com\/u\/40629293?v=4",
                "footer_icon": "https:\/\/assets-cdn.github.com\/favicon.ico",
                "color": "24292f",
                "mrkdwn_in": [
                    "text"
                ]
            }
        ],
        "ts": "1533893128.000068"
    },
    {
        "type": "message",
        "user": "UBN0T9AG1",
        "text": "",
        "bot_id": "BBNDHKJQ3",
        "attachments": [
            {
                "author_name": "jy617lee",
                "fallback": "[dataitgirls2\/m3] #31 수요미식회 방영된 1개 식당에 대한 네이버 블로그포스팅 갯수 분석",
                "text": "1. 170322 수요미식회에 반영된 2개 식당에 대하여\n2. 170222~170422간 해당 식당을 키워드로 검색된 네이버 블로그 포스팅들의 크롤링 결과\n3. 2)에 대한 데이터 분석",
                "pretext": "Pull request opened by jy617lee",
                "title": "#31 수요미식회 방영된 1개 식당에 대한 네이버 블로그포스팅 갯수 분석",
                "footer": "<https:\/\/github.com\/dataitgirls2\/m3|dataitgirls2\/m3>",
                "id": 1,
                "title_link": "https:\/\/github.com\/dataitgirls2\/m3\/pull\/31",
                "author_link": "https:\/\/github.com\/jy617lee",
                "author_icon": "https:\/\/avatars2.githubusercontent.com\/u\/16264345?v=4",
                "footer_icon": "https:\/\/assets-cdn.github.com\/favicon.ico",
                "ts": 1533902340,
                "color": "36a64f",
                "mrkdwn_in": [
                    "text"
                ]
            }
        ],
        "ts": "1533902342.000190"
    },
    {
        "type": "message",
        "user": "UBN0T9AG1",
        "text": "",
        "bot_id": "BBNDHKJQ3",
        "attachments": [
            {
                "fallback": "[dataitgirls2\/m3] #31 수요미식회 방영된 1개 식당에 대한 네이버 블로그포스팅 갯수 분석",
                "pretext": "Pull request merged by HeeYoungK",
                "title": "#31 수요미식회 방영된 1개 식당에 대한 네이버 블로그포스팅 갯수 분석",
                "footer": "<https:\/\/github.com\/dataitgirls2\/m3|dataitgirls2\/m3>",
                "id": 1,
                "title_link": "https:\/\/github.com\/dataitgirls2\/m3\/pull\/31",
                "footer_icon": "https:\/\/assets-cdn.github.com\/favicon.ico",
                "ts": 1533902340,
                "color": "6f42c1",
                "mrkdwn_in": [
                    "text"
                ]
            }
        ],
        "ts": "1533902729.000108"
    },
    {
        "type": "message",
        "user": "UBN0T9AG1",
        "text": "",
        "bot_id": "BBNDHKJQ3",
        "attachments": [
            {
                "author_name": "ahlumcho",
                "fallback": "[dataitgirls2\/m3] #32 아름 사진 추가2_0810",
                "pretext": "Pull request opened by ahlumcho",
                "title": "#32 아름 사진 추가2_0810",
                "footer": "<https:\/\/github.com\/dataitgirls2\/m3|dataitgirls2\/m3>",
                "id": 1,
                "title_link": "https:\/\/github.com\/dataitgirls2\/m3\/pull\/32",
                "author_link": "https:\/\/github.com\/ahlumcho",
                "author_icon": "https:\/\/avatars0.githubusercontent.com\/u\/40629293?v=4",
                "footer_icon": "https:\/\/assets-cdn.github.com\/favicon.ico",
                "ts": 1533921050,
                "color": "36a64f",
                "mrkdwn_in": [
                    "text"
                ]
            }
        ],
        "ts": "1533921052.000224"
    },
    {
        "type": "message",
        "user": "UBN0T9AG1",
        "text": "",
        "bot_id": "BBNDHKJQ3",
        "attachments": [
            {
                "fallback": "[dataitgirls2\/m3] #32 아름 사진 추가2_0810",
                "pretext": "Pull request merged by ahlumcho",
                "title": "#32 아름 사진 추가2_0810",
                "footer": "<https:\/\/github.com\/dataitgirls2\/m3|dataitgirls2\/m3>",
                "id": 1,
                "title_link": "https:\/\/github.com\/dataitgirls2\/m3\/pull\/32",
                "footer_icon": "https:\/\/assets-cdn.github.com\/favicon.ico",
                "ts": 1533921050,
                "color": "6f42c1",
                "mrkdwn_in": [
                    "text"
                ]
            }
        ],
        "ts": "1533921064.000043"
    },
    {
        "type": "message",
        "user": "UBN0T9AG1",
        "text": "",
        "bot_id": "BBNDHKJQ3",
        "attachments": [
            {
                "author_name": "ahlumcho",
                "fallback": "[dataitgirls2\/m3] <https:\/\/github.com\/dataitgirls2\/m3\/compare\/730a0b28700e...f96f55739af3|2 new commits> pushed to <https:\/\/github.com\/dataitgirls2\/m3\/tree\/master|`master`>",
                "text": "*<https:\/\/github.com\/dataitgirls2\/m3\/compare\/730a0b28700e...f96f55739af3|2 new commits> pushed to <https:\/\/github.com\/dataitgirls2\/m3\/tree\/master|`master`>*\n<https:\/\/github.com\/dataitgirls2\/m3\/commit\/14a82b448f3d44a811a1556b5cdf036359f3c10e|`14a82b44`> - 아름 사진 추가2_0810\n<https:\/\/github.com\/dataitgirls2\/m3\/commit\/f96f55739af31c5b6697b20862a4c1332259829d|`f96f5573`> - Merge pull request #32 from ahlumcho\/master",
                "footer": "<https:\/\/github.com\/dataitgirls2\/m3|dataitgirls2\/m3>",
                "id": 1,
                "author_link": "https:\/\/github.com\/ahlumcho",
                "author_icon": "https:\/\/avatars0.githubusercontent.com\/u\/40629293?v=4",
                "footer_icon": "https:\/\/assets-cdn.github.com\/favicon.ico",
                "color": "24292f",
                "mrkdwn_in": [
                    "text"
                ]
            }
        ],
        "ts": "1533921064.000157"
    },
    {
        "type": "message",
        "user": "UBN0T9AG1",
        "text": "",
        "bot_id": "BBNDHKJQ3",
        "attachments": [
            {
                "author_name": "soryeongk",
                "fallback": "[dataitgirls2\/m3] #33 add seoul cafe image photo dongjak and gwanak",
                "text": "Added image of cafe in Seoul for image cluster  \nSeoul esp. 동작구 &amp; 관악구",
                "pretext": "Pull request opened by soryeongk",
                "title": "#33 add seoul cafe image photo dongjak and gwanak",
                "footer": "<https:\/\/github.com\/dataitgirls2\/m3|dataitgirls2\/m3>",
                "id": 1,
                "title_link": "https:\/\/github.com\/dataitgirls2\/m3\/pull\/33",
                "author_link": "https:\/\/github.com\/soryeongk",
                "author_icon": "https:\/\/avatars3.githubusercontent.com\/u\/40630964?v=4",
                "footer_icon": "https:\/\/assets-cdn.github.com\/favicon.ico",
                "ts": 1533921541,
                "color": "36a64f",
                "mrkdwn_in": [
                    "text"
                ]
            }
        ],
        "ts": "1533921548.000386"
    },
    {
        "type": "message",
        "user": "UBN0T9AG1",
        "text": "",
        "bot_id": "BBNDHKJQ3",
        "attachments": [
            {
                "author_name": "soryeongk",
                "fallback": "[dataitgirls2\/m3] <https:\/\/github.com\/dataitgirls2\/m3\/compare\/f96f55739af3...49535b98ed3d|2 new commits> pushed to <https:\/\/github.com\/dataitgirls2\/m3\/tree\/master|`master`>",
                "text": "*<https:\/\/github.com\/dataitgirls2\/m3\/compare\/f96f55739af3...49535b98ed3d|2 new commits> pushed to <https:\/\/github.com\/dataitgirls2\/m3\/tree\/master|`master`>*\n<https:\/\/github.com\/dataitgirls2\/m3\/commit\/92d4ec1c630d6b23b93411d9365dc17d6189c24b|`92d4ec1c`> - add seoul cafe image photo dongjak and gwanak\n<https:\/\/github.com\/dataitgirls2\/m3\/commit\/49535b98ed3d55455a453262a34faa0793526fcb|`49535b98`> - Merge pull request #33 from soryeongk\/master",
                "footer": "<https:\/\/github.com\/dataitgirls2\/m3|dataitgirls2\/m3>",
                "id": 1,
                "author_link": "https:\/\/github.com\/soryeongk",
                "author_icon": "https:\/\/avatars3.githubusercontent.com\/u\/40630964?v=4",
                "footer_icon": "https:\/\/assets-cdn.github.com\/favicon.ico",
                "color": "24292f",
                "mrkdwn_in": [
                    "text"
                ]
            }
        ],
        "ts": "1533921551.000317"
    },
    {
        "type": "message",
        "user": "UBN0T9AG1",
        "text": "",
        "bot_id": "BBNDHKJQ3",
        "attachments": [
            {
                "fallback": "[dataitgirls2\/m3] #33 add seoul cafe image photo dongjak and gwanak",
                "pretext": "Pull request merged by soryeongk",
                "title": "#33 add seoul cafe image photo dongjak and gwanak",
                "footer": "<https:\/\/github.com\/dataitgirls2\/m3|dataitgirls2\/m3>",
                "id": 1,
                "title_link": "https:\/\/github.com\/dataitgirls2\/m3\/pull\/33",
                "footer_icon": "https:\/\/assets-cdn.github.com\/favicon.ico",
                "ts": 1533921541,
                "color": "6f42c1",
                "mrkdwn_in": [
                    "text"
                ]
            }
        ],
        "ts": "1533921552.000269"
    },
    {
        "type": "message",
        "user": "UBN0T9AG1",
        "text": "",
        "bot_id": "BBNDHKJQ3",
        "attachments": [
            {
                "author_name": "miningful",
                "fallback": "[dataitgirls2\/m3] #34 image add_선민",
                "text": "☐ 6개 지역 카페 내부 이미지 업로드",
                "pretext": "Pull request opened by miningful",
                "title": "#34 image add_선민",
                "footer": "<https:\/\/github.com\/dataitgirls2\/m3|dataitgirls2\/m3>",
                "id": 1,
                "title_link": "https:\/\/github.com\/dataitgirls2\/m3\/pull\/34",
                "author_link": "https:\/\/github.com\/miningful",
                "author_icon": "https:\/\/avatars3.githubusercontent.com\/u\/40648037?v=4",
                "footer_icon": "https:\/\/assets-cdn.github.com\/favicon.ico",
                "ts": 1533961788,
                "color": "36a64f",
                "mrkdwn_in": [
                    "text"
                ]
            }
        ],
        "ts": "1533961789.000070"
    },
    {
        "type": "message",
        "user": "UBN0T9AG1",
        "text": "",
        "bot_id": "BBNDHKJQ3",
        "attachments": [
            {
                "fallback": "[dataitgirls2\/m3] #34 image add_선민",
                "pretext": "Pull request merged by miningful",
                "title": "#34 image add_선민",
                "footer": "<https:\/\/github.com\/dataitgirls2\/m3|dataitgirls2\/m3>",
                "id": 1,
                "title_link": "https:\/\/github.com\/dataitgirls2\/m3\/pull\/34",
                "footer_icon": "https:\/\/assets-cdn.github.com\/favicon.ico",
                "ts": 1533961788,
                "color": "6f42c1",
                "mrkdwn_in": [
                    "text"
                ]
            }
        ],
        "ts": "1533961803.000048"
    },
    {
        "type": "message",
        "user": "UBN0T9AG1",
        "text": "",
        "bot_id": "BBNDHKJQ3",
        "attachments": [
            {
                "author_name": "miningful",
                "fallback": "[dataitgirls2\/m3] <https:\/\/github.com\/dataitgirls2\/m3\/compare\/49535b98ed3d...2d35da8c0f7c|2 new commits> pushed to <https:\/\/github.com\/dataitgirls2\/m3\/tree\/master|`master`>",
                "text": "*<https:\/\/github.com\/dataitgirls2\/m3\/compare\/49535b98ed3d...2d35da8c0f7c|2 new commits> pushed to <https:\/\/github.com\/dataitgirls2\/m3\/tree\/master|`master`>*\n<https:\/\/github.com\/dataitgirls2\/m3\/commit\/46ec4ed8f4b460e634de48c9a798b4d2cb4d1c6b|`46ec4ed8`> - image add_선민\n<https:\/\/github.com\/dataitgirls2\/m3\/commit\/2d35da8c0f7cc5306710186fc2edce4c14632929|`2d35da8c`> - Merge pull request #34 from miningful\/master",
                "footer": "<https:\/\/github.com\/dataitgirls2\/m3|dataitgirls2\/m3>",
                "id": 1,
                "author_link": "https:\/\/github.com\/miningful",
                "author_icon": "https:\/\/avatars3.githubusercontent.com\/u\/40648037?v=4",
                "footer_icon": "https:\/\/assets-cdn.github.com\/favicon.ico",
                "color": "24292f",
                "mrkdwn_in": [
                    "text"
                ]
            }
        ],
        "ts": "1533961803.000091"
    },
    {
        "type": "message",
        "user": "UBN0T9AG1",
        "text": "",
        "bot_id": "BBNDHKJQ3",
        "attachments": [
            {
                "author_name": "wo1ever",
                "fallback": "[dataitgirls2\/tutorial] <https:\/\/github.com\/dataitgirls2\/tutorial\/compare\/04c839bb39b3...2339cf0b173c|1 new commit> pushed to <https:\/\/github.com\/dataitgirls2\/tutorial\/tree\/master|`master`>",
                "text": "*<https:\/\/github.com\/dataitgirls2\/tutorial\/compare\/04c839bb39b3...2339cf0b173c|1 new commit> pushed to <https:\/\/github.com\/dataitgirls2\/tutorial\/tree\/master|`master`>*\n<https:\/\/github.com\/dataitgirls2\/tutorial\/commit\/2339cf0b173c6e99a93bedad453a39784022cef7|`2339cf0b`> - Edit tutorial 20180807",
                "footer": "<https:\/\/github.com\/dataitgirls2\/tutorial|dataitgirls2\/tutorial>",
                "id": 1,
                "author_link": "https:\/\/github.com\/wo1ever",
                "author_icon": "https:\/\/avatars3.githubusercontent.com\/u\/40650004?v=4",
                "footer_icon": "https:\/\/assets-cdn.github.com\/favicon.ico",
                "color": "24292f",
                "mrkdwn_in": [
                    "text"
                ]
            }
        ],
        "ts": "1533967623.000029"
    },
    {
        "type": "message",
        "user": "UBN0T9AG1",
        "text": "",
        "bot_id": "BBNDHKJQ3",
        "attachments": [
            {
                "author_name": "wo1ever",
                "fallback": "[dataitgirls2\/TWL] #440 20180806~20180810 review",
                "text": "git, github, anaconda, regression, chatbot, font_manage etc...",
                "pretext": "Pull request opened by wo1ever",
                "title": "#440 20180806~20180810 review",
                "footer": "<https:\/\/github.com\/dataitgirls2\/TWL|dataitgirls2\/TWL>",
                "id": 1,
                "title_link": "https:\/\/github.com\/dataitgirls2\/TWL\/pull\/440",
                "author_link": "https:\/\/github.com\/wo1ever",
                "author_icon": "https:\/\/avatars3.githubusercontent.com\/u\/40650004?v=4",
                "footer_icon": "https:\/\/assets-cdn.github.com\/favicon.ico",
                "ts": 1533967937,
                "color": "36a64f",
                "mrkdwn_in": [
                    "text"
                ]
            }
        ],
        "ts": "1533967938.000033"
    },
    {
        "type": "message",
        "user": "UBN0T9AG1",
        "text": "",
        "bot_id": "BBNDHKJQ3",
        "attachments": [
            {
                "fallback": "[dataitgirls2\/TWL] #440 20180806~20180810 review",
                "pretext": "Pull request merged by wo1ever",
                "title": "#440 20180806~20180810 review",
                "footer": "<https:\/\/github.com\/dataitgirls2\/TWL|dataitgirls2\/TWL>",
                "id": 1,
                "title_link": "https:\/\/github.com\/dataitgirls2\/TWL\/pull\/440",
                "footer_icon": "https:\/\/assets-cdn.github.com\/favicon.ico",
                "ts": 1533967937,
                "color": "6f42c1",
                "mrkdwn_in": [
                    "text"
                ]
            }
        ],
        "ts": "1533967945.000045"
    },
    {
        "type": "message",
        "user": "UBN0T9AG1",
        "text": "",
        "bot_id": "BBNDHKJQ3",
        "attachments": [
            {
                "author_name": "wo1ever",
                "fallback": "[dataitgirls2\/TWL] <https:\/\/github.com\/dataitgirls2\/TWL\/compare\/c346bae4f38b...2d04dea89dd3|3 new commits> pushed to <https:\/\/github.com\/dataitgirls2\/TWL\/tree\/master|`master`>",
                "text": "*<https:\/\/github.com\/dataitgirls2\/TWL\/compare\/c346bae4f38b...2d04dea89dd3|3 new commits> pushed to <https:\/\/github.com\/dataitgirls2\/TWL\/tree\/master|`master`>*\n<https:\/\/github.com\/dataitgirls2\/TWL\/commit\/a800a6696316ea2098ead00df3108878269444db|`a800a669`> - 이수진님 특강, 통계수업 (회귀분석)\n<https:\/\/github.com\/dataitgirls2\/TWL\/commit\/b07792c03c60e66be337a0771ed44d7975576e4e|`b07792c0`> - git, sourcetree, chatbot, font setting, regression\n<https:\/\/github.com\/dataitgirls2\/TWL\/commit\/2d04dea89dd322d47e2cc57d47fd5f84eae10ea5|`2d04dea8`> - Merge pull request #440 from wo1ever\/master",
                "footer": "<https:\/\/github.com\/dataitgirls2\/TWL|dataitgirls2\/TWL>",
                "id": 1,
                "author_link": "https:\/\/github.com\/wo1ever",
                "author_icon": "https:\/\/avatars3.githubusercontent.com\/u\/40650004?v=4",
                "footer_icon": "https:\/\/assets-cdn.github.com\/favicon.ico",
                "color": "24292f",
                "mrkdwn_in": [
                    "text"
                ]
            }
        ],
        "ts": "1533967946.000024"
    },
    {
        "type": "message",
        "user": "UBN0T9AG1",
        "text": "",
        "bot_id": "BBNDHKJQ3",
        "attachments": [
            {
                "author_name": "DassomLee",
                "fallback": "[dataitgirls2\/m3] <https:\/\/github.com\/dataitgirls2\/m3\/compare\/2d35da8c0f7c...78105f0b34b6|1 new commit> pushed to <https:\/\/github.com\/dataitgirls2\/m3\/tree\/master|`master`>",
                "text": "*<https:\/\/github.com\/dataitgirls2\/m3\/compare\/2d35da8c0f7c...78105f0b34b6|1 new commit> pushed to <https:\/\/github.com\/dataitgirls2\/m3\/tree\/master|`master`>*\n<https:\/\/github.com\/dataitgirls2\/m3\/commit\/78105f0b34b68afcb0a83aa4135841fb790b758b|`78105f0b`> - Create crawler",
                "footer": "<https:\/\/github.com\/dataitgirls2\/m3|dataitgirls2\/m3>",
                "id": 1,
                "author_link": "https:\/\/github.com\/DassomLee",
                "author_icon": "https:\/\/avatars0.githubusercontent.com\/u\/40636618?v=4",
                "footer_icon": "https:\/\/assets-cdn.github.com\/favicon.ico",
                "color": "24292f",
                "mrkdwn_in": [
                    "text"
                ]
            }
        ],
        "ts": "1533968129.000024"
    },
    {
        "type": "message",
        "user": "UBN0T9AG1",
        "text": "",
        "bot_id": "BBNDHKJQ3",
        "attachments": [
            {
                "author_name": "DassomLee",
                "fallback": "[dataitgirls2\/m3] <https:\/\/github.com\/dataitgirls2\/m3\/compare\/78105f0b34b6...3b2d79133468|1 new commit> pushed to <https:\/\/github.com\/dataitgirls2\/m3\/tree\/master|`master`>",
                "text": "*<https:\/\/github.com\/dataitgirls2\/m3\/compare\/78105f0b34b6...3b2d79133468|1 new commit> pushed to <https:\/\/github.com\/dataitgirls2\/m3\/tree\/master|`master`>*\n<https:\/\/github.com\/dataitgirls2\/m3\/commit\/3b2d79133468f9afc216ec818c7a0add7dbe6f22|`3b2d7913`> - Create crawler",
                "footer": "<https:\/\/github.com\/dataitgirls2\/m3|dataitgirls2\/m3>",
                "id": 1,
                "author_link": "https:\/\/github.com\/DassomLee",
                "author_icon": "https:\/\/avatars0.githubusercontent.com\/u\/40636618?v=4",
                "footer_icon": "https:\/\/assets-cdn.github.com\/favicon.ico",
                "color": "24292f",
                "mrkdwn_in": [
                    "text"
                ]
            }
        ],
        "ts": "1533968325.000005"
    }
]