[
    {
        "type": "message",
        "user": "UBN0T9AG1",
        "text": "",
        "bot_id": "BBNDHKJQ3",
        "attachments": [
            {
                "author_name": "ahlumcho",
                "fallback": "[dataitgirls2\/tutorial] <https:\/\/github.com\/dataitgirls2\/tutorial\/compare\/380d7c270841...549c982b82a2|1 new commit> pushed to <https:\/\/github.com\/dataitgirls2\/tutorial\/tree\/master|`master`>",
                "text": "*<https:\/\/github.com\/dataitgirls2\/tutorial\/compare\/380d7c270841...549c982b82a2|1 new commit> pushed to <https:\/\/github.com\/dataitgirls2\/tutorial\/tree\/master|`master`>*\n<https:\/\/github.com\/dataitgirls2\/tutorial\/commit\/549c982b82a2e9d6fbfbfc40ea7be02948a1a319|`549c982b`> - Rename Tutorial_180730_Statistics.md to Tutorial_180727_Statistics.md",
                "footer": "<https:\/\/github.com\/dataitgirls2\/tutorial|dataitgirls2\/tutorial>",
                "id": 1,
                "author_link": "https:\/\/github.com\/ahlumcho",
                "author_icon": "https:\/\/avatars0.githubusercontent.com\/u\/40629293?v=4",
                "footer_icon": "https:\/\/assets-cdn.github.com\/favicon.ico",
                "color": "24292f",
                "mrkdwn_in": [
                    "text"
                ]
            }
        ],
        "ts": "1533114367.000159"
    },
    {
        "type": "message",
        "user": "UBN0T9AG1",
        "text": "",
        "bot_id": "BBNDHKJQ3",
        "attachments": [
            {
                "fallback": "[dataitgirls2\/TWL] #403 통계3",
                "pretext": "Pull request merged by seoyeongsong",
                "title": "#403 통계3",
                "footer": "<https:\/\/github.com\/dataitgirls2\/TWL|dataitgirls2\/TWL>",
                "id": 1,
                "title_link": "https:\/\/github.com\/dataitgirls2\/TWL\/pull\/403",
                "footer_icon": "https:\/\/assets-cdn.github.com\/favicon.ico",
                "ts": 1532876509,
                "color": "6f42c1",
                "mrkdwn_in": [
                    "text"
                ]
            }
        ],
        "ts": "1533116706.000185"
    },
    {
        "type": "message",
        "user": "UBN0T9AG1",
        "text": "",
        "bot_id": "BBNDHKJQ3",
        "attachments": [
            {
                "author_name": "seoyeongsong",
                "fallback": "[dataitgirls2\/TWL] <https:\/\/github.com\/dataitgirls2\/TWL\/compare\/58f128723eda...6edc5a73290c|3 new commits> pushed to <https:\/\/github.com\/dataitgirls2\/TWL\/tree\/master|`master`>",
                "text": "*<https:\/\/github.com\/dataitgirls2\/TWL\/compare\/58f128723eda...6edc5a73290c|3 new commits> pushed to <https:\/\/github.com\/dataitgirls2\/TWL\/tree\/master|`master`>*\n<https:\/\/github.com\/dataitgirls2\/TWL\/commit\/934b9d15a76228a44512082061a21515738dd5f3|`934b9d15`> - 통계3\n<https:\/\/github.com\/dataitgirls2\/TWL\/commit\/03cb38b02ed8124ab289a5947a73e806e9118006|`03cb38b0`> - Create 20180730_분류하기.md\n<https:\/\/github.com\/dataitgirls2\/TWL\/commit\/6edc5a73290c0cd3f5add0d7b0f716b1498156e8|`6edc5a73`> - Merge pull request #403 from seoyeongsong\/master",
                "footer": "<https:\/\/github.com\/dataitgirls2\/TWL|dataitgirls2\/TWL>",
                "id": 1,
                "author_link": "https:\/\/github.com\/seoyeongsong",
                "author_icon": "https:\/\/avatars2.githubusercontent.com\/u\/40572558?v=4",
                "footer_icon": "https:\/\/assets-cdn.github.com\/favicon.ico",
                "color": "24292f",
                "mrkdwn_in": [
                    "text"
                ]
            }
        ],
        "ts": "1533116706.000240"
    },
    {
        "type": "message",
        "user": "UBN0T9AG1",
        "text": "",
        "bot_id": "BBNDHKJQ3",
        "attachments": [
            {
                "author_name": "Yoonkimove",
                "fallback": "[dataitgirls2\/TWL] #413 20180731 Team project kickoff",
                "pretext": "Pull request opened by Yoonkimove",
                "title": "#413 20180731 Team project kickoff",
                "footer": "<https:\/\/github.com\/dataitgirls2\/TWL|dataitgirls2\/TWL>",
                "id": 1,
                "title_link": "https:\/\/github.com\/dataitgirls2\/TWL\/pull\/413",
                "author_link": "https:\/\/github.com\/Yoonkimove",
                "author_icon": "https:\/\/avatars3.githubusercontent.com\/u\/39266586?v=4",
                "footer_icon": "https:\/\/assets-cdn.github.com\/favicon.ico",
                "ts": 1533129998,
                "color": "36a64f",
                "mrkdwn_in": [
                    "text"
                ]
            }
        ],
        "ts": "1533130001.000294"
    },
    {
        "type": "message",
        "user": "UBN0T9AG1",
        "text": "",
        "bot_id": "BBNDHKJQ3",
        "attachments": [
            {
                "fallback": "[dataitgirls2\/TWL] #413 20180731 Team project kickoff",
                "pretext": "Pull request merged by Yoonkimove",
                "title": "#413 20180731 Team project kickoff",
                "footer": "<https:\/\/github.com\/dataitgirls2\/TWL|dataitgirls2\/TWL>",
                "id": 1,
                "title_link": "https:\/\/github.com\/dataitgirls2\/TWL\/pull\/413",
                "footer_icon": "https:\/\/assets-cdn.github.com\/favicon.ico",
                "ts": 1533129998,
                "color": "6f42c1",
                "mrkdwn_in": [
                    "text"
                ]
            }
        ],
        "ts": "1533130016.000087"
    },
    {
        "type": "message",
        "user": "UBN0T9AG1",
        "text": "",
        "bot_id": "BBNDHKJQ3",
        "attachments": [
            {
                "author_name": "Yoonkimove",
                "fallback": "[dataitgirls2\/TWL] <https:\/\/github.com\/dataitgirls2\/TWL\/compare\/6edc5a73290c...7bd553675d66|2 new commits> pushed to <https:\/\/github.com\/dataitgirls2\/TWL\/tree\/master|`master`>",
                "text": "*<https:\/\/github.com\/dataitgirls2\/TWL\/compare\/6edc5a73290c...7bd553675d66|2 new commits> pushed to <https:\/\/github.com\/dataitgirls2\/TWL\/tree\/master|`master`>*\n<https:\/\/github.com\/dataitgirls2\/TWL\/commit\/c5619fc0d2586027f1fee32c6643cc0e7689b61a|`c5619fc0`> - 20180731 Team project kickoff\n<https:\/\/github.com\/dataitgirls2\/TWL\/commit\/7bd553675d664b7ed927d6c0bc3c28ab4b92d593|`7bd55367`> - Merge pull request #413 from Yoonkimove\/master",
                "footer": "<https:\/\/github.com\/dataitgirls2\/TWL|dataitgirls2\/TWL>",
                "id": 1,
                "author_link": "https:\/\/github.com\/Yoonkimove",
                "author_icon": "https:\/\/avatars3.githubusercontent.com\/u\/39266586?v=4",
                "footer_icon": "https:\/\/assets-cdn.github.com\/favicon.ico",
                "color": "24292f",
                "mrkdwn_in": [
                    "text"
                ]
            }
        ],
        "ts": "1533130016.000134"
    },
    {
        "type": "message",
        "user": "UBN0T9AG1",
        "text": "",
        "bot_id": "BBNDHKJQ3",
        "attachments": [
            {
                "author_name": "Yoonkimove",
                "fallback": "[dataitgirls2\/TWL] <https:\/\/github.com\/dataitgirls2\/TWL\/compare\/7bd553675d66...5954969ba2c8|1 new commit> pushed to <https:\/\/github.com\/dataitgirls2\/TWL\/tree\/master|`master`>",
                "text": "*<https:\/\/github.com\/dataitgirls2\/TWL\/compare\/7bd553675d66...5954969ba2c8|1 new commit> pushed to <https:\/\/github.com\/dataitgirls2\/TWL\/tree\/master|`master`>*\n<https:\/\/github.com\/dataitgirls2\/TWL\/commit\/5954969ba2c894e99b940d273c08b6af64ea81bd|`5954969b`> - Rename 20180731 TeamProject Kickoff.md to Yoonkimove\/20180731 TeamProject Kickoff.md",
                "footer": "<https:\/\/github.com\/dataitgirls2\/TWL|dataitgirls2\/TWL>",
                "id": 1,
                "author_link": "https:\/\/github.com\/Yoonkimove",
                "author_icon": "https:\/\/avatars3.githubusercontent.com\/u\/39266586?v=4",
                "footer_icon": "https:\/\/assets-cdn.github.com\/favicon.ico",
                "color": "24292f",
                "mrkdwn_in": [
                    "text"
                ]
            }
        ],
        "ts": "1533130059.000154"
    },
    {
        "type": "message",
        "user": "UBN0T9AG1",
        "text": "",
        "bot_id": "BBNDHKJQ3",
        "attachments": [
            {
                "author_name": "Yoonkimove",
                "fallback": "[dataitgirls2\/TWL] <https:\/\/github.com\/dataitgirls2\/TWL\/compare\/5954969ba2c8...1bd448f0af95|1 new commit> pushed to <https:\/\/github.com\/dataitgirls2\/TWL\/tree\/master|`master`>",
                "text": "*<https:\/\/github.com\/dataitgirls2\/TWL\/compare\/5954969ba2c8...1bd448f0af95|1 new commit> pushed to <https:\/\/github.com\/dataitgirls2\/TWL\/tree\/master|`master`>*\n<https:\/\/github.com\/dataitgirls2\/TWL\/commit\/1bd448f0af95f9593a29e651c8d92863a37511f5|`1bd448f0`> - Delete 20180731 TeamProject Kickoff.md",
                "footer": "<https:\/\/github.com\/dataitgirls2\/TWL|dataitgirls2\/TWL>",
                "id": 1,
                "author_link": "https:\/\/github.com\/Yoonkimove",
                "author_icon": "https:\/\/avatars3.githubusercontent.com\/u\/39266586?v=4",
                "footer_icon": "https:\/\/assets-cdn.github.com\/favicon.ico",
                "color": "24292f",
                "mrkdwn_in": [
                    "text"
                ]
            }
        ],
        "ts": "1533130277.000315"
    },
    {
        "type": "message",
        "user": "UBN0T9AG1",
        "text": "",
        "bot_id": "BBNDHKJQ3",
        "attachments": [
            {
                "author_name": "Yoonkimove",
                "fallback": "[dataitgirls2\/TWL] #414 20180731 TeamProject Kickoff",
                "text": "20180731 TeamProject Kickoff",
                "pretext": "Pull request opened by Yoonkimove",
                "title": "#414 20180731 TeamProject Kickoff",
                "footer": "<https:\/\/github.com\/dataitgirls2\/TWL|dataitgirls2\/TWL>",
                "id": 1,
                "title_link": "https:\/\/github.com\/dataitgirls2\/TWL\/pull\/414",
                "author_link": "https:\/\/github.com\/Yoonkimove",
                "author_icon": "https:\/\/avatars3.githubusercontent.com\/u\/39266586?v=4",
                "footer_icon": "https:\/\/assets-cdn.github.com\/favicon.ico",
                "ts": 1533130524,
                "color": "36a64f",
                "mrkdwn_in": [
                    "text"
                ]
            }
        ],
        "ts": "1533130527.000409"
    },
    {
        "type": "message",
        "user": "UBN0T9AG1",
        "text": "",
        "bot_id": "BBNDHKJQ3",
        "attachments": [
            {
                "fallback": "[dataitgirls2\/TWL] #414 20180731 TeamProject Kickoff",
                "pretext": "Pull request merged by Yoonkimove",
                "title": "#414 20180731 TeamProject Kickoff",
                "footer": "<https:\/\/github.com\/dataitgirls2\/TWL|dataitgirls2\/TWL>",
                "id": 1,
                "title_link": "https:\/\/github.com\/dataitgirls2\/TWL\/pull\/414",
                "footer_icon": "https:\/\/assets-cdn.github.com\/favicon.ico",
                "ts": 1533130524,
                "color": "6f42c1",
                "mrkdwn_in": [
                    "text"
                ]
            }
        ],
        "ts": "1533130535.000338"
    },
    {
        "type": "message",
        "user": "UBN0T9AG1",
        "text": "",
        "bot_id": "BBNDHKJQ3",
        "attachments": [
            {
                "author_name": "Yoonkimove",
                "fallback": "[dataitgirls2\/TWL] <https:\/\/github.com\/dataitgirls2\/TWL\/compare\/1bd448f0af95...0536417c6eed|2 new commits> pushed to <https:\/\/github.com\/dataitgirls2\/TWL\/tree\/master|`master`>",
                "text": "*<https:\/\/github.com\/dataitgirls2\/TWL\/compare\/1bd448f0af95...0536417c6eed|2 new commits> pushed to <https:\/\/github.com\/dataitgirls2\/TWL\/tree\/master|`master`>*\n<https:\/\/github.com\/dataitgirls2\/TWL\/commit\/f4bdecad6b315ec580a49734bdb7b8a90ca2c33f|`f4bdecad`> - 20180731 TeamProject Kickoff\n<https:\/\/github.com\/dataitgirls2\/TWL\/commit\/0536417c6eedee4e25b0c401c65e054084ccda9a|`0536417c`> - Merge pull request #414 from Yoonkimove\/master",
                "footer": "<https:\/\/github.com\/dataitgirls2\/TWL|dataitgirls2\/TWL>",
                "id": 1,
                "author_link": "https:\/\/github.com\/Yoonkimove",
                "author_icon": "https:\/\/avatars3.githubusercontent.com\/u\/39266586?v=4",
                "footer_icon": "https:\/\/assets-cdn.github.com\/favicon.ico",
                "color": "24292f",
                "mrkdwn_in": [
                    "text"
                ]
            }
        ],
        "ts": "1533130536.000021"
    },
    {
        "type": "message",
        "user": "UBN0T9AG1",
        "text": "",
        "bot_id": "BBNDHKJQ3",
        "attachments": [
            {
                "author_name": "Yoonkimove",
                "fallback": "[dataitgirls2\/TWL] <https:\/\/github.com\/dataitgirls2\/TWL\/compare\/0536417c6eed...2ca4edbe274c|1 new commit> pushed to <https:\/\/github.com\/dataitgirls2\/TWL\/tree\/master|`master`>",
                "text": "*<https:\/\/github.com\/dataitgirls2\/TWL\/compare\/0536417c6eed...2ca4edbe274c|1 new commit> pushed to <https:\/\/github.com\/dataitgirls2\/TWL\/tree\/master|`master`>*\n<https:\/\/github.com\/dataitgirls2\/TWL\/commit\/2ca4edbe274c1aae203462cb6665ea15f877b36f|`2ca4edbe`> - Delete 20180628_Yoonkimove.md",
                "footer": "<https:\/\/github.com\/dataitgirls2\/TWL|dataitgirls2\/TWL>",
                "id": 1,
                "author_link": "https:\/\/github.com\/Yoonkimove",
                "author_icon": "https:\/\/avatars3.githubusercontent.com\/u\/39266586?v=4",
                "footer_icon": "https:\/\/assets-cdn.github.com\/favicon.ico",
                "color": "24292f",
                "mrkdwn_in": [
                    "text"
                ]
            }
        ],
        "ts": "1533130590.000435"
    },
    {
        "type": "message",
        "user": "UBN0T9AG1",
        "text": "",
        "bot_id": "BBNDHKJQ3",
        "attachments": [
            {
                "author_name": "Yoonkimove",
                "fallback": "[dataitgirls2\/TWL] <https:\/\/github.com\/dataitgirls2\/TWL\/compare\/2ca4edbe274c...aa5eed897f37|1 new commit> pushed to <https:\/\/github.com\/dataitgirls2\/TWL\/tree\/master|`master`>",
                "text": "*<https:\/\/github.com\/dataitgirls2\/TWL\/compare\/2ca4edbe274c...aa5eed897f37|1 new commit> pushed to <https:\/\/github.com\/dataitgirls2\/TWL\/tree\/master|`master`>*\n<https:\/\/github.com\/dataitgirls2\/TWL\/commit\/aa5eed897f37e507dfe5f28792b10e95ca37a2da|`aa5eed89`> - Create README.md",
                "footer": "<https:\/\/github.com\/dataitgirls2\/TWL|dataitgirls2\/TWL>",
                "id": 1,
                "author_link": "https:\/\/github.com\/Yoonkimove",
                "author_icon": "https:\/\/avatars3.githubusercontent.com\/u\/39266586?v=4",
                "footer_icon": "https:\/\/assets-cdn.github.com\/favicon.ico",
                "color": "24292f",
                "mrkdwn_in": [
                    "text"
                ]
            }
        ],
        "ts": "1533130652.000066"
    },
    {
        "type": "message",
        "user": "UBN0T9AG1",
        "text": "",
        "bot_id": "BBNDHKJQ3",
        "attachments": [
            {
                "author_name": "Yoonkimove",
                "fallback": "[dataitgirls2\/TWL] <https:\/\/github.com\/dataitgirls2\/TWL\/compare\/aa5eed897f37...a39ef3540924|1 new commit> pushed to <https:\/\/github.com\/dataitgirls2\/TWL\/tree\/master|`master`>",
                "text": "*<https:\/\/github.com\/dataitgirls2\/TWL\/compare\/aa5eed897f37...a39ef3540924|1 new commit> pushed to <https:\/\/github.com\/dataitgirls2\/TWL\/tree\/master|`master`>*\n<https:\/\/github.com\/dataitgirls2\/TWL\/commit\/a39ef35409247d904223b73a8320f7a33d8db87d|`a39ef354`> - Update README.md",
                "footer": "<https:\/\/github.com\/dataitgirls2\/TWL|dataitgirls2\/TWL>",
                "id": 1,
                "author_link": "https:\/\/github.com\/Yoonkimove",
                "author_icon": "https:\/\/avatars3.githubusercontent.com\/u\/39266586?v=4",
                "footer_icon": "https:\/\/assets-cdn.github.com\/favicon.ico",
                "color": "24292f",
                "mrkdwn_in": [
                    "text"
                ]
            }
        ],
        "ts": "1533130671.000091"
    },
    {
        "type": "message",
        "user": "UBN0T9AG1",
        "text": "",
        "bot_id": "BBNDHKJQ3",
        "attachments": [
            {
                "author_name": "jypark0407",
                "fallback": "[dataitgirls2\/TWL] #415 updated statistics",
                "pretext": "Pull request opened by jypark0407",
                "title": "#415 updated statistics",
                "footer": "<https:\/\/github.com\/dataitgirls2\/TWL|dataitgirls2\/TWL>",
                "id": 1,
                "title_link": "https:\/\/github.com\/dataitgirls2\/TWL\/pull\/415",
                "author_link": "https:\/\/github.com\/jypark0407",
                "author_icon": "https:\/\/avatars3.githubusercontent.com\/u\/4671984?v=4",
                "footer_icon": "https:\/\/assets-cdn.github.com\/favicon.ico",
                "ts": 1533143746,
                "color": "36a64f",
                "mrkdwn_in": [
                    "text"
                ]
            }
        ],
        "ts": "1533143749.000296"
    },
    {
        "type": "message",
        "user": "UBN0T9AG1",
        "text": "",
        "bot_id": "BBNDHKJQ3",
        "attachments": [
            {
                "fallback": "[dataitgirls2\/TWL] #415 updated statistics",
                "pretext": "Pull request merged by jypark0407",
                "title": "#415 updated statistics",
                "footer": "<https:\/\/github.com\/dataitgirls2\/TWL|dataitgirls2\/TWL>",
                "id": 1,
                "title_link": "https:\/\/github.com\/dataitgirls2\/TWL\/pull\/415",
                "footer_icon": "https:\/\/assets-cdn.github.com\/favicon.ico",
                "ts": 1533143746,
                "color": "6f42c1",
                "mrkdwn_in": [
                    "text"
                ]
            }
        ],
        "ts": "1533143754.000257"
    },
    {
        "type": "message",
        "user": "UBN0T9AG1",
        "text": "",
        "bot_id": "BBNDHKJQ3",
        "attachments": [
            {
                "author_name": "jypark0407",
                "fallback": "[dataitgirls2\/TWL] <https:\/\/github.com\/dataitgirls2\/TWL\/compare\/a39ef3540924...ea14722057cd|2 new commits> pushed to <https:\/\/github.com\/dataitgirls2\/TWL\/tree\/master|`master`>",
                "text": "*<https:\/\/github.com\/dataitgirls2\/TWL\/compare\/a39ef3540924...ea14722057cd|2 new commits> pushed to <https:\/\/github.com\/dataitgirls2\/TWL\/tree\/master|`master`>*\n<https:\/\/github.com\/dataitgirls2\/TWL\/commit\/b0ecd52628042d449c29c1fb22bfca366d49ade9|`b0ecd526`> - updated statistics\n<https:\/\/github.com\/dataitgirls2\/TWL\/commit\/ea14722057cdfd669d56d91e50a42093406d6751|`ea147220`> - Merge pull request #415 from jypark0407\/master",
                "footer": "<https:\/\/github.com\/dataitgirls2\/TWL|dataitgirls2\/TWL>",
                "id": 1,
                "author_link": "https:\/\/github.com\/jypark0407",
                "author_icon": "https:\/\/avatars3.githubusercontent.com\/u\/4671984?v=4",
                "footer_icon": "https:\/\/assets-cdn.github.com\/favicon.ico",
                "color": "24292f",
                "mrkdwn_in": [
                    "text"
                ]
            }
        ],
        "ts": "1533143754.000365"
    },
    {
        "type": "message",
        "user": "UBN0T9AG1",
        "text": "",
        "bot_id": "BBNDHKJQ3",
        "attachments": [
            {
                "author_name": "seoyeongsong",
                "fallback": "[dataitgirls2\/TWL] <https:\/\/github.com\/dataitgirls2\/TWL\/compare\/ea14722057cd...3499063b1760|1 new commit> pushed to <https:\/\/github.com\/dataitgirls2\/TWL\/tree\/master|`master`>",
                "text": "*<https:\/\/github.com\/dataitgirls2\/TWL\/compare\/ea14722057cd...3499063b1760|1 new commit> pushed to <https:\/\/github.com\/dataitgirls2\/TWL\/tree\/master|`master`>*\n<https:\/\/github.com\/dataitgirls2\/TWL\/commit\/3499063b17604ab3f1907b7dfcf431e175be5ba8|`3499063b`> - Delete 20180720_데이터 분석가 특강.md",
                "footer": "<https:\/\/github.com\/dataitgirls2\/TWL|dataitgirls2\/TWL>",
                "id": 1,
                "author_link": "https:\/\/github.com\/seoyeongsong",
                "author_icon": "https:\/\/avatars2.githubusercontent.com\/u\/40572558?v=4",
                "footer_icon": "https:\/\/assets-cdn.github.com\/favicon.ico",
                "color": "24292f",
                "mrkdwn_in": [
                    "text"
                ]
            }
        ],
        "ts": "1533178731.000057"
    },
    {
        "type": "message",
        "user": "UBN0T9AG1",
        "text": "",
        "bot_id": "BBNDHKJQ3",
        "attachments": [
            {
                "author_name": "seoyeongsong",
                "fallback": "[dataitgirls2\/TWL] <https:\/\/github.com\/dataitgirls2\/TWL\/compare\/3499063b1760...7ea717ae4f53|1 new commit> pushed to <https:\/\/github.com\/dataitgirls2\/TWL\/tree\/master|`master`>",
                "text": "*<https:\/\/github.com\/dataitgirls2\/TWL\/compare\/3499063b1760...7ea717ae4f53|1 new commit> pushed to <https:\/\/github.com\/dataitgirls2\/TWL\/tree\/master|`master`>*\n<https:\/\/github.com\/dataitgirls2\/TWL\/commit\/7ea717ae4f538a5cff08c62ac2ab3cdc0b2bb836|`7ea717ae`> - Data analysis seminar",
                "footer": "<https:\/\/github.com\/dataitgirls2\/TWL|dataitgirls2\/TWL>",
                "id": 1,
                "author_link": "https:\/\/github.com\/seoyeongsong",
                "author_icon": "https:\/\/avatars2.githubusercontent.com\/u\/40572558?v=4",
                "footer_icon": "https:\/\/assets-cdn.github.com\/favicon.ico",
                "color": "24292f",
                "mrkdwn_in": [
                    "text"
                ]
            }
        ],
        "ts": "1533181766.000099"
    },
    {
        "type": "message",
        "user": "UBN0T9AG1",
        "text": "",
        "bot_id": "BBNDHKJQ3",
        "attachments": [
            {
                "author_name": "jypark0407",
                "fallback": "[dataitgirls2\/TWL] #416 add 20180802",
                "pretext": "Pull request opened by jypark0407",
                "title": "#416 add 20180802",
                "footer": "<https:\/\/github.com\/dataitgirls2\/TWL|dataitgirls2\/TWL>",
                "id": 1,
                "title_link": "https:\/\/github.com\/dataitgirls2\/TWL\/pull\/416",
                "author_link": "https:\/\/github.com\/jypark0407",
                "author_icon": "https:\/\/avatars3.githubusercontent.com\/u\/4671984?v=4",
                "footer_icon": "https:\/\/assets-cdn.github.com\/favicon.ico",
                "ts": 1533189409,
                "color": "36a64f",
                "mrkdwn_in": [
                    "text"
                ]
            }
        ],
        "ts": "1533189412.000007"
    },
    {
        "type": "message",
        "user": "UBN0T9AG1",
        "text": "",
        "bot_id": "BBNDHKJQ3",
        "attachments": [
            {
                "fallback": "[dataitgirls2\/TWL] #416 add 20180802",
                "pretext": "Pull request merged by jypark0407",
                "title": "#416 add 20180802",
                "footer": "<https:\/\/github.com\/dataitgirls2\/TWL|dataitgirls2\/TWL>",
                "id": 1,
                "title_link": "https:\/\/github.com\/dataitgirls2\/TWL\/pull\/416",
                "footer_icon": "https:\/\/assets-cdn.github.com\/favicon.ico",
                "ts": 1533189409,
                "color": "6f42c1",
                "mrkdwn_in": [
                    "text"
                ]
            }
        ],
        "ts": "1533189417.000160"
    },
    {
        "type": "message",
        "user": "UBN0T9AG1",
        "text": "",
        "bot_id": "BBNDHKJQ3",
        "attachments": [
            {
                "author_name": "jypark0407",
                "fallback": "[dataitgirls2\/TWL] <https:\/\/github.com\/dataitgirls2\/TWL\/compare\/7ea717ae4f53...4fddcebc8028|2 new commits> pushed to <https:\/\/github.com\/dataitgirls2\/TWL\/tree\/master|`master`>",
                "text": "*<https:\/\/github.com\/dataitgirls2\/TWL\/compare\/7ea717ae4f53...4fddcebc8028|2 new commits> pushed to <https:\/\/github.com\/dataitgirls2\/TWL\/tree\/master|`master`>*\n<https:\/\/github.com\/dataitgirls2\/TWL\/commit\/84e2c4cb3df4d76393d4fbad9f5dc8b89c28943e|`84e2c4cb`> - add 20180802\n<https:\/\/github.com\/dataitgirls2\/TWL\/commit\/4fddcebc80281879e93a66942d3ecfa16f96f630|`4fddcebc`> - Merge pull request #416 from jypark0407\/master",
                "footer": "<https:\/\/github.com\/dataitgirls2\/TWL|dataitgirls2\/TWL>",
                "id": 1,
                "author_link": "https:\/\/github.com\/jypark0407",
                "author_icon": "https:\/\/avatars3.githubusercontent.com\/u\/4671984?v=4",
                "footer_icon": "https:\/\/assets-cdn.github.com\/favicon.ico",
                "color": "24292f",
                "mrkdwn_in": [
                    "text"
                ]
            }
        ],
        "ts": "1533189418.000014"
    }
]