[
    {
        "type": "message",
        "user": "UBN0T9AG1",
        "text": "",
        "bot_id": "BBNDHKJQ3",
        "attachments": [
            {
                "author_name": "DassomLee",
                "fallback": "[dataitgirls2\/m3] Issue opened by DassomLee",
                "text": "blah",
                "pretext": "Issue opened by DassomLee",
                "title": "#35 가설 설정",
                "footer": "<https:\/\/github.com\/dataitgirls2\/m3|dataitgirls2\/m3>",
                "id": 1,
                "title_link": "https:\/\/github.com\/dataitgirls2\/m3\/issues\/35",
                "author_link": "https:\/\/github.com\/DassomLee",
                "author_icon": "https:\/\/avatars0.githubusercontent.com\/u\/40636618?v=4",
                "footer_icon": "https:\/\/assets-cdn.github.com\/favicon.ico",
                "ts": 1533976054,
                "color": "36a64f",
                "mrkdwn_in": [
                    "text"
                ]
            }
        ],
        "ts": "1533976056.000062"
    },
    {
        "type": "message",
        "user": "UBN0T9AG1",
        "text": "",
        "bot_id": "BBNDHKJQ3",
        "attachments": [
            {
                "author_name": "HeeYoungK",
                "fallback": "[dataitgirls2\/m3] #36 네이버 크롤러 및 타이디 데이터",
                "text": "네이버 크롤러 및 타이디 데이터",
                "pretext": "Pull request opened by HeeYoungK",
                "title": "#36 네이버 크롤러 및 타이디 데이터",
                "footer": "<https:\/\/github.com\/dataitgirls2\/m3|dataitgirls2\/m3>",
                "id": 1,
                "title_link": "https:\/\/github.com\/dataitgirls2\/m3\/pull\/36",
                "author_link": "https:\/\/github.com\/HeeYoungK",
                "author_icon": "https:\/\/avatars0.githubusercontent.com\/u\/40585665?v=4",
                "footer_icon": "https:\/\/assets-cdn.github.com\/favicon.ico",
                "ts": 1533977761,
                "color": "36a64f",
                "mrkdwn_in": [
                    "text"
                ]
            }
        ],
        "ts": "1533977762.000066"
    },
    {
        "type": "message",
        "user": "UBN0T9AG1",
        "text": "",
        "bot_id": "BBNDHKJQ3",
        "attachments": [
            {
                "fallback": "[dataitgirls2\/m3] #36 네이버 크롤러 및 타이디 데이터",
                "pretext": "Pull request merged by HeeYoungK",
                "title": "#36 네이버 크롤러 및 타이디 데이터",
                "footer": "<https:\/\/github.com\/dataitgirls2\/m3|dataitgirls2\/m3>",
                "id": 1,
                "title_link": "https:\/\/github.com\/dataitgirls2\/m3\/pull\/36",
                "footer_icon": "https:\/\/assets-cdn.github.com\/favicon.ico",
                "ts": 1533977761,
                "color": "6f42c1",
                "mrkdwn_in": [
                    "text"
                ]
            }
        ],
        "ts": "1533977785.000019"
    },
    {
        "type": "message",
        "user": "UBN0T9AG1",
        "text": "",
        "bot_id": "BBNDHKJQ3",
        "attachments": [
            {
                "author_name": "HeeYoungK",
                "fallback": "[dataitgirls2\/m3] <https:\/\/github.com\/dataitgirls2\/m3\/compare\/3b2d79133468...8d6c920b1dd6|2 new commits> pushed to <https:\/\/github.com\/dataitgirls2\/m3\/tree\/master|`master`>",
                "text": "*<https:\/\/github.com\/dataitgirls2\/m3\/compare\/3b2d79133468...8d6c920b1dd6|2 new commits> pushed to <https:\/\/github.com\/dataitgirls2\/m3\/tree\/master|`master`>*\n<https:\/\/github.com\/dataitgirls2\/m3\/commit\/fcd2a7f94895da2767d76d854f73000042299114|`fcd2a7f9`> - 네이버 크롤러 및 타이디 데이터\n<https:\/\/github.com\/dataitgirls2\/m3\/commit\/8d6c920b1dd6371ead2d9c5e7626c3d6bc72f9fa|`8d6c920b`> - Merge pull request #36 from HeeYoungK\/master",
                "footer": "<https:\/\/github.com\/dataitgirls2\/m3|dataitgirls2\/m3>",
                "id": 1,
                "author_link": "https:\/\/github.com\/HeeYoungK",
                "author_icon": "https:\/\/avatars0.githubusercontent.com\/u\/40585665?v=4",
                "footer_icon": "https:\/\/assets-cdn.github.com\/favicon.ico",
                "color": "24292f",
                "mrkdwn_in": [
                    "text"
                ]
            }
        ],
        "ts": "1533977785.000029"
    },
    {
        "type": "message",
        "user": "UBN0T9AG1",
        "text": "",
        "bot_id": "BBNDHKJQ3",
        "attachments": [
            {
                "author_name": "seoyeongsong",
                "fallback": "[dataitgirls2\/TWL] #441 Open_data_analysis_commercial(medical)",
                "text": "상권정보 분석(1)_ 조별 프로젝트 주제 다뤄보기",
                "pretext": "Pull request opened by seoyeongsong",
                "title": "#441 Open_data_analysis_commercial(medical)",
                "footer": "<https:\/\/github.com\/dataitgirls2\/TWL|dataitgirls2\/TWL>",
                "id": 1,
                "title_link": "https:\/\/github.com\/dataitgirls2\/TWL\/pull\/441",
                "author_link": "https:\/\/github.com\/seoyeongsong",
                "author_icon": "https:\/\/avatars2.githubusercontent.com\/u\/40572558?v=4",
                "footer_icon": "https:\/\/assets-cdn.github.com\/favicon.ico",
                "ts": 1533986472,
                "color": "36a64f",
                "mrkdwn_in": [
                    "text"
                ]
            }
        ],
        "ts": "1533986473.000047"
    },
    {
        "type": "message",
        "user": "UBN0T9AG1",
        "text": "",
        "bot_id": "BBNDHKJQ3",
        "attachments": [
            {
                "author_name": "miningful",
                "fallback": "[dataitgirls2\/m3] #37 '업종'카테고리 merging하기",
                "text": "'업종' 카테고리 merging (code_MergingData_ver03생성)\ncode_MergingData_yewon_ver1 파일이름을 code_MergingData_yewon_ver2로 변경",
                "pretext": "Pull request opened by miningful",
                "title": "#37 '업종'카테고리 merging하기",
                "footer": "<https:\/\/github.com\/dataitgirls2\/m3|dataitgirls2\/m3>",
                "id": 1,
                "title_link": "https:\/\/github.com\/dataitgirls2\/m3\/pull\/37",
                "author_link": "https:\/\/github.com\/miningful",
                "author_icon": "https:\/\/avatars3.githubusercontent.com\/u\/40648037?v=4",
                "footer_icon": "https:\/\/assets-cdn.github.com\/favicon.ico",
                "ts": 1534032402,
                "color": "36a64f",
                "mrkdwn_in": [
                    "text"
                ]
            }
        ],
        "ts": "1534032404.000042"
    },
    {
        "type": "message",
        "user": "UBN0T9AG1",
        "text": "",
        "bot_id": "BBNDHKJQ3",
        "attachments": [
            {
                "fallback": "[dataitgirls2\/m3] #37 '업종'카테고리 merging하기",
                "pretext": "Pull request merged by miningful",
                "title": "#37 '업종'카테고리 merging하기",
                "footer": "<https:\/\/github.com\/dataitgirls2\/m3|dataitgirls2\/m3>",
                "id": 1,
                "title_link": "https:\/\/github.com\/dataitgirls2\/m3\/pull\/37",
                "footer_icon": "https:\/\/assets-cdn.github.com\/favicon.ico",
                "ts": 1534032402,
                "color": "6f42c1",
                "mrkdwn_in": [
                    "text"
                ]
            }
        ],
        "ts": "1534032415.000013"
    },
    {
        "type": "message",
        "user": "UBN0T9AG1",
        "text": "",
        "bot_id": "BBNDHKJQ3",
        "attachments": [
            {
                "author_name": "miningful",
                "fallback": "[dataitgirls2\/m3] <https:\/\/github.com\/dataitgirls2\/m3\/compare\/8d6c920b1dd6...7a6810fb28d5|2 new commits> pushed to <https:\/\/github.com\/dataitgirls2\/m3\/tree\/master|`master`>",
                "text": "*<https:\/\/github.com\/dataitgirls2\/m3\/compare\/8d6c920b1dd6...7a6810fb28d5|2 new commits> pushed to <https:\/\/github.com\/dataitgirls2\/m3\/tree\/master|`master`>*\n<https:\/\/github.com\/dataitgirls2\/m3\/commit\/d7e6d9777ca24ae339adf1dbe4d933741f782efb|`d7e6d977`> - '업종'카테고리 merging하기\n<https:\/\/github.com\/dataitgirls2\/m3\/commit\/7a6810fb28d559e1b98f447b7477e5512478a4bb|`7a6810fb`> - Merge pull request #37 from miningful\/master",
                "footer": "<https:\/\/github.com\/dataitgirls2\/m3|dataitgirls2\/m3>",
                "id": 1,
                "author_link": "https:\/\/github.com\/miningful",
                "author_icon": "https:\/\/avatars3.githubusercontent.com\/u\/40648037?v=4",
                "footer_icon": "https:\/\/assets-cdn.github.com\/favicon.ico",
                "color": "24292f",
                "mrkdwn_in": [
                    "text"
                ]
            }
        ],
        "ts": "1534032415.000028"
    },
    {
        "type": "message",
        "user": "UBN0T9AG1",
        "text": "",
        "bot_id": "BBNDHKJQ3",
        "attachments": [
            {
                "author_name": "corazzon",
                "fallback": "[dataitgirls2\/10minutes2pandas] <https:\/\/github.com\/dataitgirls2\/10minutes2pandas\/compare\/b7e1a5c3a324...63869d9b12cc|1 new commit> pushed to <https:\/\/github.com\/dataitgirls2\/10minutes2pandas\/tree\/master|`master`>",
                "text": "*<https:\/\/github.com\/dataitgirls2\/10minutes2pandas\/compare\/b7e1a5c3a324...63869d9b12cc|1 new commit> pushed to <https:\/\/github.com\/dataitgirls2\/10minutes2pandas\/tree\/master|`master`>*\n<https:\/\/github.com\/dataitgirls2\/10minutes2pandas\/commit\/63869d9b12cc7a1f211d3455064fb9e0e88f394a|`63869d9b`> - Set theme jekyll-theme-cayman",
                "footer": "<https:\/\/github.com\/dataitgirls2\/10minutes2pandas|dataitgirls2\/10minutes2pandas>",
                "id": 1,
                "author_link": "https:\/\/github.com\/corazzon",
                "author_icon": "https:\/\/avatars3.githubusercontent.com\/u\/1324021?v=4",
                "footer_icon": "https:\/\/assets-cdn.github.com\/favicon.ico",
                "color": "24292f",
                "mrkdwn_in": [
                    "text"
                ]
            }
        ],
        "ts": "1534036691.000033"
    },
    {
        "type": "message",
        "user": "UBN0T9AG1",
        "text": "",
        "bot_id": "BBNDHKJQ3",
        "attachments": [
            {
                "author_name": "corazzon",
                "fallback": "[dataitgirls2\/10minutes2pandas] Successfully deployed 63869d9 to github-pages",
                "text": "Successfully deployed <https:\/\/github.com\/dataitgirls2\/10minutes2pandas\/commit\/63869d9b12cc7a1f211d3455064fb9e0e88f394a|`63869d9`> to github-pages",
                "footer": "<https:\/\/github.com\/dataitgirls2\/10minutes2pandas|dataitgirls2\/10minutes2pandas>",
                "id": 1,
                "author_link": "https:\/\/github.com\/corazzon",
                "author_icon": "https:\/\/avatars3.githubusercontent.com\/u\/1324021?v=4",
                "footer_icon": "https:\/\/assets-cdn.github.com\/favicon.ico",
                "color": "28a745",
                "mrkdwn_in": [
                    "text"
                ]
            }
        ],
        "ts": "1534036699.000056"
    },
    {
        "type": "message",
        "user": "UBN0T9AG1",
        "text": "",
        "bot_id": "BBNDHKJQ3",
        "attachments": [
            {
                "author_name": "jkim828",
                "fallback": "[dataitgirls2\/tutorial] <https:\/\/github.com\/dataitgirls2\/tutorial\/compare\/2339cf0b173c...6e8e16ac815b|1 new commit> pushed to <https:\/\/github.com\/dataitgirls2\/tutorial\/tree\/master|`master`>",
                "text": "*<https:\/\/github.com\/dataitgirls2\/tutorial\/compare\/2339cf0b173c...6e8e16ac815b|1 new commit> pushed to <https:\/\/github.com\/dataitgirls2\/tutorial\/tree\/master|`master`>*\n<https:\/\/github.com\/dataitgirls2\/tutorial\/commit\/6e8e16ac815b7f77b978b2967cdedd128078e2c2|`6e8e16ac`> - Tutorial_180810_Apt_analysis_Statistics5.md",
                "footer": "<https:\/\/github.com\/dataitgirls2\/tutorial|dataitgirls2\/tutorial>",
                "id": 1,
                "author_link": "https:\/\/github.com\/jkim828",
                "author_icon": "https:\/\/avatars2.githubusercontent.com\/u\/40646529?v=4",
                "footer_icon": "https:\/\/assets-cdn.github.com\/favicon.ico",
                "color": "24292f",
                "mrkdwn_in": [
                    "text"
                ]
            }
        ],
        "ts": "1534037289.000014"
    },
    {
        "type": "message",
        "user": "UBN0T9AG1",
        "text": "",
        "bot_id": "BBNDHKJQ3",
        "attachments": [
            {
                "author_name": "DassomLee",
                "fallback": "[dataitgirls2\/m3] Issue opened by DassomLee",
                "text": "tv프로그램은 식당의 인지도에 영향을 줄 것인가?\n\n• tv프로그램: 수요미식회, 맛있는 녀석들, 생생정보통, ...\n• 식당의 인지도: sns 포스팅 수(방송 전후 차이)",
                "pretext": "Issue opened by DassomLee",
                "title": "#38 가설설정",
                "footer": "<https:\/\/github.com\/dataitgirls2\/m3|dataitgirls2\/m3>",
                "id": 1,
                "title_link": "https:\/\/github.com\/dataitgirls2\/m3\/issues\/38",
                "author_link": "https:\/\/github.com\/DassomLee",
                "author_icon": "https:\/\/avatars0.githubusercontent.com\/u\/40636618?v=4",
                "footer_icon": "https:\/\/assets-cdn.github.com\/favicon.ico",
                "ts": 1534055881,
                "color": "36a64f",
                "mrkdwn_in": [
                    "text"
                ]
            }
        ],
        "edited": {
            "user": "UBN0T9AG1",
            "ts": "1534055920.000000"
        },
        "ts": "1534055883.000005"
    },
    {
        "type": "message",
        "user": "UBN0T9AG1",
        "text": "",
        "bot_id": "BBNDHKJQ3",
        "attachments": [
            {
                "author_name": "DassomLee",
                "fallback": "[dataitgirls2\/m3] Issue opened by DassomLee",
                "text": "프로그램 방영 데이터 기간 (2015 혹은 2016으로 늘린다) : 표본이 작아서 표본 확대",
                "pretext": "Issue opened by DassomLee",
                "title": "#39 분석시기와 기간 설정",
                "footer": "<https:\/\/github.com\/dataitgirls2\/m3|dataitgirls2\/m3>",
                "id": 1,
                "title_link": "https:\/\/github.com\/dataitgirls2\/m3\/issues\/39",
                "author_link": "https:\/\/github.com\/DassomLee",
                "author_icon": "https:\/\/avatars0.githubusercontent.com\/u\/40636618?v=4",
                "footer_icon": "https:\/\/assets-cdn.github.com\/favicon.ico",
                "ts": 1534055970,
                "color": "36a64f",
                "mrkdwn_in": [
                    "text"
                ]
            }
        ],
        "ts": "1534055971.000049"
    },
    {
        "type": "message",
        "user": "UBN0T9AG1",
        "text": "",
        "bot_id": "BBNDHKJQ3",
        "attachments": [
            {
                "author_name": "DassomLee",
                "fallback": "[dataitgirls2\/m3] Issue opened by DassomLee",
                "text": "• 분산분석 --&gt; 집단 간 차이를 볼 수 있음. 프로그램 별 sns 포스팅 수 변화 차이\n• 회귀분석 -- &gt; 예측가능",
                "pretext": "Issue opened by DassomLee",
                "title": "#40 분석방법",
                "footer": "<https:\/\/github.com\/dataitgirls2\/m3|dataitgirls2\/m3>",
                "id": 1,
                "title_link": "https:\/\/github.com\/dataitgirls2\/m3\/issues\/40",
                "author_link": "https:\/\/github.com\/DassomLee",
                "author_icon": "https:\/\/avatars0.githubusercontent.com\/u\/40636618?v=4",
                "footer_icon": "https:\/\/assets-cdn.github.com\/favicon.ico",
                "ts": 1534056039,
                "color": "36a64f",
                "mrkdwn_in": [
                    "text"
                ]
            }
        ],
        "edited": {
            "user": "UBN0T9AG1",
            "ts": "1534057338.000000"
        },
        "ts": "1534056041.000025"
    }
]