[
    {
        "type": "message",
        "user": "UBN0T9AG1",
        "text": "",
        "bot_id": "BBNDHKJQ3",
        "attachments": [
            {
                "author_name": "soryeongk",
                "fallback": "[dataitgirls2\/TWL] <https:\/\/github.com\/dataitgirls2\/TWL\/compare\/224840492070...faef008068c7|3 new commits> pushed to <https:\/\/github.com\/dataitgirls2\/TWL\/tree\/master|`master`>",
                "text": "*<https:\/\/github.com\/dataitgirls2\/TWL\/compare\/224840492070...faef008068c7|3 new commits> pushed to <https:\/\/github.com\/dataitgirls2\/TWL\/tree\/master|`master`>*\n<https:\/\/github.com\/dataitgirls2\/TWL\/commit\/1ab558d1b1512ac8d6a4fc92ad7a5580ff5534d5|`1ab558d1`> - re-clone repository and upload the files 180727~180802\n<https:\/\/github.com\/dataitgirls2\/TWL\/commit\/d6f7ddd9e096941a40bbdf03031520ace8807220|`d6f7ddd9`> - create dataitgirls member class and code for classifying team on MT day\n<https:\/\/github.com\/dataitgirls2\/TWL\/commit\/faef008068c7ab5a1da823ee12ce59630e3f5be1|`faef0080`> - delete temp",
                "footer": "<https:\/\/github.com\/dataitgirls2\/TWL|dataitgirls2\/TWL>",
                "id": 1,
                "author_link": "https:\/\/github.com\/soryeongk",
                "author_icon": "https:\/\/avatars3.githubusercontent.com\/u\/40630964?v=4",
                "footer_icon": "https:\/\/assets-cdn.github.com\/favicon.ico",
                "color": "24292f",
                "mrkdwn_in": [
                    "text"
                ]
            }
        ],
        "ts": "1534949839.000100"
    },
    {
        "type": "message",
        "user": "UBELL5EF5",
        "text": "<@UBF0XFP7Z> 헐 ㅋㅋㅋㅋㅋㅋㅋㅋ",
        "client_msg_id": "9edf2d11-970f-41e5-81a9-c81ec932708e",
        "thread_ts": "1534950042.000100",
        "reply_count": 1,
        "replies": [
            {
                "user": "UBF0XFP7Z",
                "ts": "1534983519.000100"
            }
        ],
        "unread_count": 1,
        "ts": "1534950042.000100",
        "reactions": [
            {
                "name": "i_love_you_hand_sign",
                "users": [
                    "UBDCWMFND"
                ],
                "count": 1
            },
            {
                "name": "hahahaha",
                "users": [
                    "UBDCWMFND"
                ],
                "count": 1
            },
            {
                "name": "dait_happy",
                "users": [
                    "UBDCWMFND"
                ],
                "count": 1
            }
        ]
    },
    {
        "type": "message",
        "user": "UBF0XFP7Z",
        "text": "뀨..? 저 무언가 잘못했나요..!",
        "client_msg_id": "D8029CCE-F9A3-4AC0-94DC-415FB3360AD9",
        "thread_ts": "1534950042.000100",
        "parent_user_id": "UBELL5EF5",
        "ts": "1534983519.000100",
        "reactions": [
            {
                "name": "beers",
                "users": [
                    "UBELL5EF5"
                ],
                "count": 1
            },
            {
                "name": "wine_glass",
                "users": [
                    "UBELL5EF5"
                ],
                "count": 1
            },
            {
                "name": "tropical_drink",
                "users": [
                    "UBELL5EF5"
                ],
                "count": 1
            },
            {
                "name": "+1",
                "users": [
                    "UBELL5EF5"
                ],
                "count": 1
            }
        ]
    },
    {
        "type": "message",
        "user": "UBBH69509",
        "text": "여러분들 빨리 오세요오오용ㅎㅇㅎㅇㅎ옼ㅋㅋㅋㅋㅋㅋㅋㅋㅋㅋㅋㅋㅋㅋㅋㅋㅋㅋㅋ빨리 케이터링 먹고 싶어연ㅋㅋㅋㅋ",
        "client_msg_id": "8ea9fba3-5fef-4cfe-820d-798a17680d14",
        "ts": "1534998112.000100",
        "reactions": [
            {
                "name": "+1",
                "users": [
                    "UBELL5EF5",
                    "UBE3NCBKP"
                ],
                "count": 2
            },
            {
                "name": "grinning",
                "users": [
                    "UBELL5EF5"
                ],
                "count": 1
            },
            {
                "name": "hero",
                "users": [
                    "UA4NE8C74"
                ],
                "count": 1
            }
        ]
    },
    {
        "type": "message",
        "user": "UBBH69509",
        "text": "<!channel> ",
        "client_msg_id": "2e032616-fa03-4ec7-827c-26706d7bbb1f",
        "ts": "1534998122.000100"
    }
]