[
    {
        "type": "message",
        "user": "UBD8GMVNC",
        "text": "진영님, 매출 만원 단위로 환산한 숫자 보내드립니다 :slightly_smiling_face:\n\n스타필드 하남 : 10388694\n스타필드 고양 : 3755416\n코엑스몰 : 358392\n강변 테크노마트 : 1777539\n신도림 테크노마트 : 2627480\n아이파크몰 용산 : 15476967\n롯데몰 은평 : 43000000\n롯데몰 김포공항 : 1031467\n영등포 타임스퀘어 : 16941342",
        "client_msg_id": "af788d04-58a1-45dd-9d29-b700339a6de1",
        "ts": "1534146321.000090",
        "reactions": [
            {
                "name": "+1",
                "users": [
                    "UBDUVKQAE"
                ],
                "count": 1
            },
            {
                "name": "heart_eyes",
                "users": [
                    "UBF1K97FH"
                ],
                "count": 1
            }
        ]
    },
    {
        "type": "message",
        "user": "UBF1K97FH",
        "text": "은지님 감사해용",
        "client_msg_id": "d52449ac-b283-4d2b-ac67-31ab2b515e94",
        "ts": "1534148638.000324"
    },
    {
        "type": "message",
        "user": "UBF1K97FH",
        "text": ":따붕:",
        "client_msg_id": "5d9033a1-ea1a-48ed-b3b1-724da2e2c5cd",
        "ts": "1534149514.000052"
    },
    {
        "type": "message",
        "user": "UBF1K97FH",
        "text": "띠로리... 따분 버전",
        "client_msg_id": "44135301-2c86-47cb-96c2-95fd14ce99fc",
        "ts": "1534149520.000067"
    },
    {
        "type": "message",
        "text": "롯데몰 -&gt; red\n스타필드 -&gt; blue",
        "files": [
            {
                "id": "FC7GTHBLM",
                "created": 1534150947,
                "timestamp": 1534150947,
                "name": "image.png",
                "title": "Pasted image at 2018-08-13, 6:02 PM",
                "mimetype": "image\/png",
                "filetype": "png",
                "pretty_type": "PNG",
                "user": "UBDN9579S",
                "editable": false,
                "size": 1523026,
                "mode": "hosted",
                "is_external": false,
                "external_type": "",
                "is_public": true,
                "public_url_shared": false,
                "display_as_bot": false,
                "username": "",
                "url_private": "https:\/\/files.slack.com\/files-pri\/T9SHC5F9S-FC7GTHBLM\/image.png?t=xoxe-332590185332-430098056850-431139793783-a3ecafe0d0f66efa522a67af632228d7",
                "url_private_download": "https:\/\/files.slack.com\/files-pri\/T9SHC5F9S-FC7GTHBLM\/download\/image.png?t=xoxe-332590185332-430098056850-431139793783-a3ecafe0d0f66efa522a67af632228d7",
                "thumb_64": "https:\/\/files.slack.com\/files-tmb\/T9SHC5F9S-FC7GTHBLM-551850f76b\/image_64.png?t=xoxe-332590185332-430098056850-431139793783-a3ecafe0d0f66efa522a67af632228d7",
                "thumb_80": "https:\/\/files.slack.com\/files-tmb\/T9SHC5F9S-FC7GTHBLM-551850f76b\/image_80.png?t=xoxe-332590185332-430098056850-431139793783-a3ecafe0d0f66efa522a67af632228d7",
                "thumb_360": "https:\/\/files.slack.com\/files-tmb\/T9SHC5F9S-FC7GTHBLM-551850f76b\/image_360.png?t=xoxe-332590185332-430098056850-431139793783-a3ecafe0d0f66efa522a67af632228d7",
                "thumb_360_w": 360,
                "thumb_360_h": 203,
                "thumb_480": "https:\/\/files.slack.com\/files-tmb\/T9SHC5F9S-FC7GTHBLM-551850f76b\/image_480.png?t=xoxe-332590185332-430098056850-431139793783-a3ecafe0d0f66efa522a67af632228d7",
                "thumb_480_w": 480,
                "thumb_480_h": 270,
                "thumb_160": "https:\/\/files.slack.com\/files-tmb\/T9SHC5F9S-FC7GTHBLM-551850f76b\/image_160.png?t=xoxe-332590185332-430098056850-431139793783-a3ecafe0d0f66efa522a67af632228d7",
                "thumb_720": "https:\/\/files.slack.com\/files-tmb\/T9SHC5F9S-FC7GTHBLM-551850f76b\/image_720.png?t=xoxe-332590185332-430098056850-431139793783-a3ecafe0d0f66efa522a67af632228d7",
                "thumb_720_w": 720,
                "thumb_720_h": 405,
                "thumb_800": "https:\/\/files.slack.com\/files-tmb\/T9SHC5F9S-FC7GTHBLM-551850f76b\/image_800.png?t=xoxe-332590185332-430098056850-431139793783-a3ecafe0d0f66efa522a67af632228d7",
                "thumb_800_w": 800,
                "thumb_800_h": 450,
                "thumb_960": "https:\/\/files.slack.com\/files-tmb\/T9SHC5F9S-FC7GTHBLM-551850f76b\/image_960.png?t=xoxe-332590185332-430098056850-431139793783-a3ecafe0d0f66efa522a67af632228d7",
                "thumb_960_w": 960,
                "thumb_960_h": 540,
                "thumb_1024": "https:\/\/files.slack.com\/files-tmb\/T9SHC5F9S-FC7GTHBLM-551850f76b\/image_1024.png?t=xoxe-332590185332-430098056850-431139793783-a3ecafe0d0f66efa522a67af632228d7",
                "thumb_1024_w": 1024,
                "thumb_1024_h": 576,
                "image_exif_rotation": 1,
                "original_w": 1920,
                "original_h": 1080,
                "permalink": "https:\/\/daitgirls.slack.com\/files\/UBDN9579S\/FC7GTHBLM\/image.png",
                "permalink_public": "https:\/\/slack-files.com\/T9SHC5F9S-FC7GTHBLM-35e54d1f93"
            }
        ],
        "upload": true,
        "user": "UBDN9579S",
        "display_as_bot": false,
        "ts": "1534150952.000247"
    },
    {
        "type": "message",
        "user": "UBDN9579S",
        "text": "나머지 -&gt; green으로 바꾼 모양이에요",
        "client_msg_id": "3fd8d898-8934-4c58-9118-4c93f36c93d3",
        "ts": "1534150961.000279"
    },
    {
        "type": "message",
        "user": "UBD8GMVNC",
        "text": "송이님 고생하셨어요! 폴리움인거에요 저거? ㅎㅎ",
        "client_msg_id": "67181253-863a-4ae5-b398-858c6b249276",
        "ts": "1534151067.000278"
    },
    {
        "type": "message",
        "user": "UBDN9579S",
        "text": "네네!",
        "client_msg_id": "FCB4A1E0-C31A-4666-BC09-816E6ACCFBD5",
        "ts": "1534151195.000268"
    },
    {
        "type": "message",
        "user": "UBD8GMVNC",
        "text": "대박이네요 :ddongule2: ",
        "client_msg_id": "68a870d7-d038-4832-aa8a-61dd65829301",
        "ts": "1534151307.000077"
    },
    {
        "type": "message",
        "user": "UBDUVKQAE",
        "text": "이쁘네요 ㅎㅎㅎ",
        "client_msg_id": "c5e9d297-98ef-4784-9f43-8b48bc6aad79",
        "ts": "1534151409.000309"
    },
    {
        "type": "message",
        "user": "UBDN9579S",
        "text": "애란쌤이 도움 많이 주셨어요!ㅋㅋㅋㅋ다른것도 연습해볼게요",
        "client_msg_id": "072D928C-2E77-4EFB-8B59-549360FFD268",
        "ts": "1534151709.000174"
    },
    {
        "type": "message",
        "user": "UBF1K97FH",
        "text": "대박 송이님",
        "client_msg_id": "75E2AF68-B92F-450A-97D2-4B1FAB0C01BA",
        "ts": "1534154170.000006"
    },
    {
        "type": "message",
        "user": "UBF1K97FH",
        "text": "좋은 아침이예요 여러분, 오늘 오전에 회의가 있는데 제가 수업때문에 11시즈음 도착할 것 같아 데이터 모은 csv와 jupyter로 데이터 프레임 만든 것 여기에 공유합니다.",
        "client_msg_id": "f5ef0ee9-23c2-45ed-bd0f-0fae67d4484c",
        "ts": "1534202799.000114"
    },
    {
        "type": "message",
        "text": "",
        "files": [
            {
                "id": "FC998QKD4",
                "created": 1534202806,
                "timestamp": 1534202806,
                "name": "traffic_info_02.csv",
                "title": "traffic_info_02.csv",
                "mimetype": "text\/csv",
                "filetype": "csv",
                "pretty_type": "CSV",
                "user": "UBF1K97FH",
                "editable": true,
                "size": 9616,
                "mode": "snippet",
                "is_external": false,
                "external_type": "",
                "is_public": true,
                "public_url_shared": false,
                "display_as_bot": false,
                "username": "",
                "url_private": "https:\/\/files.slack.com\/files-pri\/T9SHC5F9S-FC998QKD4\/traffic_info_02.csv?t=xoxe-332590185332-430098056850-431139793783-a3ecafe0d0f66efa522a67af632228d7",
                "url_private_download": "https:\/\/files.slack.com\/files-pri\/T9SHC5F9S-FC998QKD4\/download\/traffic_info_02.csv?t=xoxe-332590185332-430098056850-431139793783-a3ecafe0d0f66efa522a67af632228d7",
                "permalink": "https:\/\/daitgirls.slack.com\/files\/UBF1K97FH\/FC998QKD4\/traffic_info_02.csv",
                "permalink_public": "https:\/\/slack-files.com\/T9SHC5F9S-FC998QKD4-06eab3529d",
                "edit_link": "https:\/\/daitgirls.slack.com\/files\/UBF1K97FH\/FC998QKD4\/traffic_info_02.csv\/edit",
                "preview": ",Name,Address,Multiflex_no,Traffic_subway,Traffic_no_sub,Traffic_connection,Traffic_bus_grn,Traffic_bus_red,Traffic_bus_blue,Traffic_bus_express,Traffic_bus_shuttle,Traffic_no,Traffic_car,Feeding,Stroller,Revenue,Store,Floor,Total_Area,Operation,Search_Word\r,Name,Address,Multiflex_no,Traffic_subway,Traffic_subway_no,Traffic_subway_connection,Traffic_bus_green,Traffic_bus_red,Traffic_bus_blue,Traffic_bus_express,Traffic_bus_shuttle,Traffic_no,Car,Feeding,Stroller,Revenue,Store,Floor,Total area,Operation,Search_Word\r1,스타필드 하남,경기 하남시 미사대로 750 스타필드 하남,1537,\"잠실역, 강남역, 천호역, 상일동역, 방이역, 팔당역\",6 (버스로 환승필),0,\"23, 81, 82, 87\",\"9302, 9303\",50,,,7,9,1,1,10388694,274,8,\" 460,000 \",신세계그룹,\"하남 워터파크, 경기도 실내수영장, 스타필드 아쿠아, 스타필드 하남 맛집, 하남 스타필드 아쿠아필드 시간, 하남 수영장, 하남 아쿠아필드 수건, 하남 아쿠아필드 주차, 스타필드 워터파크, 경기도 호텔 수영장, 하남 스타필드 아쿠아필드, 하남 스타필드 메가박스, 하남 스타필드 찜질방, 하남 스타필드 스포츠몬스터, 하남 스타필드 키즈까페, 하남 신세계백화점, 하남, 아쿠아필드 가격, 하남 아쿠아필드 수건, 하남 스타필드 주차\"\r2,스타필드 코엑스,서울 강남구 영동대로 513 코엑스,3589,\"삼성역, 봉은사역\",3,1,3411,,\"146, 333, 341, 360, 740, N13, N16\",\"1100, 17...",
                "preview_highlight": "<div class=\"CodeMirror cm-s-default CodeMirrorServer\" oncopy=\"if(event.clipboardData){event.clipboardData.setData('text\/plain',window.getSelection().toString().replace(\/\\u200b\/g,''));event.preventDefault();event.stopPropagation();}\">\n<div class=\"CodeMirror-code\">\n<div><pre>,Name,Address,Multiflex_no,Traffic_subway,Traffic_no_sub,Traffic_connection,Traffic_bus_grn,Traffic_bus_red,Traffic_bus_blue,Traffic_bus_express,Traffic_bus_shuttle,Traffic_no,Traffic_car,Feeding,Stroller,Revenue,Store,Floor,Total_Area,Operation,Search_Word<\/pre><\/div>\n<div><pre>,Name,Address,Multiflex_no,Traffic_subway,Traffic_subway_no,Traffic_subway_connection,Traffic_bus_green,Traffic_bus_red,Traffic_bus_blue,Traffic_bus_express,Traffic_bus_shuttle,Traffic_no,Car,Feeding,Stroller,Revenue,Store,Floor,Total area,Operation,Search_Word<\/pre><\/div>\n<div><pre>1,스타필드 하남,경기 하남시 미사대로 750 스타필드 하남,1537,&quot;잠실역, 강남역, 천호역, 상일동역, 방이역, 팔당역&quot;,6 (버스로 환승필),0,&quot;23, 81, 82, 87&quot;,&quot;9302, 9303&quot;,50,,,7,9,1,1,10388694,274,8,&quot; 460,000 &quot;,신세계그룹,&quot;하남 워터파크, 경기도 실내수영장, 스타필드 아쿠아, 스타필드 하남 맛집, 하남 스타필드 아쿠아필드 시간, 하남 수영장, 하남 아쿠아필드 수건, 하남 아쿠아필드 주차, 스타필드 워터파크, 경기도 호텔 수영장, 하남 스타필드 아쿠아필드, 하남 스타필드 메가박스, 하남 스타필드 찜질방, 하남 스타필드 스포츠몬스터, 하남 스타필드 키즈까페, 하남 신세계백화점, 하남, 아쿠아필드 가격, 하남 아쿠아필드 수건, 하남 스타필드 주차&quot;<\/pre><\/div>\n<div><pre>2,스타필드 코엑스,서울 강남구 영동대로 513 코엑스,3589,&quot;삼성역, 봉은사역&quot;,3,1,3411,,&quot;146, 333, 341, 360, 740, N13, N16&quot;,&quot;1100, 17...<\/pre><\/div>\n<\/div>\n<\/div>\n",
                "lines": 1,
                "lines_more": 0,
                "preview_is_truncated": true
            }
        ],
        "upload": true,
        "user": "UBF1K97FH",
        "display_as_bot": false,
        "ts": "1534202807.000087"
    },
    {
        "type": "message",
        "text": "",
        "files": [
            {
                "id": "FC7UV4J66",
                "created": 1534202815,
                "timestamp": 1534202815,
                "name": "teampl_step1.ipynb",
                "title": "teampl_step1.ipynb",
                "mimetype": "application\/octet-stream",
                "filetype": "binary",
                "pretty_type": "Binary",
                "user": "UBF1K97FH",
                "editable": false,
                "size": 25431,
                "mode": "hosted",
                "is_external": false,
                "external_type": "",
                "is_public": true,
                "public_url_shared": false,
                "display_as_bot": false,
                "username": "",
                "url_private": "https:\/\/files.slack.com\/files-pri\/T9SHC5F9S-FC7UV4J66\/teampl_step1.ipynb?t=xoxe-332590185332-430098056850-431139793783-a3ecafe0d0f66efa522a67af632228d7",
                "url_private_download": "https:\/\/files.slack.com\/files-pri\/T9SHC5F9S-FC7UV4J66\/download\/teampl_step1.ipynb?t=xoxe-332590185332-430098056850-431139793783-a3ecafe0d0f66efa522a67af632228d7",
                "permalink": "https:\/\/daitgirls.slack.com\/files\/UBF1K97FH\/FC7UV4J66\/teampl_step1.ipynb",
                "permalink_public": "https:\/\/slack-files.com\/T9SHC5F9S-FC7UV4J66-bce7f1c1f5"
            }
        ],
        "upload": true,
        "user": "UBF1K97FH",
        "display_as_bot": false,
        "ts": "1534202816.000004"
    },
    {
        "type": "message",
        "user": "UBF1K97FH",
        "text": "참석 못해서 죄송하고 수업 빨리 마치고 맛있는 거 사가지고 갈께용! 모두 화이팅!",
        "client_msg_id": "82aefff4-8b2e-4f93-bac0-1f0a848e28ac",
        "thread_ts": "1534202836.000038",
        "reply_count": 1,
        "replies": [
            {
                "user": "UBD8GMVNC",
                "ts": "1534205235.000213"
            }
        ],
        "unread_count": 1,
        "ts": "1534202836.000038",
        "reactions": [
            {
                "name": "ddongule2",
                "users": [
                    "UBD8GMVNC",
                    "UBDRWBNRZ",
                    "UBDUVKQAE"
                ],
                "count": 3
            }
        ]
    },
    {
        "type": "message",
        "user": "UBD8GMVNC",
        "text": "진영님 고생이 많으세요ㅜㅜ 조심해서 오세요!",
        "client_msg_id": "ce06d9e8-8698-4b22-b5d4-840e05a55d8a",
        "thread_ts": "1534202836.000038",
        "parent_user_id": "UBF1K97FH",
        "ts": "1534205235.000213"
    },
    {
        "type": "message",
        "user": "UBDRWBNRZ",
        "text": "여러분 저도 20분 정도 늦을 것 같습니다. 죄송합니다 빨리 가겠습니다!",
        "client_msg_id": "e2c81752-1391-4e83-bfc8-835159011799",
        "thread_ts": "1534207773.000009",
        "reply_count": 1,
        "replies": [
            {
                "user": "UBDUVKQAE",
                "ts": "1534208742.000082"
            }
        ],
        "unread_count": 1,
        "ts": "1534207773.000009"
    },
    {
        "type": "message",
        "user": "UBDUVKQAE",
        "text": "조심히 오세요 ㅎㅎㅎ",
        "client_msg_id": "76a608cb-bf18-4080-9a80-0d2a71e6db13",
        "thread_ts": "1534207773.000009",
        "parent_user_id": "UBDRWBNRZ",
        "ts": "1534208742.000082"
    },
    {
        "type": "message",
        "user": "UBDRWBNRZ",
        "text": "<http:\/\/golmok.seoul.go.kr\/sgmc\/customanals\/get_one_stop_trdar_cmpr.do?level1=3&amp;level2=6&amp;trdarCd=000247###>",
        "client_msg_id": "a4c7962d-52d4-4743-95fa-ee4d6fa62bb7",
        "attachments": [
            {
                "title": "원클릭 상권검색 &gt; 우리마을가게 상권분석 서비스",
                "title_link": "http:\/\/golmok.seoul.go.kr\/sgmc\/customanals\/get_one_stop_trdar_cmpr.do?level1=3&level2=6&trdarCd=000247###",
                "text": "우리마을가게 상권분석 서비스 - 서울시가 골목상권 분석을 도와 드립니다! 상권 관련 빅데이터를 토대로 43개 생활밀착 업종별 다양한 정보를 골목상권단위로 제공합니다.",
                "fallback": "원클릭 상권검색 &gt; 우리마을가게 상권분석 서비스",
                "from_url": "http:\/\/golmok.seoul.go.kr\/sgmc\/customanals\/get_one_stop_trdar_cmpr.do?level1=3&level2=6&trdarCd=000247###",
                "thumb_url": "http:\/\/goltest.seoul.go.kr\/images\/sgm\/logo_new.png",
                "thumb_width": 168,
                "thumb_height": 74,
                "service_name": "golmok.seoul.go.kr",
                "id": 1,
                "original_url": "http:\/\/golmok.seoul.go.kr\/sgmc\/customanals\/get_one_stop_trdar_cmpr.do?level1=3&amp;level2=6&amp;trdarCd=000247###"
            }
        ],
        "ts": "1534211543.000013"
    },
    {
        "type": "message",
        "user": "UBDRWBNRZ",
        "text": "여기 C조가 말씀하셨던 도로에 시각화(유동인구) 되어있네요",
        "client_msg_id": "c52b1650-080e-45ff-b784-a81cddc48edc",
        "ts": "1534211567.000042"
    },
    {
        "type": "message",
        "text": "오늘 이터레이션 회의록입니다!",
        "files": [
            {
                "id": "FC7EJUH4H",
                "created": 1534217001,
                "timestamp": 1534217001,
                "name": "-.md",
                "title": "Untitled",
                "mimetype": "text\/plain",
                "filetype": "markdown",
                "pretty_type": "Markdown (raw)",
                "user": "UBD8GMVNC",
                "editable": true,
                "size": 797,
                "mode": "snippet",
                "is_external": false,
                "external_type": "",
                "is_public": true,
                "public_url_shared": false,
                "display_as_bot": false,
                "username": "",
                "url_private": "https:\/\/files.slack.com\/files-pri\/T9SHC5F9S-FC7EJUH4H\/-.md?t=xoxe-332590185332-430098056850-431139793783-a3ecafe0d0f66efa522a67af632228d7",
                "url_private_download": "https:\/\/files.slack.com\/files-pri\/T9SHC5F9S-FC7EJUH4H\/download\/-.md?t=xoxe-332590185332-430098056850-431139793783-a3ecafe0d0f66efa522a67af632228d7",
                "permalink": "https:\/\/daitgirls.slack.com\/files\/UBD8GMVNC\/FC7EJUH4H\/-.md",
                "permalink_public": "https:\/\/slack-files.com\/T9SHC5F9S-FC7EJUH4H-3d59ac3dce",
                "edit_link": "https:\/\/daitgirls.slack.com\/files\/UBD8GMVNC\/FC7EJUH4H\/-.md\/edit",
                "preview": "1. 지난주 작업 현황\r\n- 데이터 1차 수집\/정리\r\n- Folium으로 지도 상에 구현 (롯데몰\/스타필드)\r\n\r\n2. 이번주 목표\r",
                "preview_highlight": "<div class=\"CodeMirror cm-s-default CodeMirrorServer\" oncopy=\"if(event.clipboardData){event.clipboardData.setData('text\/plain',window.getSelection().toString().replace(\/\\u200b\/g,''));event.preventDefault();event.stopPropagation();}\">\n<div class=\"CodeMirror-code\">\n<div><pre><span class=\"cm-variable-2\">1. <\/span><span class=\"cm-variable-2\">지난주<\/span><span class=\"cm-variable-2\"><\/span><span class=\"cm-variable-2\"> <\/span><span class=\"cm-variable-2\">작업<\/span><span class=\"cm-variable-2\"> <\/span><span class=\"cm-variable-2\">현황<\/span><\/pre><\/div>\n<div><pre><span class=\"cm-variable-2\">- <\/span><span class=\"cm-variable-2\">데이터<\/span><span class=\"cm-variable-2\"><\/span><span class=\"cm-variable-2\"> <\/span><span class=\"cm-variable-2\">1차<\/span><span class=\"cm-variable-2\"> <\/span><span class=\"cm-variable-2\">수집\/정리<\/span><\/pre><\/div>\n<div><pre><span class=\"cm-variable-2\">- <\/span><span class=\"cm-variable-2\">Folium으로<\/span><span class=\"cm-variable-2\"><\/span><span class=\"cm-variable-2\"> <\/span><span class=\"cm-variable-2\">지도<\/span><span class=\"cm-variable-2\"> <\/span><span class=\"cm-variable-2\">상에<\/span><span class=\"cm-variable-2\"> <\/span><span class=\"cm-variable-2\">구현<\/span><span class=\"cm-variable-2\"> <\/span><span class=\"cm-variable-2\">(<\/span><span class=\"cm-variable-2\">롯데몰\/스타필드)<\/span><\/pre><\/div>\n<div><pre>&#8203;<\/pre><\/div>\n<div><pre><span class=\"cm-variable-2\">2. <\/span><span class=\"cm-variable-2\">이번주<\/span><span class=\"cm-variable-2\"><\/span><span class=\"cm-variable-2\"> <\/span><span class=\"cm-variable-2\">목표<\/span><\/pre><\/div>\n<\/div>\n<\/div>\n",
                "lines": 16,
                "lines_more": 11,
                "preview_is_truncated": false
            }
        ],
        "upload": true,
        "user": "UBD8GMVNC",
        "display_as_bot": false,
        "ts": "1534217002.000100",
        "reactions": [
            {
                "name": "+1",
                "users": [
                    "UBDUVKQAE",
                    "UBDN9579S",
                    "UBDRWBNRZ"
                ],
                "count": 3
            },
            {
                "name": "heart_eyes",
                "users": [
                    "UBDUVKQAE",
                    "UBDN9579S",
                    "UBDRWBNRZ"
                ],
                "count": 3
            }
        ]
    }
]