[
    {
        "type": "message",
        "user": "UBD8GMVNC",
        "text": "<http:\/\/naver.me\/FCN1absy>",
        "client_msg_id": "3d3eb178-d945-4ca4-8f18-b2e86588ef55",
        "attachments": [
            {
                "service_name": "네이버 블로그 | 都市, 그리고 百貨店",
                "title": "2018년 백화점, 복합쇼핑몰 전망",
                "title_link": "http:\/\/naver.me\/FCN1absy",
                "text": "2018년 백화점, 복합쇼핑몰 전망 2017년 리뷰 1) 백화점 성장 정체2017년 국내 백화점은 국정농단과 대선으...",
                "fallback": "네이버 블로그 | 都市, 그리고 百貨店: 2018년 백화점, 복합쇼핑몰 전망",
                "image_url": "https:\/\/blogthumb.pstatic.net\/MjAxODAxMjNfMjM2\/MDAxNTE2NjM2ODQzOTMw.uLcXlR9vpqqAdmU6G1GIrPHxxnQohW8uiEkujvRfTPgg.kbSGcGQPIBPuuw6zieJhTq1Fj0Lmp-sT3D4wF9cW6xUg.PNG.inokim0\/%B1%D7%B8%B27.png?type=w2",
                "from_url": "http:\/\/naver.me\/FCN1absy",
                "image_width": 296,
                "image_height": 250,
                "image_bytes": 178934,
                "service_icon": "https:\/\/m.blog.naver.com\/mobileweb_icon_96.png?1",
                "id": 1,
                "original_url": "http:\/\/naver.me\/FCN1absy"
            }
        ],
        "ts": "1533540383.000270"
    },
    {
        "type": "message",
        "user": "UBD8GMVNC",
        "text": "참고하면 좋을 것 같은 자료입니다ㅎㅎ",
        "client_msg_id": "022c4867-391a-4a9f-8e4c-bbdd0999704a",
        "ts": "1533540392.000156",
        "reactions": [
            {
                "name": "+1",
                "users": [
                    "UBDRWBNRZ"
                ],
                "count": 1
            }
        ]
    },
    {
        "type": "message",
        "user": "UBDRWBNRZ",
        "text": "<http:\/\/www.igisam.com\/asset\/explore_detail.asp?did=4814313500>",
        "client_msg_id": "7e7b6a1f-a1b8-4c61-9ae9-cb3b95a0b540",
        "ts": "1533563783.000310"
    },
    {
        "type": "message",
        "user": "UBDRWBNRZ",
        "text": "펀드회사에 정보가 정리되어 있더라구요. 아쉽게도 복합 쇼핑몰이 몇 개 없긴 합니다.",
        "client_msg_id": "80407ce2-d800-4016-b7a8-f4c8798f2e51",
        "ts": "1533563820.000388"
    },
    {
        "type": "message",
        "user": "UBDN9579S",
        "text": "복합몰에서 영화관명이랑 스크린 수랑 좌석 수 까지 자료는 정리해놨습니다(없는 곳도 몇 개 있었어요)",
        "client_msg_id": "fbff539e-f534-456b-b87a-9c6ef1c0a156",
        "ts": "1533566183.000384",
        "reactions": [
            {
                "name": "+1",
                "users": [
                    "UBDRWBNRZ",
                    "UBF1K97FH"
                ],
                "count": 2
            }
        ]
    },
    {
        "type": "message",
        "text": "리서치를 하다 보니 피처 별로 데이터를 수집하지 못하고 이런저런 탐색을 하게 되었습니다. 일단 지금까지 정리한 것 올립니다. 내일 뵈어요!",
        "files": [
            {
                "id": "FC4RT24H4",
                "created": 1533571146,
                "timestamp": 1533571146,
                "name": "복합쇼핑몰 현황.md",
                "title": "복합쇼핑몰 현황.md",
                "mimetype": "text\/plain",
                "filetype": "markdown",
                "pretty_type": "Markdown (raw)",
                "user": "UBDRWBNRZ",
                "editable": true,
                "size": 9047,
                "mode": "snippet",
                "is_external": false,
                "external_type": "",
                "is_public": true,
                "public_url_shared": false,
                "display_as_bot": false,
                "username": "",
                "url_private": "https:\/\/files.slack.com\/files-pri\/T9SHC5F9S-FC4RT24H4\/_____________________________________________________________.md?t=xoxe-332590185332-430098056850-431139793783-a3ecafe0d0f66efa522a67af632228d7",
                "url_private_download": "https:\/\/files.slack.com\/files-pri\/T9SHC5F9S-FC4RT24H4\/download\/_____________________________________________________________.md?t=xoxe-332590185332-430098056850-431139793783-a3ecafe0d0f66efa522a67af632228d7",
                "permalink": "https:\/\/daitgirls.slack.com\/files\/UBDRWBNRZ\/FC4RT24H4\/_____________________________________________________________.md",
                "permalink_public": "https:\/\/slack-files.com\/T9SHC5F9S-FC4RT24H4-25c2335f51",
                "edit_link": "https:\/\/daitgirls.slack.com\/files\/UBDRWBNRZ\/FC4RT24H4\/_____________________________________________________________.md\/edit",
                "preview": "* **복합쇼핑몰**의 정의?\n\n*  •ICSC(International Council of Shopping Center)에 따르면, 유통전문업체가 단 일 자산으로 계획, 개발, 운영, 관리하는 소매 및 기타 상업 시설 집합체로 전 형적으로 하나의 주차 공간을 공유한 곳을 복합쇼핑몰로 정의\n\n   •유통산업발전법에서는 쇼핑, 오락 및 업무 기능 등이 한곳에 집적되고, 문화· 관광시설로서의 역할을 하며, 1개의 업체가 개발·관리 및 운영하는 3,000㎡이 상의 점포 집단으로 정의",
                "preview_highlight": "<div class=\"CodeMirror cm-s-default CodeMirrorServer\" oncopy=\"if(event.clipboardData){event.clipboardData.setData('text\/plain',window.getSelection().toString().replace(\/\\u200b\/g,''));event.preventDefault();event.stopPropagation();}\">\n<div class=\"CodeMirror-code\">\n<div><pre><span class=\"cm-variable-2\">* <\/span><span class=\"cm-variable-2\"><\/span><span class=\"cm-strong cm-variable-2\">**<\/span><span class=\"cm-strong cm-variable-2\">복합쇼핑몰<\/span><span class=\"cm-strong cm-variable-2\">**<\/span><span class=\"cm-variable-2\">의<\/span><span class=\"cm-variable-2\"> <\/span><span class=\"cm-variable-2\">정의?<\/span><\/pre><\/div>\n<div><pre>&#8203;<\/pre><\/div>\n<div><pre><span class=\"cm-variable-2\">*  <\/span><span class=\"cm-variable-2\">•ICSC<\/span><span class=\"cm-variable-2\"><\/span><span class=\"cm-variable-2\">(<\/span><span class=\"cm-variable-2\">International<\/span><span class=\"cm-variable-2\"> <\/span><span class=\"cm-variable-2\">Council<\/span><span class=\"cm-variable-2\"> <\/span><span class=\"cm-variable-2\">of<\/span><span class=\"cm-variable-2\"> <\/span><span class=\"cm-variable-2\">Shopping<\/span><span class=\"cm-variable-2\"> <\/span><span class=\"cm-variable-2\">Center)에<\/span><span class=\"cm-variable-2\"> <\/span><span class=\"cm-variable-2\">따르면,<\/span><span class=\"cm-variable-2\"> <\/span><span class=\"cm-variable-2\">유통전문업체가<\/span><span class=\"cm-variable-2\"> <\/span><span class=\"cm-variable-2\">단<\/span><span class=\"cm-variable-2\"> <\/span><span class=\"cm-variable-2\">일<\/span><span class=\"cm-variable-2\"> <\/span><span class=\"cm-variable-2\">자산으로<\/span><span class=\"cm-variable-2\"> <\/span><span class=\"cm-variable-2\">계획,<\/span><span class=\"cm-variable-2\"> <\/span><span class=\"cm-variable-2\">개발,<\/span><span class=\"cm-variable-2\"> <\/span><span class=\"cm-variable-2\">운영,<\/span><span class=\"cm-variable-2\"> <\/span><span class=\"cm-variable-2\">관리하는<\/span><span class=\"cm-variable-2\"> <\/span><span class=\"cm-variable-2\">소매<\/span><span class=\"cm-variable-2\"> <\/span><span class=\"cm-variable-2\">및<\/span><span class=\"cm-variable-2\"> <\/span><span class=\"cm-variable-2\">기타<\/span><span class=\"cm-variable-2\"> <\/span><span class=\"cm-variable-2\">상업<\/span><span class=\"cm-variable-2\"> <\/span><span class=\"cm-variable-2\">시설<\/span><span class=\"cm-variable-2\"> <\/span><span class=\"cm-variable-2\">집합체로<\/span><span class=\"cm-variable-2\"> <\/span><span class=\"cm-variable-2\">전<\/span><span class=\"cm-variable-2\"> <\/span><span class=\"cm-variable-2\">형적으로<\/span><span class=\"cm-variable-2\"> <\/span><span class=\"cm-variable-2\">하나의<\/span><span class=\"cm-variable-2\"> <\/span><span class=\"cm-variable-2\">주차<\/span><span class=\"cm-variable-2\"> <\/span><span class=\"cm-variable-2\">공간을<\/span><span class=\"cm-variable-2\"> <\/span><span class=\"cm-variable-2\">공유한<\/span><span class=\"cm-variable-2\"> <\/span><span class=\"cm-variable-2\">곳을<\/span><span class=\"cm-variable-2\"> <\/span><span class=\"cm-variable-2\">복합쇼핑몰로<\/span><span class=\"cm-variable-2\"> <\/span><span class=\"cm-variable-2\">정의<\/span><\/pre><\/div>\n<div><pre>&#8203;<\/pre><\/div>\n<div><pre>   <span class=\"cm-variable-2\">•유통산업발전법에서는<\/span><span class=\"cm-variable-2\"> <\/span><span class=\"cm-variable-2\">쇼핑,<\/span><span class=\"cm-variable-2\"> <\/span><span class=\"cm-variable-2\">오락<\/span><span class=\"cm-variable-2\"> <\/span><span class=\"cm-variable-2\">및<\/span><span class=\"cm-variable-2\"> <\/span><span class=\"cm-variable-2\">업무<\/span><span class=\"cm-variable-2\"> <\/span><span class=\"cm-variable-2\">기능<\/span><span class=\"cm-variable-2\"> <\/span><span class=\"cm-variable-2\">등이<\/span><span class=\"cm-variable-2\"> <\/span><span class=\"cm-variable-2\">한곳에<\/span><span class=\"cm-variable-2\"> <\/span><span class=\"cm-variable-2\">집적되고,<\/span><span class=\"cm-variable-2\"> <\/span><span class=\"cm-variable-2\">문화·<\/span><span class=\"cm-variable-2\"> <\/span><span class=\"cm-variable-2\">관광시설로서의<\/span><span class=\"cm-variable-2\"> <\/span><span class=\"cm-variable-2\">역할을<\/span><span class=\"cm-variable-2\"> <\/span><span class=\"cm-variable-2\">하며,<\/span><span class=\"cm-variable-2\"> <\/span><span class=\"cm-variable-2\">1개의<\/span><span class=\"cm-variable-2\"> <\/span><span class=\"cm-variable-2\">업체가<\/span><span class=\"cm-variable-2\"> <\/span><span class=\"cm-variable-2\">개발·관리<\/span><span class=\"cm-variable-2\"> <\/span><span class=\"cm-variable-2\">및<\/span><span class=\"cm-variable-2\"> <\/span><span class=\"cm-variable-2\">운영하는<\/span><span class=\"cm-variable-2\"> <\/span><span class=\"cm-variable-2\">3,000㎡이<\/span><span class=\"cm-variable-2\"> <\/span><span class=\"cm-variable-2\">상의<\/span><span class=\"cm-variable-2\"> <\/span><span class=\"cm-variable-2\">점포<\/span><span class=\"cm-variable-2\"> <\/span><span class=\"cm-variable-2\">집단으로<\/span><span class=\"cm-variable-2\"> <\/span><span class=\"cm-variable-2\">정의<\/span><\/pre><\/div>\n<\/div>\n<\/div>\n",
                "lines": 149,
                "lines_more": 144,
                "preview_is_truncated": true
            }
        ],
        "upload": true,
        "user": "UBDRWBNRZ",
        "display_as_bot": false,
        "thread_ts": "1533571147.000507",
        "reply_count": 1,
        "replies": [
            {
                "user": "UBDN9579S",
                "ts": "1533572412.000216"
            }
        ],
        "unread_count": 1,
        "ts": "1533571147.000507",
        "reactions": [
            {
                "name": "+1",
                "users": [
                    "UBF1K97FH"
                ],
                "count": 1
            }
        ]
    },
    {
        "type": "message",
        "user": "UBDN9579S",
        "text": "윤경님 저랑 똑같이 자료봤네여 ㅎㅎ키키:herb:",
        "client_msg_id": "BDEF84B9-71E7-43A9-9C7D-E1712EDC328D",
        "thread_ts": "1533571147.000507",
        "parent_user_id": "UBDRWBNRZ",
        "ts": "1533572412.000216"
    },
    {
        "type": "message",
        "text": "저는 우선 멀티플렉스 정의 관련 내용과 3대 큰 영화관(메가박스, CGV, 롯데시네마) 기준으로 위치정보(대중교통정보)를 어떻게, 어느 페이지에서 가지고 올 수 있는지 찾아봤어요. 영화관의 재무재표는 찾았는데 이게 멀티플렉스의 데이터로 볼 수 있을까 고민이 되네요. md 공유합니다. 오후에 뵈요",
        "files": [
            {
                "id": "FC38EK0HX",
                "created": 1533598028,
                "timestamp": 1533598028,
                "name": "Multiplex building.md",
                "title": "Multiplex building.md",
                "mimetype": "text\/plain",
                "filetype": "markdown",
                "pretty_type": "Markdown (raw)",
                "user": "UBF1K97FH",
                "editable": true,
                "size": 10160,
                "mode": "snippet",
                "is_external": false,
                "external_type": "",
                "is_public": true,
                "public_url_shared": false,
                "display_as_bot": false,
                "username": "",
                "url_private": "https:\/\/files.slack.com\/files-pri\/T9SHC5F9S-FC38EK0HX\/multiplex_building.md?t=xoxe-332590185332-430098056850-431139793783-a3ecafe0d0f66efa522a67af632228d7",
                "url_private_download": "https:\/\/files.slack.com\/files-pri\/T9SHC5F9S-FC38EK0HX\/download\/multiplex_building.md?t=xoxe-332590185332-430098056850-431139793783-a3ecafe0d0f66efa522a67af632228d7",
                "permalink": "https:\/\/daitgirls.slack.com\/files\/UBF1K97FH\/FC38EK0HX\/multiplex_building.md",
                "permalink_public": "https:\/\/slack-files.com\/T9SHC5F9S-FC38EK0HX-d36d46e73c",
                "edit_link": "https:\/\/daitgirls.slack.com\/files\/UBF1K97FH\/FC38EK0HX\/multiplex_building.md\/edit",
                "preview": "## Multiplex building ##\n\n**1. Definition**\n\nA **multiplex** is a **[movie theater](https:\/\/en.wikipedia.org\/wiki\/Movie_theater) complex** with multiple screens within a single complex. They are usually housed in a specially designed building. Sometimes, an existing venue undergoes a renovation where the existing auditoriums are split into smaller ones, or more auditoriums are added in an extension or expansion of the building. The largest of these complexes can sit thousands of people and are sometimes referred to as a **megaplex**.",
                "preview_highlight": "<div class=\"CodeMirror cm-s-default CodeMirrorServer\" oncopy=\"if(event.clipboardData){event.clipboardData.setData('text\/plain',window.getSelection().toString().replace(\/\\u200b\/g,''));event.preventDefault();event.stopPropagation();}\">\n<div class=\"CodeMirror-code\">\n<div><pre><span class=\"cm-header cm-header-2\">## <\/span><span class=\"cm-header cm-header-2\">Multiplex<\/span><span class=\"cm-header cm-header-2\"> <\/span><span class=\"cm-header cm-header-2\">building<\/span><span class=\"cm-header cm-header-2\"> <\/span><span class=\"cm-header cm-header-2\">##<\/span><\/pre><\/div>\n<div><pre>&#8203;<\/pre><\/div>\n<div><pre><span class=\"cm-strong\">**<\/span><span class=\"cm-strong\">1.<\/span><span class=\"cm-strong\"> <\/span><span class=\"cm-strong\">Definition<\/span><span class=\"cm-strong\">**<\/span><\/pre><\/div>\n<div><pre>&#8203;<\/pre><\/div>\n<div><pre>A <span class=\"cm-strong\">**<\/span><span class=\"cm-strong\">multiplex<\/span><span class=\"cm-strong\">**<\/span> is a <span class=\"cm-strong\">**<\/span><span class=\"cm-strong cm-link\">[<\/span><span class=\"cm-strong cm-link\">movie<\/span><span class=\"cm-strong cm-link\"> <\/span><span class=\"cm-strong cm-link\">theater<\/span><span class=\"cm-strong cm-link\">]<\/span><span class=\"cm-string cm-url\">(<\/span><span class=\"cm-string cm-url\">https:\/\/en.wikipedia.org\/wiki\/Movie_theater<\/span><span class=\"cm-string cm-url\">)<\/span><span class=\"cm-strong\"> <\/span><span class=\"cm-strong\">complex<\/span><span class=\"cm-strong\">**<\/span> with multiple screens within a single complex. They are usually housed in a specially designed building. Sometimes, an existing venue undergoes a renovation where the existing auditoriums are split into smaller ones, or more auditoriums are added in an extension or expansion of the building. The largest of these complexes can sit thousands of people and are sometimes referred to as a <span class=\"cm-strong\">**<\/span><span class=\"cm-strong\">megaplex<\/span><span class=\"cm-strong\">**<\/span>.<\/pre><\/div>\n<\/div>\n<\/div>\n",
                "lines": 99,
                "lines_more": 94,
                "preview_is_truncated": true
            }
        ],
        "upload": true,
        "user": "UBF1K97FH",
        "display_as_bot": false,
        "ts": "1533598029.000121"
    },
    {
        "type": "message",
        "user": "UBDN9579S",
        "text": "저 늦을거같아요:cry:",
        "client_msg_id": "CDF3AE02-7963-4A2D-BEA3-673479C25F08",
        "ts": "1533602041.000035"
    }
]