[
    {
        "type": "message",
        "user": "UBD8GMVNC",
        "text": "xoxb-332590185332-412991950359-WVlJcTAM2H5qvOtMu3iHPrG9\n짱재밌는 세영봇의 토큰입니다..",
        "client_msg_id": "85d806da-56e7-4f9b-89e6-dc1d275cd4b0",
        "ts": "1533778671.000067"
    },
    {
        "type": "message",
        "text": "",
        "files": [
            {
                "id": "FC56STHC4",
                "created": 1533790328,
                "timestamp": 1533790328,
                "name": "-.md",
                "title": "Untitled",
                "mimetype": "text\/plain",
                "filetype": "markdown",
                "pretty_type": "Markdown (raw)",
                "user": "UBD8GMVNC",
                "editable": true,
                "size": 1245,
                "mode": "snippet",
                "is_external": false,
                "external_type": "",
                "is_public": true,
                "public_url_shared": false,
                "display_as_bot": false,
                "username": "",
                "url_private": "https:\/\/files.slack.com\/files-pri\/T9SHC5F9S-FC56STHC4\/-.md?t=xoxe-332590185332-430098056850-431139793783-a3ecafe0d0f66efa522a67af632228d7",
                "url_private_download": "https:\/\/files.slack.com\/files-pri\/T9SHC5F9S-FC56STHC4\/download\/-.md?t=xoxe-332590185332-430098056850-431139793783-a3ecafe0d0f66efa522a67af632228d7",
                "permalink": "https:\/\/daitgirls.slack.com\/files\/UBD8GMVNC\/FC56STHC4\/-.md",
                "permalink_public": "https:\/\/slack-files.com\/T9SHC5F9S-FC56STHC4-2fd4d3767a",
                "edit_link": "https:\/\/daitgirls.slack.com\/files\/UBD8GMVNC\/FC56STHC4\/-.md\/edit",
                "preview": "컴컴조 2018.08.09 회의록\r\n\r\n- 데이터 공유\r\n  - 윤경님 : 연관 검색어\r\n  - 진영님 : 교통편\r",
                "preview_highlight": "<div class=\"CodeMirror cm-s-default CodeMirrorServer\" oncopy=\"if(event.clipboardData){event.clipboardData.setData('text\/plain',window.getSelection().toString().replace(\/\\u200b\/g,''));event.preventDefault();event.stopPropagation();}\">\n<div class=\"CodeMirror-code\">\n<div><pre>컴컴조 2018.08.09 회의록<\/pre><\/div>\n<div><pre>&#8203;<\/pre><\/div>\n<div><pre><span class=\"cm-variable-2\">- <\/span><span class=\"cm-variable-2\">데이터<\/span><span class=\"cm-variable-2\"><\/span><span class=\"cm-variable-2\"> <\/span><span class=\"cm-variable-2\">공유<\/span><\/pre><\/div>\n<div><pre>  <span class=\"cm-variable-3\">- <\/span><span class=\"cm-variable-3\">윤경님<\/span><span class=\"cm-variable-3\"><\/span><span class=\"cm-variable-3\"> <\/span><span class=\"cm-variable-3\">:<\/span><span class=\"cm-variable-3\"> <\/span><span class=\"cm-variable-3\">연관<\/span><span class=\"cm-variable-3\"> <\/span><span class=\"cm-variable-3\">검색어<\/span><\/pre><\/div>\n<div><pre>  <span class=\"cm-variable-3\">- <\/span><span class=\"cm-variable-3\">진영님<\/span><span class=\"cm-variable-3\"><\/span><span class=\"cm-variable-3\"> <\/span><span class=\"cm-variable-3\">:<\/span><span class=\"cm-variable-3\"> <\/span><span class=\"cm-variable-3\">교통편<\/span><\/pre><\/div>\n<\/div>\n<\/div>\n",
                "lines": 24,
                "lines_more": 19,
                "preview_is_truncated": false
            }
        ],
        "upload": true,
        "user": "UBD8GMVNC",
        "display_as_bot": false,
        "ts": "1533790329.000140"
    },
    {
        "type": "message",
        "user": "UBD8GMVNC",
        "text": "★ 각각 단위가 다릅니다. 조심하세요! (원 or 천원) \n\n1. 스타필드 하남 : 103,886,944 (단위 : 천원)\n2. 스타필드 고양 : 37,554,116 (단위 : 천원)\n3. 코엑스몰 : 3,583,924 (단위 : 천원)\n4. 강변 테크노마트 : 177억 7,539만원\n5. 신도림 테크노마트 : 262억 7,480만원\n6. 아이파크몰 용산 : 154,769,673,361원\n7. 가든파이브 : ?\n8. 롯데몰 은평 : 430,000,000 (단위 : 천원)\n9. 롯데몰 김포공항 : 10,314,671 (단위 : 천원)\n10. 영등포 타임스퀘어 : 169,413,428 (단위 : 천원)\n11. 신도림 디큐브시티 : ?\n12. 여의도 IFC몰 : ?",
        "client_msg_id": "b8039405-440e-4868-be60-0a9ee76f43af",
        "ts": "1533790453.000086"
    },
    {
        "type": "message",
        "user": "UBDN9579S",
        "text": "주소랑 영화관 좌석 엑셀 시트랑 지도그린거 tech에 올렸엉",
        "client_msg_id": "c3050cb4-2666-42fa-80dc-a15a03f63af9",
        "ts": "1533794317.000162"
    },
    {
        "type": "message",
        "user": "UBDN9579S",
        "text": "올렸어요!",
        "client_msg_id": "387bed11-fbf7-4ea0-bd35-062fd8984579",
        "ts": "1533794321.000125"
    },
    {
        "type": "message",
        "user": "UBF1K97FH",
        "text": "윤경님, tech branch로 교통편 데이터 pull request 보냈습니다. 받아주세용!!!",
        "client_msg_id": "13ef2fea-54fc-4a72-9bc4-37c71ad8ca38",
        "ts": "1533794609.000086"
    },
    {
        "type": "message",
        "user": "UBDRWBNRZ",
        "text": "네! 알겠습니다!!",
        "client_msg_id": "70a29c96-0416-496e-a50d-46e9a9cc6d6a",
        "ts": "1533795358.000225"
    },
    {
        "type": "message",
        "user": "UBDRWBNRZ",
        "text": "여러분! 데이터 올리실 때 csv 파일로 올려주시면 더 편할 것 같습니다.",
        "client_msg_id": "05a56c41-b445-41b3-a904-3a3eedc03fc1",
        "ts": "1533795822.000102"
    },
    {
        "type": "message",
        "user": "UBDRWBNRZ",
        "text": "이미 올리신 것은 상관없을 듯합니다.",
        "client_msg_id": "3339cab6-5a4b-410f-bd6a-7902e960b8f0",
        "ts": "1533795843.000025"
    },
    {
        "type": "message",
        "user": "UBF1K97FH",
        "text": "네네 앞으로는 바꿔서 올리겠습니다",
        "client_msg_id": "FC3C163C-F0D8-45D7-B1D8-7CC19A7B66B5",
        "ts": "1533795928.000207"
    },
    {
        "type": "message",
        "user": "UBDUVKQAE",
        "text": "<http:\/\/ngee.tistory.com\/271>",
        "client_msg_id": "6e07c14a-4b18-4c72-ac23-5d9b32977dfe",
        "attachments": [
            {
                "service_name": "ngee",
                "title": "리눅스 파일, 폴더 이동, 파일 이름 변경 (Linux file, folder move)",
                "title_link": "http:\/\/ngee.tistory.com\/271",
                "text": "리눅스에서 파일 이동이나, 파일 이름을 변경하는 것은 같은 명령어를 사용해도 됩니다. 우분투나 페도라 등의 운영체제에서 동일하게 사용하셔도 됩니다. 1. 파일 이동 명령어는 mv를 사용하시면 되는데요. 아래..",
                "fallback": "ngee: 리눅스 파일, 폴더 이동, 파일 이름 변경 (Linux file, folder move)",
                "image_url": "https:\/\/t1.daumcdn.net\/cssjs\/icon\/557567EA016E200001",
                "ts": 1394084135,
                "from_url": "http:\/\/ngee.tistory.com\/271",
                "image_width": 250,
                "image_height": 250,
                "image_bytes": 3363,
                "service_icon": "http:\/\/i1.daumcdn.net\/thumb\/C180x180\/?fname=http%3A%2F%2Fcfile10.uf.tistory.com%2Fimage%2F253B5144586C96F11D76B0",
                "id": 1,
                "original_url": "http:\/\/ngee.tistory.com\/271"
            }
        ],
        "ts": "1533795991.000045",
        "reactions": [
            {
                "name": "blue_heart",
                "users": [
                    "UBDRWBNRZ"
                ],
                "count": 1
            }
        ]
    },
    {
        "type": "message",
        "user": "UBDRWBNRZ",
        "text": "지은님 감사합니다 !!",
        "client_msg_id": "cd30d10d-c5a5-4383-a7c9-4ec05a280099",
        "ts": "1533796212.000162"
    }
]