[
    {
        "user": "UBDUVKQAE",
        "text": "<@UBDUVKQAE> has joined the channel",
        "type": "message",
        "subtype": "channel_join",
        "ts": "1532915497.000038"
    },
    {
        "user": "UBF1K97FH",
        "inviter": "UBDUVKQAE",
        "text": "<@UBF1K97FH> has joined the channel",
        "type": "message",
        "subtype": "channel_join",
        "ts": "1532915498.000094"
    },
    {
        "user": "UBDRWBNRZ",
        "inviter": "UBDUVKQAE",
        "text": "<@UBDRWBNRZ> has joined the channel",
        "type": "message",
        "subtype": "channel_join",
        "ts": "1532915498.000102"
    },
    {
        "user": "UBDN9579S",
        "inviter": "UBDUVKQAE",
        "text": "<@UBDN9579S> has joined the channel",
        "type": "message",
        "subtype": "channel_join",
        "ts": "1532915498.000110"
    },
    {
        "user": "UBD8GMVNC",
        "inviter": "UBDUVKQAE",
        "text": "<@UBD8GMVNC> has joined the channel",
        "type": "message",
        "subtype": "channel_join",
        "ts": "1532915499.000035"
    },
    {
        "type": "message",
        "user": "UBDUVKQAE",
        "text": ":grinning:",
        "client_msg_id": "013675e9-9455-444c-8f0b-10bff77bed39",
        "ts": "1532915504.000080"
    },
    {
        "type": "message",
        "user": "UBDUVKQAE",
        "text": "<http:\/\/scikit-learn.org\/stable\/modules\/generated\/sklearn.ensemble.RandomForestClassifier.html>",
        "client_msg_id": "890f5081-826d-4207-8779-aabc42ef9025",
        "ts": "1532918362.000045"
    },
    {
        "type": "message",
        "user": "UBDUVKQAE",
        "text": "<http:\/\/scikit-learn.org\/stable\/modules\/generated\/sklearn.feature_extraction.text.CountVectorizer.html>",
        "client_msg_id": "08d42795-bb01-48ea-9fde-b0747e920b6f",
        "ts": "1532920496.000097"
    }
]