[
    {
        "type": "message",
        "text": "여러분 송이님이 작업해주신 지도를 좀 다듬었는데 데이터가 별로 없어보여서 매출별로 면적이 확대\/축소 되는 cartogram을 그려보면 좋을 것 같아요. 그래서 매출이 없는 곳에 매출을 찾고 있는데 잘 안나오네요. 혹시 모든 회사가 상장되어 있으면 주식 가격으로 하면 어떨까요?",
        "files": [
            {
                "id": "FCB17PSMR",
                "created": 1534665860,
                "timestamp": 1534665860,
                "name": "Screen Shot 2018-08-19 at 4.32.26 PM.png",
                "title": "Screen Shot 2018-08-19 at 4.32.26 PM.png",
                "mimetype": "image\/png",
                "filetype": "png",
                "pretty_type": "PNG",
                "user": "UBF1K97FH",
                "editable": false,
                "size": 445797,
                "mode": "hosted",
                "is_external": false,
                "external_type": "",
                "is_public": true,
                "public_url_shared": false,
                "display_as_bot": false,
                "username": "",
                "url_private": "https:\/\/files.slack.com\/files-pri\/T9SHC5F9S-FCB17PSMR\/screen_shot_2018-08-19_at_4.32.26_pm.png?t=xoxe-332590185332-430098056850-431139793783-a3ecafe0d0f66efa522a67af632228d7",
                "url_private_download": "https:\/\/files.slack.com\/files-pri\/T9SHC5F9S-FCB17PSMR\/download\/screen_shot_2018-08-19_at_4.32.26_pm.png?t=xoxe-332590185332-430098056850-431139793783-a3ecafe0d0f66efa522a67af632228d7",
                "thumb_64": "https:\/\/files.slack.com\/files-tmb\/T9SHC5F9S-FCB17PSMR-bb8f4f5974\/screen_shot_2018-08-19_at_4.32.26_pm_64.png?t=xoxe-332590185332-430098056850-431139793783-a3ecafe0d0f66efa522a67af632228d7",
                "thumb_80": "https:\/\/files.slack.com\/files-tmb\/T9SHC5F9S-FCB17PSMR-bb8f4f5974\/screen_shot_2018-08-19_at_4.32.26_pm_80.png?t=xoxe-332590185332-430098056850-431139793783-a3ecafe0d0f66efa522a67af632228d7",
                "thumb_360": "https:\/\/files.slack.com\/files-tmb\/T9SHC5F9S-FCB17PSMR-bb8f4f5974\/screen_shot_2018-08-19_at_4.32.26_pm_360.png?t=xoxe-332590185332-430098056850-431139793783-a3ecafe0d0f66efa522a67af632228d7",
                "thumb_360_w": 360,
                "thumb_360_h": 215,
                "thumb_480": "https:\/\/files.slack.com\/files-tmb\/T9SHC5F9S-FCB17PSMR-bb8f4f5974\/screen_shot_2018-08-19_at_4.32.26_pm_480.png?t=xoxe-332590185332-430098056850-431139793783-a3ecafe0d0f66efa522a67af632228d7",
                "thumb_480_w": 480,
                "thumb_480_h": 287,
                "thumb_160": "https:\/\/files.slack.com\/files-tmb\/T9SHC5F9S-FCB17PSMR-bb8f4f5974\/screen_shot_2018-08-19_at_4.32.26_pm_160.png?t=xoxe-332590185332-430098056850-431139793783-a3ecafe0d0f66efa522a67af632228d7",
                "thumb_720": "https:\/\/files.slack.com\/files-tmb\/T9SHC5F9S-FCB17PSMR-bb8f4f5974\/screen_shot_2018-08-19_at_4.32.26_pm_720.png?t=xoxe-332590185332-430098056850-431139793783-a3ecafe0d0f66efa522a67af632228d7",
                "thumb_720_w": 720,
                "thumb_720_h": 431,
                "thumb_800": "https:\/\/files.slack.com\/files-tmb\/T9SHC5F9S-FCB17PSMR-bb8f4f5974\/screen_shot_2018-08-19_at_4.32.26_pm_800.png?t=xoxe-332590185332-430098056850-431139793783-a3ecafe0d0f66efa522a67af632228d7",
                "thumb_800_w": 800,
                "thumb_800_h": 478,
                "thumb_960": "https:\/\/files.slack.com\/files-tmb\/T9SHC5F9S-FCB17PSMR-bb8f4f5974\/screen_shot_2018-08-19_at_4.32.26_pm_960.png?t=xoxe-332590185332-430098056850-431139793783-a3ecafe0d0f66efa522a67af632228d7",
                "thumb_960_w": 960,
                "thumb_960_h": 574,
                "thumb_1024": "https:\/\/files.slack.com\/files-tmb\/T9SHC5F9S-FCB17PSMR-bb8f4f5974\/screen_shot_2018-08-19_at_4.32.26_pm_1024.png?t=xoxe-332590185332-430098056850-431139793783-a3ecafe0d0f66efa522a67af632228d7",
                "thumb_1024_w": 1024,
                "thumb_1024_h": 612,
                "image_exif_rotation": 1,
                "original_w": 1970,
                "original_h": 1178,
                "permalink": "https:\/\/daitgirls.slack.com\/files\/UBF1K97FH\/FCB17PSMR\/screen_shot_2018-08-19_at_4.32.26_pm.png",
                "permalink_public": "https:\/\/slack-files.com\/T9SHC5F9S-FCB17PSMR-2f8c0add21"
            }
        ],
        "upload": true,
        "user": "UBF1K97FH",
        "display_as_bot": false,
        "thread_ts": "1534665863.000100",
        "reply_count": 2,
        "replies": [
            {
                "user": "UBD8GMVNC",
                "ts": "1534666146.000100"
            },
            {
                "user": "UBF1K97FH",
                "ts": "1534666229.000100"
            }
        ],
        "unread_count": 2,
        "edited": {
            "user": "UBF1K97FH",
            "ts": "1534665959.000000"
        },
        "ts": "1534665863.000100"
    },
    {
        "type": "message",
        "text": "cartogram",
        "files": [
            {
                "id": "FCC63QF9V",
                "created": 1534665868,
                "timestamp": 1534665868,
                "name": "PaullHennig2016WorldMap.OAha.CC-BY-4.0.jpg",
                "title": "PaullHennig2016WorldMap.OAha.CC-BY-4.0.jpg",
                "mimetype": "image\/jpeg",
                "filetype": "jpg",
                "pretty_type": "JPEG",
                "user": "UBF1K97FH",
                "editable": false,
                "size": 15910,
                "mode": "hosted",
                "is_external": false,
                "external_type": "",
                "is_public": true,
                "public_url_shared": false,
                "display_as_bot": false,
                "username": "",
                "url_private": "https:\/\/files.slack.com\/files-pri\/T9SHC5F9S-FCC63QF9V\/paullhennig2016worldmap.oaha.cc-by-4.0.jpg?t=xoxe-332590185332-430098056850-431139793783-a3ecafe0d0f66efa522a67af632228d7",
                "url_private_download": "https:\/\/files.slack.com\/files-pri\/T9SHC5F9S-FCC63QF9V\/download\/paullhennig2016worldmap.oaha.cc-by-4.0.jpg?t=xoxe-332590185332-430098056850-431139793783-a3ecafe0d0f66efa522a67af632228d7",
                "thumb_64": "https:\/\/files.slack.com\/files-tmb\/T9SHC5F9S-FCC63QF9V-b6d2e67a58\/paullhennig2016worldmap.oaha.cc-by-4.0_64.jpg?t=xoxe-332590185332-430098056850-431139793783-a3ecafe0d0f66efa522a67af632228d7",
                "thumb_80": "https:\/\/files.slack.com\/files-tmb\/T9SHC5F9S-FCC63QF9V-b6d2e67a58\/paullhennig2016worldmap.oaha.cc-by-4.0_80.jpg?t=xoxe-332590185332-430098056850-431139793783-a3ecafe0d0f66efa522a67af632228d7",
                "thumb_360": "https:\/\/files.slack.com\/files-tmb\/T9SHC5F9S-FCC63QF9V-b6d2e67a58\/paullhennig2016worldmap.oaha.cc-by-4.0_360.jpg?t=xoxe-332590185332-430098056850-431139793783-a3ecafe0d0f66efa522a67af632228d7",
                "thumb_360_w": 360,
                "thumb_360_h": 171,
                "thumb_160": "https:\/\/files.slack.com\/files-tmb\/T9SHC5F9S-FCC63QF9V-b6d2e67a58\/paullhennig2016worldmap.oaha.cc-by-4.0_160.jpg?t=xoxe-332590185332-430098056850-431139793783-a3ecafe0d0f66efa522a67af632228d7",
                "image_exif_rotation": 1,
                "original_w": 420,
                "original_h": 200,
                "permalink": "https:\/\/daitgirls.slack.com\/files\/UBF1K97FH\/FCC63QF9V\/paullhennig2016worldmap.oaha.cc-by-4.0.jpg",
                "permalink_public": "https:\/\/slack-files.com\/T9SHC5F9S-FCC63QF9V-2826103b80"
            }
        ],
        "upload": true,
        "user": "UBF1K97FH",
        "display_as_bot": false,
        "ts": "1534665870.000100"
    },
    {
        "type": "message",
        "user": "UBF1K97FH",
        "text": "가든 파이브는 거의 유령쇼핑몰인듯",
        "client_msg_id": "74e6f47e-1bfb-4975-b376-6cb9fd4e6dae",
        "ts": "1534665928.000100"
    },
    {
        "type": "message",
        "user": "UBD8GMVNC",
        "text": "여의도 IFC몰은 운영주체가 상장사도 아닙니다...ㅠ",
        "client_msg_id": "ecc6a5fa-1d41-4c31-9632-058877037b3c",
        "thread_ts": "1534665863.000100",
        "parent_user_id": "UBF1K97FH",
        "ts": "1534666146.000100"
    },
    {
        "type": "message",
        "user": "UBF1K97FH",
        "text": "헐",
        "client_msg_id": "AEAFB349-7DA3-4B8A-9A23-D1108BC963DA",
        "thread_ts": "1534665863.000100",
        "parent_user_id": "UBF1K97FH",
        "ts": "1534666229.000100"
    }
]